0 0 0 0 0 0 0 0 0 0 0 0 0 0 0 0 0 0 0 0 0 0 0 0 0 0 0 0 0 0 0 0 0 0 0 0 0 0 0 0 0 0 0 0 0 0 0 0 0 0 0 0 0 0 0 0 0 0 0 0 0 0 0 0 0 0 0 0 0 0 0 0 0 0 0 0 0 0 0 0 0 0 0 0 0 0 0 0 0 0 0 0 0 0 0 0 0 0 0 0 0 0 0 0 0 0 0 0 0 0 0 0 0 0 0 0 0 0 0 0 0 0 0 0 0 0 0 0 0 0 0 0 0 0 0 0 0 0 0 0 0 0 0 0 0 0 0 0 0 0 0 0 0 0 0 0 0 0 0 0 0 0 0 0 0 0 0 0 0 0 0 0 0 0 0 0 0 0 0 0 0 0 0 0 0 0 0 0 0 0 0 0 0 0 0 0 0 0 0 0 0 0 0 0 0 0 0 0 0 0 0 0 0 0 0 0 0 0 0 0 0 0 0 0 0 0 0 0 0 0 0 0 0 0 0 0 0 0 0 0 0 0 0 0 0 0 0 0 0 0 0 0 0 0 0 0 0 0 0 0 0 0 0 0 0 0 0 0 0 0 0 0 0 0 0 0 0 0 0 0 0 0 0 0 0 0 0 0 0 0 0 0 0 0 0 0 0 0 0 0 0 0 0 0 0 0 0 0 0 0 0 0 0 0 0 0 0 0 0 0 0 0 0 0 0 0 0 0 0 0 0 0 0 0 0 0 0 0 0 0 0 0 0 0 0 0 0 0 0 0 0 0 0 0 0 0 0 0 0 0 0 0 0 0 0 0 0 0 0 0 0 0 0 0 0 0 0 0 0 0 0 0 0 0 0 0 0 0 0 0 0 0 0 0 0 0 0 0 0 0 0 0 0 0 0 0 0 0 0 0 0 0 0 0 0 0 0 0 0 0 0 0 0 0 0 0 0 0 0 0 0 0 0 0 0 0 0 0 0 0 0 0 0 0 0 0 0 0 0 0 0 0 0 0 0 0 0 0 0 0 0 0 0 0 0 0 0 0 0 0 0 0 0 0 0 0 0 0 0 0 0 0 0 0 0 0 0 0 0 0 0 0 0 0 0 0 0 0 0 0 0 0 0 0 0 0 0 0 0 0 0 0 0 0 0 0 0 0 0 0 0 0 0 0 0 0 0 0 0 0 0 0 0 0 0 0 0 0 0 0 0 0 0 0 0 0 0 0 0 0 0 0 0 0 0 0 0 0 0 0 0 0 0 0 0 0 0 0 0 0 0 0 0 0 0 0
0 0 0 0 0 0 0 0 0 0 0 0 0 0 0 0 0 0 0 0 0 0 0 0 0 0 0 0 0 0 0 0 0 0 0 0 0 0 0 0 0 0 0 0 0 0 0 0 0 0 0 0 0 0 0 0 0 0 0 0 0 0 0 0 0 0 0 0 0 0 0 0 0 0 0 0 0 0 0 0 0 0 0 0 0 0 0 0 0 0 0 0 0 0 0 0 0 0 0 0 0 0 0 0 0 0 0 0 0 0 0 0 0 0 0 0 0 0 0 0 0 0 0 0 0 0 0 0 0 0 0 0 0 0 0 0 0 0 0 0 0 0 0 0 0 0 0 0 0 0 0 0 0 0 0 0 0 0 0 0 0 0 0 0 0 0 0 0 0 0 0 0 0 0 0 0 0 0 0 0 0 0 0 0 0 0 0 0 0 0 0 0 0 0 0 0 0 0 0 0 0 0 0 0 0 0 0 0 0 0 0 0 0 0 0 0 0 0 0 0 0 0 0 0 0 0 0 0 0 0 0 0 0 0 0 0 0 0 0 0 0 0 0 0 0 0 0 0 0 0 0 0 0 0 0 0 0 0 0 0 0 0 0 0 0 0 0 0 0 0 0 0 0 0 0 0 0 0 0 0 0 0 0 0 0 0 0 0 0 0 0 0 0 0 0 0 0 0 0 0 0 0 0 0 0 0 0 0 0 0 0 0 0 0 0 0 0 0 0 0 0 0 0 0 0 0 0 0 0 0 0 0 0 0 0 0 0 0 0 0 0 0 0 0 0 0 0 0 0 0 0 0 0 0 0 0 0 0 0 0 0 0 0 0 0 0 0 0 0 0 0 0 0 0 0 0 0 0 0 0 0 0 0 0 0 0 0 0 0 0 0 0 0 0 0 0 0 0 0 0 0 0 0 0 0 0 0 0 0 0 0 0 0 0 0 0 0 0 0 0 0 0 0 0 0 0 0 0 0 0 0 0 0 0 0 0 0 0 0 0 0 0 0 0 0 0 0 0 0 0 0 0 0 0 0 0 0 0 0 0 0 0 0 0 0 0 0 0 0 0 0 0 0 0 0 0 0 0 0 0 0 0 0 0 0 0 0 0 0 0 0 0 0 0 0 0 0 0 0 0 0 0 0 0 0 0 0 0 0 0 0 0 0 0 0 0 0 0 0 0 0 0 0 0 0 0 0 0 0 0 0 0 0 0 0 0 0 0 0 0 0 0 0 0 0 0 0 0 0 0 0 0 0 0 0 0 0 0 0 0 0 0 0 0 0 0 0 0 0 0 0 0 0 0 0 0
0 0 0 0 0 0 0 0 0 0 0 0 0 0 0 0 0 0 0 0 0 0 0 0 0 0 0 0 0 0 0 0 0 0 0 0 0 0 0 0 0 0 0 0 0 0 0 0 0 0 0 0 0 0 0 0 0 0 0 0 0 0 0 0 0 0 0 0 0 0 0 0 0 0 0 0 0 0 0 0 0 0 0 0 0 0 0 0 0 0 0 0 0 0 0 0 0 0 0 0 0 0 0 0 0 0 0 0 0 0 0 0 0 0 0 0 0 0 0 0 0 0 0 0 0 0 0 0 0 0 0 0 0 0 0 0 0 0 0 0 0 0 0 0 0 0 0 0 0 0 0 0 0 0 0 0 0 0 0 0 0 0 0 0 0 0 0 0 0 0 0 0 0 0 0 0 0 0 0 0 0 0 0 0 0 0 0 0 0 0 0 0 0 0 0 0 0 0 0 0 0 0 0 0 0 0 0 0 0 0 0 0 0 0 0 0 0 0 0 0 0 0 0 0 0 0 0 0 0 0 0 0 0 0 0 0 0 0 0 0 0 0 0 0 0 0 0 0 0 0 0 0 0 0 0 0 0 0 0 0 0 0 0 0 0 0 0 0 0 0 0 0 0 0 0 0 0 0 0 0 0 0 0 0 0 0 0 0 0 0 0 0 0 0 0 0 0 0 0 0 0 0 0 0 0 0 0 0 0 0 0 0 0 0 0 0 0 0 0 0 0 0 0 0 0 0 0 0 0 0 0 0 0 0 0 0 0 0 0 0 0 0 0 0 0 0 0 0 0 0 0 0 0 0 0 0 0 0 0 0 0 0 0 0 0 0 0 0 0 0 0 0 0 0 0 0 0 0 0 0 0 0 0 0 0 0 0 0 0 0 0 0 0 0 0 0 0 0 0 0 0 0 0 0 0 0 0 0 0 0 0 0 0 0 0 0 0 0 0 0 0 0 0 0 0 0 0 0 0 0 0 0 0 0 0 0 0 0 0 0 0 0 0 0 0 0 0 0 0 0 0 0 0 0 0 0 0 0 0 0 0 0 0 0 0 0 0 0 0 0 0 0 0 0 0 0 0 0 0 0 0 0 0 0 0 0 0 0 0 0 0 0 0 0 0 0 0 0 0 0 0 0 0 0 0 0 0 0 0 0 0 0 0 0 0 0 0 0 0 0 0 0 0 0 0 0 0 0 0 0 0 0 0 0 0 0 0 0 0 0 0 0 0 0 0 0 0 0 0 0 0 0 0 0 0 0 0 0 0 0 0 0 0 0 0 0 0 0 0 0 0 0 0 0 0 0
0 0 0 0 0 0 0 0 0 0 0 0 0 0 0 0 0 0 0 0 0 0 0 0 0 0 0 0 0 0 0 0 0 0 0 0 0 0 0 0 0 0 0 0 0 0 0 0 0 0 0 0 0 0 0 0 0 0 0 0 0 0 0 0 0 0 0 0 0 0 0 0 0 0 0 0 0 0 0 0 0 0 0 0 0 0 0 0 0 0 0 0 0 0 0 0 0 0 0 0 0 0 0 0 0 0 0 0 0 0 0 0 0 0 0 0 0 0 0 0 0 0 0 0 0 0 0 0 0 0 0 0 0 0 0 0 0 0 0 0 0 0 0 0 0 0 0 0 0 0 0 0 0 0 0 0 0 0 0 0 0 0 0 0 0 0 0 0 0 0 0 0 0 0 0 0 0 0 0 0 0 0 0 0 0 0 0 0 0 0 0 0 0 0 0 0 0 0 0 0 0 0 0 0 0 0 0 0 0 0 0 0 0 0 0 0 0 0 0 0 0 0 0 0 0 0 0 0 0 0 0 0 0 0 0 0 0 0 0 0 0 0 0 0 0 0 0 0 0 0 0 0 0 0 0 0 0 0 0 0 0 0 0 0 0 0 0 0 0 0 0 0 0 0 0 0 0 0 0 0 0 0 0 0 0 0 0 0 0 0 0 0 0 0 0 0 0 0 0 0 0 0 0 0 0 0 0 0 0 0 0 0 0 0 0 0 0 0 0 0 0 0 0 0 0 0 0 0 0 0 0 0 0 0 0 0 0 0 0 0 0 0 0 0 0 0 0 0 0 0 0 0 0 0 0 0 0 0 0 0 0 0 0 0 0 0 0 0 0 0 0 0 0 0 0 0 0 0 0 0 0 0 0 0 0 0 0 0 0 0 0 0 0 0 0 0 0 0 0 0 0 0 0 0 0 0 0 0 0 0 0 0 0 0 0 0 0 0 0 0 0 0 0 0 0 0 0 0 0 0 0 0 0 0 0 0 0 0 0 0 0 0 0 0 0 0 0 0 0 0 0 0 0 0 0 0 0 0 0 0 0 0 0 0 0 0 0 0 0 0 0 0 0 0 0 0 0 0 0 0 0 0 0 0 0 0 0 0 0 0 0 0 0 0 0 0 0 0 0 0 0 0 0 0 0 0 0 0 0 0 0 0 0 0 0 0 0 0 0 0 0 0 0 0 0 0 0 0 0 0 0 0 0 0 0 0 0 0 0 0 0 0 0 0 0 0 0 0 0 0 0 0 0 0 0 0 0 0 0 0 0 0 0 0 0 0 0 0 0 0 0 0 0 0 0 0
0 0 0 0 0 0 0 0 0 0 0 0 0 0 0 0 0 0 0 0 0 0 0 0 0 0 0 0 0 0 0 0 0 0 0 0 0 0 0 0 0 0 0 0 0 0 0 0 0 0 0 0 0 0 0 0 0 0 0 0 0 0 0 0 0 0 0 0 0 0 0 0 0 0 0 0 0 0 0 0 0 0 0 0 0 0 0 0 0 0 0 0 0 0 0 0 0 0 0 0 0 0 0 0 0 0 0 0 0 0 0 0 0 0 0 0 0 0 0 0 0 0 0 0 0 0 0 0 0 0 0 0 0 0 0 0 0 0 0 0 0 0 0 0 0 0 0 0 0 0 0 0 0 0 0 0 0 0 0 0 0 0 0 0 0 0 0 0 0 0 0 0 0 0 0 0 0 0 0 0 0 0 0 0 0 0 0 0 0 0 0 0 0 0 0 0 0 0 0 0 0 0 0 0 0 0 0 0 0 0 0 0 0 0 0 0 0 0 0 0 0 0 0 0 0 0 0 0 0 0 0 0 0 0 0 0 0 0 0 0 0 0 0 0 0 0 0 0 0 0 0 0 0 0 0 0 0 0 0 0 0 0 0 0 0 0 0 0 0 0 0 0 0 0 0 0 0 0 0 0 0 0 0 0 0 0 0 0 0 0 0 0 0 0 0 0 0 0 0 0 0 0 0 0 0 0 0 0 0 0 0 0 0 0 0 0 0 0 0 0 0 0 0 0 0 0 0 0 0 0 0 0 0 0 0 0 0 0 0 0 0 0 0 0 0 0 0 0 0 0 0 0 0 0 0 0 0 0 0 0 0 0 0 0 0 0 0 0 0 0 0 0 0 0 0 0 0 0 0 0 0 0 0 0 0 0 0 0 0 0 0 0 0 0 0 0 0 0 0 0 0 0 0 0 0 0 0 0 0 0 0 0 0 0 0 0 0 0 0 0 0 0 0 0 0 0 0 0 0 0 0 0 0 0 0 0 0 0 0 0 0 0 0 0 0 0 0 0 0 0 0 0 0 0 0 0 0 0 0 0 0 0 0 0 0 0 0 0 0 0 0 0 0 0 0 0 0 0 0 0 0 0 0 0 0 0 0 0 0 0 0 0 0 0 0 0 0 0 0 0 0 0 0 0 0 0 0 0 0 0 0 0 0 0 0 0 0 0 0 0 0 0 0 0 0 0 0 0 0 0 0 0 0 0 0 0 0 0 0 0 0 0 0 0 0 0 0 0 0 0 0 0 0 0 0 0 0 0 0 0 0 0 0 0 0 0 0 0 0 0 0 0 0 0 0 0
0 0 0 0 0 0 0 0 0 0 0 0 0 0 0 0 0 0 0 0 0 0 0 0 0 0 0 0 0 0 0 0 0 0 0 0 0 0 0 0 0 0 0 0 0 0 0 0 0 0 0 0 0 0 0 0 0 0 0 0 0 0 0 0 0 0 0 0 0 0 0 0 0 0 0 0 0 0 0 0 0 0 0 0 0 0 0 0 0 0 0 0 0 0 0 0 0 0 0 0 0 0 0 0 0 0 0 0 0 0 0 0 0 0 0 0 0 0 0 0 0 0 0 0 0 0 0 0 0 0 0 0 0 0 0 0 0 0 0 0 0 0 0 0 0 0 0 0 0 0 0 0 0 0 0 0 0 0 0 0 0 0 0 0 0 0 0 0 0 0 0 0 0 0 0 0 0 0 0 0 0 0 0 0 0 0 0 0 0 0 0 0 0 0 0 0 0 0 0 0 0 0 0 0 0 0 0 0 0 0 0 0 0 0 0 0 0 0 0 0 0 0 0 0 0 0 0 0 0 0 0 0 0 0 0 0 0 0 0 0 0 0 0 0 0 0 0 0 0 0 0 0 0 0 0 0 0 0 0 0 0 0 0 0 0 0 0 0 0 0 0 0 0 0 0 0 0 0 0 0 0 0 0 0 0 0 0 0 0 0 0 0 0 0 0 0 0 0 0 0 0 0 0 0 0 0 0 0 0 0 0 0 0 0 0 0 0 0 0 0 0 0 0 0 0 0 0 0 0 0 0 0 0 0 0 0 0 0 0 0 0 0 0 0 0 0 0 0 0 0 0 0 0 0 0 0 0 0 0 0 0 0 0 0 0 0 0 0 0 0 0 0 0 0 0 0 0 0 0 0 0 0 0 0 0 0 0 0 0 0 0 0 0 0 0 0 0 0 0 0 0 0 0 0 0 0 0 0 0 0 0 0 0 0 0 0 0 0 0 0 0 0 0 0 0 0 0 0 0 0 0 0 0 0 0 0 0 0 0 0 0 0 0 0 0 0 0 0 0 0 0 0 0 0 0 0 0 0 0 0 0 0 0 0 0 0 0 0 0 0 0 0 0 0 0 0 0 0 0 0 0 0 0 0 0 0 0 0 0 0 0 0 0 0 0 0 0 0 0 0 0 0 0 0 0 0 0 0 0 0 0 0 0 0 0 0 0 0 0 0 0 0 0 0 0 0 0 0 0 0 0 0 0 0 0 0 0 0 0 0 0 0 0 0 0 0 0 0 0 0 0 0 0 0 0 0 0 0 0 0 0 0 0 0 0 0 0 0 0 0 0 0 0 0 0 0
0 0 0 0 0 0 0 0 0 0 0 0 0 0 0 0 0 0 0 0 0 0 0 0 0 0 0 0 0 0 0 0 0 0 0 0 0 0 0 0 0 0 0 0 0 0 0 0 0 0 0 0 0 0 0 0 0 0 0 0 0 0 0 0 0 0 0 0 0 0 0 0 0 0 0 0 0 0 0 0 0 0 0 0 0 0 0 0 0 0 0 0 0 0 0 0 0 0 0 0 0 0 0 0 0 0 0 0 0 0 0 0 0 0 0 0 0 0 0 0 0 0 0 0 0 0 0 0 0 0 0 0 0 0 0 0 0 0 0 0 0 0 0 0 0 0 0 0 0 0 0 0 0 0 0 0 0 0 0 0 0 0 0 0 0 0 0 0 0 0 0 0 0 0 0 0 0 0 0 0 0 0 0 0 0 0 0 0 0 0 0 0 0 0 0 0 0 0 0 0 0 0 0 0 0 0 0 0 0 0 0 0 0 0 0 0 0 0 0 0 0 0 0 0 0 0 0 0 0 0 0 0 0 0 0 0 0 0 0 0 0 0 0 0 0 0 0 0 0 0 0 0 0 0 0 0 0 0 0 0 0 0 0 0 0 0 0 0 0 0 0 0 0 0 0 0 0 0 0 0 0 0 0 0 0 0 0 0 0 0 0 0 0 0 0 0 0 0 0 0 0 0 0 0 0 0 0 0 0 0 0 0 0 0 0 0 0 0 0 0 0 0 0 0 0 0 0 0 0 0 0 0 0 0 0 0 0 0 0 0 0 0 0 0 0 0 0 0 0 0 0 0 0 0 0 0 0 0 0 0 0 0 0 0 0 0 0 0 0 0 0 0 0 0 0 0 0 0 0 0 0 0 0 0 0 0 0 0 0 0 0 0 0 0 0 0 0 0 0 0 0 0 0 0 0 0 0 0 0 0 0 0 0 0 0 0 0 0 0 0 0 0 0 0 0 0 0 0 0 0 0 0 0 0 0 0 0 0 0 0 0 0 0 0 0 0 0 0 0 0 0 0 0 0 0 0 0 0 0 0 0 0 0 0 0 0 0 0 0 0 0 0 0 0 0 0 0 0 0 0 0 0 0 0 0 0 0 0 0 0 0 0 0 0 0 0 0 0 0 0 0 0 0 0 0 0 0 0 0 0 0 0 0 0 0 0 0 0 0 0 0 0 0 0 0 0 0 0 0 0 0 0 0 0 0 0 0 0 0 0 0 0 0 0 0 0 0 0 0 0 0 0 0 0 0 0 0 0 0 0 0 0 0 0 0 0 0 0 0 0 0 0 0 0 0 0
0 0 0 0 0 0 0 0 0 0 0 0 0 0 0 0 0 0 0 0 0 0 0 0 0 0 0 0 0 0 0 0 0 0 0 0 0 0 0 0 0 0 0 0 0 0 0 0 0 0 0 0 0 0 0 0 0 0 0 0 0 0 0 0 0 0 0 0 0 0 0 0 0 0 0 0 0 0 0 0 0 0 0 0 0 0 0 0 0 0 0 0 0 0 0 0 0 0 0 0 0 0 0 0 0 0 0 0 0 0 0 0 0 0 0 0 0 0 0 0 0 0 0 0 0 0 0 0 0 0 0 0 0 0 0 0 0 0 0 0 0 0 0 0 0 0 0 0 0 0 0 0 0 0 0 0 0 0 0 0 0 0 0 0 0 0 0 0 0 0 0 0 0 0 0 0 0 0 0 0 0 0 0 0 0 0 0 0 0 0 0 0 0 0 0 0 0 0 0 0 0 0 0 0 0 0 0 0 0 0 0 0 0 0 0 0 0 0 0 0 0 0 0 0 0 0 0 0 0 0 0 0 0 0 0 0 0 0 0 0 0 0 0 0 0 0 0 0 0 0 0 0 0 0 0 0 0 0 0 0 0 0 0 0 0 0 0 0 0 0 0 0 0 0 0 0 0 0 0 0 0 0 0 0 0 0 0 0 0 0 0 0 0 0 0 0 0 0 0 0 0 0 0 0 0 0 0 0 0 0 0 0 0 0 0 0 0 0 0 0 0 0 0 0 0 0 0 0 0 0 0 0 0 0 0 0 0 0 0 0 0 0 0 0 0 0 0 0 0 0 0 0 0 0 0 0 0 0 0 0 0 0 0 0 0 0 0 0 0 0 0 0 0 0 0 0 0 0 0 0 0 0 0 0 0 0 0 0 0 0 0 0 0 0 0 0 0 0 0 0 0 0 0 0 0 0 0 0 0 0 0 0 0 0 0 0 0 0 0 0 0 0 0 0 0 0 0 0 0 0 0 0 0 0 0 0 0 0 0 0 0 0 0 0 0 0 0 0 0 0 0 0 0 0 0 0 0 0 0 0 0 0 0 0 0 0 0 0 0 0 0 0 0 0 0 0 0 0 0 0 0 0 0 0 0 0 0 0 0 0 0 0 0 0 0 0 0 0 0 0 0 0 0 0 0 0 0 0 0 0 0 0 0 0 0 0 0 0 0 0 0 0 0 0 0 0 0 0 0 0 0 0 0 0 0 0 0 0 0 0 0 0 0 0 0 0 0 0 0 0 0 0 0 0 0 0 0 0 0 0 0 0 0 0 0 0 0 0 0 0 0 0 0 0 0 0
0 0 0 0 0 0 0 0 0 0 0 0 0 0 0 0 0 0 0 0 0 0 0 0 0 0 0 0 0 0 0 0 0 0 0 0 0 0 0 0 0 0 0 0 0 0 0 0 0 0 0 0 0 0 0 0 0 0 0 0 0 0 0 0 0 0 0 0 0 0 0 0 3 0 3 0 0 16 0 11 0 5 6 0 10 0 5 1 0 7 4 0 2 0 2 5 12 0 3 1 0 11 0 1 4 0 2 15 0 3 6 0 0 0 8 0 0 11 1 0 0 0 3 7 2 9 0 3 0 13 8 0 3 9 0 0 0 0 9 0 0 0 0 2 7 0 0 13 0 4 0 2 0 17 9 0 0 10 0 3 0 15 2 0 7 8 0 4 0 16 0 5 0 2 8 0 0 1 2 5 0 13 5 0 8 0 0 2 0 0 0 8 0 0 14 11 0 1 0 2 1 10 0 4 2 4 4 0 0 1 2 5 0 13 5 0 1 0 10 0 3 5 0 3 5 0 6 0 1 0 0 3 9 0 0 8 7 0 9 0 5 13 3 0 7 4 0 0 0 12 0 0 13 0 0 12 3 6 0 2 0 0 2 5 2 0 0 10 0 2 3 0 4 14 0 5 0 0 16 0 0 10 0 0 2 8 2 0 0 0 4 0 4 2 6 0 5 0 2 14 0 10 0 0 7 2 0 14 4 0 0 6 19 0 6 9 0 3 4 6 12 0 4 8 0 8 1 0 6 0 0 0 8 0 0 1 7 0 1 0 0 13 3 2 8 0 3 0 1 11 0 2 7 0 0 3 0 0 0 3 2 0 0 10 0 2 3 0 1 6 0 0 12 4 0 7 4 0 4 14 2 1 11 0 0 11 0 3 5 0 14 0 15 0 15 0 0 0 0 5 2 0 0 11 0 0 9 0 10 0 3 0 10 0 0 10 2 8 0 7 5 4 0 9 0 4 0 1 3 0 0 4 0 6 0 1 3 0 12 0 0 2 6 0 13 0 0 5 1 0 18 2 4 0 6 0 1 0 2 19 0 4 3 0 0 16 0 5 0 2 8 0 4 0 0 0 5 0 0 3 0 8 1 0 8 1 2 0 0 0 0 0 7 0 15 0 0 0 0 0 0 0 0 0 0 0 0 0 0 0 0 0 0 0 0 0 0 0 0 0 0 0 0 0 0 0 0 0 0 0 0 0 0 0 0 0 0 0 0 0 0 0 0 0 0 0 0 0 0 0 0 0 0 0 0 0 0 0 0 0 0 0 0 0 0 0 0 0 0 0 0 0 0 0 0 0
0 0 0 0 0 0 0 0 0 0 0 0 0 0 0 0 0 0 0 0 0 0 0 0 0 0 0 0 0 0 0 0 0 0 0 0 0 0 0 0 0 0 0 0 0 0 0 0 0 0 0 0 0 0 0 0 0 0 0 0 0 0 0 0 0 0 0 0 0 0 0 0 0 0 12 15 0 6 29 158 255 255 255 244 255 251 255 253 255 242 0 246 255 246 255 246 236 255 254 125 15 201 255 253 255 255 247 244 255 182 18 222 255 254 255 255 255 252 253 255 255 221 167 0 0 0 166 255 250 250 244 245 254 252 253 255 239 0 188 255 255 255 251 243 242 243 244 255 238 201 88 0 0 120 235 255 255 252 242 252 252 255 236 247 238 130 22 5 13 194 255 255 255 246 248 255 252 255 251 218 127 217 255 255 244 254 255 255 255 255 238 213 160 3 0 0 6 6 1 1 7 201 255 255 246 255 255 252 252 255 251 218 127 217 255 255 255 249 173 24 108 237 255 246 255 255 156 0 9 13 59 200 238 255 255 237 242 255 186 31 4 0 20 163 250 255 255 255 255 233 146 161 244 255 255 251 250 139 0 156 255 255 249 240 243 136 127 239 255 255 250 255 242 253 255 255 225 134 201 253 255 255 250 254 249 248 245 255 210 0 205 255 248 254 255 253 255 250 228 252 231 143 22 0 0 0 50 178 226 255 255 252 229 255 222 125 5 4 0 0 0 0 17 197 255 255 251 255 255 192 28 110 229 255 255 251 248 255 196 29 153 233 255 250 255 244 234 220 249 255 248 250 255 209 131 237 255 255 250 248 243 136 127 239 255 255 250 255 248 255 255 255 222 135 157 247 245 255 255 234 136 5 149 255 255 255 255 242 139 12 0 2 0 17 164 242 255 255 255 255 253 144 17 0 3 15 6 0 0 137 215 255 255 244 255 246 236 189 73 7 0 226 255 247 255 255 255 239 247 255 255 245 244 255 192 1 3 71 174 243 255 255 255 242 243 176 79 0 0 25 191 243 255 253 255 250 250 255 245 229 243 180 12 0 13 194 255 255 255 246 248 255 250 255 254 204 30 0 0 5 0 0 4 195 255 252 249 255 254 255 255 255 178 0 0 3 0 0 0 0 0 0 0 0 0 0 0 0 0 0 0 0 0 0 0 0 0 0 0 0 0 0 0 0 0 0 0 0 0 0 0 0 0 0 0 0 0 0 0 0 0 0 0 0 0 0 0 0 0 0 0 0 0 0 0 0 0 0 0 0 0 0 0 0 0 0 0 0 0 0 0 0 0 0 0 0
0 0 0 0 0 0 0 0 0 0 0 0 0 0 0 0 0 0 0 0 0 0 0 0 0 0 0 0 0 0 0 0 0 0 0 0 0 0 0 0 0 0 0 0 0 0 0 0 0 0 0 0 0 0 0 0 0 0 0 0 0 0 0 0 0 0 0 0 0 0 0 0 5 0 3 9 0 0 7 171 246 249 254 248 255 251 250 254 255 198 12 202 255 246 249 255 255 254 249 168 0 201 253 255 248 249 255 255 254 194 0 236 255 255 250 255 252 244 251 251 246 255 228 213 0 16 155 235 255 255 255 255 255 251 249 253 221 25 218 233 254 251 249 255 255 255 246 242 248 255 207 124 9 131 253 255 238 246 255 255 252 255 255 255 254 254 179 0 0 206 250 238 255 255 244 254 255 248 240 210 102 247 255 226 255 255 250 240 253 255 255 248 241 186 7 8 0 2 3 0 0 207 248 236 255 255 245 254 255 248 240 210 102 247 255 226 250 255 197 2 105 243 255 245 241 239 162 0 1 122 235 255 240 244 249 255 254 255 255 229 145 16 0 165 251 247 255 250 255 235 108 135 248 255 255 246 253 192 0 160 240 241 255 255 246 115 110 236 255 253 248 250 255 237 248 253 255 125 202 255 241 249 250 255 255 255 240 253 198 24 229 237 253 255 250 255 242 255 255 255 250 253 158 3 0 113 213 255 255 250 255 255 255 244 255 253 221 35 0 19 10 9 0 174 244 247 248 249 255 228 0 137 255 251 248 246 255 246 187 0 184 240 250 255 255 249 216 195 255 255 254 254 255 214 78 249 255 252 255 255 246 115 110 236 255 253 248 250 255 244 241 255 247 128 150 250 255 252 237 254 211 0 144 245 245 248 252 254 145 4 0 17 0 21 173 254 255 247 250 252 241 124 0 0 16 8 0 8 192 255 247 255 241 244 255 250 252 255 228 158 0 236 253 253 255 241 240 255 255 248 241 255 250 255 194 0 130 230 254 255 243 246 246 238 255 255 218 148 4 4 210 255 250 250 255 255 252 246 255 255 245 255 173 3 0 206 250 238 255 255 244 254 255 253 241 224 0 3 6 0 2 14 0 235 255 255 244 249 253 247 244 255 224 7 11 0 0 0 0 0 0 0 0 0 0 0 0 0 0 0 0 0 0 0 0 0 0 0 0 0 0 0 0 0 0 0 0 0 0 0 0 0 0 0 0 0 0 0 0 0 0 0 0 0 0 0 0 0 0 0 0 0 0 0 0 0 0 0 0 0 0 0 0 0 0 0 0 0 0 0 0 0 0 0 0 0
0 0 0 0 0 0 0 0 0 0 0 0 0 0 0 0 0 0 0 0 0 0 0 0 0 0 0 0 0 0 0 0 0 0 0 0 0 0 0 0 0 0 0 0 0 0 0 0 0 0 0 0 0 0 0 0 0 0 0 0 0 0 0 0 0 0 0 0 0 0 0 0 0 0 0 0 7 6 4 148 243 252 255 255 255 254 246 255 255 239 9 218 254 255 255 241 255 249 247 182 0 234 255 244 250 254 249 255 232 190 17 209 255 255 249 248 255 255 255 252 253 255 255 243 139 0 149 250 235 246 255 254 254 255 255 244 234 0 187 252 255 251 255 242 241 252 255 251 255 255 255 213 0 91 230 255 255 255 255 241 250 254 255 255 234 254 255 135 6 210 255 251 255 255 244 255 250 255 255 207 99 247 255 255 248 254 254 252 255 245 248 255 255 255 160 0 0 4 0 7 12 210 249 255 255 250 243 255 250 255 255 207 99 247 255 255 251 255 242 75 116 231 247 255 254 255 158 0 104 234 255 237 255 255 248 255 245 243 255 255 237 105 0 147 241 253 255 245 245 249 109 141 255 247 254 250 254 228 3 122 234 255 255 233 229 114 125 238 243 254 255 252 255 254 255 253 242 104 188 244 255 255 249 235 237 255 253 255 196 0 219 255 255 247 255 244 255 247 255 250 245 255 248 103 0 199 255 251 251 246 239 255 232 254 241 255 255 183 19 0 0 18 0 139 238 255 255 248 255 244 0 161 255 245 254 252 255 252 215 2 181 255 255 251 253 253 196 178 255 254 254 255 248 231 88 250 241 245 255 254 229 114 125 238 243 254 255 252 251 255 255 255 240 110 143 239 239 255 255 255 219 0 134 244 255 255 247 231 126 8 0 0 3 0 143 241 252 251 255 255 251 136 6 0 0 0 16 164 249 242 255 255 255 255 251 253 247 255 255 238 65 219 241 255 243 253 255 255 251 255 255 254 255 240 186 71 218 255 253 248 255 255 255 250 245 251 248 220 73 0 195 250 246 253 252 255 255 255 233 255 254 249 255 133 6 210 255 251 255 255 244 255 253 255 254 233 0 0 8 6 0 10 0 219 235 255 255 255 255 255 250 247 215 0 3 0 0 0 0 0 0 0 0 0 0 0 0 0 0 0 0 0 0 0 0 0 0 0 0 0 0 0 0 0 0 0 0 0 0 0 0 0 0 0 0 0 0 0 0 0 0 0 0 0 0 0 0 0 0 0 0 0 0 0 0 0 0 0 0 0 0 0 0 0 0 0 0 0 0 0 0 0 0 0 0 0
0 0 0 0 0 0 0 0 0 0 0 0 0 0 0 0 0 0 0 0 0 0 0 0 0 0 0 0 0 0 0 0 0 0 0 0 0 0 0 0 0 0 0 0 0 0 0 0 0 0 0 0 0 0 0 0 0 0 0 0 0 0 0 0 0 0 0 0 0 0 0 0 0 13 10 0 0 4 7 159 255 255 251 238 249 255 249 254 244 237 0 231 235 246 255 255 246 255 254 168 2 230 248 255 252 255 236 246 250 161 0 206 246 255 251 250 255 244 236 255 248 248 245 251 206 0 133 250 255 255 252 248 250 251 254 255 250 0 196 255 238 255 253 251 255 235 255 247 251 248 255 232 93 125 241 255 249 247 252 254 246 255 242 243 255 251 242 182 0 184 253 255 252 247 245 253 251 255 255 174 121 230 236 255 255 255 255 239 255 255 253 255 255 227 212 8 2 1 0 2 0 199 255 255 247 248 255 244 251 255 255 174 121 230 236 255 252 255 246 120 84 239 255 255 250 255 126 0 191 255 244 255 233 255 255 255 255 252 255 251 255 186 14 137 243 255 255 245 250 248 86 122 252 247 255 255 247 245 99 136 247 255 255 255 241 91 99 240 254 251 255 253 255 255 247 253 229 120 208 255 237 254 255 255 255 247 255 255 217 0 223 255 229 255 255 255 255 242 255 252 255 244 225 164 97 245 249 248 255 255 246 246 255 255 240 255 254 223 0 3 0 2 9 98 246 252 246 254 250 220 14 162 250 245 255 252 255 251 216 0 193 251 253 253 250 254 176 175 255 249 252 254 248 211 84 227 244 255 255 243 241 91 99 240 254 251 255 253 255 255 252 250 237 118 165 248 255 255 249 251 242 105 137 234 244 255 255 240 121 10 6 3 12 0 151 255 255 255 255 242 235 122 5 2 4 0 0 193 255 248 255 240 255 239 246 252 255 255 245 233 160 211 254 255 255 255 253 255 251 248 255 242 254 232 190 199 255 242 247 255 255 231 246 255 254 245 249 244 183 8 201 255 255 254 243 249 254 255 248 253 255 234 251 191 0 184 253 255 252 247 245 253 247 255 247 203 19 0 0 0 15 0 40 232 254 255 245 255 249 252 250 255 241 1 0 20 0 0 0 0 0 0 0 0 0 0 0 0 0 0 0 0 0 0 0 0 0 0 0 0 0 0 0 0 0 0 0 0 0 0 0 0 0 0 0 0 0 0 0 0 0 0 0 0 0 0 0 0 0 0 0 0 0 0 0 0 0 0 0 0 0 0 0 0 0 0 0 0 0 0 0 0 0 0 0 0
0 0 0 0 0 0 0 0 0 0 0 0 0 0 0 0 0 0 0 0 0 0 0 0 0 0 0 0 0 0 0 0 0 0 0 0 0 0 0 0 0 0 0 0 0 0 0 0 0 0 0 0 0 0 0 0 0 0 0 0 0 0 0 0 0 0 0 0 0 0 0 0 1 5 3 0 2 0 0 147 239 246 255 255 255 226 88 4 0 0 10 205 255 255 242 255 255 255 255 214 91 234 233 255 245 255 255 242 255 171 0 227 247 255 251 254 252 173 141 245 255 242 255 254 213 0 154 244 247 246 252 255 227 105 6 0 0 4 197 246 255 255 248 255 193 135 234 254 255 253 255 247 111 104 227 255 255 253 253 251 110 212 255 250 255 243 255 213 18 187 247 251 244 255 252 208 0 0 0 2 111 248 252 255 252 248 231 128 180 249 249 249 249 255 195 8 1 0 0 3 15 202 246 254 244 255 255 203 0 0 0 2 111 248 252 255 253 255 255 197 92 242 255 249 255 226 140 32 206 254 255 246 255 233 157 159 255 255 250 247 254 218 3 128 246 251 251 255 255 247 90 126 253 249 255 255 255 248 161 110 246 255 243 249 250 97 101 243 255 250 254 250 237 128 0 0 10 2 167 253 253 255 255 255 190 15 0 0 0 4 213 241 255 255 247 252 166 168 255 245 249 255 255 185 120 234 252 255 242 249 204 87 222 243 255 242 255 239 1 6 13 0 0 15 222 248 247 255 250 228 83 200 253 246 255 245 255 255 212 0 245 244 241 255 255 255 155 185 255 253 255 255 255 195 86 229 255 255 251 254 250 97 101 243 255 250 254 250 238 124 2 0 18 0 124 241 238 248 254 255 249 168 114 243 255 255 255 244 119 0 0 3 6 0 145 243 246 240 255 255 244 115 0 0 0 3 4 222 249 252 252 248 253 142 195 237 243 255 255 242 165 14 11 0 115 233 255 247 246 255 209 17 0 1 9 200 255 255 255 245 254 172 171 246 252 254 255 255 209 0 177 245 253 248 255 255 199 124 255 255 237 255 255 198 18 187 247 251 244 255 252 208 0 4 4 10 0 9 10 2 9 0 109 246 255 255 243 255 255 255 244 247 255 93 8 0 0 0 0 0 0 0 0 0 0 0 0 0 0 0 0 0 0 0 0 0 0 0 0 0 0 0 0 0 0 0 0 0 0 0 0 0 0 0 0 0 0 0 0 0 0 0 0 0 0 0 0 0 0 0 0 0 0 0 0 0 0 0 0 0 0 0 0 0 0 0 0 0 0 0 0 0 0 0 0 0
0 0 0 0 0 0 0 0 0 0 0 0 0 0 0 0 0 0 0 0 0 0 0 0 0 0 0 0 0 0 0 0 0 0 0 0 0 0 0 0 0 0 0 0 0 0 0 0 0 0 0 0 0 0 0 0 0 0 0 0 0 0 0 0 0 0 0 0 0 0 0 0 0 0 0 5 18 9 4 150 252 253 255 251 255 244 96 0 0 1 0 202 246 255 255 250 251 255 250 210 112 250 246 248 249 244 255 244 235 164 0 200 255 255 255 253 254 144 76 230 240 255 251 243 225 9 116 253 255 255 243 255 230 96 0 9 0 21 175 255 255 228 255 250 182 89 232 247 247 241 250 253 139 104 224 251 255 253 251 239 114 152 250 255 255 246 255 193 0 184 255 255 251 255 248 204 7 13 0 0 108 234 255 255 251 248 245 104 169 255 255 254 253 255 249 0 13 7 0 12 0 192 250 255 255 248 252 208 7 13 0 0 108 234 255 255 255 253 248 230 98 216 242 255 251 247 133 0 214 255 252 252 250 245 164 108 233 252 255 255 246 232 3 145 255 252 241 247 250 238 103 136 250 245 248 249 249 252 214 104 241 255 255 255 220 97 105 231 249 255 255 255 252 131 2 6 4 2 190 255 254 255 252 255 210 0 10 15 0 28 213 255 254 224 252 255 164 102 243 255 246 246 255 186 140 245 255 255 237 255 191 0 234 255 239 255 243 246 0 4 4 5 13 0 224 255 255 247 255 230 75 187 249 255 255 249 241 255 217 0 215 248 255 245 255 242 122 186 255 252 254 253 255 198 84 238 254 248 246 255 220 97 105 231 249 255 255 255 249 129 0 2 6 0 146 255 255 255 253 251 245 208 107 248 255 248 244 236 117 2 4 4 0 0 153 249 255 248 255 255 243 115 10 9 0 4 0 218 255 255 254 254 223 72 141 255 249 246 250 255 200 0 0 3 138 251 250 253 255 255 216 2 6 5 2 225 242 253 255 250 248 140 138 245 255 255 252 245 215 3 188 255 255 247 249 250 199 62 230 254 255 255 225 221 0 184 255 255 251 255 248 204 0 0 4 0 0 0 0 0 0 7 165 249 238 247 249 248 226 255 255 241 237 150 12 2 0 0 0 0 0 0 0 0 0 0 0 0 0 0 0 0 0 0 0 0 0 0 0 0 0 0 0 0 0 0 0 0 0 0 0 0 0 0 0 0 0 0 0 0 0 0 0 0 0 0 0 0 0 0 0 0 0 0 0 0 0 0 0 0 0 0 0 0 0 0 0 0 0 0 0 0 0 0 0 0
0 0 0 0 0 0 0 0 0 0 0 0 0 0 0 0 0 0 0 0 0 0 0 0 0 0 0 0 0 0 0 0 0 0 0 0 0 0 0 0 0 0 0 0 0 0 0 0 0 0 0 0 0 0 0 0 0 0 0 0 0 0 0 0 0 0 0 0 0 0 0 0 7 2 3 0 0 0 3 144 243 255 255 250 246 241 94 0 5 0 4 229 252 249 251 255 252 255 250 242 132 249 253 255 255 255 242 255 255 165 2 217 254 254 254 242 255 169 74 234 255 240 255 255 211 0 139 243 248 255 249 253 235 106 0 5 0 0 195 245 255 247 251 255 201 78 239 254 255 255 254 241 122 97 235 255 255 249 255 246 109 167 255 247 255 252 255 210 9 195 246 245 254 255 241 216 0 11 0 9 104 233 255 252 255 248 255 102 159 255 240 255 251 255 198 23 0 0 13 0 2 217 246 248 252 255 255 208 0 11 0 9 104 233 255 252 252 255 252 239 128 243 255 249 255 244 133 4 232 254 242 255 254 243 156 102 255 255 250 246 255 239 0 132 242 255 255 254 255 229 92 126 248 255 255 252 255 255 236 128 254 250 251 255 240 102 99 232 255 253 250 251 238 123 6 0 0 2 197 246 253 255 245 252 220 0 14 0 5 0 215 245 255 255 241 255 159 109 240 241 255 255 244 193 126 246 254 255 249 255 230 108 212 255 255 248 255 227 13 0 0 7 1 0 213 247 254 255 245 253 98 217 255 255 248 255 255 255 223 106 235 250 255 251 255 235 100 187 251 255 255 253 251 207 68 235 251 255 255 251 240 102 99 232 255 253 250 251 244 133 3 4 0 3 144 233 244 255 249 247 255 245 122 247 252 254 255 247 118 5 5 0 3 2 144 240 255 255 255 250 243 106 3 2 0 10 0 218 255 248 252 255 255 180 155 247 255 255 255 255 179 6 0 1 125 255 251 255 252 255 228 0 0 0 0 234 248 255 250 255 252 144 147 255 255 252 254 255 222 10 180 240 255 250 255 253 195 78 238 248 253 255 252 215 9 195 246 245 254 255 241 216 5 0 1 3 4 0 2 0 1 3 157 255 255 255 252 232 232 242 255 255 248 172 0 5 0 0 0 0 0 0 0 0 0 0 0 0 0 0 0 0 0 0 0 0 0 0 0 0 0 0 0 0 0 0 0 0 0 0 0 0 0 0 0 0 0 0 0 0 0 0 0 0 0 0 0 0 0 0 0 0 0 0 0 0 0 0 0 0 0 0 0 0 0 0 0 0 0 0 0 0 0 0 0 0
0 0 0 0 0 0 0 0 0 0 0 0 0 0 0 0 0 0 0 0 0 0 0 0 0 0 0 0 0 0 0 0 0 0 0 0 0 0 0 0 0 0 0 0 0 0 0 0 0 0 0 0 0 0 0 0 0 0 0 0 0 0 0 0 0 0 0 0 0 0 0 0 0 0 0 0 2 0 0 145 249 255 255 255 243 247 90 3 0 0 1 213 253 255 250 254 244 255 252 242 175 238 255 252 251 255 254 255 252 164 0 212 255 250 255 255 250 166 127 248 248 255 254 245 189 6 141 245 254 250 255 246 239 95 10 0 8 0 195 255 251 253 255 249 199 82 230 255 254 254 255 246 126 99 236 255 254 255 255 246 109 173 253 255 254 255 255 210 1 178 255 255 250 255 255 202 0 2 0 1 112 235 255 255 254 255 241 112 171 255 254 255 253 255 215 1 2 0 0 0 0 192 253 255 249 255 252 203 0 2 0 1 112 235 255 255 254 251 255 255 186 236 255 250 255 246 129 0 232 254 254 255 255 255 147 118 242 255 252 246 249 240 0 132 253 255 251 255 255 237 99 125 247 255 255 254 255 250 255 182 228 255 255 251 239 98 100 236 255 255 255 254 252 120 6 0 4 0 197 255 246 255 254 246 218 0 4 0 1 3 204 255 255 253 246 255 170 154 245 252 255 255 246 177 103 230 255 255 255 248 255 243 170 0 13 8 3 0 0 2 0 2 10 0 203 250 252 255 253 246 119 224 255 246 254 253 252 255 228 106 234 255 247 255 255 243 60 173 255 254 255 255 251 198 75 229 255 249 255 251 239 98 100 236 255 255 255 254 245 127 0 0 1 1 143 249 255 251 250 255 247 243 182 241 255 253 254 240 118 0 0 0 0 0 143 252 254 255 255 255 241 121 0 4 0 0 1 205 255 253 255 243 255 248 218 78 0 0 0 0 6 2 9 0 142 248 255 253 255 254 230 2 1 0 3 231 255 253 255 253 250 149 149 248 255 254 254 255 228 0 183 255 251 255 254 255 193 129 247 255 252 255 248 199 0 182 255 254 252 255 251 203 2 4 0 0 6 0 3 6 0 1 188 255 254 248 255 220 198 255 250 255 255 175 0 0 0 0 0 0 0 0 0 0 0 0 0 0 0 0 0 0 0 0 0 0 0 0 0 0 0 0 0 0 0 0 0 0 0 0 0 0 0 0 0 0 0 0 0 0 0 0 0 0 0 0 0 0 0 0 0 0 0 0 0 0 0 0 0 0 0 0 0 0 0 0 0 0 0 0 0 0 0 0 0 0
0 0 0 0 0 0 0 0 0 0 0 0 0 0 0 0 0 0 0 0 0 0 0 0 0 0 0 0 0 0 0 0 0 0 0 0 0 0 0 0 0 0 0 0 0 0 0 0 0 0 0 0 0 0 0 0 0 0 0 0 0 0 0 0 0 0 0 0 0 0 0 0 0 0 0 0 2 0 0 145 250 254 252 255 255 239 96 8 4 13 0 220 255 253 250 255 238 255 253 251 201 250 255 246 247 255 254 255 252 164 0 211 249 251 255 251 255 255 243 255 255 233 247 255 105 0 138 240 255 245 255 255 242 91 2 0 0 0 197 239 255 255 251 255 199 82 230 255 254 254 255 246 126 99 236 255 254 255 255 246 109 173 253 255 254 255 255 210 1 181 255 254 252 255 255 219 0 1 4 5 100 243 255 244 254 255 241 112 171 255 254 255 253 255 215 1 2 0 0 0 0 195 252 255 251 255 253 220 0 1 4 5 100 243 255 244 255 250 254 255 215 242 255 254 255 246 129 0 232 254 254 255 242 255 151 11 13 3 0 0 10 3 0 134 242 245 255 255 255 237 99 125 247 255 255 254 255 251 255 211 246 255 253 255 239 98 100 236 255 255 255 254 248 127 0 9 7 0 184 251 253 252 255 255 202 1 0 12 1 0 225 255 244 255 255 252 246 255 252 246 255 251 252 134 6 202 255 243 253 255 246 255 255 207 60 0 0 5 18 1 0 7 0 7 170 255 244 255 255 253 137 235 255 253 255 255 251 255 234 121 241 255 248 255 250 223 27 171 255 247 253 253 255 197 77 233 244 255 244 255 239 98 100 236 255 255 255 254 243 132 0 8 7 0 131 243 253 255 253 255 253 254 212 251 255 253 254 240 118 0 0 0 0 0 143 252 254 255 255 255 235 115 0 11 5 3 8 161 251 246 255 255 235 255 255 247 155 0 13 9 0 0 3 4 142 248 255 253 255 254 230 2 1 0 3 231 255 253 255 253 250 149 149 248 255 254 254 255 228 0 183 255 251 255 254 255 253 255 255 247 247 247 255 170 0 185 255 251 255 255 251 220 0 0 7 11 0 5 2 0 10 0 205 255 247 246 255 226 191 255 247 243 253 210 14 2 0 0 0 0 0 0 0 0 0 0 0 0 0 0 0 0 0 0 0 0 0 0 0 0 0 0 0 0 0 0 0 0 0 0 0 0 0 0 0 0 0 0 0 0 0 0 0 0 0 0 0 0 0 0 0 0 0 0 0 0 0 0 0 0 0 0 0 0 0 0 0 0 0 0 0 0 0 0 0 0
0 0 0 0 0 0 0 0 0 0 0 0 0 0 0 0 0 0 0 0 0 0 0 0 0 0 0 0 0 0 0 0 0 0 0 0 0 0 0 0 0 0 0 0 0 0 0 0 0 0 0 0 0 0 0 0 0 0 0 0 0 0 0 0 0 0 0 0 0 0 0 0 0 0 0 0 2 0 0 145 245 255 255 251 249 255 247 251 250 186 7 208 251 254 255 251 226 249 253 255 233 255 252 236 241 255 254 255 252 165 0 210 255 249 255 253 236 255 255 236 255 255 163 12 4 3 139 250 248 255 255 241 255 255 255 255 207 2 187 255 255 244 255 248 199 82 230 255 254 254 255 246 126 99 236 255 254 255 255 246 109 173 253 255 254 255 255 210 0 185 255 251 255 253 255 242 255 255 238 143 113 234 249 255 254 255 241 112 171 255 254 255 253 255 215 1 2 0 0 0 0 199 250 255 254 254 253 243 255 255 238 143 113 234 249 255 255 250 250 255 248 248 252 255 255 246 129 0 232 254 254 255 255 255 147 17 0 0 7 10 2 0 1 138 250 254 255 241 255 237 99 125 247 255 255 254 255 252 250 245 255 254 250 255 239 98 100 236 255 255 255 254 255 248 255 250 214 4 199 255 250 255 255 246 255 254 255 239 147 3 199 255 255 253 250 255 253 244 255 255 251 251 182 0 4 148 232 255 250 239 255 248 251 255 229 113 9 1 0 0 0 7 0 10 149 255 247 255 255 252 155 239 255 253 254 248 250 255 240 142 248 255 251 255 253 211 1 180 255 247 255 253 244 255 254 253 255 249 255 245 239 98 100 236 255 255 255 254 254 251 255 244 219 0 149 250 250 255 255 253 255 255 243 255 255 253 254 240 118 0 0 0 0 0 143 252 254 255 255 255 246 132 12 0 0 2 0 16 227 255 247 255 251 255 252 241 243 179 15 0 6 20 0 0 142 248 255 253 255 254 230 2 1 0 3 231 255 253 255 253 250 149 149 248 255 254 254 255 228 0 183 255 251 255 254 255 254 246 255 255 253 255 196 11 0 190 255 248 255 253 252 243 255 251 248 161 8 0 0 11 4 0 208 249 255 255 248 196 174 255 255 252 247 215 4 0 0 0 0 0 0 0 0 0 0 0 0 0 0 0 0 0 0 0 0 0 0 0 0 0 0 0 0 0 0 0 0 0 0 0 0 0 0 0 0 0 0 0 0 0 0 0 0 0 0 0 0 0 0 0 0 0 0 0 0 0 0 0 0 0 0 0 0 0 0 0 0 0 0 0 0 0 0 0 0 0
0 0 0 0 0 0 0 0 0 0 0 0 0 0 0 0 0 0 0 0 0 0 0 0 0 0 0 0 0 0 0 0 0 0 0 0 0 0 0 0 0 0 0 0 0 0 0 0 0 0 0 0 0 0 0 0 0 0 0 0 0 0 0 0 0 0 0 0 0 0 0 0 0 0 0 0 2 0 0 145 246 255 253 255 255 249 254 255 255 207 0 215 255 246 255 252 213 239 253 255 253 255 246 228 235 253 254 255 252 165 1 209 255 247 255 255 243 251 255 255 247 251 255 232 59 4 135 243 255 254 253 255 255 252 250 255 197 5 188 248 255 248 254 255 199 82 230 255 254 254 255 246 126 99 236 255 254 255 255 246 109 173 253 255 254 255 255 210 0 188 255 248 255 251 255 255 254 255 246 147 102 242 245 255 254 255 241 112 171 255 254 255 253 255 215 1 2 0 0 0 0 202 249 253 255 252 254 255 254 255 246 147 102 242 245 255 255 255 249 255 255 249 252 254 255 246 129 0 232 254 254 255 249 246 187 232 252 255 255 249 255 229 17 130 241 253 254 255 255 237 99 125 247 255 255 254 254 255 249 255 255 249 251 255 239 98 100 236 255 255 255 254 253 255 249 255 217 5 186 255 255 246 255 255 246 255 249 251 148 0 220 254 251 255 255 252 254 242 252 255 246 164 62 1 0 13 159 233 247 255 244 245 255 246 255 235 131 14 19 0 1 1 12 6 137 254 255 255 252 249 173 240 254 252 248 239 251 255 244 164 252 255 254 254 255 209 0 191 255 249 255 251 254 254 255 255 249 255 249 255 239 98 100 236 255 255 255 254 252 255 255 252 226 0 137 244 252 255 253 250 255 254 254 252 255 253 254 240 118 0 0 0 0 0 143 252 254 255 255 255 229 107 0 0 0 13 11 0 30 209 248 240 255 247 249 255 255 243 206 41 0 1 9 0 142 248 255 253 255 254 230 2 1 0 3 231 255 253 255 253 250 149 149 248 255 254 254 255 228 0 183 255 251 255 254 255 253 245 250 255 255 185 77 14 0 193 255 246 255 251 252 255 255 247 255 173 0 5 0 0 0 24 223 249 255 255 255 175 155 250 248 255 255 229 39 3 0 0 0 0 0 0 0 0 0 0 0 0 0 0 0 0 0 0 0 0 0 0 0 0 0 0 0 0 0 0 0 0 0 0 0 0 0 0 0 0 0 0 0 0 0 0 0 0 0 0 0 0 0 0 0 0 0 0 0 0 0 0 0 0 0 0 0 0 0 0 0 0 0 0 0 0 0 0 0 0
0 0 0 0 0 0 0 0 0 0 0 0 0 0 0 0 0 0 0 0 0 0 0 0 0 0 0 0 0 0 0 0 0 0 0 0 0 0 0 0 0 0 0 0 0 0 0 0 0 0 0 0 0 0 0 0 0 0 0 0 0 0 0 0 0 0 0 0 0 0 0 0 0 0 0 0 2 0 0 145 246 255 253 255 255 249 254 255 255 207 0 215 255 246 255 252 206 230 255 254 255 255 245 221 231 252 255 255 251 166 2 209 250 255 252 246 255 254 239 255 255 242 253 250 220 6 114 246 255 254 253 255 255 252 250 255 197 5 188 248 255 248 254 255 199 82 230 255 254 254 255 246 126 99 236 255 254 255 255 246 109 173 253 255 254 255 255 210 0 188 255 248 255 251 255 255 254 255 246 147 102 242 245 255 254 255 241 112 171 255 254 255 253 255 215 1 2 0 0 0 0 202 249 253 255 252 254 255 254 255 246 147 102 242 245 255 251 255 248 251 255 251 255 252 255 246 129 0 232 254 254 255 255 255 165 255 255 246 251 255 234 245 0 132 255 255 247 255 255 237 99 125 247 255 255 254 252 255 254 255 254 250 255 253 239 98 100 236 255 255 255 254 253 255 249 255 217 5 186 255 255 246 255 255 246 255 249 251 148 0 220 254 251 255 255 252 255 255 255 251 247 255 234 22 17 0 0 118 236 249 255 255 255 254 251 252 255 115 0 8 2 0 10 0 92 245 255 255 255 251 198 245 254 255 246 230 253 255 246 183 251 253 255 254 250 195 0 191 250 249 255 246 254 254 255 255 249 255 249 255 239 98 100 236 255 255 255 254 252 255 255 252 226 0 137 244 255 255 249 253 255 250 254 253 255 253 254 240 118 0 0 0 0 0 143 252 254 255 255 255 255 116 5 15 1 0 2 3 2 10 183 255 243 250 255 254 255 242 255 203 9 0 6 0 142 248 255 253 255 254 230 2 1 0 3 231 255 253 255 253 250 149 149 248 255 254 254 255 228 0 183 255 251 255 254 255 255 255 255 250 246 253 246 76 0 193 255 246 255 251 252 255 255 247 255 173 0 5 0 0 0 95 248 255 250 240 255 167 153 255 239 255 255 245 104 3 0 0 0 0 0 0 0 0 0 0 0 0 0 0 0 0 0 0 0 0 0 0 0 0 0 0 0 0 0 0 0 0 0 0 0 0 0 0 0 0 0 0 0 0 0 0 0 0 0 0 0 0 0 0 0 0 0 0 0 0 0 0 0 0 0 0 0 0 0 0 0 0 0 0 0 0 0 0 0 0
0 0 0 0 0 0 0 0 0 0 0 0 0 0 0 0 0 0 0 0 0 0 0 0 0 0 0 0 0 0 0 0 0 0 0 0 0 0 0 0 0 0 0 0 0 0 0 0 0 0 0 0 0 0 0 0 0 0 0 0 0 0 0 0 0 0 0 0 0 0 0 0 0 0 0 0 2 0 0 145 245 255 255 251 249 255 247 251 250 186 7 208 251 254 255 251 202 221 255 251 255 253 248 206 230 253 255 255 249 166 3 210 255 255 251 246 255 182 131 240 238 255 242 255 221 73 141 255 248 255 255 241 255 255 255 255 207 2 187 255 255 244 255 248 199 82 230 255 254 254 255 246 126 99 236 255 254 255 255 246 109 173 253 255 254 255 255 210 0 185 255 251 255 253 255 242 255 255 238 143 113 234 249 255 254 255 241 112 171 255 254 255 253 255 215 1 2 0 0 0 0 199 250 255 254 254 253 243 255 255 238 143 113 234 249 255 252 255 236 251 255 254 255 253 255 246 129 0 232 254 254 255 241 255 166 236 255 253 255 251 255 233 7 127 238 253 253 255 255 237 99 125 247 255 255 254 248 246 255 253 251 253 255 253 239 98 100 236 255 255 255 254 255 248 255 250 214 4 199 255 250 255 255 246 255 254 255 239 147 3 199 255 255 253 250 255 151 184 249 246 255 251 242 161 0 0 6 0 72 211 252 247 235 254 255 247 255 225 0 5 1 5 0 0 26 239 245 255 255 250 218 249 253 255 236 209 255 255 248 201 250 248 255 254 244 170 3 190 249 252 255 250 244 255 254 253 255 249 255 245 239 98 100 236 255 255 255 254 254 251 255 244 219 0 149 250 255 252 248 252 246 254 252 255 255 253 254 240 118 0 0 0 0 0 143 252 254 255 255 255 234 107 0 1 0 20 0 0 0 10 0 154 244 248 255 244 248 254 247 238 174 0 9 0 142 248 255 253 255 254 230 2 1 0 3 231 255 253 255 253 250 149 149 248 255 254 254 255 228 0 183 255 251 255 254 255 168 162 242 245 255 246 234 200 0 190 255 248 255 253 252 243 255 251 248 161 8 0 0 11 0 138 241 253 255 249 253 131 110 255 255 255 244 242 149 0 0 0 0 0 0 0 0 0 0 0 0 0 0 0 0 0 0 0 0 0 0 0 0 0 0 0 0 0 0 0 0 0 0 0 0 0 0 0 0 0 0 0 0 0 0 0 0 0 0 0 0 0 0 0 0 0 0 0 0 0 0 0 0 0 0 0 0 0 0 0 0 0 0 0 0 0 0 0 0 0
0 0 0 0 0 0 0 0 0 0 0 0 0 0 0 0 0 0 0 0 0 0 0 0 0 0 0 0 0 0 0 0 0 0 0 0 0 0 0 0 0 0 0 0 0 0 0 0 0 0 0 0 0 0 0 0 0 0 0 0 0 0 0 0 0 0 0 0 0 0 0 0 0 0 0 0 2 0 0 145 250 254 252 255 255 239 96 8 4 13 0 220 255 253 250 255 197 208 255 247 255 253 250 180 231 255 255 255 248 166 4 211 255 242 255 255 255 148 77 248 255 252 255 255 247 83 135 240 255 245 255 255 242 91 2 0 0 0 197 239 255 255 251 255 199 82 230 255 254 254 255 246 126 99 236 255 254 255 255 246 109 173 253 255 254 255 255 210 1 181 255 254 252 255 255 219 0 1 4 5 100 243 255 244 254 255 241 112 171 255 254 255 253 255 215 1 2 0 0 0 0 195 252 255 251 255 253 220 0 1 4 5 100 243 255 244 253 252 211 254 253 254 255 253 255 246 129 0 232 254 254 255 255 248 144 114 214 251 255 255 255 207 12 131 246 255 254 246 255 237 99 125 247 255 255 254 240 220 255 247 255 255 255 253 239 98 100 236 255 255 255 254 248 127 0 9 7 0 184 251 253 252 255 255 202 1 0 12 1 0 225 255 244 255 255 252 178 119 255 242 241 255 255 193 3 12 2 17 0 23 187 255 254 255 231 254 252 255 136 0 0 5 0 0 0 231 242 255 255 247 232 252 252 255 218 179 254 255 251 218 253 246 255 252 249 142 6 191 255 254 255 255 255 197 77 233 244 255 244 255 239 98 100 236 255 255 255 254 243 132 0 8 7 0 131 243 253 251 252 242 220 255 249 255 255 253 254 240 118 0 0 0 0 0 143 252 254 255 255 255 243 126 7 0 0 17 0 20 0 5 16 12 103 238 241 255 246 245 255 255 192 21 0 14 142 248 255 253 255 254 230 2 1 0 3 231 255 253 255 253 250 149 149 248 255 254 254 255 228 0 183 255 251 255 254 255 213 82 255 241 244 255 244 203 0 185 255 251 255 255 251 220 0 0 7 11 0 5 2 0 0 152 237 251 255 255 242 153 118 235 255 253 247 251 181 10 0 0 0 0 0 0 0 0 0 0 0 0 0 0 0 0 0 0 0 0 0 0 0 0 0 0 0 0 0 0 0 0 0 0 0 0 0 0 0 0 0 0 0 0 0 0 0 0 0 0 0 0 0 0 0 0 0 0 0 0 0 0 0 0 0 0 0 0 0 0 0 0 0 0 0 0 0 0 0 0
0 0 0 0 0 0 0 0 0 0 0 0 0 0 0 0 0 0 0 0 0 0 0 0 0 0 0 0 0 0 0 0 0 0 0 0 0 0 0 0 0 0 0 0 0 0 0 0 0 0 0 0 0 0 0 0 0 0 0 0 0 0 0 0 0 0 0 0 0 0 0 0 0 0 0 0 2 0 0 145 249 255 255 255 243 247 90 3 0 0 1 213 253 255 250 254 192 196 255 244 255 253 248 158 232 255 255 255 247 166 5 212 255 245 255 244 255 177 83 223 244 255 249 245 235 121 109 255 254 250 255 246 239 95 10 0 8 0 195 255 251 253 255 249 199 82 230 255 254 254 255 246 126 99 236 255 254 255 255 246 109 173 253 255 254 255 255 210 1 178 255 255 250 255 255 202 0 2 0 1 112 235 255 255 254 255 241 112 171 255 254 255 253 255 215 1 2 0 0 0 0 192 253 255 249 255 252 203 0 2 0 1 112 235 255 255 254 236 188 255 251 253 255 251 255 246 129 0 232 254 254 255 255 233 161 69 224 255 252 249 253 233 0 129 243 255 251 255 255 237 99 125 247 255 255 254 230 196 255 243 255 253 251 252 239 98 100 236 255 255 255 254 252 120 6 0 4 0 197 255 246 255 254 246 218 0 4 0 1 3 204 255 255 253 246 255 169 110 236 255 255 233 255 190 111 235 255 244 255 255 218 132 244 240 255 255 245 253 165 9 0 0 15 0 4 223 250 253 255 248 243 255 255 255 208 160 254 255 254 229 255 246 255 251 255 121 2 188 255 249 247 255 251 198 75 229 255 249 255 251 239 98 100 236 255 255 255 254 245 127 0 0 1 1 143 249 251 255 255 231 196 255 244 255 255 253 254 240 118 0 0 0 0 0 143 252 254 255 255 255 243 105 0 16 0 1 19 200 255 255 245 252 255 155 199 255 255 255 231 246 239 0 4 0 142 248 255 253 255 254 230 2 1 0 3 231 255 253 255 253 250 149 149 248 255 254 254 255 228 0 183 255 251 255 254 255 203 65 236 248 255 252 249 222 0 182 255 254 252 255 251 203 2 4 0 0 6 0 3 6 6 172 255 255 243 255 255 250 252 255 254 246 255 255 178 2 0 0 0 0 0 0 0 0 0 0 0 0 0 0 0 0 0 0 0 0 0 0 0 0 0 0 0 0 0 0 0 0 0 0 0 0 0 0 0 0 0 0 0 0 0 0 0 0 0 0 0 0 0 0 0 0 0 0 0 0 0 0 0 0 0 0 0 0 0 0 0 0 0 0 0 0 0 0 0 0
0 0 0 0 0 0 0 0 0 0 0 0 0 0 0 0 0 0 0 0 0 0 0 0 0 0 0 0 0 0 0 0 0 0 0 0 0 0 0 0 0 0 0 0 0 0 0 0 0 0 0 0 0 0 0 0 0 0 0 0 0 0 0 0 0 0 0 0 0 0 0 0 7 2 3 0 0 0 3 144 243 255 255 250 246 241 94 0 3 1 6 221 247 255 255 249 209 163 246 255 249 255 246 135 240 249 247 255 255 165 0 212 253 252 255 245 255 170 78 226 239 255 254 251 242 99 130 248 248 255 249 253 235 106 0 5 1 0 192 251 255 255 252 253 191 84 247 234 254 255 242 249 134 93 238 253 245 251 255 251 121 155 250 255 246 252 255 213 8 193 253 241 255 255 243 217 0 6 0 0 101 237 253 255 255 244 255 107 170 255 241 253 255 248 222 4 0 9 0 7 2 217 246 248 252 255 255 208 0 6 0 0 102 238 255 255 248 254 130 250 246 255 255 247 249 250 118 0 240 255 254 250 249 247 146 71 238 255 255 253 254 231 18 122 248 248 246 255 255 231 92 124 247 255 255 255 241 133 255 247 252 251 255 255 240 102 99 232 255 253 250 251 240 133 0 12 0 0 207 251 253 255 245 252 220 0 14 0 9 0 223 247 255 255 244 255 168 100 244 253 255 255 252 193 111 241 246 246 255 244 219 4 187 255 242 255 255 253 177 3 4 9 0 0 10 195 248 255 255 255 236 255 255 242 200 141 248 255 250 249 252 247 255 255 224 111 2 181 255 245 253 255 251 207 68 235 251 255 255 251 240 102 99 232 255 253 250 251 240 135 4 0 0 0 139 253 255 255 252 242 126 255 234 255 251 253 255 246 117 4 4 0 3 2 144 240 255 255 255 250 239 127 0 8 1 0 1 205 255 249 255 243 247 154 79 240 254 249 252 255 214 10 9 0 132 255 253 246 255 255 232 4 6 0 3 244 247 250 255 245 253 146 150 255 254 249 252 255 227 13 180 240 255 249 255 249 205 64 235 255 247 255 254 213 11 188 251 243 255 255 248 214 8 0 0 14 0 13 3 0 5 188 255 253 235 255 255 250 254 250 243 255 255 249 214 0 0 0 0 0 0 0 0 0 0 0 0 0 0 0 0 0 0 0 0 0 0 0 0 0 0 0 0 0 0 0 0 0 0 0 0 0 0 0 0 0 0 0 0 0 0 0 0 0 0 0 0 0 0 0 0 0 0 0 0 0 0 0 0 0 0 0 0 0 0 0 0 0 0 0 0 0 0 0 0 0
0 0 0 0 0 0 0 0 0 0 0 0 0 0 0 0 0 0 0 0 0 0 0 0 0 0 0 0 0 0 0 0 0 0 0 0 0 0 0 0 0 0 0 0 0 0 0 0 0 0 0 0 0 0 0 0 0 0 0 0 0 0 0 0 0 0 0 0 0 0 0 0 0 0 0 5 18 9 4 150 252 253 255 251 255 244 96 0 0 1 0 221 253 248 254 255 177 159 254 255 255 244 239 105 237 241 255 242 229 161 0 206 255 253 255 254 250 148 85 231 255 236 255 251 236 76 138 244 255 255 243 255 230 96 0 9 8 2 191 246 245 246 255 255 212 70 221 255 253 255 249 248 122 95 237 254 255 255 255 228 96 175 255 255 255 252 251 206 0 181 255 255 255 255 251 205 0 7 0 10 113 241 246 249 255 253 241 91 152 255 254 255 247 251 224 0 0 13 0 0 0 192 250 255 255 248 252 208 1 8 0 10 113 242 248 251 255 248 112 207 255 242 239 255 254 255 126 13 207 251 243 255 255 249 153 92 226 246 252 255 254 221 0 142 253 255 255 250 251 239 104 137 251 246 249 249 216 116 213 255 252 253 255 242 220 97 105 231 249 255 255 255 252 127 0 9 13 9 194 249 254 255 252 255 210 0 10 15 0 18 200 255 255 238 255 252 183 108 248 248 249 250 252 190 73 244 255 254 238 255 229 0 152 250 252 255 247 247 193 0 6 0 22 0 0 202 237 255 255 245 255 255 250 255 170 127 243 255 250 251 255 247 251 249 249 26 0 190 255 252 255 253 255 198 84 238 254 248 246 255 220 97 105 231 249 255 255 255 254 119 0 3 9 15 134 242 243 255 247 227 120 239 255 241 255 247 243 235 116 1 3 3 0 0 153 249 255 248 255 255 245 117 1 0 0 10 3 210 238 255 255 245 255 148 69 240 252 255 255 233 255 0 0 16 149 250 255 255 255 246 212 7 0 12 0 212 254 255 244 255 240 134 134 243 255 255 255 252 211 0 183 255 255 251 253 254 203 85 229 248 249 247 254 213 0 176 255 255 254 255 255 202 0 9 0 0 15 0 0 1 14 199 255 255 255 247 241 255 253 255 255 252 245 255 220 6 0 0 0 0 0 0 0 0 0 0 0 0 0 0 0 0 0 0 0 0 0 0 0 0 0 0 0 0 0 0 0 0 0 0 0 0 0 0 0 0 0 0 0 0 0 0 0 0 0 0 0 0 0 0 0 0 0 0 0 0 0 0 0 0 0 0 0 0 0 0 0 0 0 0 0 0 0 0 0 0
0 0 0 0 0 0 0 0 0 0 0 0 0 0 0 0 0 0 0 0 0 0 0 0 0 0 0 0 0 0 0 0 0 0 0 0 0 0 0 0 0 0 0 0 0 0 0 0 0 0 0 0 0 0 0 0 0 0 0 0 0 0 0 0 0 0 0 0 0 0 0 0 1 5 3 0 2 0 0 147 239 246 255 255 255 226 88 4 0 16 0 211 255 250 241 241 218 108 245 255 252 255 233 111 229 252 255 247 255 173 0 226 249 253 253 254 248 176 151 249 247 241 255 255 224 111 143 245 247 246 252 255 227 105 6 0 0 0 192 255 255 253 255 250 190 125 243 255 247 250 254 248 128 111 238 251 244 251 252 249 124 200 241 247 255 255 252 205 18 184 253 247 248 255 255 208 0 0 0 10 88 238 252 255 251 252 240 142 195 255 255 251 255 253 207 0 10 5 0 7 15 202 246 254 244 255 255 203 0 0 0 9 88 238 254 255 254 248 111 177 255 255 253 255 255 231 142 2 226 255 255 252 254 237 162 141 240 255 255 251 255 230 4 148 232 239 255 252 253 247 92 129 255 250 255 255 247 102 185 255 255 253 250 254 250 97 101 243 255 250 254 250 236 131 7 0 0 3 171 255 253 255 255 255 190 15 0 0 0 1 221 253 254 255 246 255 177 105 254 255 255 251 255 186 6 234 240 255 246 240 230 55 204 255 238 246 247 255 187 0 5 0 0 5 6 178 251 239 255 247 255 242 243 255 144 76 236 255 250 255 255 255 255 255 222 0 19 182 238 249 255 247 255 195 86 229 255 255 251 254 250 97 101 243 255 250 254 250 242 119 12 0 0 11 122 255 247 255 255 238 85 187 255 254 255 255 255 243 118 0 0 2 6 0 145 243 246 240 255 255 245 112 14 2 0 10 0 182 255 241 237 255 250 153 123 243 250 245 243 255 221 3 12 0 149 238 255 243 248 255 235 9 7 5 2 221 255 255 241 249 255 179 176 247 249 247 252 254 221 2 181 246 251 244 248 255 191 93 232 245 255 253 255 210 20 180 252 249 246 255 255 206 4 4 0 21 0 10 5 9 3 216 250 244 255 255 255 251 252 246 243 255 255 255 230 83 0 0 0 0 0 0 0 0 0 0 0 0 0 0 0 0 0 0 0 0 0 0 0 0 0 0 0 0 0 0 0 0 0 0 0 0 0 0 0 0 0 0 0 0 0 0 0 0 0 0 0 0 0 0 0 0 0 0 0 0 0 0 0 0 0 0 0 0 0 0 0 0 0 0 0 0 0 0 0 0
0 0 0 0 0 0 0 0 0 0 0 0 0 0 0 0 0 0 0 0 0 0 0 0 0 0 0 0 0 0 0 0 0 0 0 0 0 0 0 0 0 0 0 0 0 0 0 0 0 0 0 0 0 0 0 0 0 0 0 0 0 0 0 0 0 0 0 0 0 0 0 0 0 13 10 0 0 4 7 159 255 255 251 238 249 255 249 254 255 249 125 225 252 252 255 255 206 85 228 255 246 255 206 91 234 255 241 253 255 164 0 200 250 255 253 253 255 243 240 255 243 255 242 255 241 103 120 237 255 255 252 248 250 251 254 255 253 134 202 245 247 255 255 245 255 255 255 245 249 255 245 238 97 100 231 255 255 250 247 255 249 255 252 244 253 235 255 207 0 181 255 255 255 242 248 253 252 255 255 224 124 236 250 255 250 252 254 229 255 255 251 253 250 255 206 0 5 0 0 11 0 199 255 255 247 248 255 244 252 255 255 223 123 237 251 255 255 241 106 140 222 255 255 255 251 225 158 0 178 249 255 254 255 255 248 247 255 253 254 255 254 218 15 122 241 255 255 249 249 248 87 123 254 247 255 255 229 76 173 242 250 251 245 255 241 91 99 240 254 251 255 253 250 254 253 255 248 176 204 243 237 254 255 255 255 247 255 255 249 0 217 255 233 255 251 254 171 104 249 252 255 244 255 185 2 195 255 252 250 255 249 255 252 242 255 255 242 253 176 0 0 7 0 8 0 135 255 255 246 255 250 255 255 251 137 25 226 252 249 250 253 249 255 255 221 0 8 189 255 255 244 255 248 211 84 227 244 255 255 243 241 91 99 240 254 251 255 253 255 252 251 250 243 184 159 247 255 247 255 246 69 171 241 255 243 255 255 239 120 9 5 2 12 0 151 255 255 255 255 242 240 114 3 0 0 10 11 158 243 255 255 253 253 255 255 237 255 255 255 244 221 0 8 8 144 241 255 254 251 255 234 0 8 0 12 187 241 244 255 255 252 228 244 255 255 251 255 255 174 0 194 255 255 255 252 255 200 82 237 245 255 254 251 209 0 176 255 255 255 242 253 251 255 255 240 240 1 4 0 0 32 235 255 246 254 255 246 157 60 222 255 252 252 253 251 134 0 0 0 0 0 0 0 0 0 0 0 0 0 0 0 0 0 0 0 0 0 0 0 0 0 0 0 0 0 0 0 0 0 0 0 0 0 0 0 0 0 0 0 0 0 0 0 0 0 0 0 0 0 0 0 0 0 0 0 0 0 0 0 0 0 0 0 0 0 0 0 0 0 0 0 0 0 0 0 0
0 0 0 0 0 0 0 0 0 0 0 0 0 0 0 0 0 0 0 0 0 0 0 0 0 0 0 0 0 0 0 0 0 0 0 0 0 0 0 0 0 0 0 0 0 0 0 0 0 0 0 0 0 0 0 0 0 0 0 0 0 0 0 0 0 0 0 0 0 0 0 0 0 0 0 0 7 6 4 148 243 252 255 255 255 254 246 255 240 255 148 226 250 244 250 246 195 102 237 251 255 248 211 95 244 252 248 255 224 187 19 212 255 255 250 252 255 255 255 248 253 255 255 247 230 0 120 255 235 246 255 254 254 255 255 244 255 139 191 254 255 253 251 246 247 255 244 252 255 255 250 244 75 115 236 255 255 255 247 253 241 254 255 255 255 250 255 167 7 207 255 245 255 253 247 255 235 253 253 247 92 240 255 247 253 255 255 254 255 247 248 255 235 255 195 0 0 0 5 0 12 210 249 255 255 250 243 255 234 252 252 246 91 240 255 248 253 249 128 100 236 246 245 255 255 255 152 12 95 247 249 245 249 255 249 255 255 247 249 248 247 242 7 141 253 255 247 255 246 250 108 140 254 246 255 251 226 103 124 247 255 255 252 250 229 114 125 238 243 254 255 252 255 255 249 244 236 171 188 250 255 255 249 235 237 255 253 255 235 0 204 255 255 249 255 242 185 127 247 246 255 242 255 199 10 156 236 251 255 244 255 246 255 249 245 249 255 225 71 8 8 0 15 3 0 137 235 243 252 255 254 250 249 226 104 6 220 255 255 255 254 245 253 254 202 8 9 201 245 251 237 248 248 231 88 250 241 245 255 254 229 114 125 238 243 254 255 252 250 255 253 246 255 185 123 231 255 253 251 237 97 133 253 245 255 255 246 230 125 7 0 0 3 0 143 241 252 251 255 255 244 133 0 6 8 0 0 35 222 255 242 238 255 248 247 255 251 238 246 255 195 4 3 0 161 255 249 255 250 239 246 12 1 3 0 88 242 255 249 241 255 255 255 249 248 255 255 231 87 0 201 252 244 247 242 244 228 79 245 250 251 255 249 223 8 202 255 248 255 252 251 255 248 255 255 238 9 0 0 13 127 244 255 255 255 252 246 121 0 244 255 246 255 251 255 158 0 0 0 0 0 0 0 0 0 0 0 0 0 0 0 0 0 0 0 0 0 0 0 0 0 0 0 0 0 0 0 0 0 0 0 0 0 0 0 0 0 0 0 0 0 0 0 0 0 0 0 0 0 0 0 0 0 0 0 0 0 0 0 0 0 0 0 0 0 0 0 0 0 0 0 0 0 0 0 0
0 0 0 0 0 0 0 0 0 0 0 0 0 0 0 0 0 0 0 0 0 0 0 0 0 0 0 0 0 0 0 0 0 0 0 0 0 0 0 0 0 0 0 0 0 0 0 0 0 0 0 0 0 0 0 0 0 0 0 0 0 0 0 0 0 0 0 0 0 0 0 0 5 0 3 9 0 0 7 171 246 249 254 248 255 251 250 254 255 244 143 217 255 255 251 251 220 0 234 245 255 253 195 97 240 246 255 255 249 192 0 235 254 246 247 255 251 243 253 249 255 241 252 251 174 9 145 233 255 255 255 255 255 251 249 253 240 152 203 255 253 243 250 255 255 255 253 255 241 255 253 179 3 108 242 251 238 255 252 253 255 255 255 245 246 255 230 86 0 203 253 231 255 255 247 252 255 255 242 242 103 251 255 239 245 255 255 244 247 243 249 246 255 220 104 0 4 4 0 0 0 207 248 236 255 255 245 254 255 255 240 241 102 250 255 240 248 255 124 0 223 255 255 249 253 248 140 0 12 158 233 255 255 252 243 255 249 243 255 255 253 255 0 153 235 244 246 255 255 235 106 132 244 255 255 248 254 107 0 230 255 252 252 246 246 115 110 236 255 253 248 250 241 241 254 255 255 184 192 255 241 249 250 255 255 255 240 253 225 28 228 241 250 248 250 255 175 141 240 250 255 249 251 206 0 12 194 248 247 252 252 255 238 255 255 250 248 165 0 14 7 0 0 0 6 107 248 255 252 234 255 247 255 255 81 8 203 246 255 255 255 250 255 252 194 0 0 221 245 255 255 255 255 214 78 249 255 252 255 255 246 115 110 236 255 253 248 250 255 255 245 245 255 177 139 255 252 255 255 233 102 0 209 255 244 247 251 253 144 3 0 16 0 21 173 254 255 247 250 252 248 144 0 0 14 8 10 2 135 221 255 255 250 253 255 245 252 255 249 215 31 0 17 0 155 255 246 243 252 255 243 0 0 7 0 10 137 228 255 252 252 252 248 237 255 255 212 139 0 0 204 255 253 255 255 255 211 86 239 255 251 255 246 224 0 199 254 235 255 255 251 252 255 248 246 246 0 4 5 0 175 241 252 250 250 255 255 116 1 235 239 254 255 247 249 195 0 0 0 0 0 0 0 0 0 0 0 0 0 0 0 0 0 0 0 0 0 0 0 0 0 0 0 0 0 0 0 0 0 0 0 0 0 0 0 0 0 0 0 0 0 0 0 0 0 0 0 0 0 0 0 0 0 0 0 0 0 0 0 0 0 0 0 0 0 0 0 0 0 0 0 0 0 0 0 0
0 0 0 0 0 0 0 0 0 0 0 0 0 0 0 0 0 0 0 0 0 0 0 0 0 0 0 0 0 0 0 0 0 0 0 0 0 0 0 0 0 0 0 0 0 0 0 0 0 0 0 0 0 0 0 0 0 0 0 0 0 0 0 0 0 0 0 0 0 0 0 0 0 0 12 15 0 6 29 158 255 255 255 244 255 251 255 253 255 236 164 217 249 255 250 251 218 0 228 255 251 255 177 120 245 252 248 247 255 185 16 214 255 245 255 255 254 250 255 255 249 255 239 171 8 7 156 255 250 250 244 245 254 252 253 255 245 172 193 244 255 255 253 245 250 248 253 255 255 244 168 10 15 123 243 255 254 255 253 255 249 245 255 255 253 214 126 0 15 190 255 255 255 243 251 255 246 247 255 240 141 222 247 255 251 255 255 254 254 255 254 246 198 115 9 0 9 4 0 3 7 201 255 255 246 255 255 252 245 245 254 238 139 221 247 255 255 255 142 7 178 241 255 251 255 244 181 18 0 6 127 199 244 255 255 252 209 183 227 252 255 229 19 165 241 255 255 251 255 232 145 160 243 255 255 250 239 122 8 201 255 241 253 255 243 136 127 239 255 255 250 255 255 255 253 247 242 182 203 255 255 255 250 254 249 248 245 255 246 0 191 255 252 255 255 242 189 174 239 251 255 253 242 218 22 0 1 131 211 237 255 238 255 232 240 184 32 0 0 4 0 19 0 4 0 20 219 254 255 240 255 254 255 222 31 0 205 243 249 252 255 252 255 250 207 0 0 208 255 246 240 255 255 209 131 237 255 255 250 248 243 136 127 239 255 255 250 255 247 253 255 255 250 185 164 234 248 254 255 239 139 19 187 255 255 255 255 241 138 11 0 1 0 17 164 242 255 255 255 255 239 154 20 0 0 0 10 2 0 32 157 249 249 245 255 255 251 220 135 0 7 7 14 0 177 250 255 255 255 255 216 18 0 0 18 0 0 82 191 241 250 255 255 237 243 179 83 0 0 31 193 244 255 250 253 242 204 149 234 252 255 255 246 226 15 186 255 255 255 241 255 255 255 250 252 248 2 0 3 0 192 247 255 255 255 253 236 122 9 213 255 255 245 253 255 221 0 0 0 0 0 0 0 0 0 0 0 0 0 0 0 0 0 0 0 0 0 0 0 0 0 0 0 0 0 0 0 0 0 0 0 0 0 0 0 0 0 0 0 0 0 0 0 0 0 0 0 0 0 0 0 0 0 0 0 0 0 0 0 0 0 0 0 0 0 0 0 0 0 0 0 0 0 0 0 0
0 0 0 0 0 0 0 0 0 0 0 0 0 0 0 0 0 0 0 0 0 0 0 0 0 0 0 0 0 0 0 0 0 0 0 0 0 0 0 0 0 0 0 0 0 0 0 0 0 0 0 0 0 0 0 0 0 0 0 0 0 0 0 0 0 0 0 0 0 0 0 0 3 0 3 0 0 16 0 11 0 5 6 0 10 0 5 1 0 17 0 7 0 8 0 6 0 0 1 0 0 7 0 1 3 0 0 9 0 2 9 0 3 0 6 0 0 7 2 0 1 0 12 0 0 11 0 0 0 13 8 0 3 9 0 0 11 0 4 11 0 0 0 10 4 8 0 0 6 0 4 0 0 0 5 0 0 6 0 4 9 0 4 0 7 0 0 6 0 12 0 0 6 0 11 0 10 0 4 1 0 14 0 0 8 0 0 1 2 3 0 0 0 18 0 6 0 5 6 5 1 10 0 4 2 4 4 0 8 0 2 0 0 13 0 0 0 0 6 6 2 0 0 4 4 0 0 6 14 0 1 3 5 0 0 0 4 0 13 2 0 6 0 2 1 0 0 0 0 10 0 0 14 0 0 9 2 2 9 0 2 0 8 0 2 0 0 10 0 2 3 0 0 14 0 0 20 3 8 0 0 10 0 0 2 8 2 0 7 0 7 1 0 0 8 3 7 0 5 0 0 3 0 0 0 29 0 0 5 0 0 4 0 18 0 1 1 5 1 1 3 0 6 10 6 0 24 0 0 3 0 0 3 11 0 14 0 15 5 0 1 1 7 0 0 0 10 0 0 8 0 0 7 0 0 3 0 0 0 3 2 0 0 10 0 2 3 0 9 0 0 3 0 0 8 1 3 0 4 0 0 14 1 0 0 10 0 2 4 0 13 0 15 0 15 0 0 0 0 5 2 0 0 8 0 7 4 0 3 7 6 0 4 10 0 1 0 0 17 0 4 0 0 11 6 0 5 0 0 0 7 0 1 7 0 9 2 14 0 11 0 3 4 0 14 0 0 2 1 0 16 1 5 0 7 0 7 0 0 0 3 3 9 0 0 8 0 2 2 0 15 0 1 0 3 0 0 0 3 0 1 4 0 0 10 0 8 0 0 8 0 5 0 13 6 0 0 0 0 0 0 0 0 0 0 0 0 0 0 0 0 0 0 0 0 0 0 0 0 0 0 0 0 0 0 0 0 0 0 0 0 0 0 0 0 0 0 0 0 0 0 0 0 0 0 0 0 0 0 0 0 0 0 0 0 0 0 0 0 0 0 0 0 0 0 0 0 0 0 0 0 0 0 0 0 0
0 0 0 0 0 0 0 0 0 0 0 0 0 0 0 0 0 0 0 0 0 0 0 0 0 0 0 0 0 0 0 0 0 0 0 0 0 0 0 0 0 0 0 0 0 0 0 0 0 0 0 0 0 0 0 0 0 0 0 0 0 0 0 0 0 0 0 0 0 0 0 0 0 0 0 0 0 0 0 0 0 0 0 0 0 0 0 0 0 0 0 0 0 0 0 0 0 0 0 0 0 0 0 0 0 0 0 0 0 0 0 0 0 0 0 0 0 0 0 0 0 0 0 0 0 0 0 0 0 0 0 0 0 0 0 0 0 0 0 0 0 0 0 0 0 0 0 0 0 0 0 0 0 0 0 0 0 0 0 0 0 0 0 0 0 0 0 0 0 0 0 0 0 0 0 0 0 0 0 0 0 0 0 0 0 0 0 0 0 0 0 0 0 0 0 0 0 0 0 0 0 0 0 0 0 0 0 0 0 0 0 0 0 0 0 0 0 0 0 0 0 0 0 0 0 0 0 0 0 0 0 0 0 0 0 0 0 0 0 0 0 0 0 0 0 0 0 0 0 0 0 0 0 0 0 0 0 0 0 0 0 0 0 0 0 0 0 0 0 0 0 0 0 0 0 0 0 0 0 0 0 0 0 0 0 0 0 0 0 0 0 0 0 0 0 0 0 0 0 0 0 0 0 0 0 0 0 0 0 0 0 0 0 0 0 0 0 0 0 0 0 0 0 0 0 0 0 0 0 0 0 0 0 0 0 0 0 0 0 0 0 0 0 0 0 0 0 0 0 0 0 0 0 0 0 0 0 0 0 0 0 0 0 0 0 0 0 0 0 0 0 0 0 0 0 0 0 0 0 0 0 0 0 0 0 0 0 0 0 0 0 0 0 0 0 0 0 0 0 0 0 0 0 0 0 0 0 0 0 0 0 0 0 0 0 0 0 0 0 0 0 0 0 0 0 0 0 0 0 0 0 0 0 0 0 0 0 0 0 0 0 0 0 0 0 0 0 0 0 0 0 0 0 0 0 0 0 0 0 0 0 0 0 0 0 0 0 0 0 0 0 0 0 0 0 0 0 0 0 0 0 0 0 0 0 0 0 0 0 0 0 0 0 0 0 0 0 0 0 0 0 0 0 0 0 0 0 0 0 0 0 0 0 0 0 0 0 0 0 0 0 0 0 0 0 0 0 0 0 0 0 0 0 0 0 0 0 0 0 0 0 0 0 0 0 0 0 0 0 0 0 0 0 0 0 0 0 0 0 0 0 0 0 0 0 0 0 0 0 0 0 0 0 0 0 0
0 0 0 0 0 0 0 0 0 0 0 0 0 0 0 0 0 0 0 0 0 0 0 0 0 0 0 0 0 0 0 0 0 0 0 0 0 0 0 0 0 0 0 0 0 0 0 0 0 0 0 0 0 0 0 0 0 0 0 0 0 0 0 0 0 0 0 0 0 0 0 0 0 0 0 0 0 0 0 0 0 0 0 0 0 0 0 0 0 0 0 0 0 0 0 0 0 0 0 0 0 0 0 0 0 0 0 0 0 0 0 0 0 0 0 0 0 0 0 0 0 0 0 0 0 0 0 0 0 0 0 0 0 0 0 0 0 0 0 0 0 0 0 0 0 0 0 0 0 0 0 0 0 0 0 0 0 0 0 0 0 0 0 0 0 0 0 0 0 0 0 0 0 0 0 0 0 0 0 0 0 0 0 0 0 0 0 0 0 0 0 0 0 0 0 0 0 0 0 0 0 0 0 0 0 0 0 0 0 0 0 0 0 0 0 0 0 0 0 0 0 0 0 0 0 0 0 0 0 0 0 0 0 0 0 0 0 0 0 0 0 0 0 0 0 0 0 0 0 0 0 0 0 0 0 0 0 0 0 0 0 0 0 0 0 0 0 0 0 0 0 0 0 0 0 0 0 0 0 0 0 0 0 0 0 0 0 0 0 0 0 0 0 0 0 0 0 0 0 0 0 0 0 0 0 0 0 0 0 0 0 0 0 0 0 0 0 0 0 0 0 0 0 0 0 0 0 0 0 0 0 0 0 0 0 0 0 0 0 0 0 0 0 0 0 0 0 0 0 0 0 0 0 0 0 0 0 0 0 0 0 0 0 0 0 0 0 0 0 0 0 0 0 0 0 0 0 0 0 0 0 0 0 0 0 0 0 0 0 0 0 0 0 0 0 0 0 0 0 0 0 0 0 0 0 0 0 0 0 0 0 0 0 0 0 0 0 0 0 0 0 0 0 0 0 0 0 0 0 0 0 0 0 0 0 0 0 0 0 0 0 0 0 0 0 0 0 0 0 0 0 0 0 0 0 0 0 0 0 0 0 0 0 0 0 0 0 0 0 0 0 0 0 0 0 0 0 0 0 0 0 0 0 0 0 0 0 0 0 0 0 0 0 0 0 0 0 0 0 0 0 0 0 0 0 0 0 0 0 0 0 0 0 0 0 0 0 0 0 0 0 0 0 0 0 0 0 0 0 0 0 0 0 0 0 0 0 0 0 0 0 0 0 0 0 0 0 0 0 0 0 0 0 0 0 0 0 0 0 0 0 0 0 0 0 0 0 0 0 0 0 0 0 0 0 0
0 0 0 0 0 0 0 0 0 0 0 0 0 0 0 0 0 0 0 0 0 0 0 0 0 0 0 0 0 0 0 0 0 0 0 0 0 0 0 0 0 0 0 0 0 0 0 0 0 0 0 0 0 0 0 0 0 0 0 0 0 0 0 0 0 0 0 0 0 0 0 0 0 0 0 0 0 0 0 0 0 0 0 0 0 0 0 0 0 0 0 0 0 0 0 0 0 0 0 0 0 0 0 0 0 0 0 0 0 0 0 0 0 0 0 0 0 0 0 0 0 0 0 0 0 0 0 0 0 0 0 0 0 0 0 0 0 0 0 0 0 0 0 0 0 0 0 0 0 0 0 0 0 0 0 0 0 0 0 0 0 0 0 0 0 0 0 0 0 0 0 0 0 0 0 0 0 0 0 0 0 0 0 0 0 0 0 0 0 0 0 0 0 0 0 0 0 0 0 0 0 0 0 0 0 0 0 0 0 0 0 0 0 0 0 0 0 0 0 0 0 0 0 0 0 0 0 0 0 0 0 0 0 0 0 0 0 0 0 0 0 0 0 0 0 0 0 0 0 0 0 0 0 0 0 0 0 0 0 0 0 0 0 0 0 0 0 0 0 0 0 0 0 0 0 0 0 0 0 0 0 0 0 0 0 0 0 0 0 0 0 0 0 0 0 0 0 0 0 0 0 0 0 0 0 0 0 0 0 0 0 0 0 0 0 0 0 0 0 0 0 0 0 0 0 0 0 0 0 0 0 0 0 0 0 0 0 0 0 0 0 0 0 0 0 0 0 0 0 0 0 0 0 0 0 0 0 0 0 0 0 0 0 0 0 0 0 0 0 0 0 0 0 0 0 0 0 0 0 0 0 0 0 0 0 0 0 0 0 0 0 0 0 0 0 0 0 0 0 0 0 0 0 0 0 0 0 0 0 0 0 0 0 0 0 0 0 0 0 0 0 0 0 0 0 0 0 0 0 0 0 0 0 0 0 0 0 0 0 0 0 0 0 0 0 0 0 0 0 0 0 0 0 0 0 0 0 0 0 0 0 0 0 0 0 0 0 0 0 0 0 0 0 0 0 0 0 0 0 0 0 0 0 0 0 0 0 0 0 0 0 0 0 0 0 0 0 0 0 0 0 0 0 0 0 0 0 0 0 0 0 0 0 0 0 0 0 0 0 0 0 0 0 0 0 0 0 0 0 0 0 0 0 0 0 0 0 0 0 0 0 0 0 0 0 0 0 0 0 0 0 0 0 0 0 0 0 0 0 0 0 0 0 0 0 0 0 0 0 0 0 0 0 0 0 0
0 0 0 0 0 0 0 0 0 0 0 0 0 0 0 0 0 0 0 0 0 0 0 0 0 0 0 0 0 0 0 0 0 0 0 0 0 0 0 0 0 0 0 0 0 0 0 0 0 0 0 0 0 0 0 0 0 0 0 0 0 0 0 0 0 0 0 0 0 0 0 0 0 0 0 0 0 0 0 0 0 0 0 0 0 0 0 0 0 0 0 0 0 0 0 0 0 0 0 0 0 0 0 0 0 0 0 0 0 0 0 0 0 0 0 0 0 0 0 0 0 0 0 0 0 0 0 0 0 0 0 0 0 0 0 0 0 0 0 0 0 0 0 0 0 0 0 0 0 0 0 0 0 0 0 0 0 0 0 0 0 0 0 0 0 0 0 0 0 0 0 0 0 0 0 0 0 0 0 0 0 0 0 0 0 0 0 0 0 0 0 0 0 0 0 0 0 0 0 0 0 0 0 0 0 0 0 0 0 0 0 0 0 0 0 0 0 0 0 0 0 0 0 0 0 0 0 0 0 0 0 0 0 0 0 0 0 0 0 0 0 0 0 0 0 0 0 0 0 0 0 0 0 0 0 0 0 0 0 0 0 0 0 0 0 0 0 0 0 0 0 0 0 0 0 0 0 0 0 0 0 0 0 0 0 0 0 0 0 0 0 0 0 0 0 0 0 0 0 0 0 0 0 0 0 0 0 0 0 0 0 0 0 0 0 0 0 0 0 0 0 0 0 0 0 0 0 0 0 0 0 0 0 0 0 0 0 0 0 0 0 0 0 0 0 0 0 0 0 0 0 0 0 0 0 0 0 0 0 0 0 0 0 0 0 0 0 0 0 0 0 0 0 0 0 0 0 0 0 0 0 0 0 0 0 0 0 0 0 0 0 0 0 0 0 0 0 0 0 0 0 0 0 0 0 0 0 0 0 0 0 0 0 0 0 0 0 0 0 0 0 0 0 0 0 0 0 0 0 0 0 0 0 0 0 0 0 0 0 0 0 0 0 0 0 0 0 0 0 0 0 0 0 0 0 0 0 0 0 0 0 0 0 0 0 0 0 0 0 0 0 0 0 0 0 0 0 0 0 0 0 0 0 0 0 0 0 0 0 0 0 0 0 0 0 0 0 0 0 0 0 0 0 0 0 0 0 0 0 0 0 0 0 0 0 0 0 0 0 0 0 0 0 0 0 0 0 0 0 0 0 0 0 0 0 0 0 0 0 0 0 0 0 0 0 0 0 0 0 0 0 0 0 0 0 0 0 0 0 0 0 0 0 0 0 0 0 0 0 0 0 0 0 0 0 0
0 0 0 0 0 0 0 0 0 0 0 0 0 0 0 0 0 0 0 0 0 0 0 0 0 0 0 0 0 0 0 0 0 0 0 0 0 0 0 0 0 0 0 0 0 0 0 0 0 0 0 0 0 0 0 0 0 0 0 0 0 0 0 0 0 0 0 0 0 0 0 0 0 0 0 0 0 0 0 0 0 0 0 0 0 0 0 0 0 0 0 0 0 0 0 0 0 0 0 0 0 0 0 0 0 0 0 0 0 0 0 0 0 0 0 0 0 0 0 0 0 0 0 0 0 0 0 0 0 0 0 0 0 0 0 0 0 0 0 0 0 0 0 0 0 0 0 0 0 0 0 0 0 0 0 0 0 0 0 0 0 0 0 0 0 0 0 0 0 0 0 0 0 0 0 0 0 0 0 0 0 0 0 0 0 0 0 0 0 0 0 0 0 0 0 0 0 0 0 0 0 0 0 0 0 0 0 0 0 0 0 0 0 0 0 0 0 0 0 0 0 0 0 0 0 0 0 0 0 0 0 0 0 0 0 0 0 0 0 0 0 0 0 0 0 0 0 0 0 0 0 0 0 0 0 0 0 0 0 0 0 0 0 0 0 0 0 0 0 0 0 0 0 0 0 0 0 0 0 0 0 0 0 0 0 0 0 0 0 0 0 0 0 0 0 0 0 0 0 0 0 0 0 0 0 0 0 0 0 0 0 0 0 0 0 0 0 0 0 0 0 0 0 0 0 0 0 0 0 0 0 0 0 0 0 0 0 0 0 0 0 0 0 0 0 0 0 0 0 0 0 0 0 0 0 0 0 0 0 0 0 0 0 0 0 0 0 0 0 0 0 0 0 0 0 0 0 0 0 0 0 0 0 0 0 0 0 0 0 0 0 0 0 0 0 0 0 0 0 0 0 0 0 0 0 0 0 0 0 0 0 0 0 0 0 0 0 0 0 0 0 0 0 0 0 0 0 0 0 0 0 0 0 0 0 0 0 0 0 0 0 0 0 0 0 0 0 0 0 0 0 0 0 0 0 0 0 0 0 0 0 0 0 0 0 0 0 0 0 0 0 0 0 0 0 0 0 0 0 0 0 0 0 0 0 0 0 0 0 0 0 0 0 0 0 0 0 0 0 0 0 0 0 0 0 0 0 0 0 0 0 0 0 0 0 0 0 0 0 0 0 0 0 0 0 0 0 0 0 0 0 0 0 0 0 0 0 0 0 0 0 0 0 0 0 0 0 0 0 0 0 0 0 0 0 0 0 0 0 0 0 0 0 0 0 0 0 0 0 0 0 0 0 0 0 0
0 0 0 0 0 0 0 0 0 0 0 0 0 0 0 0 0 0 0 0 0 0 0 0 0 0 0 0 0 0 0 0 0 0 0 0 0 0 0 0 0 0 0 0 0 0 0 0 0 0 0 0 0 0 0 0 0 0 0 0 0 0 0 0 0 0 0 0 0 0 0 0 0 0 0 0 0 0 0 0 0 0 0 0 0 0 0 0 0 0 0 0 0 0 0 0 0 0 0 0 0 0 0 0 0 0 0 0 0 0 0 0 0 0 0 0 0 0 0 0 0 0 0 0 0 0 0 0 0 0 0 0 0 0 0 0 0 0 0 0 0 0 0 0 0 0 0 0 0 0 0 0 0 0 0 0 0 0 0 0 0 0 0 0 0 0 0 0 0 0 0 0 0 0 0 0 0 0 0 0 0 0 0 0 0 0 0 0 0 0 0 0 0 0 0 0 0 0 0 0 0 0 0 0 0 0 0 0 0 0 0 0 0 0 0 0 0 0 0 0 0 0 0 0 0 0 0 0 0 0 0 0 0 0 0 0 0 0 0 0 0 0 0 0 0 0 0 0 0 0 0 0 0 0 0 0 0 0 0 0 0 0 0 0 0 0 0 0 0 0 0 0 0 0 0 0 0 0 0 0 0 0 0 0 0 0 0 0 0 0 0 0 0 0 0 0 0 0 0 0 0 0 0 0 0 0 0 0 0 0 0 0 0 0 0 0 0 0 0 0 0 0 0 0 0 0 0 0 0 0 0 0 0 0 0 0 0 0 0 0 0 0 0 0 0 0 0 0 0 0 0 0 0 0 0 0 0 0 0 0 0 0 0 0 0 0 0 0 0 0 0 0 0 0 0 0 0 0 0 0 0 0 0 0 0 0 0 0 0 0 0 0 0 0 0 0 0 0 0 0 0 0 0 0 0 0 0 0 0 0 0 0 0 0 0 0 0 0 0 0 0 0 0 0 0 0 0 0 0 0 0 0 0 0 0 0 0 0 0 0 0 0 0 0 0 0 0 0 0 0 0 0 0 0 0 0 0 0 0 0 0 0 0 0 0 0 0 0 0 0 0 0 0 0 0 0 0 0 0 0 0 0 0 0 0 0 0 0 0 0 0 0 0 0 0 0 0 0 0 0 0 0 0 0 0 0 0 0 0 0 0 0 0 0 0 0 0 0 0 0 0 0 0 0 0 0 0 0 0 0 0 0 0 0 0 0 0 0 0 0 0 0 0 0 0 0 0 0 0 0 0 0 0 0 0 0 0 0 0 0 0 0 0 0 0 0 0 0 0 0 0 0 0 0 0 0
0 0 0 0 0 0 0 0 0 0 0 0 0 0 0 0 0 0 0 0 0 0 0 0 0 0 0 0 0 0 0 0 0 0 0 0 0 0 0 0 0 0 0 0 0 0 0 0 0 0 0 0 0 0 0 0 0 0 0 0 0 0 0 0 0 0 0 0 0 0 0 0 0 0 0 0 0 0 0 0 0 0 0 0 0 0 0 0 0 0 0 0 0 0 0 0 0 0 0 0 0 0 0 0 0 0 0 0 0 0 0 0 0 0 0 0 0 0 0 0 0 0 0 0 0 0 0 0 0 0 0 0 0 0 0 0 0 0 0 0 0 0 0 0 0 0 0 0 0 0 0 0 0 0 0 0 0 0 0 0 0 0 0 0 0 0 0 0 0 0 0 0 0 0 0 0 0 0 0 0 0 0 0 0 0 0 0 0 0 0 0 0 0 0 0 0 0 0 0 0 0 0 0 0 0 0 0 0 0 0 0 0 0 0 0 0 0 0 0 0 0 0 0 0 0 0 0 0 0 0 0 0 0 0 0 0 0 0 0 0 0 0 0 0 0 0 0 0 0 0 0 0 0 0 0 0 0 0 0 0 0 0 0 0 0 0 0 0 0 0 0 0 0 0 0 0 0 0 0 0 0 0 0 0 0 0 0 0 0 0 0 0 0 0 0 0 0 0 0 0 0 0 0 0 0 0 0 0 0 0 0 0 0 0 0 0 0 0 0 0 0 0 0 0 0 0 0 0 0 0 0 0 0 0 0 0 0 0 0 0 0 0 0 0 0 0 0 0 0 0 0 0 0 0 0 0 0 0 0 0 0 0 0 0 0 0 0 0 0 0 0 0 0 0 0 0 0 0 0 0 0 0 0 0 0 0 0 0 0 0 0 0 0 0 0 0 0 0 0 0 0 0 0 0 0 0 0 0 0 0 0 0 0 0 0 0 0 0 0 0 0 0 0 0 0 0 0 0 0 0 0 0 0 0 0 0 0 0 0 0 0 0 0 0 0 0 0 0 0 0 0 0 0 0 0 0 0 0 0 0 0 0 0 0 0 0 0 0 0 0 0 0 0 0 0 0 0 0 0 0 0 0 0 0 0 0 0 0 0 0 0 0 0 0 0 0 0 0 0 0 0 0 0 0 0 0 0 0 0 0 0 0 0 0 0 0 0 0 0 0 0 0 0 0 0 0 0 0 0 0 0 0 0 0 0 0 0 0 0 0 0 0 0 0 0 0 0 0 0 0 0 0 0 0 0 0 0 0 0 0 0 0 0 0 0 0 0 0 0 0 0 0 0 0 0 0
0 0 0 0 0 0 0 0 0 0 0 0 0 0 0 0 0 0 0 0 0 0 0 0 0 0 0 0 0 0 0 0 0 0 0 0 0 0 0 0 0 0 0 0 0 0 0 0 0 0 0 0 0 0 0 0 0 0 0 0 0 0 0 0 0 0 0 0 0 0 0 0 0 0 0 0 0 0 0 0 0 0 0 0 0 0 0 0 0 0 0 0 0 0 0 0 0 0 0 0 0 0 0 0 0 0 0 0 0 0 0 0 0 0 0 0 0 0 0 0 0 0 0 0 0 0 0 0 0 0 0 0 0 0 0 0 0 0 0 0 0 0 0 0 0 0 0 0 0 0 0 0 0 0 0 0 0 0 0 0 0 0 0 0 0 0 0 0 0 0 0 0 0 0 0 0 0 0 0 0 0 0 0 0 0 0 0 0 0 0 0 0 0 0 0 0 0 0 0 0 0 0 0 0 0 0 0 0 0 0 0 0 0 0 0 0 0 0 0 0 0 0 0 0 0 0 0 0 0 0 0 0 0 0 0 0 0 0 0 0 0 0 0 0 0 0 0 0 0 0 0 0 0 0 0 0 0 0 0 0 0 0 0 0 0 0 0 0 0 0 0 0 0 0 0 0 0 0 0 0 0 0 0 0 0 0 0 0 0 0 0 0 0 0 0 0 0 0 0 0 0 0 0 0 0 0 0 0 0 0 0 0 0 0 0 0 0 0 0 0 0 0 0 0 0 0 0 0 0 0 0 0 0 0 0 0 0 0 0 0 0 0 0 0 0 0 0 0 0 0 0 0 0 0 0 0 0 0 0 0 0 0 0 0 0 0 0 0 0 0 0 0 0 0 0 0 0 0 0 0 0 0 0 0 0 0 0 0 0 0 0 0 0 0 0 0 0 0 0 0 0 0 0 0 0 0 0 0 0 0 0 0 0 0 0 0 0 0 0 0 0 0 0 0 0 0 0 0 0 0 0 0 0 0 0 0 0 0 0 0 0 0 0 0 0 0 0 0 0 0 0 0 0 0 0 0 0 0 0 0 0 0 0 0 0 0 0 0 0 0 0 0 0 0 0 0 0 0 0 0 0 0 0 0 0 0 0 0 0 0 0 0 0 0 0 0 0 0 0 0 0 0 0 0 0 0 0 0 0 0 0 0 0 0 0 0 0 0 0 0 0 0 0 0 0 0 0 0 0 0 0 0 0 0 0 0 0 0 0 0 0 0 0 0 0 0 0 0 0 0 0 0 0 0 0 0 0 0 0 0 0 0 0 0 0 0 0 0 0 0 0 0 0 0 0 0
0 0 0 0 0 0 0 0 0 0 0 0 0 0 0 0 0 0 0 0 0 0 0 0 0 0 0 0 0 0 0 0 11 0 0 2 7 0 42 211 255 253 251 210 3 1 0 3 0 0 4 0 6 8 0 7 2 39 204 255 255 255 213 0 0 7 61 185 246 249 245 255 255 223 186 48 0 16 1 1 0 19 0 1 0 0 29 193 230 255 253 241 255 242 195 126 0 2 0 9 0 9 118 206 247 255 249 255 252 226 162 0 0 6 8 239 249 251 248 255 253 174 177 255 252 255 255 254 233 8 200 255 255 254 251 238 2 4 200 255 255 253 246 233 148 253 253 254 255 255 255 248 251 255 247 250 255 234 204 254 253 253 255 245 255 255 249 252 209 1 223 248 255 255 238 255 255 249 247 250 226 160 8 0 0 3 0 3 2 3 222 255 255 254 255 254 199 10 218 255 253 253 254 211 10 9 222 255 255 253 253 212 2 0 0 5 6 0 0 176 250 251 248 255 252 255 255 254 226 0 7 0 218 252 255 248 255 228 13 0 199 255 248 255 255 228 3 0 2 0 2 5 168 255 255 254 255 254 248 117 147 255 252 255 255 229 156 5 153 244 247 255 254 248 168 238 255 255 252 255 252 255 253 247 248 255 255 243 159 0 5 0 0 180 255 253 255 250 255 255 254 248 255 232 205 68 3 0 0 8 218 255 255 252 251 255 255 255 239 160 201 250 245 255 255 242 255 254 255 255 247 255 254 194 212 249 255 252 255 254 219 108 247 250 255 253 253 246 118 125 246 255 255 253 255 253 253 254 247 250 125 203 255 255 245 251 255 255 255 250 246 242 177 0 20 0 2 3 0 7 223 246 255 253 255 255 255 249 252 254 248 255 255 208 198 250 255 251 255 250 226 106 245 255 254 255 255 242 132 2 0 213 255 250 255 252 255 255 242 255 194 0 1 0 239 248 255 254 249 212 2 2 220 255 250 254 255 217 5 0 5 0 0 2 212 253 253 255 252 254 251 254 254 236 218 142 0 13 6 215 253 255 241 255 255 253 253 253 179 0 6 0 0 2 101 221 240 247 251 255 255 219 207 69 0 0 2 211 254 252 255 249 250 229 0 191 255 247 253 252 255 208 208 251 255 253 251 255 218 9 202 255 247 255 255 224 11 0 198 255 255 249 252 226 0 23 0 0 153 221 248 255 245 254 245 218 144 2 5 7 0 0 3 5 0 0 0 0 0 0 0 0 0 0 0 0 0 0 0 0 0 0 0 0 0 0 0 0 0 0 0 0 0 0 0 0
0 0 0 0 0 0 0 0 0 0 0 0 0 0 0 0 0 0 0 0 0 0 0 0 0 0 0 0 0 0 0 0 0 2 11 0 0 116 218 255 255 253 251 210 2 1 0 2 0 8 7 0 0 0 13 0 108 206 255 239 255 250 198 8 0 133 228 255 254 255 255 245 248 255 253 226 144 0 0 9 1 0 11 4 3 138 243 254 255 255 255 246 255 252 255 244 202 3 8 0 0 166 255 255 255 249 250 255 255 254 255 221 47 0 3 239 255 255 253 247 253 167 169 253 253 254 255 254 231 5 197 255 255 255 254 243 122 10 194 249 249 255 249 228 142 255 253 255 246 248 252 255 246 255 255 255 253 231 182 255 255 251 252 255 255 248 242 255 206 7 234 247 247 255 255 255 251 248 255 242 254 250 171 12 0 3 0 3 2 3 221 255 255 254 255 253 197 8 216 255 254 252 255 241 78 5 218 255 255 254 253 211 1 0 0 4 4 0 9 178 255 247 255 252 253 250 251 253 233 26 4 0 209 254 247 254 255 246 111 14 193 255 249 255 255 226 2 0 2 0 1 3 165 253 255 254 255 253 245 113 142 253 251 255 255 251 190 0 137 250 255 255 253 244 155 246 255 255 244 252 247 251 253 255 255 247 251 255 141 0 5 7 0 163 244 255 255 254 255 240 255 238 255 255 255 215 104 4 3 1 230 238 255 253 252 255 253 255 244 176 206 255 249 249 254 247 255 247 255 244 253 255 255 196 197 248 255 252 255 252 214 102 243 250 255 253 253 244 112 119 243 255 241 250 255 255 252 254 249 243 118 195 251 255 253 249 255 246 239 255 251 255 247 218 0 1 1 0 0 0 226 250 255 242 255 249 251 250 255 255 245 255 253 199 202 255 255 243 255 253 218 99 241 255 254 255 255 242 130 0 0 218 255 255 255 255 253 248 253 253 209 0 10 2 222 248 255 252 255 244 76 12 216 255 252 254 255 214 3 0 4 0 0 1 211 253 254 255 255 255 250 255 255 255 255 239 150 0 2 234 255 255 248 255 251 255 255 251 179 0 12 12 3 203 255 246 255 255 245 255 255 255 247 237 152 9 0 217 254 254 255 249 253 216 20 202 252 255 255 255 244 114 200 255 255 253 251 255 216 7 199 255 255 254 251 248 114 17 205 237 246 255 246 221 5 0 55 197 247 255 252 248 255 250 255 255 237 194 51 0 0 6 5 0 0 0 0 0 0 0 0 0 0 0 0 0 0 0 0 0 0 0 0 0 0 0 0 0 0 0 0 0 0 0 0 0
0 0 0 0 0 0 0 0 0 0 0 0 0 0 0 0 0 0 0 0 0 0 0 0 0 0 0 0 0 0 0 0 7 0 6 143 214 255 239 249 255 254 251 208 1 1 0 2 10 0 1 10 9 0 129 232 235 255 255 245 255 243 204 2 78 216 255 255 242 255 247 254 252 255 255 255 219 44 2 6 9 0 6 0 89 217 255 247 248 244 255 252 252 233 255 251 251 155 0 0 164 255 253 235 246 255 255 253 238 244 247 255 174 17 6 229 252 254 255 251 252 157 157 251 255 252 252 253 229 1 193 253 254 255 255 249 196 0 183 253 249 255 248 216 146 255 254 255 255 255 242 250 255 252 247 250 248 245 191 255 252 255 250 255 255 255 246 243 205 0 206 255 255 255 255 244 255 255 255 252 255 255 255 104 0 3 0 3 1 2 221 255 255 254 255 252 195 4 213 255 253 247 255 255 154 0 208 255 255 254 252 209 0 0 0 3 3 5 13 184 255 245 255 245 255 250 249 255 246 89 5 0 199 255 244 255 253 247 196 2 185 255 251 255 254 223 1 0 2 0 0 0 160 250 254 255 254 252 242 107 136 249 250 255 248 255 230 12 129 252 255 252 249 246 155 245 249 251 254 255 255 255 251 246 254 255 255 239 162 9 0 0 1 161 246 255 252 253 255 250 255 250 255 255 254 255 196 0 0 73 240 255 254 255 253 255 251 255 251 198 184 255 255 248 253 246 255 255 255 245 255 252 250 193 198 255 254 252 255 250 207 93 238 251 255 253 254 241 105 110 239 255 255 255 253 249 250 255 255 235 123 203 248 255 255 252 255 255 255 255 247 244 254 255 121 15 3 1 14 2 218 241 255 246 251 250 255 255 255 254 243 255 255 186 194 252 255 253 255 246 208 91 236 255 254 255 255 241 119 0 7 222 249 255 252 255 255 246 255 242 219 0 2 0 215 255 255 247 255 255 148 0 211 255 253 255 255 209 1 1 3 0 0 0 209 252 254 255 240 253 241 255 249 245 246 254 239 37 65 235 246 251 255 252 254 255 251 252 202 1 0 0 155 245 234 243 250 252 248 255 247 255 245 255 237 80 8 187 253 255 255 250 255 202 71 226 248 255 252 255 224 14 191 255 255 254 251 255 214 4 196 254 255 250 255 255 184 0 200 248 250 254 255 223 0 7 186 255 255 253 250 249 255 254 247 255 255 255 192 0 14 0 4 2 0 0 0 0 0 0 0 0 0 0 0 0 0 0 0 0 0 0 0 0 0 0 0 0 0 0 0 0 0 0 0 0
0 0 0 0 0 0 0 0 0 0 0 0 0 0 0 0 0 0 0 0 0 0 0 0 0 0 0 0 0 0 0 0 0 186 246 255 245 255 255 255 255 254 251 207 0 2 0 1 5 0 0 15 174 248 255 239 255 249 239 251 255 250 201 0 168 244 249 253 255 247 170 174 253 248 255 240 255 170 8 0 0 2 0 0 208 255 246 250 255 255 254 241 255 250 255 245 251 248 0 11 210 239 255 251 251 255 228 254 255 255 251 250 255 98 7 227 246 247 255 255 253 150 149 250 255 251 250 254 229 0 190 251 254 255 255 253 210 12 177 255 255 255 247 214 138 237 252 237 255 246 248 255 243 255 255 250 255 227 207 240 255 255 245 245 255 243 255 255 211 23 216 252 252 245 251 255 238 246 241 255 244 242 248 189 0 3 0 3 1 1 220 255 255 254 255 251 192 1 210 254 255 249 250 248 207 0 203 255 255 254 252 207 0 1 0 2 3 4 3 199 255 247 255 248 255 252 251 255 250 143 1 0 188 255 251 255 252 242 229 8 177 255 252 255 253 220 0 2 2 0 0 0 155 248 254 255 255 253 241 102 131 248 251 255 254 251 251 89 128 248 248 254 251 248 165 236 255 250 253 233 242 255 251 255 255 247 255 243 126 12 0 0 1 158 249 255 254 250 255 254 233 255 255 247 244 250 235 13 0 132 230 249 253 255 253 255 252 255 253 215 197 250 253 246 255 250 248 242 246 254 255 254 254 185 207 241 255 253 255 250 202 85 234 253 255 255 255 240 99 103 236 255 252 246 250 255 252 246 255 246 90 202 251 255 253 254 255 245 234 251 253 255 255 229 226 0 3 0 0 9 207 251 255 255 255 255 250 244 245 255 248 255 255 179 208 242 248 247 255 255 202 87 234 255 255 255 255 239 111 0 36 234 245 255 249 255 255 250 255 243 229 23 0 0 217 255 255 249 253 247 200 0 205 255 255 255 252 204 0 2 2 0 1 0 207 252 254 255 255 255 252 237 255 255 254 255 236 115 123 227 249 255 253 255 255 255 245 255 217 5 0 13 232 248 255 255 244 255 252 249 255 254 250 239 244 178 14 184 252 255 252 253 255 194 132 250 252 251 242 254 196 0 191 253 255 254 252 255 212 0 193 251 255 246 255 249 213 1 180 255 255 253 255 214 1 90 255 230 247 241 255 255 228 255 255 252 240 250 247 110 0 5 0 17 0 0 0 0 0 0 0 0 0 0 0 0 0 0 0 0 0 0 0 0 0 0 0 0 0 0 0 0 0 0 0 0
0 0 0 0 0 0 0 0 0 0 0 0 0 0 0 0 0 0 0 0 0 0 0 0 0 0 0 0 0 0 0 0 12 173 253 255 255 255 255 237 255 255 251 205 0 2 1 0 0 0 7 7 178 251 241 255 245 255 255 242 255 255 178 2 186 255 255 255 255 247 132 122 255 242 255 255 255 219 0 4 0 0 7 0 225 255 255 254 249 247 171 124 239 247 250 255 239 230 69 94 240 255 255 255 251 235 103 202 255 242 250 255 255 155 0 235 255 251 255 251 253 147 146 250 255 252 251 255 231 0 189 251 253 253 255 253 235 94 175 251 255 243 252 221 6 12 2 14 208 251 255 236 255 248 150 3 0 3 179 255 255 248 255 255 208 10 0 0 0 0 220 250 255 255 252 249 179 177 236 255 250 255 250 194 0 3 0 2 0 1 219 255 254 255 255 250 190 0 209 254 255 255 253 243 240 44 207 255 255 255 251 204 0 2 1 0 4 0 0 218 250 253 255 255 241 251 251 255 245 174 0 0 182 255 255 249 255 251 242 79 173 253 253 255 252 218 0 3 1 0 1 0 151 246 254 254 255 254 241 99 129 248 252 255 255 240 254 167 113 246 249 253 252 237 99 7 0 0 185 255 255 255 255 252 172 13 0 4 18 0 8 6 0 141 246 255 255 249 249 234 125 223 255 250 254 255 234 90 7 139 246 240 253 255 249 252 254 253 253 226 5 0 12 95 228 255 255 255 255 231 94 0 0 6 184 255 255 254 255 251 200 81 233 255 255 255 255 240 97 100 235 255 255 255 255 238 122 12 0 0 18 183 255 255 254 252 249 201 147 242 254 254 255 255 208 0 0 14 11 0 12 0 0 86 232 252 255 255 255 232 97 2 0 16 182 255 255 252 251 244 200 86 234 255 255 255 254 238 110 2 85 252 249 255 253 255 247 255 255 254 243 82 7 7 215 255 255 255 255 245 242 52 201 255 255 255 250 202 0 2 0 1 2 0 204 251 255 255 249 240 204 134 233 246 255 254 240 142 120 240 255 255 245 254 252 255 252 255 214 17 2 111 218 255 255 250 239 236 128 174 255 247 255 248 251 208 0 197 253 255 250 255 255 190 180 255 255 255 250 251 145 2 191 255 255 255 253 255 210 0 191 250 255 241 255 250 247 89 165 252 255 255 250 203 9 136 239 255 255 253 255 227 89 223 255 255 253 255 231 180 0 0 11 0 0 0 0 0 0 0 0 0 0 0 0 0 0 0 0 0 0 0 0 0 0 0 0 0 0 0 0 0 0 0 0 0
0 0 0 0 0 0 0 0 0 0 0 0 0 0 0 0 0 0 0 0 0 0 0 0 0 0 0 0 0 0 0 0 0 175 255 243 251 251 254 255 255 255 252 203 0 2 1 0 8 8 10 0 172 255 238 255 255 242 255 255 248 255 179 6 200 255 247 252 248 244 128 132 246 255 243 252 241 210 0 13 10 3 10 0 223 242 249 248 255 254 141 74 238 255 255 255 255 250 103 114 252 255 235 255 255 244 72 194 255 247 255 255 236 188 0 231 255 251 251 252 251 149 148 250 255 253 253 255 231 0 188 252 254 252 255 253 250 170 170 248 255 250 255 216 0 0 1 0 212 241 255 254 245 255 169 4 7 0 196 244 255 244 255 247 210 0 6 14 4 12 232 247 252 249 250 255 154 99 245 255 251 255 255 189 0 3 0 2 0 0 218 254 254 254 255 250 189 0 209 255 249 255 255 246 254 114 205 249 255 255 250 202 0 3 2 0 3 0 26 233 249 255 249 255 220 254 255 253 246 194 0 3 190 254 255 242 255 254 247 163 173 253 253 255 251 218 0 4 0 1 3 0 150 245 254 254 255 255 241 98 127 248 254 255 255 248 253 210 104 248 255 249 254 241 111 0 8 0 185 233 248 246 255 255 184 5 0 7 0 0 7 2 1 142 251 253 255 250 255 232 56 196 255 255 255 245 243 123 0 162 250 255 253 254 238 244 254 254 253 234 87 0 0 94 237 253 254 251 245 241 98 2 5 0 194 243 255 253 255 252 201 80 232 255 255 255 255 240 96 100 235 255 243 246 255 251 124 0 0 7 0 186 255 254 251 254 251 191 72 236 254 238 251 255 210 12 0 0 0 0 4 5 0 107 239 255 249 250 247 244 104 0 0 10 197 249 244 248 255 255 200 85 234 255 255 255 254 237 104 8 129 255 251 254 254 246 235 255 248 255 249 128 6 2 215 249 254 255 255 244 255 121 199 254 255 255 250 201 0 2 0 2 3 0 202 250 255 255 255 244 193 84 229 255 255 251 246 135 138 255 254 247 255 233 244 250 251 255 230 70 9 148 255 255 240 242 255 233 62 159 237 254 255 255 253 210 0 187 255 255 250 255 255 195 212 252 249 255 255 232 70 10 182 255 254 255 254 255 210 0 190 251 255 246 255 250 252 171 163 251 255 243 255 217 0 164 242 255 255 254 255 211 0 201 250 249 254 255 253 174 17 0 2 0 0 0 0 0 0 0 0 0 0 0 0 0 0 0 0 0 0 0 0 0 0 0 0 0 0 0 0 0 0 0 0 0
0 0 0 0 0 0 0 0 0 0 0 0 0 0 0 0 0 0 0 0 0 0 0 0 0 0 0 0 0 0 0 0 0 23 0 8 122 233 244 255 254 255 252 201 0 2 2 0 0 0 8 0 11 0 5 126 243 228 243 255 251 254 188 4 220 252 247 255 255 239 102 102 234 255 253 255 255 227 12 0 2 3 2 0 253 252 240 255 255 252 151 86 246 255 247 241 253 230 94 143 243 244 255 246 235 238 80 200 254 255 255 238 251 195 3 220 255 250 252 255 248 151 152 249 255 254 255 255 229 0 187 253 255 253 255 254 249 203 173 255 255 255 252 212 6 0 4 0 227 252 255 242 255 253 161 0 5 2 207 253 255 255 255 245 213 5 10 0 4 0 205 255 255 251 249 254 166 101 247 255 247 239 255 201 0 3 0 2 0 0 218 254 253 254 255 250 188 0 211 255 248 255 255 251 253 182 197 248 255 255 250 200 0 4 2 0 0 4 82 239 254 251 249 255 199 255 255 254 255 208 0 4 198 250 255 247 252 250 252 210 175 254 252 255 251 219 0 4 0 2 5 0 149 246 254 253 254 255 241 96 126 248 253 255 253 255 250 233 133 248 255 252 253 245 113 0 2 0 196 255 255 255 253 242 177 13 4 0 13 10 0 0 9 147 255 253 251 250 255 240 69 205 251 254 255 236 254 100 0 185 239 255 254 249 225 232 251 255 255 242 128 1 2 106 239 247 255 255 255 244 105 0 0 0 197 255 255 251 255 251 202 80 231 255 255 255 255 239 97 101 235 255 255 255 250 242 122 4 5 0 3 199 255 250 251 255 255 204 64 229 255 255 255 246 227 0 0 2 2 7 0 0 0 114 233 255 255 255 245 239 103 6 3 0 192 246 253 255 255 253 197 83 231 255 254 255 255 239 98 7 158 252 253 251 254 229 220 255 249 255 253 151 3 0 220 246 255 255 251 248 255 178 199 253 254 255 251 203 0 1 0 2 4 0 200 250 255 255 255 255 197 80 228 255 251 241 242 128 185 253 239 245 255 215 234 244 248 255 246 133 0 126 231 255 255 255 252 237 85 147 246 255 247 252 251 228 16 185 255 255 250 255 251 212 238 250 247 255 250 201 7 5 181 255 253 255 254 255 210 0 191 252 252 255 255 251 243 208 172 255 255 237 255 225 0 179 255 239 248 255 255 232 0 221 248 255 238 253 255 196 0 29 0 13 0 0 0 0 0 0 0 0 0 0 0 0 0 0 0 0 0 0 0 0 0 0 0 0 0 0 0 0 0 0 0 0
0 0 0 0 0 0 0 0 0 0 0 0 0 0 0 0 0 0 0 0 0 0 0 0 0 0 0 0 0 0 0 0 4 0 0 1 9 172 244 255 254 255 252 201 0 2 2 0 7 7 5 0 0 10 1 3 160 255 255 244 255 255 176 8 212 255 252 255 241 251 123 113 255 245 255 253 255 214 0 1 1 0 4 0 236 255 254 249 255 244 155 91 232 246 255 255 251 248 113 134 243 246 255 255 255 229 73 202 249 255 242 255 255 176 15 217 255 254 253 252 245 153 155 247 253 254 255 255 227 0 185 254 255 254 255 255 255 221 183 255 239 255 248 224 1 0 5 1 213 246 255 255 255 245 173 7 0 1 186 254 255 254 247 255 209 0 3 6 3 0 218 255 244 251 255 248 167 158 243 252 254 255 243 194 0 3 0 2 0 0 217 253 253 254 255 250 188 0 212 255 255 254 255 255 250 225 196 255 255 255 250 199 0 5 3 0 0 11 129 240 255 247 252 247 180 249 255 250 255 211 1 0 196 244 255 255 252 252 255 230 178 255 252 255 251 219 0 4 0 3 6 0 150 246 254 253 252 254 240 95 125 248 252 253 249 255 248 251 177 246 247 255 252 241 101 9 5 0 190 255 255 250 253 255 190 0 0 4 0 6 0 0 12 134 245 253 255 250 253 229 98 222 251 254 247 255 225 78 3 191 255 242 255 246 215 222 249 255 255 248 153 0 0 106 245 252 255 242 255 231 113 0 5 2 184 255 255 249 255 250 202 80 230 255 254 254 255 238 97 101 234 255 248 252 255 247 121 4 7 0 1 195 253 252 255 253 252 195 139 248 243 255 248 255 196 10 0 0 3 0 2 6 5 107 238 255 244 255 255 247 101 3 3 0 197 254 255 253 250 255 194 80 228 253 253 255 255 240 98 8 176 250 255 254 255 221 202 252 252 251 255 169 15 0 221 245 255 255 251 255 255 219 199 253 253 255 252 204 0 1 0 3 5 0 199 250 255 255 251 255 191 82 221 255 252 255 253 117 199 242 255 252 250 211 221 248 255 255 235 159 2 134 249 255 241 255 255 233 95 158 255 250 249 255 245 216 0 190 253 254 251 255 250 230 255 255 255 255 236 179 0 5 193 255 253 255 255 255 210 0 192 253 246 255 247 255 255 235 181 251 255 253 250 205 0 164 241 255 255 254 248 218 3 219 235 255 255 250 249 191 10 0 19 0 0 0 0 0 0 0 0 0 0 0 0 0 0 0 0 0 0 0 0 0 0 0 0 0 0 0 0 0 0 0 0 0
0 0 0 0 0 0 0 0 0 0 0 0 0 0 0 0 0 0 0 0 0 0 0 0 0 0 0 0 0 0 0 0 1 0 0 1 0 179 247 255 255 252 251 198 0 0 11 0 0 6 5 0 3 0 3 7 172 249 255 253 255 255 185 1 212 253 255 251 255 246 114 115 245 255 253 255 253 216 3 0 0 0 2 0 232 255 251 255 255 252 164 88 240 255 249 255 255 246 113 138 251 249 249 255 255 232 81 202 252 255 252 255 255 186 0 231 253 254 255 255 249 149 148 248 255 255 254 255 221 10 186 248 255 248 252 253 255 244 214 250 255 246 255 220 3 0 0 2 213 255 255 255 255 249 173 3 0 0 195 253 255 250 255 255 208 0 0 9 0 0 223 255 253 255 250 255 245 255 254 247 255 250 237 160 0 2 0 2 0 0 219 255 255 254 255 250 190 0 211 255 255 245 255 251 254 250 213 254 255 253 255 197 0 0 4 0 10 0 157 248 245 252 255 246 171 246 249 255 250 221 76 1 187 254 251 250 255 249 255 252 215 241 253 255 251 212 4 2 0 0 0 2 143 251 255 253 255 254 239 96 127 250 254 255 255 255 242 253 230 235 252 255 255 236 115 2 0 2 193 254 255 255 255 252 197 1 0 0 0 3 0 2 0 149 247 254 254 252 255 255 250 246 255 249 242 255 214 0 0 219 255 250 255 255 187 219 249 251 255 250 178 0 8 99 243 251 255 249 255 240 110 3 0 0 198 253 249 255 249 245 196 79 224 255 255 255 255 239 96 101 235 255 246 255 255 239 122 3 0 6 0 192 250 252 255 250 255 255 254 243 255 251 248 255 168 13 0 3 0 0 3 0 1 118 241 252 254 255 253 240 112 0 1 0 197 254 255 255 254 255 193 75 236 255 253 255 250 235 102 0 193 254 254 254 251 221 193 255 254 255 241 219 0 0 212 253 255 253 255 254 248 251 225 249 255 255 255 196 4 0 1 1 0 2 193 255 255 254 245 254 199 117 248 255 238 255 242 134 209 252 252 244 255 200 218 255 255 255 249 181 8 132 246 251 255 243 255 224 106 161 246 255 255 248 251 213 4 176 251 255 242 255 252 253 252 255 255 253 239 93 8 2 187 252 255 255 255 252 211 2 184 255 255 246 255 255 246 253 212 251 255 252 255 213 0 164 253 255 254 254 253 226 0 0 0 11 3 0 13 9 2 0 0 3 0 0 0 0 0 0 0 0 0 0 0 0 0 0 0 0 0 0 0 0 0 0 0 0 0 0 0 0 0 0 0 0
0 0 0 0 0 0 0 0 0 0 0 0 0 0 0 0 0 0 0 0 0 0 0 0 0 0 0 0 0 0 0 0 1 0 0 1 0 179 247 255 255 251 251 190 2 4 7 3 11 4 0 0 12 14 0 0 173 249 255 253 255 255 185 1 212 253 255 251 255 246 114 115 245 255 253 255 253 216 3 0 0 0 2 0 232 255 251 255 254 252 158 0 17 0 0 0 0 7 0 125 255 255 255 248 255 232 81 202 252 255 252 255 255 186 0 231 253 254 255 255 249 149 148 248 255 255 254 255 223 7 184 249 255 249 255 255 255 254 237 253 255 252 253 217 3 0 0 2 213 255 255 255 255 249 173 3 0 0 195 253 245 255 251 232 255 255 255 239 160 17 200 253 255 255 251 255 255 236 254 255 249 255 202 0 0 2 0 2 0 0 219 255 255 254 255 250 190 0 211 255 255 248 255 251 254 255 237 255 255 253 255 197 0 0 4 0 0 0 175 251 255 255 244 232 122 243 252 255 253 238 105 0 188 253 253 251 255 248 255 248 237 253 254 255 253 216 3 0 0 0 0 2 143 251 255 253 255 254 239 96 127 250 254 255 255 255 252 255 246 249 254 250 255 236 115 2 0 2 193 254 255 255 255 252 197 1 0 0 0 3 0 2 0 149 247 254 255 250 251 240 255 246 255 254 255 213 112 6 0 220 255 254 241 251 170 210 255 248 252 254 200 0 8 108 246 249 254 251 255 240 110 3 0 0 198 253 242 255 252 255 255 241 255 240 255 255 255 239 96 101 235 255 255 255 253 255 251 252 255 209 3 195 253 250 255 241 254 250 255 251 255 249 255 200 39 0 0 3 0 0 3 0 1 118 241 252 254 255 253 240 112 0 1 0 197 254 255 255 254 255 255 242 255 232 249 255 247 249 94 7 213 255 255 255 250 195 179 253 246 255 251 220 7 1 211 253 255 250 255 255 252 250 237 255 255 255 253 196 4 0 1 1 0 2 193 255 255 254 255 255 255 248 253 250 255 253 236 128 225 250 255 255 250 149 205 241 250 250 248 193 0 135 250 255 255 249 255 238 79 0 0 1 0 0 3 24 0 208 251 255 244 255 251 253 253 253 251 244 243 43 0 0 198 249 255 255 255 252 211 2 184 255 254 251 255 255 249 255 233 255 255 252 255 213 0 164 253 255 255 244 255 238 3 10 3 0 7 0 0 0 0 7 6 0 0 0 0 0 0 0 0 0 0 0 0 0 0 0 0 0 0 0 0 0 0 0 0 0 0 0 0 0 0 0 0 0
0 0 0 0 0 0 0 0 0 0 0 0 0 0 0 0 0 0 0 0 0 0 0 0 0 0 0 0 0 0 0 0 1 0 0 1 0 179 247 255 251 255 255 182 3 11 0 2 0 0 8 0 0 0 0 4 174 250 255 253 255 255 185 1 212 253 255 251 255 246 114 115 245 255 253 255 253 216 3 0 0 0 2 0 232 255 251 255 255 251 168 0 0 0 18 0 7 5 2 143 246 239 255 252 255 232 81 202 252 255 252 255 255 186 0 231 253 254 255 255 249 149 148 248 255 255 254 255 227 3 181 252 255 250 255 255 255 255 255 252 251 255 251 217 3 0 0 2 213 255 255 255 255 249 173 3 0 0 195 253 250 252 255 255 252 255 234 255 136 0 218 255 239 250 255 255 247 255 251 251 255 154 45 0 0 2 0 2 0 0 219 255 255 254 255 250 190 0 211 255 253 253 255 251 255 255 255 255 255 253 255 197 0 0 4 0 3 5 197 244 255 255 245 232 118 255 251 250 255 250 136 0 190 251 255 254 251 248 255 246 255 255 252 255 254 219 3 0 0 0 0 2 143 251 255 253 255 254 239 96 127 250 254 255 255 248 255 255 254 255 255 250 255 236 115 2 0 2 193 254 255 255 255 252 197 1 0 0 0 3 0 2 0 149 247 254 253 249 255 247 255 255 252 250 224 111 0 10 94 246 249 248 255 255 140 184 255 255 255 255 211 0 0 108 244 250 250 255 255 240 110 3 0 0 198 253 255 255 255 251 238 255 246 255 255 255 255 239 96 101 235 255 245 255 247 255 247 247 255 223 0 193 255 253 255 246 255 255 243 255 255 229 194 95 0 20 0 3 0 0 3 0 1 118 241 252 254 255 253 240 112 0 1 0 197 254 255 255 254 255 242 255 246 255 255 255 253 233 90 22 220 246 250 249 255 177 153 252 244 255 255 218 26 0 210 253 253 246 255 254 255 250 250 255 255 253 253 196 5 0 1 1 0 2 193 255 255 254 255 243 238 255 252 255 255 245 239 130 247 255 248 246 246 178 202 254 255 255 255 217 0 139 231 254 255 255 248 244 115 2 0 10 9 12 0 0 0 193 251 255 246 255 251 254 255 250 247 255 239 103 0 24 183 253 255 255 255 252 211 2 184 255 248 255 253 255 253 255 251 255 255 252 255 213 0 164 253 255 253 255 236 222 194 250 250 255 252 255 255 188 25 0 0 8 0 0 0 0 0 0 0 0 0 0 0 0 0 0 0 0 0 0 0 0 0 0 0 0 0 0 0 0 0 0 0 0
0 0 0 0 0 0 0 0 0 0 0 0 0 0 0 0 0 0 0 0 0 0 0 0 0 0 0 0 0 0 0 0 1 0 0 1 0 179 247 255 254 247 244 195 131 248 249 255 255 250 255 255 202 15 0 9 175 250 255 252 255 255 185 1 212 253 255 251 255 246 114 115 245 255 253 255 253 216 3 0 0 0 2 0 232 255 251 255 238 239 166 5 5 0 10 0 3 5 0 135 250 248 255 254 255 232 81 202 252 255 252 255 255 186 0 231 253 254 255 255 249 149 148 248 255 255 254 255 231 1 181 254 255 250 255 253 254 252 255 250 247 255 247 222 3 0 0 2 213 255 255 255 255 249 173 3 0 0 195 253 255 255 255 238 244 255 250 252 154 7 217 253 237 255 255 249 255 241 255 239 243 255 222 30 0 2 0 2 0 0 219 255 255 254 255 250 190 0 211 255 255 254 252 249 255 249 255 250 255 253 255 197 0 0 4 0 6 3 213 245 255 255 252 217 67 234 243 255 255 249 162 7 189 249 255 255 250 246 255 248 255 255 248 253 253 218 3 0 0 0 0 2 143 251 255 253 255 254 239 96 127 250 254 255 255 245 255 251 250 255 254 254 255 236 115 2 0 2 193 254 255 255 255 252 197 1 0 0 0 3 0 2 0 149 247 254 253 250 255 252 230 251 255 249 253 246 161 1 128 241 255 252 236 254 132 180 255 242 239 254 224 23 0 106 238 255 251 255 255 240 110 3 0 0 198 253 255 238 252 254 255 255 246 255 255 255 255 239 96 101 235 255 255 255 242 255 255 252 255 213 0 190 255 255 255 252 255 242 255 252 250 252 252 223 117 0 0 3 0 0 3 0 1 118 241 252 254 255 253 240 112 0 1 0 197 254 255 255 254 255 255 255 244 255 254 242 255 235 107 65 243 248 255 255 255 162 150 255 244 250 253 234 100 23 211 255 254 245 255 247 255 251 255 255 253 252 254 197 5 0 1 1 0 2 193 255 255 254 248 255 255 255 250 246 255 255 195 132 231 250 255 255 248 133 162 252 250 248 251 217 10 122 255 246 247 255 255 233 76 0 4 3 0 6 5 16 0 188 250 255 250 254 253 254 255 251 255 245 255 165 14 10 186 255 255 255 255 252 211 2 184 255 248 255 249 253 255 252 254 255 255 252 255 213 0 164 253 255 248 255 255 221 214 240 255 253 249 255 255 188 0 0 0 0 0 0 0 0 0 0 0 0 0 0 0 0 0 0 0 0 0 0 0 0 0 0 0 0 0 0 0 0 0 0 0 0
0 0 0 0 0 0 0 0 0 0 0 0 0 0 0 0 0 0 0 0 0 0 0 0 0 0 0 0 0 0 0 0 1 0 0 1 0 179 247 255 255 255 251 186 130 255 254 254 253 244 248 255 228 0 4 0 176 251 255 252 255 255 184 1 212 253 255 251 255 246 114 115 245 255 253 255 253 216 3 0 0 0 2 0 232 255 251 255 255 252 169 92 232 255 255 240 255 228 106 142 245 244 253 255 255 232 81 202 252 255 252 255 255 186 0 231 253 254 255 255 249 149 148 248 255 255 254 255 232 1 184 255 255 250 255 238 255 248 255 251 251 255 245 225 3 0 0 2 213 255 255 255 255 249 173 3 0 0 195 253 241 255 251 239 255 247 255 239 142 15 206 249 255 255 242 255 165 173 251 244 255 255 232 180 0 2 0 2 0 0 219 255 255 254 255 250 190 0 211 255 255 253 248 240 255 244 255 250 255 253 255 197 0 0 4 0 0 0 223 255 252 255 253 186 72 234 245 252 255 255 193 1 187 250 255 255 252 238 255 253 250 255 249 255 253 214 1 0 0 0 0 2 143 251 255 253 255 254 239 96 127 250 254 255 255 243 249 254 249 251 252 255 255 236 115 2 0 2 193 254 255 255 255 252 197 1 0 0 0 3 0 2 0 149 247 254 255 250 251 235 124 222 255 255 253 255 216 0 143 255 255 250 255 244 104 151 255 255 255 255 247 84 10 108 235 255 253 249 255 240 110 3 0 0 198 253 250 250 255 248 255 231 255 249 255 255 255 239 96 101 235 255 251 255 251 255 250 244 255 217 6 190 254 253 254 248 251 207 149 227 254 255 250 251 203 0 0 3 0 0 3 0 1 118 241 252 254 255 253 240 112 0 1 0 197 254 255 255 254 255 253 230 255 241 255 252 255 240 103 99 255 255 255 250 244 132 135 255 255 255 255 240 127 0 213 255 255 247 255 231 255 253 254 255 250 253 255 198 4 0 1 1 0 2 193 255 255 254 255 245 255 244 255 252 243 157 0 126 255 255 244 255 255 107 147 255 252 255 255 243 84 138 254 247 255 255 240 226 106 180 249 255 242 255 243 205 20 181 250 255 252 253 255 250 255 254 255 238 255 203 0 0 186 255 255 255 255 252 211 2 184 255 253 255 246 247 255 246 252 254 255 252 255 213 0 164 253 255 239 255 241 205 200 255 255 255 255 254 242 186 3 16 11 0 0 0 0 0 0 0 0 0 0 0 0 0 0 0 0 0 0 0 0 0 0 0 0 0 0 0 0 0 0 0 0 0
0 0 0 0 0 0 0 0 0 0 0 0 0 0 0 0 0 0 0 0 0 0 0 0 0 0 0 0 0 0 0 0 1 0 0 1 0 179 247 255 237 255 255 199 130 244 249 246 250 255 255 250 214 0 20 1 177 252 255 251 255 255 184 1 212 253 255 251 255 246 114 115 245 255 253 255 253 216 3 0 0 0 2 0 232 255 251 255 243 247 163 89 239 251 242 255 255 250 105 123 251 255 248 251 255 232 81 202 252 255 252 255 255 186 0 231 253 254 255 255 249 149 148 248 255 255 254 255 228 0 187 255 255 252 254 220 251 250 253 255 255 255 247 222 3 0 0 2 213 255 255 255 255 249 173 3 0 0 195 253 255 255 255 255 207 0 0 2 7 0 220 255 255 254 242 255 161 133 245 252 255 249 244 204 0 2 0 2 0 0 219 255 255 254 255 250 190 0 211 255 255 254 247 217 255 249 255 255 255 253 255 197 0 0 4 0 0 41 231 255 247 253 255 201 2 191 255 255 245 248 200 0 184 253 255 255 254 223 237 255 253 255 255 255 255 212 0 0 0 0 0 2 143 251 255 253 255 254 239 96 127 250 254 255 253 240 223 255 255 253 253 253 255 236 115 2 0 2 193 254 255 255 255 252 197 1 0 0 0 3 0 2 0 149 247 254 254 248 253 234 64 206 255 253 254 236 255 97 175 231 237 255 255 229 114 147 228 255 251 245 248 134 8 102 235 255 255 248 255 240 110 3 0 0 198 253 255 255 255 241 197 95 226 255 255 255 255 239 96 101 235 255 248 255 255 231 116 7 4 5 6 187 254 255 255 254 252 194 98 241 242 250 249 252 227 9 0 3 0 0 3 0 1 118 241 252 254 255 253 240 112 0 1 0 197 254 255 255 254 255 193 99 237 254 255 250 255 231 94 124 247 246 252 245 245 163 112 219 246 255 255 255 172 0 213 255 255 251 255 207 248 254 252 255 249 254 255 196 2 0 1 1 0 2 193 255 255 254 255 253 201 18 2 0 12 3 6 187 254 255 252 255 234 101 158 255 241 249 254 238 125 121 242 236 249 250 255 251 74 147 248 255 247 255 253 230 0 183 252 255 254 253 255 238 255 255 248 253 246 239 0 4 188 254 255 255 255 252 211 2 184 255 255 254 249 229 245 248 254 255 255 252 255 213 0 164 253 255 255 250 255 239 2 155 255 246 250 255 255 192 0 0 0 0 0 0 0 0 0 0 0 0 0 0 0 0 0 0 0 0 0 0 0 0 0 0 0 0 0 0 0 0 0 0 0 0
0 0 0 0 0 0 0 0 0 0 0 0 0 0 0 0 0 0 0 0 0 0 0 0 0 0 0 0 0 0 0 0 1 0 0 1 0 179 247 255 255 255 229 199 137 242 255 255 255 245 252 255 211 2 0 7 178 252 255 251 254 255 184 1 212 253 255 251 255 246 114 115 245 255 253 255 253 216 3 0 0 0 2 0 232 255 251 255 255 248 148 79 243 255 243 253 246 240 102 125 252 255 250 251 255 232 81 202 252 255 252 255 255 186 0 231 253 254 255 255 249 149 148 248 255 255 254 255 219 0 190 255 252 255 254 204 225 252 253 255 255 252 255 213 3 0 0 2 213 255 255 255 255 249 173 3 0 0 195 253 254 250 252 249 207 0 6 0 0 9 218 242 250 255 255 246 173 96 238 255 243 250 255 201 0 2 0 2 0 0 219 255 255 254 255 250 190 0 211 255 250 255 251 181 239 255 252 255 255 253 255 197 0 0 4 0 8 112 242 246 250 250 255 244 251 255 243 237 242 255 228 7 183 255 253 254 255 205 211 255 255 255 253 255 255 212 0 0 0 0 0 2 143 251 255 253 255 254 239 96 127 250 254 255 254 236 182 255 253 254 255 253 255 236 115 2 0 2 193 254 255 255 255 252 197 1 0 0 0 3 0 2 0 149 247 254 249 249 255 241 72 207 250 250 255 248 242 93 183 255 255 243 242 255 247 255 255 255 254 255 243 168 0 98 240 251 255 254 255 240 110 3 0 0 198 253 255 238 246 255 205 70 222 255 255 255 255 239 96 101 235 255 255 249 251 255 142 2 0 1 2 184 255 255 255 255 255 199 70 238 250 254 255 252 210 0 0 3 0 0 3 0 1 118 241 252 254 255 253 240 112 0 1 0 197 254 255 255 254 255 212 47 226 255 246 236 255 239 103 163 253 253 253 255 255 239 247 255 255 250 237 247 182 0 213 255 255 253 254 181 234 253 254 255 250 255 255 193 1 0 1 1 0 2 193 255 255 254 255 255 204 0 9 6 0 1 0 200 246 255 251 255 255 255 229 255 255 255 255 254 161 125 250 255 255 255 247 236 87 169 249 255 249 254 248 221 0 195 255 253 255 253 253 222 245 253 246 251 255 232 110 0 205 245 255 255 255 252 211 2 184 255 254 254 255 201 221 253 255 255 255 252 255 213 0 164 253 255 251 246 235 225 0 172 255 255 252 252 243 176 6 3 2 0 0 0 0 0 0 0 0 0 0 0 0 0 0 0 0 0 0 0 0 0 0 0 0 0 0 0 0 0 0 0 0 0
0 0 0 0 0 0 0 0 0 0 0 0 0 0 0 0 0 0 0 0 0 0 0 0 0 0 0 0 0 0 0 0 1 0 0 1 0 179 247 255 240 255 254 191 12 0 0 0 0 5 11 0 3 3 8 0 178 253 255 251 254 255 184 1 212 253 255 251 255 246 114 115 245 255 253 255 253 216 3 0 0 0 2 0 232 255 251 255 255 242 158 86 230 254 250 255 255 237 107 132 244 251 255 255 255 232 81 202 252 255 252 255 255 186 0 231 253 254 255 255 249 149 148 248 255 255 254 255 212 0 191 255 250 255 255 196 197 251 253 255 251 250 255 207 3 0 0 2 213 255 255 255 255 249 173 3 0 0 195 253 254 251 255 255 204 2 0 4 4 0 209 255 255 237 255 250 177 106 249 255 255 255 255 194 0 2 0 2 0 0 219 255 255 254 255 250 190 0 211 255 246 255 255 153 221 255 247 255 255 253 255 197 0 0 4 0 0 157 252 248 255 249 244 255 255 243 248 255 253 253 233 71 183 255 252 252 255 192 193 254 255 255 246 255 254 214 1 2 0 0 0 2 143 251 255 253 255 254 239 96 127 250 254 255 255 233 148 250 244 252 255 255 255 236 115 2 0 2 193 254 255 255 255 252 197 1 0 0 0 3 0 2 0 149 247 254 255 253 255 227 84 205 246 255 252 255 233 92 215 243 251 255 255 249 248 255 241 255 255 247 253 197 0 104 248 243 255 255 255 240 110 3 0 0 198 253 255 255 255 255 188 81 237 247 255 255 255 239 96 101 235 255 255 255 255 234 120 8 2 1 5 188 255 255 247 250 255 193 86 229 255 254 247 255 220 0 0 3 0 0 3 0 1 118 241 252 254 255 253 240 112 0 1 0 197 254 255 255 254 255 195 88 237 249 254 255 254 241 94 179 255 255 252 247 255 254 255 242 252 255 252 255 198 6 211 253 255 255 250 164 224 251 255 255 252 255 254 190 1 2 1 1 0 2 193 255 255 254 254 239 222 15 0 7 8 0 0 218 250 250 253 255 233 255 255 247 255 249 255 255 172 129 251 253 239 255 251 228 90 142 255 255 255 255 252 208 8 183 255 252 255 253 251 211 236 249 255 255 245 244 161 4 186 255 255 255 255 252 211 2 184 255 253 255 255 177 198 255 255 248 255 252 255 213 0 164 253 255 255 255 255 215 14 157 253 248 252 255 249 173 7 0 0 4 0 0 0 0 0 0 0 0 0 0 0 0 0 0 0 0 0 0 0 0 0 0 0 0 0 0 0 0 0 0 0 0
0 0 0 0 0 0 0 0 0 0 0 0 0 0 0 0 0 0 0 0 0 0 0 0 0 0 0 0 0 0 0 0 0 17 0 0 10 171 255 249 248 255 249 197 0 8 0 0 0 0 0 0 0 0 0 0 183 254 252 248 255 255 180 5 219 240 252 255 255 243 107 107 234 255 251 244 255 214 8 0 10 0 0 17 206 252 255 251 252 240 158 78 241 240 255 255 243 249 61 98 248 251 255 255 234 246 83 200 252 250 255 241 255 162 4 223 255 255 247 255 253 140 142 242 255 240 248 255 213 4 187 240 255 244 255 192 148 247 255 248 252 251 252 215 0 3 2 0 220 255 251 255 255 245 180 0 0 5 191 253 255 250 255 255 203 0 4 2 0 5 211 255 248 252 255 248 172 123 236 255 253 255 254 198 0 13 0 3 6 0 220 255 254 255 254 251 193 10 203 254 248 251 255 166 169 252 255 251 251 255 252 204 0 5 2 0 5 160 255 249 247 255 255 254 255 250 250 255 244 255 241 116 184 253 251 252 253 206 135 255 253 255 255 246 255 214 2 3 0 0 0 8 137 255 248 255 248 255 237 103 125 241 255 250 255 228 105 235 254 245 255 254 252 234 117 0 1 3 207 250 255 249 255 252 201 4 0 3 4 3 9 0 16 142 251 254 253 255 252 234 76 199 251 255 250 255 233 95 217 255 255 253 242 255 248 243 255 255 240 255 255 197 7 113 232 250 253 253 254 235 117 0 0 0 204 246 255 255 244 255 207 86 229 255 252 252 255 241 99 105 239 255 255 252 251 252 133 1 0 0 0 204 254 248 255 255 255 198 77 255 242 248 255 250 220 0 2 0 0 5 3 0 6 120 242 255 254 255 250 239 122 0 0 4 198 255 253 250 255 252 195 89 231 255 247 255 247 241 85 209 255 253 255 255 251 255 253 246 255 250 255 254 221 0 213 250 255 255 246 170 170 254 255 255 248 255 255 195 2 2 0 2 5 0 204 252 255 251 255 255 216 3 4 0 11 7 2 226 255 255 247 255 249 253 248 254 255 249 255 255 195 100 242 250 255 246 249 232 79 152 255 250 255 255 255 187 15 181 246 255 250 252 255 192 226 241 255 250 253 253 207 0 198 255 255 255 255 251 214 0 187 255 255 255 248 208 142 249 255 246 251 255 253 216 14 158 255 254 245 255 249 227 0 176 253 255 250 255 245 182 3 0 0 4 0 0 0 0 0 0 0 0 0 0 0 0 0 0 0 0 0 0 0 0 0 0 0 0 0 0 0 0 0 0 0 0
0 0 0 0 0 0 0 0 0 0 0 0 0 0 0 0 0 0 0 0 0 0 0 0 0 0 0 0 0 0 0 0 0 5 0 0 0 169 255 253 251 253 248 191 4 6 3 0 0 0 0 0 0 0 0 0 172 246 251 255 255 251 188 11 177 255 255 237 242 252 145 145 255 247 255 250 255 199 0 13 0 6 5 0 239 255 246 255 255 244 162 127 252 255 255 247 255 215 0 129 226 255 255 244 255 221 95 204 255 255 255 255 252 159 0 231 237 240 255 255 244 169 178 249 255 255 255 249 208 3 191 246 255 248 255 201 72 239 246 255 255 255 255 217 0 5 4 9 207 253 248 255 255 243 169 5 5 10 198 255 251 250 255 248 195 28 11 0 0 11 201 245 255 244 255 251 168 111 237 252 251 255 255 201 6 0 0 0 4 4 221 255 250 248 249 243 174 8 206 255 252 255 255 170 118 238 255 255 254 248 250 196 0 4 9 0 13 180 255 255 254 250 255 254 255 255 249 255 255 252 241 146 191 255 253 255 248 198 88 245 251 255 255 247 255 219 0 0 0 6 5 6 141 250 246 255 246 251 235 106 130 241 255 246 237 246 101 192 254 255 249 255 250 244 124 11 1 0 198 255 253 251 245 246 187 4 0 3 4 0 0 0 6 138 248 254 252 255 249 243 82 203 251 254 251 255 237 115 228 255 255 255 255 255 252 254 255 244 255 243 255 205 10 89 233 255 255 254 253 246 126 11 1 0 197 253 250 255 255 255 195 69 229 255 255 254 251 242 101 101 235 242 246 255 255 237 111 0 11 14 14 181 253 255 255 242 245 189 78 234 245 255 255 255 217 8 0 1 2 0 0 0 0 108 235 253 255 255 254 237 123 2 0 0 200 254 255 251 255 252 207 84 238 255 246 255 247 235 108 201 240 250 255 248 252 250 255 255 245 243 255 244 230 64 206 255 255 255 253 175 120 245 255 255 251 255 255 199 0 0 0 9 4 0 196 250 248 254 250 251 211 6 2 6 0 0 76 232 244 255 253 250 255 255 255 255 242 252 255 253 205 88 235 251 239 255 255 232 121 185 248 242 255 244 249 187 0 193 255 249 255 237 255 201 162 255 255 251 250 250 211 13 184 245 243 249 254 247 204 3 185 255 244 255 253 191 86 241 239 255 252 255 244 199 0 144 227 255 252 248 243 228 81 202 255 247 252 251 244 174 7 1 3 0 0 0 0 0 0 0 0 0 0 0 0 0 0 0 0 0 0 0 0 0 0 0 0 0 0 0 0 0 0 0 0 0
0 0 0 0 0 0 0 0 0 0 0 0 0 0 0 0 0 0 0 0 0 0 0 0 0 0 0 0 0 0 0 0 1 0 7 17 4 185 253 253 254 255 255 200 0 0 0 1 0 0 0 0 0 0 0 0 187 255 247 243 243 254 201 0 152 254 250 252 255 248 155 162 246 244 255 246 249 185 14 0 6 1 11 5 169 238 255 255 237 255 249 250 255 248 248 255 242 199 13 0 244 239 255 255 253 255 249 255 246 250 250 254 232 134 4 174 255 255 248 251 255 241 250 255 242 248 255 244 176 0 197 247 252 248 252 212 5 220 231 248 245 253 250 217 6 0 0 5 212 255 255 252 252 255 181 9 0 0 192 255 255 255 255 255 255 230 254 255 248 0 230 255 238 255 252 255 183 113 253 254 253 255 253 199 0 0 21 5 3 0 216 255 255 254 255 255 189 16 208 248 255 255 247 181 56 219 255 234 255 253 255 204 0 0 2 0 0 199 248 255 255 247 247 192 0 174 247 253 249 255 255 158 176 251 251 255 248 196 13 197 253 255 251 241 250 227 0 9 0 2 0 0 159 255 255 253 255 251 235 101 127 244 255 255 255 223 80 164 252 255 253 249 253 239 103 6 4 3 203 252 252 255 254 255 199 10 0 0 7 0 3 13 10 150 250 250 255 255 245 241 75 204 255 255 250 255 237 143 238 255 250 253 239 226 110 100 242 251 253 255 251 233 68 101 244 254 250 253 255 242 106 7 4 3 202 252 253 255 255 253 204 83 250 248 255 255 253 244 92 90 249 255 255 255 248 255 255 245 255 232 154 203 250 244 254 249 255 217 90 238 255 249 241 255 219 0 4 2 3 0 0 9 3 139 250 252 239 249 251 242 124 0 11 0 206 246 250 247 255 255 206 68 237 255 248 255 255 243 109 237 255 253 250 255 248 144 44 217 255 255 252 255 255 107 210 255 249 251 247 174 47 229 255 255 249 249 246 208 0 10 0 2 0 0 204 255 253 255 255 255 215 0 0 17 0 16 135 255 250 243 253 255 241 100 86 219 255 255 247 255 238 58 210 255 255 255 223 254 255 243 252 255 247 252 252 123 2 192 250 249 255 255 255 193 144 234 255 255 255 255 238 89 194 255 255 255 250 255 223 2 179 255 255 235 254 217 0 214 253 232 253 243 255 215 22 102 242 255 245 255 255 248 249 255 240 255 253 255 255 180 0 0 1 0 0 0 0 0 0 0 0 0 0 0 0 0 0 0 0 0 0 0 0 0 0 0 0 0 0 0 0 0 0 0 0 0
0 0 0 0 0 0 0 0 0 0 0 0 0 0 0 0 0 0 0 0 0 0 0 0 0 0 0 0 0 0 0 0 4 0 0 0 0 191 255 255 255 249 244 200 4 9 8 2 0 0 0 0 0 0 0 0 179 243 250 255 255 235 198 12 33 218 255 253 240 255 252 255 255 252 242 255 233 79 14 1 8 6 0 6 118 245 254 251 247 255 248 255 248 255 255 248 247 73 1 0 165 244 253 249 255 243 254 255 255 255 255 254 213 1 1 111 232 246 242 255 245 253 255 255 244 255 255 226 84 0 211 255 255 255 247 205 0 185 254 255 255 255 255 224 1 13 9 9 217 252 243 255 252 251 173 0 10 5 214 251 254 249 250 244 247 255 255 255 237 0 229 255 255 255 255 255 186 115 255 252 253 255 249 200 16 0 1 0 3 6 232 252 244 245 255 255 198 0 222 255 250 255 241 187 0 191 255 255 255 248 246 202 2 7 9 2 3 237 255 247 255 252 255 183 2 192 249 255 255 253 255 199 194 255 255 255 255 223 0 175 245 255 255 255 255 239 0 0 0 16 16 1 158 239 251 255 251 243 242 114 140 252 249 245 254 224 107 125 249 247 255 249 253 241 113 0 7 4 210 251 252 255 244 250 194 0 12 13 5 1 0 0 0 152 255 255 242 254 254 250 89 210 250 244 255 255 241 177 249 255 251 255 255 237 95 80 234 243 255 250 245 251 116 107 245 249 245 251 255 243 115 1 7 4 209 250 255 249 249 249 209 89 254 245 250 252 237 247 117 112 248 234 253 252 244 255 254 255 255 250 189 184 253 255 255 253 255 191 92 218 245 255 255 255 222 9 0 0 9 0 6 2 0 123 231 255 255 255 252 239 126 1 4 0 219 255 255 254 253 255 217 77 243 255 245 254 249 227 147 233 244 253 250 252 243 128 8 214 247 252 245 250 242 144 206 255 248 255 255 191 0 196 251 255 255 255 255 223 0 0 2 9 7 2 202 246 248 255 243 255 230 0 3 15 0 0 148 235 249 255 255 246 247 94 98 247 249 255 252 245 249 103 161 255 237 242 255 255 239 255 248 245 255 236 208 8 18 193 254 250 255 254 239 204 109 246 250 250 244 255 244 148 188 254 240 255 255 242 214 1 211 253 255 255 254 217 0 186 255 255 255 255 239 220 4 0 201 245 255 232 255 254 242 252 255 247 255 251 244 179 5 11 13 0 0 0 0 0 0 0 0 0 0 0 0 0 0 0 0 0 0 0 0 0 0 0 0 0 0 0 0 0 0 0 0 0
0 0 0 0 0 0 0 0 0 0 0 0 0 0 0 0 0 0 0 0 0 0 0 0 0 0 0 0 0 0 0 0 0 0 5 4 6 201 254 246 251 255 252 214 0 0 0 5 0 0 0 0 0 0 0 0 203 255 249 248 242 255 211 0 0 135 218 255 247 248 255 249 249 255 249 229 147 0 0 6 0 3 15 3 0 161 253 245 255 255 255 248 239 251 255 232 113 3 12 16 0 185 255 254 255 255 255 250 242 246 255 218 37 0 15 0 152 253 255 248 255 254 246 245 253 255 218 147 18 0 206 249 237 255 248 216 7 115 245 250 239 246 255 233 0 1 0 0 237 255 245 255 248 255 202 0 1 0 208 252 254 252 255 255 255 255 245 247 239 5 214 240 249 249 250 255 185 128 253 251 255 255 255 218 0 0 10 6 6 0 226 253 255 255 240 245 198 0 225 252 248 255 240 199 1 169 240 244 249 255 253 214 0 0 0 7 6 230 255 254 254 235 255 176 0 187 247 252 255 246 254 218 198 255 243 241 242 228 5 127 246 253 245 245 248 221 8 0 0 1 0 0 168 249 255 249 255 254 241 114 139 248 255 255 244 255 95 0 216 255 255 255 251 251 151 1 0 0 205 255 252 254 255 255 211 0 1 0 0 2 1 8 5 164 255 247 255 255 255 237 99 215 255 255 255 252 237 201 248 250 248 255 240 238 101 83 249 242 248 255 255 254 134 106 241 255 255 255 251 250 151 0 0 0 204 255 255 254 255 255 208 91 240 255 255 255 252 244 111 104 242 255 248 255 255 255 248 238 254 255 187 182 255 252 242 239 255 223 102 252 253 252 240 255 238 0 7 0 0 0 3 2 2 150 244 255 242 242 248 255 143 6 5 1 207 243 253 247 248 255 213 101 242 255 254 255 255 242 184 248 249 255 255 255 245 125 0 224 255 255 252 255 251 179 217 255 236 245 250 195 0 171 253 251 251 250 241 210 3 0 7 0 0 0 214 253 255 249 255 255 232 0 0 2 3 10 209 255 255 248 246 242 250 86 69 254 254 254 255 246 255 162 0 181 255 252 252 255 233 254 255 231 254 223 16 4 0 206 255 245 255 253 255 225 0 236 255 255 252 255 255 200 193 248 255 255 240 248 235 0 201 243 252 255 246 221 10 124 238 237 246 242 255 218 0 18 37 223 252 246 255 255 248 251 251 254 248 255 253 195 0 0 0 0 0 0 0 0 0 0 0 0 0 0 0 0 0 0 0 0 0 0 0 0 0 0 0 0 0 0 0 0 0 0 0 0
0 0 0 0 0 0 0 0 0 0 0 0 0 0 0 0 0 0 0 0 0 0 0 0 0 0 0 0 0 0 0 0 15 5 0 0 11 179 251 255 253 255 252 214 18 6 0 10 0 0 0 0 0 0 0 0 191 248 252 249 253 255 203 3 0 3 69 205 254 246 255 252 249 244 201 76 8 0 6 5 1 5 0 0 9 0 56 216 243 237 247 255 255 237 164 40 6 0 0 0 3 7 110 216 241 255 255 252 255 236 152 1 0 0 11 4 0 47 180 235 250 246 254 255 245 187 87 0 0 21 207 255 255 255 255 229 0 47 219 252 255 255 254 226 0 0 2 9 232 255 251 255 252 251 191 6 0 8 193 255 255 255 254 250 246 251 248 255 237 11 217 255 255 255 243 250 199 163 244 245 249 251 246 222 0 8 4 0 0 13 222 255 234 255 255 255 192 20 214 255 248 255 255 198 14 120 218 255 249 255 253 211 20 6 0 14 125 241 247 255 255 247 248 190 0 176 255 254 251 255 255 231 193 250 255 255 255 213 8 28 239 255 255 255 255 205 32 0 7 2 0 26 176 251 255 251 255 252 235 137 158 236 255 255 253 251 119 12 202 249 255 244 255 234 143 0 4 23 206 255 255 255 255 245 201 22 3 0 10 11 0 0 9 154 250 255 255 255 248 222 129 216 252 255 255 255 245 231 254 255 255 255 255 223 14 0 229 255 246 255 251 246 179 152 234 248 251 248 255 233 142 0 3 22 205 255 249 242 249 247 220 137 234 248 244 255 251 237 130 131 238 255 255 252 248 255 255 255 248 245 184 195 255 255 255 251 255 211 107 253 255 255 246 255 224 6 11 1 0 0 0 6 21 134 250 255 252 255 255 248 125 0 0 27 200 252 255 255 251 249 205 141 229 241 249 255 252 248 194 255 255 253 245 255 237 120 3 215 255 255 243 255 255 196 230 255 255 255 255 190 19 99 246 251 255 255 252 202 27 0 14 0 6 20 211 253 255 249 253 245 211 10 7 0 8 6 202 251 255 255 255 255 210 14 13 215 253 246 255 245 248 187 10 7 126 227 230 249 255 255 239 244 152 0 3 4 2 220 242 241 255 253 250 223 18 198 253 255 247 253 252 231 209 248 240 254 255 255 226 8 193 255 249 250 255 217 0 42 231 255 255 234 254 239 14 0 8 0 171 252 242 228 255 234 167 226 249 255 255 199 21 5 0 8 0 0 0 0 0 0 0 0 0 0 0 0 0 0 0 0 0 0 0 0 0 0 0 0 0 0 0 0 0 0 0 0
0 0 0 0 0 0 0 0 0 0 0 0 0 0 0 0 0 0 0 0 0 0 0 0 0 0 0 0 0 0 0 0 0 0 6 1 0 20 16 0 10 0 0 12 0 16 6 0 0 0 0 0 0 0 0 0 13 0 3 21 0 0 6 8 3 0 0 0 0 0 10 0 6 0 4 0 8 5 0 0 0 3 14 0 0 9 1 0 0 10 5 0 3 1 15 0 0 22 0 11 6 0 6 0 8 0 0 7 3 2 5 4 0 18 0 0 12 0 14 0 4 0 1 8 9 5 0 0 1 0 23 3 0 0 0 1 7 0 29 6 0 0 4 2 0 1 13 0 12 0 0 6 1 8 10 0 9 12 14 0 0 0 0 2 8 0 6 1 2 1 10 0 0 0 0 5 0 0 10 14 10 9 5 0 13 0 0 0 11 0 12 0 12 3 0 1 17 0 15 0 7 0 0 11 0 20 10 0 6 0 0 8 0 15 0 0 11 14 0 0 3 1 8 0 2 1 2 1 0 0 0 0 8 8 0 0 1 16 0 9 0 1 0 0 6 15 0 0 0 10 5 0 0 0 0 6 0 4 15 0 2 10 5 0 0 0 3 0 9 0 11 8 2 12 15 0 8 0 10 2 0 0 0 5 11 0 0 19 0 0 5 6 0 13 12 0 0 0 14 22 0 6 0 0 0 1 0 0 0 0 0 0 2 6 0 0 7 0 8 0 2 9 4 0 5 1 6 4 2 11 14 0 8 0 10 2 12 5 2 1 10 0 12 8 6 0 0 17 0 3 8 0 0 1 6 1 3 4 1 10 8 2 0 0 0 7 18 0 4 0 0 9 10 0 15 0 0 5 3 18 6 0 0 8 0 4 6 8 0 8 12 9 0 0 20 0 0 0 0 6 6 0 8 4 7 4 0 0 1 0 0 8 8 0 8 0 0 16 0 0 2 2 0 2 2 0 0 0 0 7 0 25 4 0 0 0 3 19 0 0 0 0 15 0 8 0 0 6 0 14 29 0 1 0 2 0 10 0 0 0 0 0 16 0 0 13 0 5 12 0 3 3 0 0 2 0 7 7 0 1 1 5 0 0 1 0 11 0 8 17 1 3 0 3 0 16 0 6 0 3 5 4 0 12 3 13 0 0 5 0 34 0 0 21 0 4 0 0 5 1 0 17 0 0 15 0 0 3 0 3 9 12 0 6 0 5 7 0 0 2 0 9 6 0 0 0 0 0 0 0 0 0 0 0 0 0 0 0 0 0 0 0 0 0 0 0 0 0 0 0 0 0 0 0 0 0
0 0 0 0 0 0 0 0 0 0 0 0 0 0 0 0 0 0 0 0 0 0 0 0 0 0 0 0 0 0 0 0 6 6 2 3 4 0 3 1 8 0 13 6 0 2 5 0 0 0 0 0 0 0 0 0 0 0 2 0 0 9 9 0 0 7 3 0 9 6 0 2 0 18 0 1 7 0 14 1 8 0 0 14 0 7 0 4 0 15 1 2 4 0 0 5 0 5 0 0 0 1 4 3 4 0 3 3 0 12 0 2 6 0 7 0 2 0 13 5 4 0 0 1 0 0 0 5 6 0 0 0 8 0 0 2 8 0 0 0 1 6 3 2 9 0 3 11 0 11 8 0 0 2 0 10 0 13 0 13 2 9 5 0 6 0 13 0 7 0 3 3 0 16 0 0 6 4 0 4 0 0 0 3 4 0 15 0 3 12 0 6 0 12 6 1 0 23 0 4 6 0 5 5 6 0 0 3 3 0 13 0 4 2 0 2 0 0 12 8 0 0 1 2 0 0 10 3 0 8 5 1 4 0 0 8 5 0 12 0 0 7 5 1 1 0 7 4 0 2 0 7 10 6 6 2 0 0 0 0 12 0 0 5 3 1 0 9 0 6 0 0 0 0 0 2 3 6 0 6 0 12 0 2 0 15 0 0 10 0 0 5 7 0 0 2 16 0 0 7 3 3 0 9 0 6 0 7 3 5 4 0 0 1 4 7 0 0 4 3 1 0 4 8 0 0 5 0 0 0 0 3 5 8 0 7 0 7 10 0 5 3 2 0 5 2 1 8 0 3 2 7 3 9 6 0 0 9 0 0 0 11 0 1 3 0 3 0 9 0 12 0 0 6 0 7 0 16 0 1 0 7 11 0 10 0 0 16 1 1 0 0 1 7 3 0 0 14 0 3 0 13 0 0 3 3 0 15 0 4 3 0 0 1 5 0 6 0 0 0 3 2 0 5 0 0 9 11 0 0 16 0 3 0 10 3 0 0 2 1 2 0 2 4 0 13 0 3 4 0 0 6 5 3 0 3 1 0 8 7 5 3 0 0 6 0 7 4 0 0 8 0 2 4 0 0 3 0 3 0 0 0 4 0 16 3 0 7 0 0 7 0 9 0 2 0 0 8 0 1 0 4 0 8 3 0 4 16 0 8 0 8 0 0 0 1 3 5 2 0 5 0 0 17 0 0 8 0 10 0 0 5 0 12 0 0 5 0 17 0 5 0 2 3 0 0 0 0 0 0 0 0 0 0 0 0 0 0 0 0 0 0 0 0 0 0 0 0 0 0 0 0 0 0 0 0
0 0 0 0 0 0 0 0 0 0 0 0 0 0 0 0 0 0 0 0 0 0 0 0 0 0 0 0 0 0 0 0 0 0 0 0 0 0 0 0 0 11 0 1 0 5 0 2 2 3 2 0 0 0 0 1 0 0 0 0 0 0 0 0 0 0 9 0 7 7 10 0 0 9 6 0 4 0 8 0 0 1 1 9 0 4 0 6 2 4 0 0 0 3 5 1 0 0 0 0 0 0 0 0 0 0 0 9 0 5 0 7 4 5 2 5 8 0 0 7 0 0 0 0 0 0 0 0 8 0 3 0 0 11 1 0 0 12 0 2 5 0 1 0 0 0 0 0 9 7 0 0 1 3 5 0 9 0 11 0 1 0 6 8 0 0 1 2 3 0 0 0 3 3 0 0 0 0 0 0 0 0 0 0 0 4 7 2 0 2 0 0 0 2 2 0 0 1 5 5 0 0 0 10 2 0 6 0 5 0 15 0 0 0 10 0 2 3 1 0 0 1 0 0 0 0 0 0 0 0 0 0 0 8 0 3 2 0 9 0 0 2 6 0 0 2 1 0 1 0 11 0 0 0 13 0 1 0 0 0 0 0 0 1 0 1 9 0 6 2 0 10 3 0 0 0 0 0 0 3 0 0 0 0 0 0 0 0 3 2 0 9 0 0 12 0 3 1 0 0 0 5 4 0 1 0 11 0 0 0 13 0 0 1 0 0 9 2 0 8 0 5 0 0 7 4 0 3 3 0 0 4 2 2 2 0 0 7 5 0 3 3 0 0 2 1 0 0 2 6 3 0 3 0 0 0 3 3 0 0 8 0 0 0 1 0 0 3 0 0 9 0 8 1 7 0 7 0 12 0 6 1 1 0 1 0 0 1 0 0 0 1 6 0 0 3 0 5 4 0 7 0 0 0 3 2 1 3 0 5 6 0 0 1 6 3 10 0 9 6 4 0 3 11 2 8 0 1 0 0 15 0 0 0 8 4 5 0 16 1 0 1 0 0 4 8 0 0 0 4 5 0 0 5 1 0 0 0 10 0 0 11 0 0 2 3 0 1 0 3 10 0 1 9 0 0 6 5 0 4 0 0 0 0 0 0 0 0 5 0 0 5 5 6 0 0 0 7 2 10 1 0 4 0 7 0 0 5 1 8 5 0 0 7 0 0 7 3 0 1 3 0 2 8 3 0 0 5 0 0 0 0 0 0 0 0 0 0 0 0 0 0 0 0 0 0 0 0 0 0 0 0 0 0 0 0 0 0 0 0 0 0 0 0 0 0 0 0 0 0 0 0 0 0 0 0
0 0 0 0 0 0 0 0 0 0 0 0 0 0 0 0 0 0 0 0 0 0 0 0 0 0 0 0 0 0 0 0 0 0 0 0 0 0 0 0 2 4 0 9 6 20 4 0 2 1 2 5 6 4 1 0 4 4 4 4 4 4 4 4 22 2 0 8 0 0 0 3 14 0 0 7 13 18 0 4 10 0 0 7 7 9 2 4 0 4 6 4 3 4 4 2 4 4 4 4 4 4 4 4 2 5 0 0 6 0 7 0 4 0 0 0 0 0 1 6 0 0 0 0 0 0 0 0 0 1 5 0 0 0 0 4 0 5 5 2 11 0 14 0 17 8 4 5 0 0 0 18 0 5 2 9 0 0 0 11 2 1 0 0 0 9 11 2 2 0 0 1 3 4 3 1 4 4 4 4 4 4 4 4 5 4 2 0 1 4 6 4 3 0 1 6 7 2 0 0 13 7 0 0 0 0 10 2 12 0 0 16 10 7 9 0 3 0 1 5 4 0 1 6 0 0 0 0 0 0 0 0 0 12 0 0 2 0 6 0 5 3 0 0 0 0 5 8 3 0 10 4 14 0 1 0 5 4 3 2 3 4 5 6 0 0 0 2 0 14 1 0 0 3 5 3 3 5 3 0 4 4 4 4 4 4 4 4 0 6 7 3 0 0 0 3 0 0 7 11 5 0 0 0 3 0 10 4 14 0 1 0 5 2 6 7 0 0 0 6 0 7 18 0 0 0 7 0 4 8 7 0 0 0 5 8 11 5 0 0 2 8 7 2 3 2 3 3 0 0 0 8 2 0 0 1 3 4 3 1 3 2 2 3 2 1 3 7 0 0 9 0 0 0 7 8 0 15 9 0 0 9 0 8 2 0 0 5 7 3 1 3 0 11 11 0 0 0 0 7 0 3 10 5 0 0 0 0 0 0 0 2 7 7 1 0 2 10 4 0 2 18 3 0 0 1 0 12 16 0 6 0 11 3 4 0 2 2 0 0 9 6 4 2 0 0 0 8 5 3 0 0 0 0 4 8 14 0 3 0 0 2 0 12 0 0 8 0 0 0 0 2 0 0 0 1 0 3 7 3 3 3 3 3 3 3 3 3 5 3 0 0 0 0 6 12 15 1 0 0 7 0 3 5 0 11 11 0 0 0 0 5 0 0 0 0 0 1 4 0 8 0 0 0 0 5 8 7 0 0 0 0 0 0 0 0 0 0 0 0 0 0 0 0 0 0 0 0 0 0 0 0 0 0 0 0 0 0 0 0 0 0 0 0 0 0 0 0 0 0 0 0 0 0 0 0
0 0 0 0 0 0 0 0 0 0 0 0 0 0 0 0 0 0 0 0 0 0 0 0 0 0 0 0 0 0 0 0 0 0 0 0 0 0 0 0 0 0 0 10 0 1 0 0 1 0 0 3 6 0 0 0 0 0 0 0 0 0 0 0 0 0 0 0 13 6 0 2 0 2 10 1 0 0 0 0 0 19 8 16 1 0 5 0 0 0 2 4 1 0 0 2 0 0 0 0 0 0 0 0 0 13 2 1 0 0 10 0 0 0 4 10 9 10 7 0 0 0 0 0 0 0 0 0 2 10 1 6 14 5 1 0 8 0 0 0 2 0 12 14 0 0 0 3 1 0 0 0 10 0 0 4 12 7 0 0 0 0 2 12 14 0 0 0 0 0 0 0 0 0 0 0 0 0 0 0 0 0 0 0 4 0 0 0 0 0 0 1 9 0 0 2 4 0 0 3 0 0 24 0 7 0 0 3 0 5 3 10 0 0 2 0 0 0 0 4 1 0 0 5 3 3 3 3 3 3 3 3 0 15 0 0 5 0 0 0 0 0 1 10 12 4 0 0 9 3 0 0 1 0 0 9 0 0 0 0 0 0 0 0 1 3 0 6 0 8 19 5 0 2 4 0 0 4 2 0 0 0 0 0 0 0 0 0 10 6 0 0 10 18 3 13 4 0 0 2 5 0 1 7 9 3 0 0 1 0 0 9 2 0 0 10 1 2 6 0 20 0 3 1 4 0 16 6 0 1 0 0 3 10 3 0 2 0 4 7 0 0 0 0 4 0 0 2 4 0 1 8 0 0 0 0 0 0 0 0 0 1 3 0 0 0 0 1 0 0 0 0 9 0 0 1 8 0 0 0 12 0 5 7 0 0 0 2 5 3 0 0 0 0 0 7 22 4 0 7 0 0 0 0 1 5 5 4 6 4 5 5 0 0 0 5 0 10 0 0 0 0 0 5 2 6 1 0 5 0 8 10 0 0 9 2 12 17 0 19 0 0 1 10 8 6 4 0 0 0 3 11 8 0 0 0 0 0 7 6 5 5 0 0 1 1 11 0 6 13 0 0 11 3 13 12 0 0 9 6 0 0 0 0 0 0 0 0 0 1 1 6 20 0 9 0 0 0 12 0 11 11 7 0 0 0 0 7 23 5 0 5 10 2 11 10 0 0 8 5 0 3 9 7 4 3 0 0 0 0 0 0 0 0 0 0 0 0 0 0 0 0 0 0 0 0 0 0 0 0 0 0 0 0 0 0 0 0 0 0 0 0 0 0 0 0 0 0 0 0 0 0 0 0 0 0
0 0 0 0 0 0 0 0 0 0 0 0 0 0 0 0 0 0 0 0 0 0 0 0 0 0 0 0 0 0 0 0 0 0 0 0 0 0 0 0 3 0 0 9 0 0 7 10 9 0 0 4 4 0 0 7 0 0 0 0 0 0 0 0 6 5 10 0 7 0 4 7 1 12 3 0 13 0 30 5 0 0 0 0 0 7 4 0 9 3 1 3 2 0 2 8 0 0 0 0 0 0 0 0 0 5 0 10 0 4 0 5 6 1 2 0 0 0 2 0 0 0 0 0 0 0 0 0 0 7 0 0 1 0 3 8 14 0 6 15 9 0 1 0 7 6 7 0 0 9 12 0 2 0 12 0 10 0 4 4 3 4 0 2 6 0 0 17 4 3 1 1 2 3 3 4 1 1 1 1 1 1 1 1 4 0 1 7 6 0 0 0 0 0 0 1 3 4 4 5 10 1 0 0 3 10 0 6 2 0 11 0 8 1 19 6 4 3 3 3 2 1 1 1 0 0 0 0 0 0 0 0 0 12 0 0 14 7 0 3 12 7 2 0 0 0 0 0 0 2 3 0 10 8 3 2 0 0 0 0 1 2 2 3 1 10 3 12 1 0 1 0 5 4 2 0 0 2 4 5 0 0 0 0 0 0 0 0 0 0 10 5 4 1 0 0 5 3 0 0 0 0 0 0 0 2 3 0 10 8 3 2 2 0 0 2 3 5 6 2 0 0 2 0 16 0 2 0 1 6 0 0 11 8 0 0 1 0 5 13 3 0 5 5 1 1 1 2 2 0 0 0 4 3 1 1 2 3 3 4 1 6 6 1 0 3 2 0 1 4 3 3 14 2 0 4 7 0 1 22 6 0 15 0 3 2 2 4 4 2 1 1 16 9 0 5 8 0 0 5 13 0 0 6 6 0 0 7 1 3 4 1 0 0 4 9 0 2 11 6 26 0 12 0 0 7 14 0 13 4 10 0 7 6 7 0 0 0 0 4 9 7 5 0 0 7 13 0 8 6 2 0 0 0 0 0 1 8 8 0 0 7 8 0 1 4 0 0 0 1 0 10 0 0 0 3 12 11 0 0 1 1 1 1 1 1 1 1 7 3 1 0 0 0 3 3 2 4 15 0 0 2 0 1 15 8 0 4 8 0 0 3 0 0 0 0 9 11 1 0 0 0 0 0 1 4 7 10 0 0 0 0 0 0 0 0 0 0 0 0 0 0 0 0 0 0 0 0 0 0 0 0 0 0 0 0 0 0 0 0 0 0 0 0 0 0 0 0 0 0 0 0 0 0 0 0
0 0 0 0 0 0 0 0 0 0 0 0 0 0 0 0 0 0 0 0 0 0 0 0 0 0 0 0 0 0 0 0 0 0 0 0 0 0 0 0 11 1 2 2 2 0 0 0 4 1 2 5 1 0 0 4 0 0 0 0 0 0 0 0 8 0 0 11 0 0 6 0 2 0 2 0 2 0 0 0 21 0 7 4 5 0 0 18 8 1 0 0 3 2 0 0 0 0 0 0 0 0 0 0 4 0 0 8 9 14 0 0 0 0 3 2 0 3 9 8 0 0 0 0 0 0 0 0 0 9 10 14 8 0 0 0 0 1 0 0 0 17 9 0 0 0 4 0 0 2 5 0 12 7 17 0 0 3 0 1 0 8 3 0 0 5 1 0 2 2 1 0 0 0 0 0 2 2 2 2 2 2 2 2 0 0 3 4 1 0 0 4 0 12 15 6 0 2 0 0 7 2 0 10 5 4 0 6 5 0 9 0 1 0 0 7 0 4 2 0 0 7 5 0 0 0 0 0 0 0 0 0 0 1 0 0 4 4 0 8 0 1 2 0 1 10 10 3 3 5 2 4 2 0 0 0 0 1 1 2 3 3 3 3 2 1 0 0 16 0 0 12 6 0 0 3 3 0 0 6 0 0 0 0 0 0 0 0 11 0 3 7 0 0 9 7 0 2 12 5 0 0 3 1 3 5 2 4 2 0 0 0 0 12 3 0 0 0 0 13 0 20 21 0 3 1 6 8 0 0 0 0 0 0 0 17 16 2 0 0 0 0 1 0 0 4 10 0 0 0 6 7 2 2 1 0 0 0 0 0 1 1 0 0 2 5 2 0 0 3 3 3 0 0 0 12 0 12 0 12 0 6 7 0 0 1 3 0 0 0 1 4 0 2 3 4 0 0 19 0 0 0 8 14 7 0 0 8 2 6 5 2 6 11 1 0 9 0 0 0 0 4 19 0 0 0 4 0 6 4 4 0 1 0 1 6 19 0 26 0 0 0 0 0 0 0 4 1 0 0 0 0 4 14 13 3 0 2 0 0 0 1 4 0 0 17 10 17 9 0 1 0 2 12 3 0 4 0 0 13 1 1 1 1 1 1 1 1 0 0 13 9 0 4 0 4 4 0 0 13 5 3 0 13 0 1 0 1 0 0 18 0 2 16 5 0 1 0 0 14 8 0 0 0 6 0 0 0 0 0 0 0 0 0 0 0 0 0 0 0 0 0 0 0 0 0 0 0 0 0 0 0 0 0 0 0 0 0 0 0 0 0 0 0 0 0 0 0 0 0 0 0 0 0 0 0
0 0 0 0 0 0 0 0 0 0 0 0 0 0 0 0 0 0 0 0 0 0 0 0 0 0 0 0 0 0 0 0 0 0 0 0 0 0 0 0 0 0 10 0 5 0 0 7 0 1 5 5 2 0 0 0 0 0 0 0 0 0 0 0 0 19 0 0 0 18 0 8 0 0 14 1 0 28 0 0 0 0 11 0 5 4 0 0 1 3 3 2 3 5 0 0 0 0 0 0 0 0 0 0 15 0 9 0 0 0 1 18 2 9 4 2 5 0 0 0 0 0 0 0 0 0 0 0 4 0 0 0 0 11 5 6 14 7 3 1 8 5 0 7 13 6 0 0 10 3 0 2 0 0 5 7 0 24 0 9 0 0 7 16 3 0 8 13 0 0 1 1 0 0 0 0 0 0 0 0 0 0 0 0 0 3 2 0 0 0 5 7 0 1 0 0 0 1 11 12 0 0 0 8 0 0 8 8 0 9 6 6 0 19 0 3 0 1 0 0 0 6 5 0 3 3 3 3 3 3 3 3 15 3 8 0 0 0 0 5 0 6 7 1 0 0 0 0 8 0 0 17 4 4 7 15 0 0 0 0 0 0 0 0 0 1 13 7 12 1 0 6 1 0 0 5 5 0 0 1 0 0 0 0 0 0 0 0 0 0 0 14 2 0 9 0 10 9 1 0 0 5 2 0 8 0 0 17 4 4 7 15 0 5 1 0 14 12 0 0 0 0 0 0 8 4 0 3 11 0 0 10 5 0 0 0 0 4 6 0 3 1 0 9 11 9 1 0 0 4 3 0 0 0 1 1 0 0 0 0 2 0 0 1 4 3 3 4 0 0 0 10 0 14 7 0 5 5 8 0 19 15 0 11 0 0 2 0 0 1 4 4 11 3 0 15 11 0 16 0 6 9 3 0 0 6 2 0 0 0 3 0 0 0 6 8 8 0 2 20 0 1 0 9 15 0 1 10 1 4 0 7 0 0 4 1 0 0 11 0 13 5 0 3 17 6 0 4 4 6 4 0 0 1 0 0 4 1 0 10 10 0 2 5 0 0 0 0 1 1 15 1 0 1 0 1 11 2 0 10 0 0 0 0 0 0 0 0 5 0 0 0 0 13 1 1 1 11 0 0 1 2 3 0 13 2 0 13 10 0 16 0 0 6 1 0 8 4 0 8 0 2 7 9 4 0 0 6 0 0 0 0 0 0 0 0 0 0 0 0 0 0 0 0 0 0 0 0 0 0 0 0 0 0 0 0 0 0 0 0 0 0 0 0 0 0 0 0 0 0 0 0 0 0 0 0
0 0 0 0 0 0 0 0 0 0 0 0 0 0 0 0 0 0 0 0 0 0 0 0 0 0 0 0 0 0 0 0 0 0 0 0 0 0 0 0 1 19 6 0 12 5 0 1 1 3 0 0 0 8 7 0 2 2 2 2 2 2 2 2 3 0 0 0 12 0 2 0 8 0 0 0 9 0 8 7 0 12 0 3 13 0 19 4 0 10 10 0 0 0 5 1 2 2 2 2 2 2 2 2 0 13 0 11 4 5 16 0 0 0 0 0 20 7 0 16 0 0 0 0 0 0 0 0 32 0 15 7 0 6 0 0 0 0 14 0 18 0 0 15 0 19 8 0 3 4 0 12 20 0 13 0 4 1 0 4 9 0 0 8 0 2 11 0 0 0 5 7 5 4 4 4 1 1 1 1 1 1 1 1 3 9 7 0 2 10 5 0 12 1 0 9 12 4 0 1 3 0 6 4 11 0 35 0 5 11 0 0 20 0 3 5 5 1 3 7 2 0 0 4 0 0 0 0 0 0 0 0 0 0 11 14 0 2 2 3 6 0 1 10 6 0 2 21 7 0 3 10 0 3 10 0 1 2 3 3 2 0 0 0 16 0 0 2 0 30 0 0 1 6 3 0 0 3 6 1 2 2 2 2 2 2 2 2 0 23 0 3 21 0 0 2 3 0 0 3 6 2 3 10 7 0 3 10 0 3 10 0 4 0 6 5 0 0 9 0 8 2 2 20 0 6 10 4 0 0 10 12 0 6 21 0 0 25 8 0 6 6 0 0 0 0 0 9 13 4 0 3 0 0 5 7 5 4 4 4 7 0 2 9 4 0 0 12 7 0 2 10 0 7 13 0 6 0 22 9 0 7 0 0 4 6 4 3 7 9 3 0 0 19 0 2 11 0 0 9 0 0 0 4 8 4 3 8 13 0 0 8 8 0 0 2 0 0 18 0 8 14 0 14 0 0 10 19 0 10 1 0 1 4 2 0 0 25 0 19 0 10 2 0 4 0 0 8 8 0 1 10 7 0 2 20 0 11 0 0 0 0 7 0 28 0 16 7 0 4 0 0 9 0 0 14 0 0 6 0 2 2 2 2 2 2 2 2 3 11 2 0 16 0 19 0 0 9 2 0 18 0 30 7 0 20 0 0 11 0 0 10 6 0 3 11 0 0 5 0 0 6 4 0 0 2 7 0 0 0 0 0 0 0 0 0 0 0 0 0 0 0 0 0 0 0 0 0 0 0 0 0 0 0 0 0 0 0 0 0 0 0 0 0 0 0 0 0 0 0 0 0 0 0 0 0
0 0 0 0 0 0 0 0 0 0 0 0 0 0 0 0 0 0 0 0 0 0 0 0 0 0 0 0 0 0 0 0 0 0 0 0 0 0 0 0 0 2 0 19 174 251 255 255 254 248 231 218 230 255 255 248 255 255 255 255 255 255 255 255 252 0 10 10 0 0 225 252 254 253 253 255 222 0 164 243 250 255 239 246 149 7 144 254 246 255 255 229 217 234 253 255 255 255 255 255 255 255 255 255 255 232 0 8 0 137 234 243 249 255 248 241 229 126 14 0 0 0 0 0 0 0 0 0 0 16 194 255 246 255 245 255 254 255 211 0 8 0 10 0 5 170 255 249 254 255 241 249 142 0 1 7 209 248 255 248 250 254 255 248 245 255 190 13 239 244 251 255 255 253 253 254 252 252 252 252 252 252 252 252 246 255 255 250 255 255 240 206 0 7 73 174 241 251 248 255 255 236 187 52 2 1 229 255 253 246 255 255 224 0 130 238 255 244 249 255 246 216 220 250 255 255 255 255 255 255 255 255 186 175 236 255 244 255 255 251 254 243 250 252 189 80 5 0 0 4 5 0 12 165 255 253 253 254 254 254 253 251 249 247 196 71 3 9 2 223 252 255 248 255 247 216 216 247 255 248 255 255 255 255 255 255 255 255 249 187 4 27 181 232 255 251 250 253 255 222 125 19 0 1 0 4 5 0 12 165 255 253 255 245 255 234 138 157 246 255 248 255 233 141 19 146 254 251 255 254 242 144 12 0 11 0 0 9 0 12 140 229 244 255 253 254 255 219 122 18 0 4 239 244 251 255 255 253 253 254 255 249 252 255 244 224 232 255 249 255 255 237 154 192 251 255 255 252 249 211 0 214 255 255 255 255 250 250 255 255 240 220 9 216 255 246 255 255 255 251 255 248 253 236 140 17 0 11 8 0 16 130 233 255 255 252 255 245 208 7 156 243 255 247 255 255 237 191 124 230 255 255 254 255 253 252 253 239 3 0 11 171 255 251 255 255 244 255 252 244 253 253 186 75 2 0 162 237 255 255 255 255 227 151 0 12 206 255 243 255 240 255 255 246 255 181 8 0 143 238 254 254 254 254 254 254 254 254 238 215 111 2 10 0 211 255 255 244 255 255 224 1 6 0 13 218 255 245 255 255 255 252 251 249 255 177 2 0 140 225 246 255 253 247 255 251 169 73 0 0 0 0 0 0 0 0 0 0 0 0 0 0 0 0 0 0 0 0 0 0 0 0 0 0 0 0 0 0 0 0 0 0 0 0 0 0 0 0 0 0 0 0 0 0 0 0
0 0 0 0 0 0 0 0 0 0 0 0 0 0 0 0 0 0 0 0 0 0 0 0 0 0 0 0 0 0 0 0 0 0 0 0 0 0 0 0 3 1 4 0 160 252 255 255 255 253 242 181 255 248 255 248 255 249 255 255 248 253 255 253 248 0 14 0 0 14 210 255 254 253 255 255 217 5 141 252 255 252 254 255 193 0 149 242 248 255 255 248 182 239 255 255 250 255 255 250 255 255 250 251 255 227 7 4 186 250 255 246 254 247 250 242 255 252 200 8 1 11 5 0 0 0 0 0 1 38 233 249 250 255 241 255 253 255 201 6 0 0 1 1 4 155 248 255 253 254 255 242 126 1 0 4 200 255 251 255 255 255 240 248 255 253 204 0 220 255 255 247 254 255 255 255 251 255 225 249 255 255 243 255 250 255 255 250 255 251 250 192 0 144 236 244 255 255 253 255 254 245 255 233 133 0 226 242 255 249 252 255 221 0 103 250 254 255 255 247 255 173 212 255 245 255 255 255 250 253 255 250 187 135 254 252 244 255 255 255 255 245 255 254 255 228 95 0 0 6 0 1 1 158 255 254 250 255 255 251 252 253 255 253 255 231 123 1 0 232 240 255 255 252 251 192 220 247 255 251 255 254 255 251 255 245 255 242 255 172 88 211 255 255 242 255 250 254 248 252 252 223 35 2 2 4 0 3 3 156 252 255 253 254 255 246 111 144 249 255 254 254 255 192 0 138 237 255 253 255 244 130 0 3 0 2 0 0 2 215 239 253 255 241 254 251 252 255 250 186 3 0 225 252 254 253 255 250 245 253 255 241 254 255 255 200 229 253 255 255 255 253 121 183 255 254 253 255 255 197 8 192 255 254 255 255 254 241 255 250 255 205 0 225 255 252 255 254 255 255 255 241 255 248 255 180 7 0 1 4 0 10 221 255 255 251 255 253 216 0 152 251 255 252 255 249 247 151 128 245 254 255 255 247 255 255 253 243 131 0 1 156 250 251 254 255 248 255 254 242 255 243 255 228 92 0 151 249 255 255 253 255 244 121 0 0 218 250 255 253 255 254 252 255 255 205 0 0 133 236 255 249 254 255 248 255 234 255 255 247 242 169 0 0 220 242 254 255 254 255 220 0 3 0 0 226 255 253 255 247 254 254 248 255 255 180 13 176 236 255 255 239 255 255 240 253 255 242 157 0 0 7 9 2 0 1 0 0 0 0 0 0 0 0 0 0 0 0 0 0 0 0 0 0 0 0 0 0 0 0 0 0 0 0 0 0 0 0 0 0 0 0 0 0 0 0
0 0 0 0 0 0 0 0 0 0 0 0 0 0 0 0 0 0 0 0 0 0 0 0 0 0 0 0 0 0 0 0 0 0 0 0 0 0 0 0 3 0 3 0 158 251 255 254 249 253 243 169 237 255 254 253 255 250 255 255 254 255 250 254 229 0 0 5 16 8 195 248 254 253 255 255 216 3 139 250 255 250 253 255 213 30 135 243 255 255 252 232 175 244 255 248 254 251 255 255 255 247 242 255 255 241 0 177 250 255 245 251 250 255 255 242 255 255 238 188 4 0 0 8 11 4 7 3 0 131 255 253 249 255 247 253 253 255 200 5 0 0 1 0 3 154 247 255 253 254 255 242 124 1 0 3 199 255 250 255 248 244 255 255 246 242 205 0 218 247 255 255 255 247 251 250 255 255 237 254 253 252 244 247 249 245 255 248 255 245 253 179 98 213 255 250 255 255 253 255 255 255 251 250 219 68 193 255 254 255 255 254 226 28 124 247 250 255 252 246 255 142 210 254 255 255 253 245 249 255 255 246 186 138 242 255 255 250 249 243 251 237 255 255 247 250 201 6 0 5 0 1 0 156 253 254 255 247 244 255 255 248 246 255 255 253 204 7 0 209 255 249 253 252 255 186 225 248 255 245 242 247 255 247 255 251 252 255 239 183 210 255 233 247 255 243 255 248 255 251 241 255 178 12 1 4 0 3 2 154 251 255 253 254 254 243 107 140 246 255 253 255 249 215 30 136 241 255 252 255 242 129 0 2 0 1 0 4 185 240 255 255 234 255 252 253 255 246 252 255 175 0 216 255 255 246 252 254 255 255 255 255 255 242 247 179 246 255 255 255 255 251 119 181 255 253 253 255 255 195 6 190 255 254 246 255 255 255 251 239 248 205 6 221 250 245 248 244 255 255 255 251 255 244 255 246 111 9 0 2 0 5 214 255 255 255 255 255 221 0 161 254 255 255 255 249 248 113 143 249 255 255 255 250 254 254 250 245 151 0 0 151 247 251 255 255 249 255 255 248 255 251 242 253 202 11 147 246 254 255 253 255 241 117 0 11 219 248 255 252 255 255 252 255 246 217 0 4 120 242 255 249 255 255 248 255 250 255 251 255 238 235 23 0 191 255 254 255 254 255 220 0 3 0 0 224 255 249 253 251 255 255 255 254 238 185 122 255 255 253 243 255 255 252 255 255 243 240 246 95 4 0 0 2 1 0 0 0 0 0 0 0 0 0 0 0 0 0 0 0 0 0 0 0 0 0 0 0 0 0 0 0 0 0 0 0 0 0 0 0 0 0 0 0 0 0
0 0 0 0 0 0 0 0 0 0 0 0 0 0 0 0 0 0 0 0 0 0 0 0 0 0 0 0 0 0 0 0 0 0 0 0 0 0 0 0 1 0 2 0 156 249 254 254 255 247 245 188 244 255 229 255 255 254 242 242 255 255 237 255 235 41 4 0 0 0 201 255 255 253 255 254 215 1 136 247 255 247 252 255 238 101 114 244 239 246 248 247 191 235 255 255 255 253 244 243 252 255 255 255 249 227 76 237 255 244 255 255 255 232 255 252 255 255 236 249 93 2 8 6 2 0 4 0 10 210 255 251 253 252 252 255 253 255 199 5 0 0 1 0 1 152 246 255 252 253 255 240 121 0 0 2 197 255 250 255 255 235 255 226 255 255 202 5 230 247 248 249 247 255 255 241 232 246 243 255 246 255 255 247 255 244 244 255 243 255 255 170 172 246 255 248 255 255 237 248 255 255 244 255 255 154 161 255 250 255 255 249 233 68 148 245 252 255 254 250 252 99 213 255 242 246 248 255 255 247 255 255 154 155 235 253 255 243 255 255 241 255 255 239 255 248 222 0 0 4 0 1 0 154 251 253 252 251 255 248 246 245 255 247 255 255 238 89 7 208 255 251 255 246 241 191 213 254 255 252 255 255 255 239 248 255 223 255 255 194 227 253 255 255 255 255 254 241 252 255 251 251 237 0 0 3 0 2 1 152 250 255 254 254 252 239 101 135 243 254 252 255 241 242 94 123 247 255 252 255 240 127 0 1 0 0 0 83 255 248 255 251 249 253 255 254 251 255 253 231 234 64 235 254 241 249 255 252 245 241 231 255 234 255 255 204 252 230 254 255 254 248 116 178 255 252 254 255 254 192 2 188 255 255 255 240 233 255 240 255 255 203 0 207 251 255 255 255 255 242 248 255 255 249 253 255 180 0 0 0 0 0 201 251 252 255 254 255 223 18 169 251 255 253 255 251 244 55 166 255 255 251 252 255 253 255 251 249 178 3 0 146 244 252 255 255 250 249 237 255 254 244 253 255 224 0 141 243 254 255 252 254 238 111 0 43 229 251 254 252 255 255 253 255 245 227 28 3 112 242 255 250 253 250 250 244 255 254 254 255 251 255 122 6 187 255 254 255 254 255 220 0 3 0 0 220 253 249 254 254 255 237 243 255 255 193 196 249 237 255 255 245 237 255 245 247 255 255 242 155 6 6 0 6 8 4 0 0 0 0 0 0 0 0 0 0 0 0 0 0 0 0 0 0 0 0 0 0 0 0 0 0 0 0 0 0 0 0 0 0 0 0 0 0 0 0
0 0 0 0 0 0 0 0 0 0 0 0 0 0 0 0 0 0 0 0 0 0 0 0 0 0 0 0 0 0 0 0 0 0 0 0 0 0 0 0 0 0 2 0 154 246 253 254 253 251 240 94 0 0 13 217 240 255 255 255 253 159 12 0 11 0 0 0 13 1 207 246 255 254 255 253 213 0 134 245 255 247 253 255 252 166 99 246 255 255 253 228 90 12 0 0 206 251 255 255 255 242 142 3 2 17 128 230 255 255 255 240 227 87 220 255 245 255 252 236 149 3 6 0 0 0 15 0 74 242 237 251 252 250 250 255 253 255 198 4 0 0 1 0 0 150 245 255 252 252 255 239 118 0 0 0 194 255 250 255 252 255 220 17 1 0 6 0 205 246 255 255 253 243 165 1 19 7 0 0 3 122 238 255 234 255 255 232 3 0 3 8 211 255 255 251 254 238 175 168 253 253 248 254 255 206 135 235 249 255 255 249 241 97 163 248 253 255 255 254 242 54 215 255 255 255 250 248 167 19 0 0 27 137 241 250 255 246 255 232 94 221 243 242 255 250 255 124 0 3 0 1 0 150 248 253 248 255 232 234 102 217 248 253 255 249 235 140 6 214 252 255 237 255 255 190 7 0 4 132 234 250 255 255 252 217 12 2 0 120 255 255 253 252 225 218 95 230 253 255 255 246 250 0 0 2 0 1 0 150 248 254 255 255 252 237 97 132 242 254 252 255 243 255 161 105 251 252 253 255 238 125 0 1 0 0 0 162 230 251 255 238 255 227 65 217 255 249 255 244 255 138 0 0 9 127 235 251 255 255 255 225 6 7 0 88 230 255 254 255 254 247 113 175 255 253 254 255 252 189 0 187 255 255 249 255 255 211 10 0 0 0 4 206 255 255 251 252 242 175 166 248 249 255 248 250 209 4 0 0 1 0 182 250 250 255 252 254 228 44 180 250 253 251 255 252 230 6 188 255 255 249 252 253 251 255 255 254 198 0 0 142 242 253 255 255 249 240 100 221 243 253 255 251 250 91 136 242 255 255 253 255 237 106 8 87 243 255 252 253 252 247 254 247 255 235 95 0 112 237 255 246 251 255 242 116 174 255 254 255 255 244 176 5 195 244 254 255 254 255 220 0 3 0 0 216 255 255 255 254 242 202 5 0 0 1 200 255 255 255 255 252 135 158 255 255 233 255 251 199 0 7 0 0 0 1 0 0 0 0 0 0 0 0 0 0 0 0 0 0 0 0 0 0 0 0 0 0 0 0 0 0 0 0 0 0 0 0 0 0 0 0 0 0 0 0
0 0 0 0 0 0 0 0 0 0 0 0 0 0 0 0 0 0 0 0 0 0 0 0 0 0 0 0 0 0 0 0 0 0 0 0 0 0 0 0 0 0 2 0 153 245 253 255 255 245 236 110 9 5 0 203 253 255 248 249 243 157 0 1 1 15 18 0 0 0 209 249 255 254 255 253 213 0 133 244 255 250 254 252 253 210 105 248 245 246 255 251 109 3 0 10 208 255 255 235 249 255 171 0 1 0 171 255 241 255 243 255 215 1 215 255 240 250 255 251 154 0 5 0 4 3 3 0 165 255 250 254 226 253 249 255 252 255 196 2 0 1 2 0 0 149 245 255 252 252 255 239 115 0 0 0 193 255 251 255 249 250 208 0 2 0 0 7 224 254 249 246 246 255 192 2 0 0 0 5 4 130 246 246 255 255 241 229 0 4 0 0 222 253 252 255 255 238 144 130 249 255 255 250 247 222 81 233 250 255 253 254 247 114 166 254 250 255 252 252 222 16 211 252 246 242 255 255 185 10 0 13 0 138 248 251 255 255 255 222 79 202 255 255 252 246 244 122 0 2 0 2 0 148 246 254 255 251 249 237 62 161 248 255 252 249 253 122 0 204 255 252 255 255 240 196 3 3 0 132 250 253 247 248 249 234 0 2 8 144 252 255 234 255 248 184 0 212 243 255 255 245 231 3 0 3 0 2 0 148 247 254 255 255 253 237 96 131 242 255 253 251 253 255 212 100 252 250 254 255 237 123 0 1 0 0 0 171 246 255 253 255 245 225 0 230 255 241 255 255 241 137 15 0 0 136 255 255 249 244 250 227 0 14 1 117 243 250 255 255 255 247 111 174 255 255 255 255 251 188 0 186 255 255 249 250 248 203 0 0 8 6 9 212 255 252 242 255 251 159 97 242 254 255 255 243 207 9 3 0 2 0 149 251 252 255 255 255 238 77 198 254 255 255 255 253 206 0 205 255 255 251 251 236 246 255 255 254 206 0 3 140 243 255 254 255 248 233 90 196 255 255 249 243 248 102 134 243 255 255 255 255 238 104 8 125 251 255 250 254 243 235 255 247 255 243 139 0 108 238 251 255 250 254 244 89 138 253 249 255 252 249 162 0 186 255 254 255 254 255 220 0 3 0 0 215 255 255 255 255 239 184 0 6 12 1 214 248 239 255 242 231 109 129 255 255 242 255 255 200 0 4 9 3 0 0 0 0 0 0 0 0 0 0 0 0 0 0 0 0 0 0 0 0 0 0 0 0 0 0 0 0 0 0 0 0 0 0 0 0 0 0 0 0 0 0
0 0 0 0 0 0 0 0 0 0 0 0 0 0 0 0 0 0 0 0 0 0 0 0 0 0 0 0 0 0 0 0 0 0 0 0 0 0 0 0 0 0 3 0 152 244 253 255 255 255 247 102 0 12 1 214 250 255 248 255 253 179 9 15 0 6 1 0 7 0 199 251 255 254 255 253 213 0 134 244 253 255 253 252 248 238 134 247 254 255 255 233 100 0 4 0 210 255 255 251 253 253 169 0 0 0 169 255 249 255 253 253 229 2 226 250 255 246 252 250 174 5 9 0 3 0 0 19 215 255 255 238 184 255 255 255 252 255 194 1 0 2 2 0 0 149 245 255 253 253 255 239 113 0 1 0 192 255 252 255 255 240 214 8 0 5 13 0 220 253 250 255 255 249 181 0 0 2 3 7 3 135 255 251 253 243 253 229 6 7 11 10 226 249 245 251 255 251 153 146 242 255 254 247 255 220 11 235 253 253 251 255 252 130 171 255 254 255 254 254 204 1 210 254 255 255 255 250 172 8 0 0 10 150 241 248 254 255 255 237 68 203 249 253 254 255 235 117 0 2 0 4 0 146 245 255 251 248 255 234 76 161 255 245 251 255 251 138 5 206 251 255 246 247 255 185 7 4 13 133 252 255 255 255 255 236 0 5 3 136 235 255 254 255 251 242 112 255 249 249 246 255 227 0 0 4 0 3 0 147 246 254 255 255 254 237 96 130 243 255 254 249 255 252 241 127 248 251 255 255 236 122 0 2 0 0 4 171 252 251 255 255 245 221 21 201 243 252 251 254 244 191 0 0 1 129 245 255 255 252 255 231 0 0 0 99 248 251 255 255 255 245 109 171 254 255 254 255 252 189 0 187 255 255 255 255 255 213 2 6 7 0 0 212 255 255 251 255 255 167 102 253 255 253 255 255 195 0 2 1 3 1 98 245 254 253 252 255 242 103 210 253 254 253 255 254 178 17 220 255 253 254 249 209 240 255 255 251 214 17 3 137 244 255 251 255 250 232 62 189 251 245 255 255 240 102 133 244 255 255 255 255 239 103 0 151 252 255 247 255 234 220 255 255 249 251 153 7 98 245 245 255 247 240 247 117 149 246 255 245 255 255 177 4 186 255 254 255 254 255 220 0 3 0 5 216 255 252 251 255 249 187 0 0 0 0 218 255 253 255 255 255 173 164 245 255 250 253 255 195 15 4 0 0 10 20 0 0 0 0 0 0 0 0 0 0 0 0 0 0 0 0 0 0 0 0 0 0 0 0 0 0 0 0 0 0 0 0 0 0 0 0 0 0 0 0
0 0 0 0 0 0 0 0 0 0 0 0 0 0 0 0 0 0 0 0 0 0 0 0 0 0 0 0 0 0 0 0 0 0 0 0 0 0 0 0 0 0 4 0 152 244 254 255 245 255 241 94 0 0 0 221 253 255 252 255 245 174 0 0 5 2 0 0 10 0 194 255 255 254 255 254 214 0 135 246 251 255 251 255 247 255 174 245 255 255 254 233 108 3 13 1 210 253 255 255 255 248 173 9 0 9 175 243 255 247 255 240 216 0 216 245 255 255 249 253 177 5 0 0 3 1 2 123 236 251 255 213 165 254 255 255 252 255 193 1 0 2 2 0 0 149 245 255 254 254 255 240 112 1 3 0 192 255 254 255 255 239 202 7 0 3 11 0 208 255 255 255 255 248 181 4 0 3 0 0 0 130 251 250 254 248 255 234 0 0 0 0 241 255 255 253 248 247 142 139 244 255 253 248 255 223 0 212 255 255 250 252 254 152 182 255 255 255 255 255 189 1 211 255 255 255 255 244 174 11 8 4 1 130 238 255 255 255 235 225 96 226 255 246 253 252 230 108 0 3 0 6 0 145 245 255 249 255 228 231 85 216 252 253 253 255 220 113 7 212 241 255 255 255 255 195 1 0 2 129 241 253 253 255 252 224 0 0 1 124 250 242 249 255 251 245 242 136 13 12 0 0 5 17 0 5 0 4 0 147 247 255 255 255 254 237 95 130 242 255 255 250 255 255 250 179 243 253 255 255 236 122 0 3 0 0 11 182 236 245 255 247 255 216 0 213 255 255 255 255 250 173 0 8 8 135 244 248 255 254 255 234 7 2 0 102 246 253 255 255 254 243 106 168 252 255 254 255 253 190 1 188 255 255 255 246 252 207 4 7 2 0 1 213 255 255 245 250 238 168 159 244 248 246 255 255 190 5 0 1 4 0 41 230 254 255 249 255 244 121 218 250 251 251 253 255 155 65 232 255 252 255 249 184 238 255 253 252 231 67 1 134 245 255 249 255 255 236 96 233 255 248 255 245 208 75 132 244 255 255 254 255 239 102 0 174 253 255 247 255 224 204 255 255 249 249 177 7 96 243 253 246 252 255 244 109 148 255 255 238 255 238 141 8 191 240 254 255 254 255 220 0 3 0 4 214 255 252 249 255 254 187 6 0 0 7 193 252 255 247 247 246 255 213 70 0 6 0 0 5 0 7 10 0 0 0 0 0 0 0 0 0 0 0 0 0 0 0 0 0 0 0 0 0 0 0 0 0 0 0 0 0 0 0 0 0 0 0 0 0 0 0 0 0 0 0
0 0 0 0 0 0 0 0 0 0 0 0 0 0 0 0 0 0 0 0 0 0 0 0 0 0 0 0 0 0 0 0 0 0 0 0 0 0 0 0 0 1 5 0 152 244 255 255 255 255 233 109 22 0 0 211 249 255 252 255 247 188 8 7 0 2 3 3 7 2 194 255 255 253 255 254 215 1 136 247 251 255 249 255 249 255 204 243 253 247 255 254 124 0 0 2 215 254 250 251 251 248 178 4 3 0 167 255 255 250 240 255 220 3 225 255 243 252 253 255 177 6 0 3 8 0 4 184 255 251 250 201 173 251 254 251 252 255 193 0 0 3 2 0 0 149 246 255 255 255 255 240 112 2 4 0 192 255 255 255 251 255 202 0 1 0 0 9 207 255 252 241 247 253 189 0 2 8 3 4 5 136 252 252 255 251 243 241 0 17 0 9 222 252 254 255 252 255 148 146 255 243 255 254 237 234 15 182 255 255 251 248 255 169 193 255 255 251 254 253 175 0 206 255 247 249 255 255 184 0 0 2 7 137 251 255 244 255 254 255 255 247 252 255 255 245 232 0 1 3 0 7 0 145 245 255 255 238 255 251 255 239 255 246 254 245 208 3 0 203 255 244 255 243 235 202 0 6 0 149 253 255 248 255 255 230 8 3 0 3 215 255 253 250 255 252 253 255 196 56 6 8 0 0 0 5 1 4 0 147 247 255 252 254 253 237 95 129 242 255 255 253 249 255 250 221 238 255 255 255 236 122 0 4 1 0 0 174 255 255 245 255 246 225 0 236 249 239 255 248 249 180 5 0 0 143 255 240 251 252 252 231 0 13 0 122 237 251 253 255 252 241 103 166 251 254 254 255 254 192 2 188 255 255 254 252 255 207 1 0 0 3 3 209 250 253 249 255 255 243 251 255 253 255 252 239 160 0 0 1 4 0 2 217 253 255 252 255 250 135 227 253 254 254 252 255 142 102 241 255 251 255 251 172 240 255 251 255 248 111 0 131 244 255 248 255 255 241 251 255 244 253 252 254 227 0 131 243 255 255 252 255 238 101 0 191 255 255 249 255 217 192 254 250 255 241 209 0 102 235 250 254 255 244 255 252 255 249 252 255 248 218 24 1 181 255 254 255 254 255 220 0 3 0 0 211 255 255 251 255 251 177 6 0 0 7 160 236 255 247 252 255 249 255 255 138 3 3 6 0 11 0 0 0 19 0 0 0 0 0 0 0 0 0 0 0 0 0 0 0 0 0 0 0 0 0 0 0 0 0 0 0 0 0 0 0 0 0 0 0 0 0 0 0 0 0
0 0 0 0 0 0 0 0 0 0 0 0 0 0 0 0 0 0 0 0 0 0 0 0 0 0 0 0 0 0 0 0 0 0 0 0 0 0 0 0 0 0 0 4 144 248 254 255 255 253 241 112 0 3 1 215 255 254 254 255 246 182 0 0 1 0 1 1 2 0 200 254 255 252 255 255 213 0 133 248 255 255 252 251 255 250 254 247 255 255 255 237 114 0 0 1 217 255 255 254 254 255 175 0 0 5 170 251 254 254 255 253 220 1 220 255 255 252 255 250 177 0 0 7 0 6 4 226 250 255 248 157 162 255 255 251 255 239 197 6 0 5 4 0 0 150 245 255 254 255 255 238 117 3 2 0 192 255 253 255 251 255 255 247 255 246 145 4 210 255 255 246 255 255 250 254 251 243 136 0 7 140 244 255 255 255 255 229 0 4 0 3 230 255 253 255 255 251 150 146 247 255 245 255 255 228 5 172 255 252 255 250 253 178 211 255 255 250 255 244 153 1 209 255 254 255 251 247 249 255 255 235 119 137 240 251 248 255 255 253 254 240 255 255 255 229 112 7 0 3 0 2 0 149 247 254 248 255 255 246 255 249 247 255 215 103 17 0 17 214 249 255 255 255 251 199 0 2 1 142 247 255 255 250 255 230 1 0 0 14 142 250 249 242 255 255 255 245 255 224 103 11 1 0 0 3 0 2 0 149 247 254 255 252 255 240 93 130 246 255 251 255 243 255 255 243 252 255 255 252 240 117 1 0 2 0 3 174 253 255 255 255 255 222 0 223 255 254 252 255 252 181 0 2 0 145 248 255 255 254 255 230 2 0 0 114 238 255 252 254 255 251 248 250 255 249 255 255 252 189 0 186 255 254 253 255 251 255 245 255 243 146 4 204 255 254 254 249 245 255 255 240 255 242 252 191 0 2 5 0 0 2 1 205 254 255 254 255 251 166 225 255 251 255 255 237 118 135 247 250 255 244 251 110 247 241 255 248 255 135 0 132 248 255 245 255 250 249 249 255 246 251 255 233 88 11 134 248 252 255 255 253 240 97 0 225 239 253 254 255 190 178 255 255 255 254 218 2 87 246 254 247 255 255 249 255 251 255 255 241 124 0 0 17 184 252 254 255 253 253 218 0 2 0 0 208 254 250 255 255 249 255 255 248 244 118 0 227 255 254 255 245 252 252 255 255 184 3 0 16 11 0 0 9 8 0 0 0 0 0 0 0 0 0 0 0 0 0 0 0 0 0 0 0 0 0 0 0 0 0 0 0 0 0 0 0 0 0 0 0 0 0 0 0 0 0
0 0 0 0 0 0 0 0 0 0 0 0 0 0 0 0 0 0 0 0 0 0 0 0 0 0 0 0 0 0 0 0 0 0 0 0 0 0 0 0 0 0 0 4 144 248 254 255 255 253 241 112 0 3 1 215 255 254 254 255 246 182 0 0 1 0 1 1 2 0 200 254 255 252 255 255 213 0 133 248 255 255 255 250 255 249 255 255 255 255 255 237 114 0 0 1 217 255 255 254 254 255 175 0 0 5 170 251 254 254 255 253 220 1 220 255 255 252 255 250 181 7 0 3 13 0 135 249 255 247 248 102 171 242 242 255 253 255 203 2 0 0 0 0 0 150 245 255 254 255 255 238 116 2 2 0 192 255 253 255 255 252 246 248 247 249 151 0 217 255 255 247 253 248 252 255 255 249 141 0 4 144 244 247 255 255 255 229 0 4 0 3 230 255 253 255 255 251 150 146 249 255 249 255 249 222 0 146 249 250 255 252 255 188 216 255 252 252 255 251 129 4 208 253 248 251 252 255 255 247 248 249 99 130 246 255 254 249 251 255 255 255 255 246 215 119 18 0 0 3 0 2 0 149 247 254 255 248 241 253 253 252 250 255 255 231 171 16 0 197 255 236 255 255 251 199 0 2 1 142 247 255 255 250 255 230 1 0 7 0 19 147 243 255 255 244 239 255 255 255 246 129 19 0 0 3 0 2 0 149 247 254 255 252 255 240 93 130 246 255 252 255 248 255 252 251 255 254 255 252 240 117 1 0 2 0 3 174 253 255 255 255 255 222 0 223 255 255 252 255 249 177 0 2 0 145 248 255 255 254 255 230 2 0 0 114 238 255 249 255 255 255 255 247 254 255 255 255 252 189 0 186 255 254 255 247 245 248 249 255 254 153 7 208 253 248 250 254 255 255 237 255 249 246 184 60 0 18 0 1 3 5 0 185 249 255 253 255 252 174 229 255 252 255 249 241 97 164 249 247 255 255 229 126 236 248 255 253 247 172 1 140 246 254 247 255 255 254 254 255 253 254 204 125 24 0 133 248 252 255 255 253 240 97 0 221 252 255 255 255 180 168 253 255 253 255 230 34 94 240 247 249 255 243 250 255 255 248 250 251 231 210 0 0 196 255 254 255 253 253 218 0 2 0 1 212 255 250 253 250 246 255 233 255 246 141 0 23 205 250 249 255 255 249 248 253 255 213 48 0 0 7 11 4 0 0 0 0 0 0 0 0 0 0 0 0 0 0 0 0 0 0 0 0 0 0 0 0 0 0 0 0 0 0 0 0 0 0 0 0 0 0 0 0 0 0
0 0 0 0 0 0 0 0 0 0 0 0 0 0 0 0 0 0 0 0 0 0 0 0 0 0 0 0 0 0 0 0 0 0 0 0 0 0 0 0 0 0 0 4 144 248 254 255 255 253 241 112 0 3 1 215 255 254 254 255 246 182 0 0 1 0 1 1 2 0 200 254 255 252 255 255 213 0 133 248 254 255 255 246 255 249 254 255 255 255 255 237 114 0 0 1 217 255 255 254 254 255 175 0 0 5 170 251 254 254 255 253 220 1 220 255 255 252 255 250 175 0 0 0 0 7 220 243 253 241 226 17 167 255 255 249 254 253 176 0 9 5 0 5 0 150 245 255 254 255 255 238 114 2 2 0 192 255 253 255 250 255 255 255 246 249 149 0 214 249 250 254 255 255 254 244 246 236 130 0 0 151 254 251 255 255 255 229 0 4 0 3 230 255 253 255 254 250 150 145 244 255 252 255 252 230 4 119 242 251 255 253 255 202 225 255 249 255 251 246 80 2 208 253 255 255 250 245 254 254 255 234 118 141 237 255 255 252 251 252 236 250 246 255 255 243 159 8 0 3 0 2 0 149 247 254 251 250 253 255 229 255 255 248 252 255 248 108 2 203 255 253 255 255 251 199 0 2 1 142 247 255 255 250 255 230 1 0 0 0 1 1 107 238 253 252 252 255 247 255 255 232 135 0 0 3 0 2 0 149 247 254 255 252 255 240 93 130 246 255 252 255 250 255 245 255 255 251 255 252 240 117 1 0 2 0 3 174 253 255 255 255 255 222 0 223 255 255 253 255 248 174 0 2 0 145 248 255 255 254 255 230 2 0 0 114 238 255 255 255 231 247 255 255 253 255 255 255 252 189 0 186 255 254 255 251 255 255 254 254 243 145 5 212 254 247 249 255 255 234 255 235 255 244 249 220 35 0 0 4 3 4 4 166 252 252 253 255 253 189 235 255 253 255 255 221 10 167 255 255 251 242 223 69 228 252 255 255 234 202 0 142 244 255 255 254 255 248 240 255 244 255 255 244 143 1 133 248 252 255 255 253 240 96 85 249 255 242 236 245 159 151 250 255 250 255 243 81 103 234 255 255 255 247 255 231 248 255 255 250 255 255 129 10 201 240 254 255 253 253 218 0 2 0 0 213 255 254 254 255 255 255 255 250 242 121 4 10 8 183 237 255 255 248 255 248 243 245 178 32 0 3 13 0 0 5 0 0 0 0 0 0 0 0 0 0 0 0 0 0 0 0 0 0 0 0 0 0 0 0 0 0 0 0 0 0 0 0 0 0 0 0 0 0 0 0
0 0 0 0 0 0 0 0 0 0 0 0 0 0 0 0 0 0 0 0 0 0 0 0 0 0 0 0 0 0 0 0 0 0 0 0 0 0 0 0 0 0 0 4 144 248 254 255 255 253 241 112 0 3 1 215 255 254 254 255 246 182 0 0 1 0 1 1 2 0 200 254 255 252 255 255 213 0 133 248 253 250 255 240 252 252 252 255 255 255 255 237 114 0 0 1 217 255 255 254 254 255 175 0 0 5 170 251 254 254 255 253 220 1 220 255 255 252 255 250 182 0 8 10 0 80 237 251 255 243 196 14 151 242 255 255 246 255 187 4 0 5 19 0 0 150 245 255 254 255 255 238 112 1 3 0 192 255 252 255 251 251 255 233 255 255 150 1 204 255 255 255 244 251 255 253 255 245 136 10 0 140 252 255 255 255 255 229 0 4 0 3 229 255 252 255 254 250 149 145 243 255 253 255 255 236 5 75 236 254 255 253 255 216 233 255 253 255 242 228 26 0 210 255 243 255 251 255 255 246 255 240 96 144 238 251 255 255 253 241 137 220 253 255 239 255 219 5 0 3 0 2 0 149 247 254 250 255 248 230 114 203 255 255 243 252 244 188 10 210 246 254 255 255 251 199 0 2 1 142 247 255 255 250 255 230 1 0 15 0 0 22 11 63 212 255 255 238 253 255 231 255 228 13 0 3 0 2 0 149 247 254 255 252 255 240 93 130 246 255 253 255 245 248 246 255 255 251 255 252 240 117 1 0 2 0 3 174 253 255 255 255 255 222 1 223 254 254 253 255 251 177 0 2 0 145 248 255 255 254 255 230 2 0 0 114 238 255 247 255 252 255 247 255 255 245 255 255 252 189 0 186 255 254 255 238 246 255 236 255 243 156 0 213 255 254 253 255 244 191 169 255 236 255 255 233 180 5 3 3 0 0 11 142 255 251 252 255 254 207 241 255 255 255 253 219 0 204 255 255 248 255 239 0 227 251 255 255 238 211 0 137 242 255 255 250 254 232 118 224 243 244 251 255 214 16 132 247 252 255 255 253 239 95 104 232 254 253 255 255 155 128 248 255 251 255 248 124 106 231 255 241 255 250 246 139 180 253 248 255 255 234 223 0 188 255 254 255 253 253 218 0 2 0 0 215 255 255 255 255 255 239 253 235 255 114 0 0 6 0 168 242 249 251 255 255 254 251 255 140 7 0 0 2 2 4 0 0 0 0 0 0 0 0 0 0 0 0 0 0 0 0 0 0 0 0 0 0 0 0 0 0 0 0 0 0 0 0 0 0 0 0 0 0 0 0
0 0 0 0 0 0 0 0 0 0 0 0 0 0 0 0 0 0 0 0 0 0 0 0 0 0 0 0 0 0 0 0 0 0 0 0 0 0 0 0 0 0 0 4 144 248 254 255 255 253 241 112 0 3 1 215 255 254 254 255 246 182 0 0 1 0 1 1 2 0 200 254 255 252 255 255 213 0 133 248 255 248 255 239 231 255 254 253 255 255 255 237 114 0 0 1 217 255 255 254 254 255 175 0 0 5 170 251 254 254 255 253 220 1 220 255 255 252 255 250 182 0 5 14 0 132 234 255 248 255 255 234 255 255 255 254 255 238 255 236 145 0 0 9 0 150 245 255 254 255 255 238 110 0 3 1 192 255 252 255 255 255 205 19 2 0 4 0 226 254 242 252 255 255 167 0 0 0 0 0 6 151 247 248 255 255 255 229 0 4 0 3 229 255 252 255 254 250 149 145 248 255 253 252 254 229 0 18 227 255 255 251 255 228 241 255 254 255 243 215 0 0 213 255 255 255 254 251 171 11 0 3 13 127 254 255 252 249 251 233 56 211 255 255 248 248 240 128 0 3 0 2 0 149 247 254 250 255 247 218 59 172 251 255 255 255 247 194 0 212 249 248 255 255 251 199 0 2 1 142 247 255 255 250 255 230 1 0 0 16 10 0 3 0 12 191 246 255 255 255 252 255 238 119 0 3 0 2 0 149 247 254 255 252 255 240 93 130 246 255 255 252 238 230 254 255 249 255 255 252 240 117 1 0 2 0 3 174 253 255 255 255 255 222 3 223 252 252 253 255 255 181 0 2 0 145 248 255 255 254 255 230 2 0 0 114 238 255 255 254 245 228 106 164 250 255 255 255 252 189 0 186 255 254 252 255 255 205 12 1 0 0 0 214 255 255 253 255 241 164 123 241 252 243 234 255 196 8 0 5 0 0 4 90 247 255 253 255 254 224 246 255 255 255 255 202 0 222 252 255 245 255 201 11 198 233 253 251 255 232 21 132 241 255 255 248 253 227 76 211 255 255 238 241 240 96 131 246 252 255 255 253 238 94 134 236 255 255 249 238 136 105 248 255 253 255 245 158 103 233 255 240 255 253 242 88 139 252 251 255 248 255 205 0 187 255 254 255 253 253 218 0 2 0 4 219 254 253 251 250 244 195 14 7 0 26 0 0 3 4 0 123 221 255 254 234 246 255 255 214 2 0 0 10 5 0 0 0 0 0 0 0 0 0 0 0 0 0 0 0 0 0 0 0 0 0 0 0 0 0 0 0 0 0 0 0 0 0 0 0 0 0 0 0 0 0
0 0 0 0 0 0 0 0 0 0 0 0 0 0 0 0 0 0 0 0 0 0 0 0 0 0 0 0 0 0 0 0 0 0 0 0 0 0 0 0 0 0 0 4 144 248 254 255 255 253 241 112 0 3 1 215 255 254 254 255 246 182 0 0 1 0 1 1 2 0 200 254 255 252 255 255 213 0 133 248 255 251 255 239 191 255 255 253 255 255 255 237 114 0 0 1 217 255 255 254 254 255 175 0 0 5 170 251 254 254 255 253 220 1 220 255 255 252 255 250 178 5 0 0 7 122 235 249 253 255 241 255 253 241 254 255 255 249 255 243 124 0 8 0 0 150 245 255 254 255 255 238 107 0 4 2 191 255 252 255 255 255 194 0 12 0 6 1 215 255 255 253 249 251 188 9 10 9 6 8 0 141 245 255 255 255 255 229 0 4 0 3 228 255 252 255 253 249 148 144 248 254 253 254 255 229 0 0 211 254 255 252 253 238 247 255 251 255 251 205 4 0 215 255 247 245 255 255 181 3 0 8 0 130 254 254 250 253 255 226 86 205 244 255 253 255 239 119 0 3 0 2 0 149 247 254 253 254 250 251 86 181 247 252 252 249 255 185 5 203 255 255 255 255 251 199 0 2 1 142 247 255 255 250 255 230 1 0 0 140 233 255 255 255 255 221 132 242 255 247 252 252 249 190 0 3 0 2 0 149 247 254 255 252 255 240 93 130 246 255 255 252 234 194 255 255 248 255 255 252 240 117 1 0 2 0 3 174 253 255 255 255 255 222 3 222 251 251 254 255 254 179 0 2 0 145 248 255 255 254 255 230 2 0 0 114 238 255 249 253 255 255 97 168 255 248 255 255 252 189 0 186 255 254 249 254 238 200 0 9 1 7 0 216 253 255 250 255 251 166 101 244 255 255 250 254 194 0 0 8 8 1 0 26 227 255 253 255 253 238 249 255 255 255 255 170 9 222 252 255 245 245 255 234 255 255 255 244 255 228 76 130 244 252 254 249 255 234 82 193 245 255 254 255 250 105 130 246 252 255 255 252 238 93 165 249 255 255 252 255 246 255 249 255 254 255 243 185 97 237 255 255 255 252 252 103 148 255 255 255 243 255 204 15 187 246 254 255 253 253 218 0 2 0 3 219 251 254 253 253 247 177 0 0 26 0 227 255 245 255 255 234 185 185 255 255 255 245 242 243 0 8 3 2 1 3 0 0 0 0 0 0 0 0 0 0 0 0 0 0 0 0 0 0 0 0 0 0 0 0 0 0 0 0 0 0 0 0 0 0 0 0 0 0 0 0
0 0 0 0 0 0 0 0 0 0 0 0 0 0 0 0 0 0 0 0 0 0 0 0 0 0 0 0 0 0 0 0 0 0 0 0 0 0 0 0 0 0 0 4 144 248 254 255 255 253 241 112 0 3 1 215 255 254 254 255 246 182 0 0 1 0 1 1 2 0 200 254 255 252 255 255 213 0 133 248 255 252 255 237 142 244 255 255 255 255 255 237 114 0 0 1 217 255 255 254 254 255 175 0 0 5 170 251 254 254 255 253 220 1 220 255 255 252 255 250 178 15 0 2 4 128 245 251 250 255 244 248 254 255 255 244 255 246 246 239 137 1 6 0 0 150 245 255 254 255 255 238 106 0 4 2 191 255 251 255 253 255 215 4 10 0 3 0 213 253 249 255 255 255 191 0 0 0 0 6 0 147 255 255 255 255 255 229 0 4 0 3 228 255 251 255 253 249 148 144 246 250 255 255 255 227 10 3 191 248 255 255 253 247 251 254 252 255 255 187 12 0 215 252 255 255 253 241 173 10 3 0 14 142 245 245 253 255 255 228 78 190 255 255 243 255 249 112 0 3 0 2 0 149 247 254 255 252 239 229 67 167 247 255 255 249 255 191 15 196 252 252 255 255 251 199 0 2 1 142 247 255 255 250 255 230 1 0 6 128 254 255 243 255 246 212 1 184 255 255 254 255 255 171 0 3 0 2 0 149 247 254 255 252 255 240 93 130 246 255 254 255 230 144 251 255 251 255 255 252 240 117 1 0 2 0 3 174 253 255 255 255 255 222 1 221 252 253 255 255 247 169 0 2 0 145 248 255 255 254 255 230 2 0 0 114 238 255 255 249 241 248 96 178 255 253 255 255 252 189 0 186 255 254 251 255 255 218 0 0 0 0 3 216 249 255 249 255 255 172 122 251 232 255 255 252 203 0 0 6 6 4 0 0 215 255 253 255 251 248 250 254 255 255 248 157 94 251 250 248 255 255 241 255 242 255 249 248 255 248 126 125 249 253 249 254 255 236 80 201 255 250 253 255 234 86 129 245 252 255 255 252 237 92 175 250 249 253 245 247 254 255 251 255 251 255 246 208 92 240 244 255 248 241 245 108 145 247 240 253 255 252 215 0 179 255 254 255 253 253 218 0 2 0 0 218 251 255 255 255 255 183 5 0 2 0 198 244 255 251 255 235 144 103 231 240 249 255 255 241 0 7 0 0 3 5 0 0 0 0 0 0 0 0 0 0 0 0 0 0 0 0 0 0 0 0 0 0 0 0 0 0 0 0 0 0 0 0 0 0 0 0 0 0 0 0
0 0 0 0 0 0 0 0 0 0 0 0 0 0 0 0 0 0 0 0 0 0 0 0 0 0 0 0 0 0 0 0 0 0 0 0 0 0 0 0 0 0 0 4 144 248 254 255 255 253 241 112 0 3 1 215 255 254 254 255 246 182 0 0 1 0 1 1 2 0 200 254 255 252 255 255 213 0 133 248 253 252 255 232 105 231 255 255 255 255 255 237 114 0 0 1 217 255 255 254 254 255 175 0 0 5 170 251 254 254 255 253 220 1 220 255 255 252 255 250 155 0 1 7 0 152 241 255 255 253 255 242 255 244 247 255 252 255 253 236 137 0 0 4 0 150 245 255 254 255 255 238 105 0 4 2 191 255 251 255 255 247 203 5 0 0 9 0 220 253 248 255 252 248 192 0 5 2 1 7 0 151 255 245 255 255 255 229 0 4 0 3 228 255 251 255 253 249 148 144 249 252 255 255 246 213 8 1 176 243 255 255 255 252 254 253 255 252 252 166 13 0 215 254 254 249 254 255 186 0 0 7 0 136 251 255 255 249 255 238 79 212 254 246 255 254 214 139 0 3 0 2 0 149 247 254 249 255 255 231 65 171 253 252 247 255 248 181 0 223 255 246 255 255 251 199 0 2 1 142 247 255 255 250 255 230 1 0 0 124 226 255 255 254 247 232 0 180 241 252 255 245 242 192 0 3 0 2 0 149 247 254 255 252 255 240 93 130 246 255 247 255 226 106 239 254 253 254 255 252 240 117 1 0 2 0 3 174 253 255 255 255 255 222 0 221 253 255 255 255 240 159 0 2 0 145 248 255 255 254 255 230 2 0 0 114 238 255 255 255 246 255 110 177 244 255 255 255 252 189 0 186 255 254 255 248 255 203 3 1 0 6 2 214 248 255 251 254 255 168 109 242 252 255 248 255 191 2 5 2 0 4 10 0 215 248 254 255 250 253 250 252 255 255 247 132 115 243 254 255 255 249 255 241 255 255 254 255 255 246 150 117 254 255 250 255 255 230 81 192 255 247 253 252 228 109 128 245 252 255 255 252 237 92 201 255 246 255 255 249 255 245 253 255 248 255 251 223 90 241 246 255 251 252 248 104 139 255 255 244 252 253 201 11 184 254 254 255 253 253 218 0 2 0 0 221 253 255 249 253 255 179 0 4 0 0 207 247 255 253 248 250 148 73 242 254 250 255 255 221 7 5 0 3 10 0 0 0 0 0 0 0 0 0 0 0 0 0 0 0 0 0 0 0 0 0 0 0 0 0 0 0 0 0 0 0 0 0 0 0 0 0 0 0 0 0
0 0 0 0 0 0 0 0 0 0 0 0 0 0 0 0 0 0 0 0 0 0 0 0 0 0 0 0 0 0 0 0 0 0 0 0 0 0 0 0 11 0 1 5 142 251 254 255 255 255 227 118 21 0 0 221 252 253 249 252 254 175 9 0 0 3 0 4 0 3 192 255 255 255 242 248 224 0 136 246 252 244 255 233 91 195 255 255 255 255 248 251 122 0 6 1 220 252 253 252 254 255 180 7 3 0 165 235 255 255 255 252 220 91 244 243 240 255 247 254 158 0 3 3 0 149 249 255 255 245 255 251 255 249 251 255 253 255 252 231 141 5 0 0 0 152 253 248 244 255 255 237 97 0 4 5 173 255 255 248 248 255 209 11 0 7 0 4 210 254 255 247 251 255 189 6 0 8 13 2 4 148 253 249 255 255 252 237 0 1 3 0 222 254 234 255 255 249 170 152 247 255 255 255 250 222 0 7 137 241 255 255 247 255 255 247 248 255 246 144 0 8 216 253 249 255 254 255 163 17 0 0 3 137 250 250 255 254 254 232 75 211 255 255 247 255 242 119 0 8 13 2 4 148 253 249 246 255 247 237 108 213 255 255 247 255 248 201 0 217 250 255 255 246 242 207 0 2 0 150 255 255 253 255 253 227 5 0 0 0 252 246 255 252 248 229 71 187 253 255 255 248 255 181 0 8 13 2 4 148 253 249 255 255 250 238 94 130 245 255 252 255 231 99 190 255 245 255 255 255 241 121 0 7 0 11 0 171 239 255 255 246 251 226 79 233 250 255 244 251 253 152 4 0 8 144 255 255 247 255 255 235 0 7 0 124 235 255 255 252 255 246 106 177 249 255 255 255 250 207 0 183 255 248 249 255 247 204 21 0 0 2 7 210 255 253 251 251 255 177 108 247 252 242 255 254 190 9 9 0 4 11 0 0 180 246 255 255 255 255 255 255 255 255 243 95 144 254 255 255 244 255 255 255 255 251 253 254 246 255 172 124 254 250 251 255 252 237 88 202 249 255 246 254 240 99 123 248 254 255 255 255 242 90 215 243 255 255 250 250 255 255 247 255 252 255 255 227 132 231 248 253 255 254 237 115 209 247 255 244 255 253 205 2 203 252 255 254 253 255 199 0 0 1 13 194 255 254 254 255 246 183 3 0 18 6 167 250 255 255 255 243 161 132 217 255 255 242 255 227 0 13 0 2 3 2 0 0 0 0 0 0 0 0 0 0 0 0 0 0 0 0 0 0 0 0 0 0 0 0 0 0 0 0 0 0 0 0 0 0 0 0 0 0 0 0
0 0 0 0 0 0 0 0 0 0 0 0 0 0 0 0 0 0 0 0 0 0 0 0 0 0 0 0 0 0 0 0 0 0 0 0 0 0 0 0 0 0 6 4 147 244 249 249 242 255 239 112 0 0 1 225 255 255 255 255 253 177 0 0 10 7 0 0 0 1 199 250 252 254 255 255 205 16 121 255 255 255 255 232 68 175 243 249 253 255 247 235 113 1 13 0 211 246 252 255 255 246 174 0 6 0 60 247 255 248 254 253 255 231 255 255 255 239 255 216 86 0 13 3 0 9 5 0 3 0 0 16 193 253 255 247 252 255 193 8 0 0 16 2 14 151 245 255 255 255 251 252 255 246 255 195 202 237 243 255 255 220 255 255 248 255 234 2 214 255 255 255 254 255 192 8 3 0 0 0 0 146 255 255 255 251 255 229 8 0 14 1 195 255 255 255 244 255 240 255 255 255 246 250 254 178 10 0 125 241 241 245 250 255 255 255 255 246 225 104 9 5 218 251 249 255 240 255 255 248 255 255 197 152 235 255 255 255 251 251 89 211 253 255 250 252 240 129 3 0 0 0 0 146 255 255 255 252 242 255 227 255 255 245 255 255 255 163 2 209 251 250 252 247 255 194 0 0 1 141 234 249 252 255 253 231 1 4 8 19 195 255 254 255 255 255 244 255 255 248 247 252 255 158 3 0 0 0 0 146 255 255 255 254 249 240 104 139 248 251 243 255 239 60 170 255 251 254 252 250 235 122 0 10 0 0 17 70 233 255 240 255 255 254 255 255 254 255 255 241 245 68 0 7 8 136 241 248 252 255 252 230 6 0 4 110 241 252 255 246 253 247 116 185 252 251 253 255 244 175 16 181 248 255 255 244 241 255 231 255 255 234 2 205 249 252 255 249 250 170 118 254 255 255 255 245 187 0 8 0 3 0 0 14 169 251 253 253 253 253 253 253 253 253 224 41 165 231 251 255 244 255 228 5 133 255 253 246 255 238 191 124 240 253 252 255 246 234 93 202 249 255 251 255 238 106 130 252 254 251 253 253 241 112 241 247 244 248 255 247 149 42 231 252 248 253 255 236 147 235 255 255 246 253 255 224 255 253 255 255 245 255 222 0 180 248 243 255 245 251 255 241 255 243 126 230 251 252 255 255 255 248 255 244 241 207 154 250 255 246 250 255 251 246 255 253 240 255 255 223 14 10 0 3 6 0 0 0 0 0 0 0 0 0 0 0 0 0 0 0 0 0 0 0 0 0 0 0 0 0 0 0 0 0 0 0 0 0 0 0 0 0 0 0 0 0
0 0 0 0 0 0 0 0 0 0 0 0 0 0 0 0 0 0 0 0 0 0 0 0 0 0 0 0 0 0 0 0 0 0 0 0 0 0 0 0 0 0 3 0 161 253 255 253 254 255 243 124 0 7 1 220 244 250 250 250 248 195 4 14 0 0 2 5 4 0 212 251 255 247 248 255 207 14 125 252 235 248 254 253 100 114 249 255 253 255 255 244 120 2 6 0 225 255 252 255 253 252 194 0 4 11 8 190 246 251 255 255 253 250 248 249 254 255 250 209 9 0 1 2 10 15 2 13 0 7 5 0 198 243 249 255 255 241 196 0 27 3 0 0 1 150 246 255 255 255 246 255 243 251 250 199 187 255 251 255 242 255 246 241 255 245 229 12 219 255 250 250 244 255 204 0 13 7 1 12 0 152 249 248 255 251 255 228 3 0 4 0 92 215 255 254 232 255 255 255 245 242 248 255 240 82 2 7 21 231 255 255 255 242 249 252 235 255 238 111 0 9 200 255 255 255 246 245 248 249 255 242 246 132 242 246 240 255 247 229 87 208 253 255 248 255 240 128 13 7 1 12 0 152 249 248 255 252 250 255 255 255 246 255 244 249 236 166 21 222 236 255 252 243 255 192 4 8 10 158 248 255 255 255 255 243 1 5 0 3 187 237 255 253 230 255 255 240 245 255 255 244 222 102 13 7 1 12 0 152 249 248 255 252 253 239 104 136 245 254 255 253 234 87 119 240 245 255 255 255 245 133 0 4 4 0 0 10 196 252 242 251 255 247 248 248 253 255 250 255 189 15 0 9 0 154 249 255 255 255 255 235 4 0 9 123 251 255 255 245 255 247 119 181 251 253 248 255 255 187 15 197 246 255 255 255 255 255 255 246 255 235 0 221 255 251 255 251 255 182 110 243 250 249 253 255 217 7 0 1 8 9 0 5 104 228 255 255 255 255 255 255 255 255 237 0 209 255 246 255 255 248 189 9 177 231 255 255 242 255 221 138 235 255 255 255 253 242 85 204 255 255 249 255 235 100 131 249 253 248 255 253 238 144 229 255 255 253 255 237 126 0 227 252 255 255 255 253 177 245 248 255 246 255 250 255 255 253 252 255 245 252 189 0 212 255 255 255 246 241 248 249 255 242 152 220 234 247 253 241 255 255 252 255 253 227 23 202 255 243 255 254 248 255 255 247 241 255 255 169 0 2 4 0 0 0 0 0 0 0 0 0 0 0 0 0 0 0 0 0 0 0 0 0 0 0 0 0 0 0 0 0 0 0 0 0 0 0 0 0 0 0 0 0 0 0
0 0 0 0 0 0 0 0 0 0 0 0 0 0 0 0 0 0 0 0 0 0 0 0 0 0 0 0 0 0 0 0 0 0 0 0 0 0 0 0 12 6 0 0 166 251 255 244 255 247 230 139 3 2 0 219 255 255 255 251 248 205 3 3 0 0 8 5 1 0 214 250 255 250 236 251 228 0 159 251 255 255 242 231 107 0 229 251 241 245 252 251 129 0 0 8 227 255 239 242 241 255 210 0 0 0 3 0 219 249 255 251 249 255 252 255 238 255 196 0 0 10 0 0 9 0 0 0 6 13 1 0 212 255 255 255 255 254 208 0 0 6 2 13 0 167 255 249 249 254 248 255 255 255 247 202 182 255 242 243 247 255 249 255 255 255 249 0 220 255 245 243 244 255 221 0 0 0 0 4 1 171 255 241 253 255 245 241 7 14 6 7 5 138 234 255 248 252 242 253 253 255 255 223 148 7 0 0 11 235 254 239 251 255 255 247 255 255 235 0 3 0 229 243 237 252 252 255 255 240 253 255 207 136 255 255 246 255 255 228 98 214 255 250 245 255 248 138 0 0 0 4 1 171 255 241 246 255 255 239 251 240 247 255 255 255 231 24 0 206 255 236 255 251 249 210 0 4 0 154 254 255 246 246 250 238 0 0 8 0 11 201 253 255 242 255 243 250 255 248 255 240 159 0 0 0 0 4 1 171 255 241 255 255 255 241 114 140 245 255 244 251 245 106 4 224 255 234 250 255 244 138 0 0 11 8 0 20 0 218 255 246 255 255 255 255 255 233 255 210 0 9 3 1 0 176 255 251 242 244 255 232 0 4 0 142 240 251 255 253 255 251 130 181 253 255 243 255 255 213 0 207 251 244 246 245 255 239 255 248 252 236 0 228 255 244 248 244 255 185 141 255 254 243 244 255 217 0 6 0 0 7 0 2 83 255 253 253 253 253 253 253 253 253 220 0 219 255 255 246 238 254 222 0 162 244 255 252 243 255 227 153 227 255 248 247 252 237 96 217 255 249 243 255 241 110 142 248 255 253 255 255 240 182 250 255 252 239 255 244 134 3 221 245 249 246 252 250 191 238 248 254 250 255 239 249 236 255 247 250 255 235 104 0 214 220 247 247 253 255 255 252 242 255 133 215 253 255 255 255 255 250 255 255 255 234 0 129 218 254 245 254 255 244 237 248 255 254 178 72 0 0 12 0 0 1 0 0 0 0 0 0 0 0 0 0 0 0 0 0 0 0 0 0 0 0 0 0 0 0 0 0 0 0 0 0 0 0 0 0 0 0 0 0 0 0
0 0 0 0 0 0 0 0 0 0 0 0 0 0 0 0 0 0 0 0 0 0 0 0 0 0 0 0 0 0 0 0 0 0 0 0 0 0 0 0 0 0 1 15 165 240 255 255 255 255 245 148 0 0 23 237 242 250 255 255 247 192 4 0 14 2 0 0 0 15 211 249 244 255 255 255 207 8 160 237 248 247 255 239 134 7 207 255 255 255 253 238 132 12 0 4 226 255 255 255 255 242 185 9 9 0 11 10 0 151 223 248 248 253 255 249 228 150 0 26 0 8 0 7 11 0 6 9 0 0 0 24 193 253 251 254 255 255 205 25 0 0 9 0 18 158 246 253 255 255 253 252 249 252 249 218 212 255 255 255 255 244 243 255 251 253 232 3 218 255 255 255 255 249 191 9 7 14 0 0 6 164 255 255 245 255 254 231 10 0 0 3 0 6 61 178 249 255 248 255 255 241 184 68 0 0 9 2 0 208 251 255 255 248 255 255 246 245 225 0 10 4 228 255 255 254 247 255 255 244 250 255 225 170 237 250 255 249 254 239 123 207 253 255 255 255 232 147 7 14 0 0 6 164 255 255 255 255 255 254 251 255 255 246 235 218 124 0 0 233 255 255 255 255 255 204 2 0 8 185 238 254 255 255 255 230 21 2 10 0 11 0 114 219 255 240 255 253 251 242 178 36 0 7 7 14 0 0 6 164 255 255 248 245 255 236 148 167 240 255 255 248 231 126 3 202 255 254 255 255 234 145 18 1 0 0 10 0 18 0 142 221 241 252 242 255 243 234 141 0 17 3 0 3 4 172 243 252 255 255 255 236 15 3 0 133 235 255 249 242 249 244 160 197 245 253 255 250 234 197 15 205 255 255 255 255 251 243 255 255 247 237 8 195 244 255 255 255 255 200 146 239 255 255 255 251 200 16 7 2 0 7 1 0 30 195 255 255 255 255 255 255 255 255 198 29 208 255 241 246 255 255 200 5 132 255 247 252 255 253 242 199 246 255 247 251 255 244 118 213 255 255 255 255 228 131 168 242 249 241 253 247 232 206 243 253 255 255 255 231 113 0 235 253 255 248 254 255 220 248 255 250 251 255 255 255 246 255 255 240 234 130 0 0 217 255 254 255 255 255 242 255 246 247 162 222 251 248 245 252 255 247 244 252 255 221 6 0 58 169 247 249 255 255 255 255 205 120 15 2 11 0 0 3 7 0 0 0 0 0 0 0 0 0 0 0 0 0 0 0 0 0 0 0 0 0 0 0 0 0 0 0 0 0 0 0 0 0 0 0 0 0 0 0 0 0
0 0 0 0 0 0 0 0 0 0 0 0 0 0 0 0 0 0 0 0 0 0 0 0 0 0 0 0 0 0 0 0 0 0 0 0 0 0 0 0 7 17 4 0 13 13 0 0 3 0 1 5 0 24 0 3 8 2 7 0 2 19 0 18 0 0 13 12 8 0 25 0 7 0 0 0 14 0 7 0 21 0 5 7 2 0 6 0 0 0 0 14 4 0 7 5 11 0 0 4 1 6 29 0 7 5 7 2 5 1 0 0 0 12 0 7 0 1 15 0 12 4 0 0 0 0 7 1 5 1 6 0 6 2 0 4 0 0 1 10 4 0 10 8 0 16 12 0 0 0 0 11 9 0 0 0 0 8 0 0 0 15 0 0 5 0 3 0 5 0 0 0 0 2 29 0 0 0 1 8 0 10 6 0 11 0 0 9 0 12 15 0 4 0 0 15 6 0 0 8 0 0 13 0 0 13 1 0 0 31 0 0 8 0 0 0 0 16 10 0 0 0 8 0 1 0 0 0 0 1 5 5 10 0 0 3 12 0 3 9 5 5 0 0 0 0 13 5 0 0 1 8 0 10 6 0 4 0 0 14 0 9 1 0 14 0 6 0 22 15 0 0 0 0 0 9 7 20 0 0 5 6 0 0 0 21 0 7 0 18 0 17 11 0 10 2 0 2 0 0 18 0 0 7 0 0 1 8 0 10 6 0 10 6 11 5 0 0 11 10 1 0 18 12 0 3 0 0 0 3 7 7 0 6 13 7 0 7 0 19 8 11 0 13 0 13 9 0 0 8 5 2 3 9 0 20 5 0 0 0 0 11 0 6 10 13 8 0 8 3 0 10 0 4 10 5 0 0 17 21 0 14 0 0 0 5 7 4 0 0 0 10 0 35 5 0 0 0 3 5 0 8 0 0 0 0 19 0 0 8 6 8 5 0 0 27 2 2 2 2 2 2 2 2 16 0 18 8 7 7 0 0 5 0 8 17 1 0 0 0 0 0 6 6 0 0 9 0 0 8 0 0 0 0 13 7 0 14 15 1 6 7 0 0 0 0 0 0 0 0 7 9 0 1 4 0 2 7 0 5 3 0 0 0 0 4 0 0 4 0 2 0 12 6 7 0 0 3 0 0 0 15 0 0 0 0 1 2 2 6 8 4 14 2 0 0 4 0 0 7 0 0 5 0 0 0 10 13 0 0 16 3 1 0 6 0 0 0 0 0 0 0 0 0 0 0 0 0 0 0 0 0 0 0 0 0 0 0 0 0 0 0 0 0 0 0 0 0 0 0 0 0 0 0 0 0
0 0 0 0 0 0 0 0 0 0 0 0 0 0 0 0 0 0 0 0 0 0 0 0 0 0 0 0 0 0 0 0 0 0 0 0 0 0 0 0 0 0 0 4 0 0 0 5 0 7 6 0 0 8 0 3 0 0 11 1 1 0 0 3 8 0 3 0 0 1 1 0 3 2 12 6 0 14 0 0 0 0 20 0 0 2 0 13 8 9 0 0 0 2 7 0 1 0 3 12 3 0 0 0 0 3 0 7 5 0 1 15 5 5 9 9 0 0 3 10 0 0 5 8 5 6 0 0 2 0 6 1 4 5 0 4 18 8 5 0 0 0 2 0 0 0 2 17 19 9 1 0 0 1 11 11 0 0 0 9 5 5 10 14 0 0 0 9 5 0 6 12 3 0 0 4 12 5 2 0 12 0 0 13 0 4 21 7 0 0 0 9 4 10 9 0 0 5 13 0 12 0 1 10 7 0 0 11 0 1 0 13 3 0 0 14 2 0 0 0 9 0 10 11 0 6 13 4 0 2 1 1 0 17 9 5 0 0 1 5 0 0 3 21 14 0 0 0 12 5 2 0 12 0 0 13 7 0 0 13 0 1 3 14 0 11 0 8 0 0 0 11 11 13 5 0 0 0 6 5 0 2 12 0 4 2 3 10 11 0 17 0 8 3 0 0 7 8 13 0 13 0 0 0 12 5 2 0 12 0 0 13 0 2 2 0 6 9 0 1 0 8 7 0 12 4 6 0 0 7 0 5 0 4 0 0 9 4 0 0 0 8 0 0 10 0 0 20 6 17 0 5 0 3 3 0 0 4 10 6 7 7 12 0 0 0 2 13 0 4 0 2 4 14 0 0 2 0 0 0 14 0 0 0 9 1 0 0 6 3 2 0 0 0 0 0 4 3 0 3 4 0 9 16 9 0 0 16 1 9 1 0 0 14 0 2 0 0 0 0 0 0 0 0 0 0 3 2 0 5 15 0 1 2 0 2 0 0 15 8 1 9 0 0 0 0 3 0 0 0 1 16 19 0 0 0 4 3 6 0 0 1 0 2 12 4 0 1 1 0 0 2 0 0 3 0 2 5 0 6 0 11 9 5 0 0 3 1 0 15 4 3 8 0 0 12 4 5 1 15 4 0 0 5 14 0 1 6 4 2 0 0 0 8 17 0 14 8 8 0 6 6 7 8 7 2 0 0 23 2 0 0 10 0 0 6 0 0 0 0 0 0 0 0 0 0 0 0 0 0 0 0 0 0 0 0 0 0 0 0 0 0 0 0 0 0 0 0 0 0 0 0 0 0 0 0
0 0 0 0 0 0 0 0 0 0 0 0 0 0 0 0 0 0 0 0 0 0 0 0 0 0 0 0 0 0 0 0 0 0 0 0 0 0 0 0 8 6 0 12 0 0 1 6 6 1 0 2 8 0 4 2 8 0 3 0 7 0 15 0 2 2 13 0 0 12 0 7 3 0 0 2 0 0 9 4 0 16 0 0 20 0 8 0 0 0 0 5 4 0 0 5 1 3 10 0 0 11 0 9 0 5 7 0 2 7 4 0 0 2 3 0 1 8 0 0 1 0 4 0 1 10 0 8 0 0 11 0 1 0 0 3 0 0 9 0 7 4 0 1 5 0 2 0 0 0 13 1 1 0 0 1 0 8 0 0 0 0 0 0 0 8 10 0 0 0 11 0 1 9 0 0 0 1 4 0 17 0 0 2 0 4 0 0 9 12 0 0 6 0 0 7 6 0 0 0 0 0 2 0 6 0 11 0 8 0 0 5 0 12 1 1 4 0 0 10 0 7 0 0 6 0 0 0 4 5 0 2 2 3 0 7 0 11 0 2 1 4 1 0 0 1 11 0 0 3 4 0 17 0 0 4 0 5 0 0 6 2 0 1 0 11 0 3 6 0 11 0 0 6 0 10 12 0 0 0 3 0 6 0 7 0 16 0 0 2 0 8 3 8 2 6 7 0 6 0 0 1 11 0 0 3 4 0 17 0 0 4 0 10 7 0 9 3 0 8 5 4 0 12 3 0 10 3 0 13 0 7 5 0 0 15 0 10 0 0 12 0 2 4 3 7 4 0 9 0 1 6 5 0 7 0 0 12 0 0 5 0 7 0 0 19 0 7 0 16 0 0 5 5 0 9 0 0 5 6 0 0 23 0 1 0 6 0 5 0 5 0 0 0 19 2 0 12 0 0 1 0 4 0 1 9 0 2 0 0 1 3 0 1 3 0 0 0 0 0 0 0 0 0 1 4 0 3 0 0 0 1 0 11 0 8 2 0 6 0 0 13 0 0 6 0 0 5 0 12 2 0 0 0 2 3 8 0 3 2 0 6 0 2 0 0 0 3 5 2 0 0 4 0 1 0 1 0 0 0 0 4 0 11 0 1 0 0 0 9 0 3 1 1 9 0 1 3 0 0 0 0 4 0 0 0 7 2 0 0 3 3 9 0 0 6 2 0 6 3 0 6 1 0 0 6 3 1 0 7 3 0 3 0 4 0 0 0 0 0 0 0 0 0 0 0 0 0 0 0 0 0 0 0 0 0 0 0 0 0 0 0 0 0 0 0 0 0 0 0 0 0 0 0 0 0
0 0 0 0 0 0 0 0 1 1 1 1 1 1 1 1 0 0 0 0 0 0 0 0 0 0 0 0 0 0 0 0 0 0 0 0 0 0 0 0 0 0 0 0 0 0 0 0 0 0 0 0 0 0 0 0 0 0 0 0 0 0 0 0 0 0 0 0 0 0 0 0 0 0 0 0 0 0 0 0 0 0 0 0 0 0 0 0 0 0 0 0 0 0 0 0 0 0 0 0 0 0 0 0 0 0 0 0 0 0 0 0 0 0 0 0 0 0 0 0 0 0 0 0 0 0 0 0 0 0 0 0 0 0 0 0 0 0 0 0 0 0 0 0 0 0 0 0 0 0 0 0 0 0 0 0 0 0 0 0 0 0 0 0 0 0 0 0 0 0 0 0 0 0 0 0 0 0 0 0 0 0 0 0 0 0 0 0 0 0 0 0 0 0 0 0 0 0 0 0 0 0 0 0 0 0 0 0 0 0 0 0 0 0 0 0 0 0 0 0 0 0 0 0 0 0 0 0 0 0 0 0 0 0 0 0 0 0 0 0 0 0 0 0 0 0 0 0 0 0 0 0 0 0 0 0 0 0 0 0 0 0 0 0 0 0 0 0 0 0 0 0 0 0 0 0 0 0 0 0 0 0 0 0 0 0 0 0 0 0 0 0 0 0 0 0 0 0 0 0 0 0 0 0 0 0 0 0 0 0 0 0 0 0 0 0 0 0 0 0 0 0 0 0 0 0 0 0 0 0 0 0 0 0 0 0 0 0 0 0 0 0 0 0 0 0 0 0 0 0 0 0 0 0 0 0 0 0 0 0 0 0 0 0 0 0 0 0 0 0 0 0 0 0 0 0 0 0 0 0 0 0 0 0 0 0 0 0 0 0 0 0 0 0 0 0 0 0 0 0 0 0 0 0 0 0 0 0 0 0 0 0 0 0 0 0 0 0 0 0 0 0 0 0 0 0 0 0 0 0 0 0 0 0 0 0 0 0 0 0 0 0 0 0 0 0 0 0 0 0 0 0 0 0 0 0 0 0 0 0 0 0 0 0 0 0 0 0 0 0 0 0 0 0 0 0 0 0 0 0 0 0 0 0 0 0 0 0 0 0 0 0 0 0 0 0 0 0 0 0 0 0 0 0 0 0 0 0 0 0 0 0 0 0 0 0 0 0 0 0 0 0 0 0 0 0 0 0 0 0 0 0 0 0 0 0 0 0 0 0 0 0 0 0 0 0 0 0 0 0 0 0 0 0 0 0 0 0 0 0 0 0 0 0 0 0 0 0 0 0 0 0 0 0 0 0
0 0 0 0 0 0 0 0 2 2 2 2 2 2 2 2 0 0 0 0 0 0 0 0 0 0 0 0 0 0 0 0 0 0 0 0 0 0 0 0 0 0 0 0 0 0 0 0 0 0 0 0 0 0 0 0 0 0 0 0 0 0 0 0 0 0 0 0 0 0 0 0 0 0 0 0 0 0 0 0 0 0 0 0 0 0 0 0 1 1 1 1 1 1 1 1 1 1 1 1 1 1 1 1 0 0 0 0 0 0 0 0 0 0 0 0 0 0 0 0 0 0 0 0 0 0 0 0 0 0 0 0 0 0 0 0 0 0 0 0 0 0 0 0 0 0 0 0 0 0 0 0 0 0 0 0 0 0 0 0 0 0 0 0 0 0 0 0 0 0 0 0 0 0 0 0 0 0 0 0 0 0 0 0 0 0 0 0 0 0 0 0 0 0 0 0 0 0 0 0 0 0 0 0 0 0 0 0 0 0 0 0 0 0 0 0 0 0 0 0 0 0 0 0 0 0 0 0 0 0 0 0 0 0 0 0 0 0 0 0 0 0 0 0 0 0 0 0 1 1 1 1 1 1 1 1 1 1 1 1 1 1 1 1 0 0 0 0 0 0 0 0 0 0 0 0 0 0 0 0 0 0 0 0 0 0 0 0 1 1 1 1 1 1 1 1 0 0 0 0 0 0 0 0 0 0 0 0 0 0 0 0 0 0 0 0 0 0 0 0 0 0 0 0 0 0 0 0 0 0 0 0 0 0 0 0 0 0 0 0 0 0 0 0 0 0 0 0 0 0 0 0 0 0 0 0 0 0 0 0 1 1 1 1 1 1 1 1 1 1 1 1 1 1 1 1 0 0 0 0 0 0 0 0 0 0 0 0 0 0 0 0 1 1 1 1 1 1 1 1 1 1 1 1 1 1 1 0 0 0 0 0 0 0 0 0 0 0 0 0 0 0 0 0 0 0 0 0 0 0 0 0 0 0 0 0 0 0 0 0 0 0 0 0 0 0 0 0 0 0 0 0 0 0 0 0 1 1 1 1 1 1 1 1 1 1 1 1 1 1 1 0 0 0 0 0 0 0 0 0 0 0 0 0 0 0 0 0 0 0 0 0 0 0 0 0 0 0 0 0 0 0 0 0 0 1 1 1 1 1 1 1 1 1 1 1 1 1 1 1 0 0 0 0 0 0 0 0 0 0 0 0 0 0 0 0 0 0 0 0 0 0 0 0 0 0 0 0 0 0 0 0 0 0 0 0 0 0 0 0 0 0 0 0 0 0 0 0 0 0 0 0 0 0 0 0
0 0 0 0 0 0 0 0 0 0 0 0 0 0 0 0 0 0 0 0 0 0 0 0 0 0 0 0 0 0 0 0 0 0 0 0 0 0 0 0 0 0 0 0 0 0 0 0 0 0 0 0 0 0 0 0 0 0 0 0 0 0 0 0 0 0 0 0 0 0 0 0 0 0 0 0 0 0 0 0 0 0 0 0 0 0 0 0 0 0 0 0 0 0 0 0 0 0 0 0 0 0 0 0 0 0 0 0 0 0 0 0 0 0 0 0 0 0 0 0 0 0 0 0 0 0 0 0 0 0 0 0 0 0 0 0 0 0 0 0 0 0 0 0 0 0 0 0 0 0 0 0 0 0 0 0 0 0 0 0 0 0 0 0 0 0 0 0 0 0 0 0 0 0 0 0 0 0 0 0 0 0 0 0 0 0 0 0 0 0 0 0 0 0 0 0 0 0 0 0 0 0 0 0 0 0 0 0 0 0 0 0 0 0 0 0 0 0 0 0 0 0 0 0 0 0 0 0 0 0 0 0 0 0 0 0 0 0 0 0 0 0 0 0 0 0 0 0 0 0 0 0 0 0 0 0 0 0 0 0 0 0 0 0 0 0 0 0 0 0 0 0 0 0 0 0 0 0 0 0 0 0 0 0 0 0 0 0 0 0 0 0 0 0 0 0 0 0 0 0 0 0 0 0 0 0 0 0 0 0 0 0 0 0 0 0 0 0 0 0 0 0 0 0 0 0 0 0 0 0 0 0 0 0 0 0 0 0 0 0 0 0 0 0 0 0 0 0 0 0 0 0 0 0 0 0 0 0 0 0 0 0 0 0 0 0 0 0 0 0 0 0 0 0 0 0 0 0 0 0 0 0 0 0 0 0 0 0 0 0 0 0 0 0 0 0 0 0 0 0 0 0 0 0 0 0 0 0 0 0 0 0 0 0 0 0 0 0 0 0 0 0 0 0 0 0 0 0 0 0 0 0 0 0 0 0 0 0 0 0 0 0 0 0 0 0 0 0 0 0 0 0 0 0 0 0 0 0 0 0 0 0 0 0 0 0 0 0 0 0 0 0 0 0 0 0 0 0 0 0 0 0 0 0 0 0 0 0 0 0 0 0 0 0 0 0 0 0 0 0 0 0 0 0 0 0 0 0 0 0 0 0 0 0 0 0 0 0 0 0 0 0 0 0 0 0 0 0 0 0 0 0 0 0 0 0 0 0 0 0 0 0 0 0 0 0 0 0 0 0 0 0 0 0 0 0 0 0 0 0 0 0 0 0 0 0 0 0 0 0 0 0 0 0 0 0
0 0 0 0 0 0 0 0 4 4 4 4 4 4 4 4 4 4 4 4 4 4 4 4 3 1 3 1 3 1 3 1 4 2 4 2 4 2 4 4 4 4 4 4 4 4 4 4 2 2 2 2 2 2 2 2 2 2 2 2 2 2 2 2 3 3 3 3 3 3 3 3 3 3 3 3 3 3 3 3 3 3 3 3 3 3 3 3 6 6 6 6 6 6 6 6 4 4 4 4 4 4 4 4 2 2 2 2 2 2 2 2 2 2 2 2 2 2 2 2 2 2 2 2 2 2 2 2 2 2 2 2 2 2 2 2 2 2 4 2 4 2 4 2 4 2 4 2 4 2 4 2 2 0 2 0 2 0 2 0 2 0 2 0 2 0 2 2 2 2 4 2 4 2 4 2 4 2 4 2 4 2 4 2 2 0 2 0 2 0 2 0 2 0 2 0 2 0 2 2 2 2 2 2 2 2 2 2 4 4 4 4 4 4 4 4 2 2 2 2 2 2 2 2 2 2 2 2 2 2 2 2 2 2 2 2 2 2 2 2 2 2 2 2 2 2 2 2 4 4 4 4 4 4 4 4 4 4 4 4 4 4 4 4 2 2 2 2 2 2 2 2 3 3 3 3 3 3 3 3 5 5 5 5 5 5 5 5 6 6 6 6 6 6 6 6 2 2 2 2 2 2 2 2 2 2 2 2 2 2 2 2 2 2 2 2 2 2 2 2 2 2 2 2 2 2 2 2 2 2 2 2 2 2 2 2 2 2 2 2 2 2 2 2 2 2 2 2 2 2 2 2 2 2 2 2 2 2 2 2 4 4 4 4 4 4 4 4 4 4 4 4 4 4 4 4 4 4 4 4 4 4 4 4 2 2 2 2 2 2 2 2 4 4 4 4 4 4 4 4 4 4 4 4 4 4 4 4 2 0 2 0 2 0 2 0 4 2 4 2 4 2 4 2 2 0 2 0 2 0 2 0 2 0 2 0 2 0 2 2 2 2 2 2 2 2 2 2 2 2 2 2 2 2 2 2 4 4 4 4 4 4 4 4 4 4 4 4 4 4 4 4 2 0 2 0 2 0 2 0 2 0 2 0 2 0 2 0 2 0 2 0 2 0 2 0 2 0 2 0 2 0 2 2 4 4 4 4 4 4 4 4 4 4 4 4 4 4 4 4 2 2 2 2 2 2 2 2 2 2 2 2 2 2 2 2 2 2 2 2 2 2 2 2 2 2 2 2 2 2 2 2 2 0 2 0 2 0 2 0 2 0 2 0 2 0 2 0 0 0 0 0 0 0 0 0
0 0 0 0 0 0 0 0 5 5 5 5 5 5 5 5 5 5 5 5 5 5 5 5 5 4 5 4 5 4 5 4 5 4 5 4 5 4 5 4 4 4 4 4 4 4 4 4 4 4 4 4 4 4 4 4 4 4 4 4 4 4 4 4 4 4 4 4 4 4 4 4 4 4 4 4 4 4 4 4 4 4 4 4 4 4 4 4 5 5 5 5 5 5 5 5 5 5 5 5 5 5 5 5 4 4 4 4 4 4 4 4 4 4 4 4 4 4 4 4 4 4 4 4 4 4 4 4 4 4 4 4 4 4 4 4 5 5 7 5 7 5 7 5 7 5 7 5 7 5 7 5 5 4 5 4 5 4 5 4 5 4 5 4 5 4 5 5 5 5 7 5 7 5 7 5 7 5 7 5 7 5 7 5 5 4 5 4 5 4 5 4 5 4 5 4 5 4 5 4 4 4 4 4 4 4 4 4 4 4 4 4 4 4 4 4 4 4 4 4 4 4 4 4 4 4 4 4 4 4 4 4 4 4 4 4 4 4 4 4 4 4 4 4 4 4 4 4 5 5 5 5 5 5 5 5 5 5 5 5 5 5 5 5 4 4 4 4 4 4 4 4 4 4 4 4 4 4 4 4 5 5 5 5 5 5 5 5 5 5 5 5 5 5 5 5 4 4 4 4 4 4 4 4 4 4 4 4 4 4 4 4 4 4 4 4 4 4 4 4 4 4 4 4 4 4 4 4 4 4 4 4 4 4 4 4 4 4 4 4 4 4 4 4 4 4 4 4 4 4 4 4 4 4 4 4 4 4 4 4 5 5 5 5 5 5 5 5 5 5 5 5 5 5 5 5 4 4 4 4 4 4 4 4 4 4 4 4 4 4 4 4 5 5 5 5 5 5 5 5 5 5 5 5 5 5 5 5 5 4 5 4 5 4 5 4 5 4 5 4 5 4 5 4 5 4 5 4 5 4 5 4 5 4 5 4 5 4 5 4 4 4 4 4 4 4 4 4 4 4 4 4 4 4 4 4 5 5 5 5 5 5 5 5 5 5 5 5 5 5 5 5 5 4 5 4 5 4 5 4 5 4 5 4 5 4 5 4 5 4 5 4 5 4 5 4 5 4 5 4 5 4 5 5 5 5 5 5 5 5 5 5 5 5 5 5 5 5 5 5 4 4 4 4 4 4 4 4 4 4 4 4 4 4 4 4 4 4 4 4 4 4 4 4 4 4 4 4 4 4 4 4 4 4 5 4 5 4 5 4 5 4 5 4 5 4 5 4 0 0 0 0 0 0 0 0
0 0 0 0 0 0 0 0 17 17 17 17 17 17 17 17 16 16 16 16 16 16 16 16 15 15 15 15 15 15 15 15 16 16 16 16 16 16 16 16 15 15 15 15 15 15 15 15 15 15 15 15 15 15 15 15 14 14 14 14 14 14 14 14 14 14 14 14 14 14 14 14 14 14 14 14 14 14 14 14 14 14 14 14 14 14 14 14 16 16 16 16 16 16 16 16 16 16 16 16 16 16 16 15 15 15 15 15 15 15 15 15 15 15 15 15 15 15 15 15 15 15 15 15 15 15 15 15 15 15 15 15 15 15 15 15 16 18 18 18 18 18 18 18 18 18 18 18 18 18 18 18 16 16 16 16 16 16 16 16 16 16 16 16 16 16 16 16 18 18 18 18 18 18 18 18 18 18 18 18 18 18 18 18 16 16 16 16 16 16 16 16 16 16 16 16 16 16 16 16 15 15 15 15 15 15 15 15 15 15 15 15 15 15 15 15 15 15 15 15 15 15 15 15 15 15 15 15 15 15 15 15 15 15 15 15 15 15 15 15 15 15 15 15 15 15 15 15 16 16 16 16 16 16 16 16 16 16 16 16 16 16 16 15 15 15 15 15 15 15 15 15 14 14 14 14 14 14 14 14 15 15 15 15 15 15 15 15 16 16 16 16 16 16 16 15 15 15 15 15 15 15 15 15 15 15 15 15 15 15 15 15 15 15 15 15 15 15 15 15 15 15 15 15 15 15 15 15 15 15 15 15 15 15 15 15 15 15 15 15 15 15 15 15 15 15 15 15 15 15 15 15 15 15 15 15 15 15 15 15 16 16 16 16 16 16 16 16 16 16 16 16 16 16 16 15 15 15 15 15 15 15 15 15 15 15 15 15 15 15 15 15 16 16 16 16 16 16 16 16 16 16 16 16 16 16 16 16 16 16 16 16 16 16 16 16 16 16 16 16 16 16 16 16 16 16 16 16 16 16 16 16 16 16 16 16 16 16 16 16 15 15 15 15 15 15 15 15 15 15 15 15 15 15 15 15 16 16 16 16 16 16 16 16 16 16 16 16 16 16 16 16 16 16 16 16 16 16 16 16 16 16 16 16 16 16 16 16 16 16 16 16 16 16 16 16 16 16 16 16 16 16 16 16 16 16 16 16 16 16 16 16 16 16 16 16 16 16 16 15 15 15 15 15 15 15 15 15 15 15 15 15 15 15 15 15 15 15 15 15 15 15 15 15 15 15 15 15 15 15 15 15 16 16 16 16 16 16 16 16 16 16 16 16 16 16 16 16 0 0 0 0 0 0 0 0
0 0 0 0 0 0 0 0 37 37 37 37 37 37 37 37 37 37 37 37 37 37 37 37 39 39 39 39 39 39 39 39 40 40 40 40 40 40 40 40 38 36 36 36 36 36 36 36 35 35 35 35 35 35 35 35 35 35 35 35 35 35 35 35 35 35 35 35 35 35 35 35 35 35 35 35 35 35 35 35 35 35 35 35 35 35 35 35 38 38 38 38 38 38 38 38 40 40 40 40 40 40 40 40 40 38 38 38 38 38 38 38 38 38 38 38 38 38 38 38 38 38 38 38 38 38 38 38 38 38 38 38 38 38 38 40 42 44 44 44 44 44 44 44 44 44 44 44 44 44 44 44 42 42 42 42 42 42 42 42 42 42 42 42 42 42 42 42 44 44 44 44 44 44 44 44 44 44 44 44 44 44 44 44 42 42 42 42 42 42 42 42 42 42 42 42 42 42 42 42 40 38 38 38 38 38 38 38 36 36 36 36 36 36 36 36 38 38 38 38 38 38 38 38 38 38 38 38 38 38 38 38 38 38 38 38 38 38 38 38 38 38 38 38 38 38 38 38 40 40 40 40 40 40 40 40 40 40 40 40 40 40 40 40 40 38 38 38 38 38 38 38 35 35 35 35 35 35 35 35 37 37 37 37 37 37 37 37 38 38 38 38 38 38 38 38 40 38 38 38 38 38 38 38 38 38 38 38 38 38 38 38 38 38 38 38 38 38 38 38 38 38 38 38 38 38 38 38 38 38 38 38 38 38 38 38 38 38 38 38 38 38 38 38 38 38 38 38 38 38 38 38 38 38 38 38 38 38 38 38 40 40 40 40 40 40 40 40 40 40 40 40 40 40 40 40 38 36 36 36 36 36 36 36 38 38 38 38 38 38 38 38 40 40 40 40 40 40 40 40 40 40 40 40 40 40 40 40 42 42 42 42 42 42 42 42 40 40 40 40 40 40 40 40 42 42 42 42 42 42 42 42 42 42 42 42 42 42 42 42 40 38 38 38 38 38 38 38 38 38 38 38 38 38 38 38 40 40 40 40 40 40 40 40 40 40 40 40 40 40 40 40 42 42 42 42 42 42 42 42 42 42 42 42 42 42 42 42 42 42 42 42 42 42 42 42 42 42 42 42 42 42 42 42 40 40 40 40 40 40 40 40 40 40 40 40 40 40 40 40 40 38 38 38 38 38 38 38 38 38 38 38 38 38 38 38 38 38 38 38 38 38 38 38 38 38 38 38 38 38 38 40 42 42 42 42 42 42 42 42 42 42 42 42 42 42 42 42 0 0 0 0 0 0 0 0
0 0 0 0 0 0 0 0 153 153 153 153 153 153 153 153 159 159 159 159 159 159 159 159 162 162 163 162 163 162 163 162 164 163 164 163 164 163 164 163 161 159 159 159 159 159 159 159 157 157 157 157 157 157 157 157 156 156 156 156 156 156 156 156 158 158 158 158 158 158 158 158 158 158 158 158 158 158 158 158 158 158 158 158 158 158 158 158 161 161 161 161 161 161 161 161 163 163 163 163 163 163 163 163 163 161 163 161 163 161 163 161 163 161 163 161 163 161 163 161 163 161 163 161 163 161 163 161 163 161 163 161 163 161 163 163 165 166 166 166 166 166 166 166 166 166 166 166 166 166 166 166 165 165 165 165 165 165 165 165 165 165 165 165 165 165 165 165 166 166 166 166 166 166 166 166 166 166 166 166 166 166 166 166 166 165 166 165 166 165 166 165 166 165 166 165 166 165 166 165 163 161 161 161 161 161 161 161 159 159 159 159 159 159 159 159 161 161 161 161 161 161 161 161 161 161 161 161 161 161 161 161 161 161 163 161 163 161 163 161 163 161 163 161 163 161 163 163 163 163 163 163 163 163 163 163 163 163 163 163 163 163 163 163 161 161 161 161 161 161 161 161 158 158 158 158 158 158 158 158 160 160 160 160 160 160 160 160 161 161 161 161 161 161 161 161 163 161 163 161 163 161 163 161 163 161 163 161 163 161 163 161 163 161 163 161 163 161 163 161 163 161 163 161 163 161 163 161 163 161 163 161 163 161 163 161 163 161 163 161 163 161 163 161 163 161 163 161 163 161 163 161 163 161 163 161 163 161 163 163 163 163 163 163 163 163 163 163 163 163 163 163 163 163 163 163 159 159 159 159 159 159 159 159 161 161 161 161 161 161 161 161 163 163 163 163 163 163 163 163 163 163 163 163 163 163 163 163 165 165 166 165 166 165 166 165 164 163 164 163 164 163 164 163 166 165 166 165 166 165 166 165 166 165 166 165 166 165 166 165 163 161 163 161 163 161 163 161 163 161 163 161 163 161 163 163 163 163 163 163 163 163 163 163 163 163 163 163 163 163 163 163 165 165 166 165 166 165 166 165 166 165 166 165 166 165 166 165 166 165 166 165 166 165 166 165 166 165 166 165 166 165 166 165 163 163 163 163 163 163 163 163 163 163 163 163 163 163 163 163 161 161 161 161 161 161 161 161 161 161 161 161 161 161 161 161 161 161 163 161 163 161 163 161 163 161 163 161 163 161 163 163 165 165 166 165 166 165 166 165 166 165 166 165 166 165 166 165 0 0 0 0 0 0 0 0
0 0 0 0 0 0 0 0 219 219 219 220 221 222 224 225 226 226 227 228 228 229 230 231 231 231 234 233 235 234 237 235 237 235 237 235 237 235 237 235 232 230 230 230 230 230 230 230 230 229 228 227 226 225 226 226 226 226 226 226 226 226 226 226 226 226 226 226 226 226 226 226 227 226 226 226 226 227 228 229 226 226 227 228 228 229 230 230 232 232 232 231 231 230 230 230 233 233 234 235 235 236 237 237 236 236 237 235 236 234 235 234 236 235 236 235 236 235 236 235 237 236 237 236 237 236 237 236 237 236 237 236 237 236 237 237 238 238 238 238 238 238 238 238 238 238 238 238 238 238 238 238 236 236 236 236 236 236 236 236 237 237 237 237 237 237 237 237 239 239 239 239 239 239 239 239 238 238 238 238 238 238 238 238 238 238 240 238 240 238 240 238 241 239 241 238 240 237 239 237 233 232 233 234 234 234 234 233 233 233 233 232 232 231 231 231 229 229 229 230 231 232 233 234 235 235 235 235 235 235 235 235 236 236 237 236 237 236 237 236 237 236 237 237 238 238 239 239 238 238 238 238 238 238 238 238 239 239 239 238 238 238 237 237 235 235 234 234 233 232 231 231 228 228 228 228 228 228 228 228 230 230 230 230 230 230 230 230 232 232 232 233 233 234 234 234 235 235 236 236 237 237 238 237 238 237 238 237 238 237 238 237 238 237 238 237 238 237 238 237 238 237 238 237 238 237 238 237 237 236 237 236 237 236 237 236 237 236 237 236 237 236 237 236 238 237 238 237 238 237 238 237 238 238 239 238 239 237 237 235 235 235 235 235 235 235 235 235 235 235 235 235 235 235 235 235 233 233 233 232 232 231 231 231 232 233 234 235 235 235 235 234 237 237 237 238 238 239 239 239 237 237 237 237 237 237 237 238 239 239 241 239 241 239 241 239 239 237 239 237 239 237 239 237 240 238 240 238 240 238 240 238 240 238 240 238 240 238 240 238 237 236 237 236 237 236 237 236 237 236 237 236 237 236 237 236 237 237 237 237 237 237 237 237 238 238 238 237 237 236 236 237 240 240 242 240 242 240 242 240 242 240 242 240 242 240 242 240 242 240 242 240 242 240 242 240 242 240 242 240 242 240 242 240 238 237 237 237 237 237 237 237 237 237 237 237 237 237 237 237 235 235 235 235 235 235 235 235 235 235 235 235 235 235 235 235 238 238 239 237 238 236 237 236 237 236 237 236 237 236 237 237 239 239 241 239 241 239 241 239 242 240 242 240 242 240 242 240 0 0 0 0 0 0 0 0
0 0 0 0 0 0 0 0 227 227 227 227 229 230 232 233 234 234 235 236 236 237 238 240 240 242 243 244 244 245 246 246 246 246 246 246 246 246 246 244 240 239 239 239 239 239 239 239 239 238 237 236 235 234 235 235 235 235 235 235 235 235 235 235 235 235 235 235 235 235 235 235 236 235 235 235 235 236 237 238 235 235 236 237 237 238 239 239 240 240 240 239 239 238 238 238 241 241 242 242 243 244 245 245 246 246 246 245 245 244 244 244 245 245 245 245 245 245 245 245 246 246 246 246 246 246 246 246 246 246 246 246 246 246 246 246 247 247 247 247 247 247 247 247 247 247 247 247 247 247 247 245 245 245 245 245 245 245 245 245 246 246 246 246 246 246 246 246 248 248 248 248 248 248 248 248 247 247 247 247 247 247 247 247 249 249 249 249 249 249 249 249 250 250 250 249 249 248 248 246 241 241 242 243 243 243 243 242 242 242 242 241 241 240 240 240 238 238 238 239 240 241 242 243 244 244 244 244 244 244 244 244 246 246 246 246 246 246 246 246 246 246 246 247 247 247 248 248 246 246 246 246 246 246 246 246 247 247 246 246 245 245 245 245 244 244 243 242 241 241 240 240 237 237 237 237 237 237 237 237 238 238 238 238 238 238 238 238 240 240 240 241 241 241 242 242 245 245 245 246 246 246 247 247 247 247 247 247 247 247 247 247 247 247 247 247 247 247 247 247 247 247 247 247 247 247 247 247 246 246 246 246 246 246 246 246 246 246 246 246 246 246 246 246 247 247 247 247 247 247 247 247 247 248 248 248 248 247 246 245 243 243 243 243 243 243 243 243 243 243 243 243 243 243 243 243 242 242 242 241 241 240 240 240 241 242 243 243 244 244 243 243 245 245 245 246 246 246 247 247 245 245 245 245 245 245 245 247 248 250 250 250 250 250 250 250 249 249 249 249 249 249 249 249 249 249 249 249 249 249 249 249 249 249 249 249 249 249 249 247 246 246 246 246 246 246 246 246 246 246 246 246 246 246 246 246 245 245 245 245 245 245 245 245 246 246 246 245 245 244 244 246 249 251 251 251 251 251 251 251 251 251 251 251 251 251 251 251 251 251 251 251 251 251 251 251 251 251 251 251 251 251 251 249 247 245 245 245 245 245 245 245 245 245 245 245 245 245 245 245 244 244 244 244 244 244 244 244 244 244 244 244 244 244 244 244 248 248 248 247 247 246 246 246 246 246 246 246 246 246 246 246 248 250 250 250 250 250 250 250 251 251 251 251 251 251 251 251 0 0 0 0 0 0 0 0
0 0 0 0 0 0 0 0 235 235 235 236 237 239 241 242 243 243 244 245 245 246 247 247 247 247 248 249 249 250 251 251 251 251 251 251 251 251 251 249 247 246 246 246 246 246 246 246 246 245 244 243 242 241 242 242 242 242 242 242 242 242 242 242 242 242 242 242 242 242 242 242 242 242 242 242 242 243 244 244 242 242 243 244 244 245 246 246 247 249 249 248 248 247 247 247 250 250 250 251 252 253 253 254 253 253 253 252 252 251 251 251 252 252 252 252 252 252 252 252 253 253 253 253 253 253 253 253 253 253 253 253 253 253 253 253 252 252 252 252 252 252 252 252 252 252 252 252 252 252 252 252 252 250 250 250 250 250 250 250 251 251 251 251 251 251 251 251 253 253 253 253 253 253 253 253 252 252 252 252 252 252 252 252 254 254 254 254 254 254 254 254 255 255 255 254 254 253 253 251 248 248 249 250 250 250 250 249 249 249 249 248 248 247 247 247 246 245 245 245 246 247 249 249 250 250 250 250 250 250 250 250 253 253 253 253 253 253 253 253 252 252 253 253 253 254 254 254 255 255 255 255 255 255 255 255 255 255 254 254 254 253 253 251 250 250 249 249 248 247 246 246 244 244 244 244 244 244 244 244 245 247 247 247 247 247 247 247 249 249 249 249 250 250 250 251 252 252 252 252 253 253 253 254 254 254 254 254 254 254 254 254 254 254 254 254 254 254 254 254 254 254 254 254 254 254 254 254 253 253 253 253 253 253 253 253 253 253 253 253 253 253 253 253 254 254 254 254 254 254 254 254 254 255 255 255 255 254 253 252 252 252 252 252 252 252 252 252 252 252 252 252 252 252 252 250 249 249 249 248 248 247 247 247 248 248 249 250 251 251 250 250 252 254 254 254 255 255 255 255 253 253 253 253 253 253 253 253 255 255 255 255 255 255 255 255 254 254 254 254 254 254 254 254 254 254 254 254 254 254 254 254 254 254 254 254 254 254 254 254 253 253 253 253 253 253 253 253 253 253 253 253 253 253 253 253 254 254 254 254 254 254 254 254 255 255 255 254 254 253 253 253 255 255 255 255 255 255 255 255 255 255 255 255 255 255 255 255 255 255 255 255 255 255 255 255 255 255 255 255 255 255 255 255 254 254 254 254 254 254 254 254 254 254 254 254 254 254 254 252 251 251 251 251 251 251 251 251 251 251 251 251 251 251 251 251 255 255 255 254 254 253 253 253 253 253 253 253 253 253 253 253 255 255 255 255 255 255 255 255 255 255 255 255 255 255 255 255 0 0 0 0 0 0 0 0
0 0 0 0 0 0 0 0 239 239 239 240 241 243 244 245 247 247 248 249 249 250 251 251 251 251 252 253 253 254 255 255 255 255 255 255 255 255 255 253 251 249 249 249 249 249 249 249 249 248 247 246 245 244 245 245 245 245 245 245 245 245 245 245 244 244 244 244 244 244 244 244 245 245 244 244 245 245 246 247 245 245 246 247 247 248 249 251 253 253 253 252 252 251 251 251 253 253 254 255 255 255 255 255 255 255 255 255 255 255 255 255 255 255 255 255 255 255 255 255 255 255 255 255 255 255 255 255 255 255 255 255 255 255 255 255 255 255 255 255 255 255 255 255 255 255 255 255 255 255 255 255 254 254 254 254 254 254 254 254 255 255 255 255 255 255 255 255 255 255 255 255 255 255 255 255 255 255 255 255 255 255 255 255 255 255 255 255 255 255 255 255 255 255 255 255 255 255 255 255 252 251 252 253 253 253 253 252 252 252 252 251 251 250 250 250 249 248 248 248 249 250 251 251 252 252 252 252 252 252 252 254 255 255 255 255 255 255 255 255 255 255 255 255 255 255 255 255 255 255 255 255 255 255 255 255 255 255 255 255 255 255 255 255 254 252 252 251 250 249 249 248 247 247 247 247 247 247 247 249 251 251 251 251 251 251 251 251 252 252 253 253 253 254 254 254 255 255 255 255 255 255 255 255 255 255 255 255 255 255 255 255 255 255 255 255 255 255 255 255 255 255 255 255 255 255 255 255 255 255 255 255 255 255 255 255 255 255 255 255 255 255 255 255 255 255 255 255 255 255 255 255 255 255 255 255 255 255 255 255 255 255 255 255 255 255 255 255 255 255 255 255 255 255 255 255 254 252 252 251 251 250 250 250 250 251 252 253 253 253 253 254 255 255 255 255 255 255 255 255 255 255 255 255 255 255 255 255 255 255 255 255 255 255 255 255 255 255 255 255 255 255 255 255 255 255 255 255 255 255 255 255 255 255 255 255 255 255 255 255 255 255 255 255 255 255 255 255 255 255 255 255 255 255 255 255 255 255 255 255 255 255 255 255 255 255 255 255 255 255 255 255 255 255 255 255 255 255 255 255 255 255 255 255 255 255 255 255 255 255 255 255 255 255 255 255 255 255 255 255 255 255 255 255 255 255 255 255 255 255 255 255 255 255 255 255 255 255 255 255 255 254 254 254 254 254 254 254 254 254 254 254 254 254 254 255 255 255 255 255 255 255 255 255 255 255 255 255 255 255 255 255 255 255 255 255 255 255 255 255 255 255 255 255 255 255 255 255 0 0 0 0 0 0 0 0
0 0 0 0 0 0 0 0 238 238 239 239 241 242 244 245 247 247 248 249 249 250 251 251 251 251 252 253 253 254 255 255 255 255 255 255 255 255 255 253 251 251 251 251 251 251 251 251 251 250 249 248 247 246 247 247 247 247 247 247 247 247 247 247 246 246 246 246 246 246 246 246 247 246 246 246 246 247 248 249 247 247 248 249 249 250 251 251 253 253 253 252 252 251 251 251 253 253 254 254 255 255 255 255 255 255 255 255 255 255 255 255 255 255 255 255 255 255 255 255 255 255 255 255 255 255 255 255 255 255 255 255 255 255 255 255 255 255 255 255 255 255 255 255 255 255 255 255 255 255 255 255 254 252 252 252 252 252 252 252 253 253 253 253 253 253 253 255 255 255 255 255 255 255 255 255 255 255 255 255 255 255 255 255 255 255 255 255 255 255 255 255 255 255 255 255 255 255 255 255 252 253 254 255 255 255 255 254 254 254 254 253 253 252 252 252 251 250 250 250 250 251 252 252 252 252 252 252 252 252 252 252 255 255 255 255 255 255 255 255 255 255 255 255 255 255 255 255 255 255 255 255 255 255 255 255 255 255 255 255 255 255 254 254 254 253 253 252 251 250 250 250 249 249 249 249 249 249 249 249 251 251 251 251 251 251 251 251 252 252 252 253 253 253 254 254 255 255 255 255 255 255 255 255 255 255 255 255 255 255 255 255 255 255 255 255 255 255 255 255 255 255 255 255 255 255 255 255 255 255 255 255 255 255 255 255 255 255 255 255 255 255 255 255 255 255 255 255 255 255 255 255 255 255 255 255 255 255 255 255 255 255 255 255 255 255 255 255 255 255 255 255 255 255 255 255 254 254 254 253 253 252 252 252 252 253 254 254 255 255 254 254 255 255 255 255 255 255 255 255 255 255 255 255 255 255 255 255 255 255 255 255 255 255 255 255 255 255 255 255 255 255 255 255 255 255 255 255 255 255 255 255 255 255 255 255 255 255 255 255 255 255 255 255 255 255 255 255 255 255 255 255 255 255 255 255 255 255 255 255 255 255 255 255 255 255 255 255 255 255 255 255 255 255 255 255 255 255 255 255 255 255 255 255 255 255 255 255 255 255 255 255 255 255 255 255 255 255 255 255 255 255 255 255 255 255 255 255 255 255 255 255 255 255 255 255 255 255 255 255 255 255 255 255 255 255 255 255 255 255 255 255 255 255 255 255 255 255 255 255 255 255 255 255 255 255 255 255 255 255 255 255 255 255 255 255 255 255 255 255 255 255 255 255 255 255 255 255 0 0 0 0 0 0 0 0
0 0 0 0 0 0 0 0 238 236 238 237 240 240 243 242 247 245 248 247 249 248 251 251 249 249 250 251 251 252 253 253 253 253 253 253 253 253 253 253 251 249 251 249 251 249 251 249 251 248 249 246 247 244 247 245 247 245 247 245 247 245 247 245 245 243 245 243 245 243 245 243 246 244 245 243 246 245 248 246 247 245 248 247 249 248 251 251 251 251 253 250 252 249 251 249 252 251 253 252 255 254 255 255 255 255 255 255 255 255 255 255 255 255 255 255 255 255 255 255 255 255 255 255 255 255 255 255 255 255 255 255 255 255 255 255 255 254 254 254 254 254 254 254 254 254 254 254 254 254 254 254 252 250 250 250 250 250 250 250 251 251 251 251 251 251 251 253 255 255 255 255 255 255 255 255 254 254 254 254 254 254 254 254 255 255 255 255 255 255 255 255 255 255 255 255 255 255 255 255 252 251 254 253 255 253 255 252 254 252 254 251 253 250 252 250 251 249 250 248 250 248 251 249 251 249 251 249 251 249 251 251 255 255 255 255 255 255 255 255 255 255 255 255 255 255 255 255 255 254 255 254 255 254 255 254 255 253 255 252 254 252 253 251 253 251 252 249 250 248 249 247 249 247 249 247 249 247 249 249 249 249 251 249 251 249 251 249 251 250 252 250 253 251 253 253 255 255 255 255 255 255 255 255 255 255 255 255 255 255 255 255 255 255 255 255 255 255 255 255 255 255 255 255 255 255 255 255 255 255 255 255 255 255 255 255 255 255 255 255 255 255 255 255 255 255 255 255 255 255 255 255 255 255 255 255 255 255 255 255 255 254 255 254 255 254 255 254 255 254 255 254 255 254 255 254 254 252 254 251 253 250 252 250 252 250 253 252 254 252 254 254 254 255 255 255 255 255 255 255 255 253 255 253 255 253 255 255 255 255 255 255 255 255 255 255 255 255 255 255 255 255 255 255 255 255 255 255 255 255 255 255 255 255 255 255 255 255 255 255 255 255 255 255 255 255 255 255 255 255 255 255 255 255 255 255 255 255 255 255 255 255 255 255 255 255 255 255 255 255 255 255 255 255 255 255 255 255 255 255 255 255 255 255 255 255 255 255 255 255 255 255 255 255 255 255 255 255 255 255 255 255 255 255 255 254 255 254 255 254 255 254 255 255 255 255 255 255 255 255 255 254 255 254 255 254 255 254 255 254 255 254 255 254 255 255 255 255 255 255 255 255 255 255 255 255 255 255 255 255 255 255 255 255 255 255 255 255 255 255 255 255 255 255 255 255 255 255 0 0 0 0 0 0 0 0
0 0 0 0 0 0 0 0 236 234 236 235 238 238 241 240 245 243 246 245 247 246 249 249 247 247 248 249 249 250 251 251 251 251 251 251 251 251 251 249 249 247 249 247 249 247 249 247 249 246 247 244 245 242 245 243 245 243 245 243 245 243 245 243 243 241 243 241 243 241 243 241 244 242 243 241 244 242 245 244 245 243 246 245 247 246 249 249 249 249 251 248 250 247 249 247 250 248 251 250 253 251 254 254 255 255 255 255 255 255 255 255 255 255 255 255 255 255 255 255 255 255 255 255 255 255 255 255 255 255 255 255 255 255 255 255 252 250 250 250 250 250 250 250 250 250 250 250 250 250 250 250 249 249 249 249 249 249 249 249 250 250 250 250 250 250 250 250 251 251 251 251 251 251 251 251 250 250 250 250 250 250 250 250 252 254 254 254 254 254 254 254 255 255 255 254 254 253 253 251 250 249 252 251 253 251 253 250 252 250 252 249 251 248 250 248 249 247 248 245 247 246 248 247 248 246 248 246 248 246 248 248 253 255 255 255 255 255 255 255 255 255 255 254 254 254 253 251 252 250 252 250 252 250 252 250 252 250 252 250 251 249 250 248 250 248 249 247 248 245 246 244 247 245 247 245 247 245 247 247 247 247 249 247 249 247 249 247 249 247 250 248 250 249 251 251 252 254 255 255 255 255 255 255 255 255 255 255 255 255 255 255 255 255 255 255 255 255 255 255 255 255 255 255 255 255 255 255 255 255 255 255 255 255 255 255 255 255 255 255 255 255 255 255 255 255 255 255 255 255 255 255 255 255 255 255 255 255 255 254 254 252 254 252 254 252 254 252 254 252 254 252 254 252 254 252 252 250 252 249 251 248 250 248 249 248 251 250 252 250 252 251 252 252 255 253 255 254 255 254 252 250 252 250 252 250 252 252 253 253 253 253 253 253 253 253 254 254 254 254 254 254 254 254 254 254 254 254 254 254 254 254 254 254 254 254 254 254 254 254 255 255 255 255 255 255 255 255 255 255 255 255 255 255 255 255 255 254 255 254 255 254 255 254 255 255 255 254 255 253 255 255 254 254 254 254 254 254 254 254 254 254 254 254 254 254 254 254 254 254 254 254 254 254 254 254 254 254 254 254 254 254 254 254 254 252 254 252 254 252 254 252 255 254 255 254 255 254 255 254 254 252 254 252 254 252 254 252 254 252 254 252 254 252 254 254 255 255 255 255 255 255 255 255 255 255 255 255 255 255 255 255 255 255 255 255 255 255 255 255 254 254 254 254 254 254 254 254 0 0 0 0 0 0 0 0
0 0 0 0 0 0 0 0 234 232 234 235 236 237 239 240 243 243 244 245 245 246 247 247 245 245 246 247 249 250 251 251 251 251 249 249 249 249 247 247 247 247 247 247 247 247 247 247 247 246 245 244 243 242 243 243 243 243 243 243 243 243 243 243 241 241 241 241 241 241 241 241 242 241 241 241 241 242 243 244 243 243 244 245 245 246 247 247 249 249 249 248 248 247 247 247 248 248 249 250 252 251 254 254 255 255 255 254 254 253 253 253 254 254 254 254 254 254 254 254 255 255 255 255 255 255 255 255 255 255 255 255 255 255 255 253 250 250 250 250 250 250 250 249 249 249 249 249 249 249 249 249 249 249 249 249 249 249 249 249 250 250 250 250 250 250 250 250 250 250 251 250 251 250 251 250 250 249 250 249 250 249 250 250 252 252 252 252 252 252 252 252 253 253 253 252 252 251 251 251 248 249 250 251 251 251 251 250 250 250 250 249 249 248 248 248 247 247 246 245 245 245 246 246 246 246 246 246 246 246 246 246 253 253 253 253 253 253 253 253 253 253 253 252 252 251 251 250 251 249 251 249 251 249 249 249 250 250 249 249 249 248 248 248 248 248 247 246 245 245 244 244 245 245 245 245 245 245 245 245 245 245 247 247 247 247 247 247 247 247 247 248 248 249 249 249 252 252 252 253 253 254 254 254 254 254 254 254 254 254 254 254 254 254 254 254 254 254 254 254 254 254 254 254 254 254 254 254 255 255 255 255 255 255 255 255 255 255 255 255 255 255 255 255 255 255 255 255 255 255 255 255 255 255 255 255 255 255 255 254 252 252 252 252 252 252 252 252 252 252 252 252 252 250 252 250 250 250 250 249 249 248 248 248 247 248 249 250 250 250 250 249 250 250 252 253 253 254 254 254 250 250 250 250 250 250 250 250 251 251 251 251 251 251 251 251 251 251 251 251 251 251 251 251 252 252 252 252 252 252 252 252 252 252 252 252 252 252 252 252 255 255 255 255 255 255 255 255 255 255 255 255 255 255 255 255 254 254 254 254 254 254 254 254 255 255 255 254 254 253 253 253 252 252 252 252 252 252 252 252 252 252 252 252 252 252 252 252 252 252 252 252 252 252 252 252 252 252 252 252 252 252 252 252 252 252 252 252 252 252 252 252 254 254 254 254 254 254 254 254 252 252 252 252 252 252 252 252 252 252 252 252 252 252 252 252 255 255 255 255 255 255 255 255 255 255 255 255 255 255 255 255 253 253 253 253 253 253 253 253 252 252 252 252 252 252 252 252 0 0 0 0 0 0 0 0
0 0 0 0 0 0 0 0 232 231 232 233 234 235 237 238 242 244 248 249 250 250 249 248 245 245 248 249 251 252 253 253 253 253 251 249 249 247 246 246 247 247 247 247 247 247 247 247 249 247 244 242 241 242 243 244 242 242 242 242 242 242 242 242 242 242 242 242 242 242 242 242 243 243 243 243 243 243 243 243 243 243 244 245 245 246 247 247 247 247 248 247 246 246 247 247 250 250 251 252 254 253 255 254 254 254 254 254 254 254 254 254 254 254 254 254 254 254 254 254 254 254 254 254 254 254 254 254 254 254 255 255 255 255 255 255 252 252 252 252 252 252 252 250 249 249 249 249 248 248 248 248 250 250 250 250 250 250 250 250 251 251 251 251 251 251 251 251 252 252 254 252 254 252 254 252 252 250 252 250 252 250 252 252 252 252 252 252 252 252 252 252 253 253 253 252 252 251 251 251 249 249 249 250 250 251 251 251 250 250 250 249 249 248 248 248 246 246 246 245 245 244 244 244 247 247 247 246 246 245 245 245 251 251 251 251 251 251 251 251 251 252 252 252 252 251 250 249 250 250 252 250 252 250 250 250 250 250 248 247 247 247 244 244 246 246 246 246 246 246 246 246 244 244 244 245 245 246 246 246 246 245 246 246 246 246 246 246 247 247 249 250 250 251 251 251 253 254 254 254 254 253 252 251 252 252 252 252 252 252 252 252 252 252 253 253 253 254 254 254 253 253 253 253 253 253 253 253 253 254 255 255 255 255 255 255 254 254 254 254 254 254 254 254 255 255 255 255 255 255 255 255 255 255 255 255 255 254 254 254 255 255 255 255 255 255 253 253 249 249 249 249 249 248 249 249 250 250 250 249 249 248 248 248 249 249 249 249 249 249 249 249 249 248 249 249 249 249 249 249 249 249 251 251 251 251 251 251 252 252 252 252 252 252 252 252 253 253 253 253 253 253 253 253 252 252 253 254 255 255 255 255 254 254 254 254 254 254 254 254 255 255 255 255 255 255 255 255 255 255 255 255 255 255 255 255 255 255 255 255 255 255 255 255 255 255 255 255 254 254 253 252 253 253 253 253 253 253 253 253 253 253 253 253 253 253 253 253 253 253 253 253 253 253 253 253 252 252 252 252 252 252 252 252 253 253 253 253 253 253 253 253 255 255 255 255 255 255 255 254 253 253 253 253 253 253 253 253 252 252 252 252 252 252 252 252 255 255 255 255 255 254 254 254 255 255 255 255 255 255 255 255 254 254 254 253 253 252 252 252 253 253 253 253 253 253 253 253 0 0 0 0 0 0 0 0
0 0 0 0 0 0 0 0 231 231 231 231 234 235 237 238 242 243 247 249 250 250 249 248 245 245 248 249 253 254 255 255 254 252 252 249 249 246 246 245 247 247 247 247 247 247 247 247 248 247 244 242 241 242 243 244 242 242 242 242 242 242 242 242 242 242 242 242 242 242 242 242 243 243 243 243 243 243 243 243 243 243 244 245 245 246 247 247 247 247 249 248 247 246 248 247 250 250 253 253 254 255 255 255 254 254 254 254 254 254 254 254 254 254 254 254 254 254 254 254 254 254 254 254 254 255 255 255 254 255 255 255 255 255 255 254 254 254 254 254 254 254 252 252 249 249 249 249 248 248 248 248 251 251 251 251 251 251 251 251 253 253 253 253 253 253 253 253 253 253 253 253 253 253 253 253 252 252 252 252 252 252 252 252 252 252 252 252 252 252 252 252 253 253 253 252 252 251 251 251 249 249 249 250 250 251 251 251 250 250 250 249 249 248 248 248 246 246 246 246 245 245 245 245 247 247 247 247 246 246 245 245 251 251 251 251 251 251 251 251 251 251 252 252 251 251 250 249 252 252 252 252 252 252 250 250 250 250 247 247 247 246 244 244 246 246 246 246 246 246 246 246 244 244 244 245 245 245 246 246 245 245 245 245 246 246 246 246 247 247 249 250 250 250 251 251 253 253 254 254 253 252 252 251 250 250 250 250 250 250 250 250 251 251 251 252 253 253 254 254 253 253 253 253 253 253 253 253 253 254 255 255 255 255 255 255 254 254 254 254 254 254 254 254 255 255 255 255 255 255 255 255 255 255 255 255 255 255 254 254 255 255 255 255 255 255 253 253 249 249 249 249 248 248 248 248 250 250 249 249 249 248 248 248 249 249 249 249 249 249 249 249 248 248 248 248 249 249 249 249 249 249 251 251 251 251 251 251 252 252 252 252 252 252 252 252 252 252 252 252 252 252 252 252 251 252 252 253 254 255 255 255 254 254 254 254 254 254 254 254 255 255 255 255 255 255 255 255 255 255 255 255 255 255 255 255 255 255 255 255 255 255 255 255 255 255 255 255 255 254 253 253 253 253 253 253 253 253 253 253 253 253 253 253 253 253 253 253 253 253 253 253 253 253 253 253 252 252 252 252 252 252 252 252 253 253 253 253 253 253 253 253 255 255 255 255 255 255 255 255 255 253 253 253 253 253 253 253 252 252 252 252 252 252 252 254 255 255 255 255 255 255 254 254 255 255 255 255 255 255 255 255 254 254 254 253 253 252 252 252 253 253 253 253 253 253 253 253 0 0 0 0 0 0 0 0
0 0 0 0 0 0 0 0 230 230 230 231 233 235 237 238 242 243 247 249 250 249 249 248 245 245 248 249 253 254 255 255 253 252 252 248 249 246 247 245 248 248 248 248 248 248 248 248 248 246 244 243 242 242 243 244 242 242 242 242 242 242 242 242 243 243 243 243 243 243 243 243 243 243 243 243 243 243 243 243 243 243 244 245 245 246 247 247 248 248 249 248 248 247 248 248 250 250 252 253 254 255 255 255 254 254 254 254 254 254 254 254 255 255 255 255 255 255 255 255 255 255 255 255 255 255 255 255 254 255 255 255 255 255 254 254 254 254 255 255 255 255 253 253 250 250 250 250 249 249 249 249 251 251 251 251 251 251 251 251 252 252 252 253 253 253 253 253 253 253 253 253 253 253 253 253 252 252 252 252 252 252 252 252 252 252 252 252 252 252 252 252 253 253 253 252 252 251 251 251 249 249 249 250 250 251 251 251 250 250 250 249 249 248 248 248 246 246 246 246 247 247 247 247 247 247 247 247 246 246 246 246 251 251 251 251 251 251 251 251 251 251 252 252 251 250 249 249 251 251 251 251 251 251 249 249 249 249 247 246 246 246 243 243 245 245 245 245 245 245 245 245 244 244 244 244 245 245 245 246 245 245 245 245 246 246 246 246 247 247 249 249 250 250 250 251 252 253 253 253 253 252 251 250 248 248 248 248 248 248 248 248 249 249 250 251 252 253 253 254 253 253 253 253 253 253 253 253 253 253 254 255 255 255 255 255 255 255 255 255 255 255 255 255 255 255 255 255 255 255 255 255 255 255 255 255 255 255 255 255 255 255 255 255 255 255 253 253 250 250 250 250 249 249 249 249 250 249 249 249 248 248 248 248 249 249 249 249 249 249 249 249 248 248 248 248 249 249 249 249 249 249 251 251 251 251 251 251 252 252 252 252 252 252 252 252 251 251 251 251 251 251 251 251 250 251 251 252 253 254 254 255 254 254 254 254 254 254 254 254 255 255 255 255 255 255 255 255 255 255 255 255 255 255 255 255 255 255 255 255 255 255 255 255 255 255 255 255 255 255 254 254 253 253 253 253 253 253 253 253 253 253 253 253 253 253 253 253 253 253 253 253 253 253 253 253 252 252 252 252 252 252 252 252 253 253 253 253 253 253 253 253 255 255 255 255 255 255 255 255 255 255 255 255 255 255 255 255 254 254 254 254 254 254 254 254 255 255 255 255 255 255 255 254 255 255 255 255 255 255 255 255 254 254 254 254 253 253 253 253 253 253 253 253 253 253 253 253 0 0 0 0 0 0 0 0
0 0 0 0 0 0 0 0 230 230 230 231 233 235 236 237 242 243 247 248 249 249 248 248 245 245 248 249 253 254 255 255 253 251 252 248 248 246 246 244 248 248 248 248 248 248 248 248 246 246 244 243 243 243 243 244 243 243 243 243 243 243 243 243 244 244 244 244 244 244 244 244 244 244 244 244 244 244 244 244 244 244 244 245 245 246 246 246 248 248 250 249 248 247 249 248 249 249 252 253 254 254 255 255 253 253 253 253 253 253 253 253 255 255 255 255 255 255 255 255 255 255 255 255 255 255 255 255 254 254 255 255 255 254 253 252 254 254 254 254 255 255 253 253 250 250 250 250 249 249 249 249 252 252 252 252 252 252 252 252 251 252 252 252 252 253 253 253 254 254 254 254 254 254 254 254 252 252 252 252 252 252 252 252 253 253 253 253 253 253 253 253 253 253 253 252 252 251 251 251 249 249 249 250 250 251 251 251 250 250 250 249 249 248 248 248 246 246 247 247 247 248 248 248 247 247 247 247 247 246 246 246 251 251 251 251 251 251 251 251 250 251 251 251 251 250 249 248 250 250 250 250 250 250 248 248 248 248 246 246 245 245 243 242 244 244 244 244 244 244 244 244 243 243 244 244 244 245 245 245 244 244 244 244 245 245 245 245 246 246 249 249 249 250 250 250 252 252 252 252 252 251 250 250 247 247 247 247 247 247 247 247 247 248 248 249 251 252 253 253 252 252 252 252 252 252 252 252 252 253 254 255 255 255 255 254 255 255 255 255 255 255 255 255 255 255 255 255 255 255 255 255 255 255 255 255 255 255 255 255 254 254 254 254 254 254 252 252 250 250 250 250 249 249 249 249 249 249 249 248 248 248 247 247 248 248 248 248 248 248 248 248 247 247 247 247 248 248 248 248 249 249 251 251 251 251 251 251 251 251 251 251 251 251 251 251 250 250 250 250 250 250 250 250 250 250 251 251 252 253 254 254 254 254 254 254 254 254 254 254 255 255 255 255 255 255 255 255 255 255 255 255 255 255 255 255 255 255 255 255 255 255 255 255 255 255 255 255 255 255 254 254 253 253 253 253 253 253 253 253 253 253 253 253 253 253 253 253 253 253 253 253 253 253 253 253 253 253 253 253 253 253 253 253 253 253 253 253 253 253 253 253 255 255 255 255 255 255 255 255 254 254 254 254 254 254 254 254 254 254 254 254 254 254 254 254 255 255 255 255 255 255 255 255 255 255 255 255 255 255 255 255 254 254 254 254 254 254 254 253 254 254 254 254 254 254 254 254 0 0 0 0 0 0 0 0
0 0 0 0 0 0 0 0 229 229 230 230 233 234 236 237 241 242 246 248 249 249 248 247 245 245 248 249 253 254 255 255 254 252 252 248 248 245 245 243 247 247 247 247 247 247 247 247 245 245 244 244 243 243 244 244 243 243 243 243 243 243 243 243 244 244 244 244 244 244 244 244 244 244 244 244 244 244 244 244 244 244 245 245 245 245 246 246 248 248 249 248 248 247 248 248 249 249 252 252 253 254 255 255 253 253 253 253 253 253 253 253 254 254 254 254 254 254 254 254 255 255 255 255 255 254 254 254 253 253 253 253 253 252 251 250 252 253 253 253 254 254 253 253 250 250 250 250 249 249 249 249 253 253 253 253 253 253 253 253 250 251 251 252 252 253 253 253 252 252 252 252 252 252 252 252 252 252 252 252 252 252 252 252 253 253 253 253 253 253 253 253 253 253 253 252 252 251 251 251 249 249 249 250 250 251 251 251 250 250 250 249 249 248 248 248 247 247 247 247 247 247 247 247 245 245 246 246 246 246 246 246 251 251 251 251 251 251 251 251 250 250 251 251 250 250 249 248 250 250 250 250 250 250 248 248 248 247 245 245 244 244 242 242 244 244 244 244 244 244 244 244 243 243 243 244 244 244 245 245 244 244 244 244 245 245 245 245 246 246 248 249 249 249 250 250 251 251 252 252 251 250 249 249 248 248 248 248 248 248 248 248 247 248 248 249 250 251 252 252 252 252 252 252 252 252 252 252 252 253 254 254 255 255 254 254 255 255 255 255 255 255 255 255 255 255 255 255 255 255 255 255 254 254 255 255 255 255 255 255 254 254 254 254 254 254 252 252 250 250 250 250 249 249 249 249 249 249 248 248 248 247 247 247 248 248 248 248 248 248 248 248 247 247 247 247 248 248 248 248 249 249 251 251 251 251 251 251 251 251 251 251 251 251 251 251 250 250 250 250 250 250 250 250 250 250 251 251 252 253 254 254 254 254 254 254 254 254 254 254 255 255 255 255 255 255 255 255 255 255 255 255 255 255 255 255 255 255 255 255 255 255 255 255 255 255 255 255 255 254 254 254 253 253 253 253 253 253 253 253 253 253 253 253 253 253 253 253 253 253 253 253 253 253 253 253 253 253 253 253 253 253 253 253 253 253 253 253 253 253 253 253 255 255 255 255 255 255 255 255 254 254 254 254 254 254 254 254 254 254 254 254 254 254 254 254 255 255 255 255 255 255 255 255 255 255 255 255 255 255 255 255 254 254 254 254 254 254 254 255 254 254 254 254 254 254 254 254 0 0 0 0 0 0 0 0
0 0 0 0 0 0 0 0 229 229 229 230 232 234 235 236 241 242 246 248 248 248 247 247 245 245 248 249 253 254 255 255 255 253 253 248 247 243 243 240 245 245 245 245 245 245 245 245 244 244 244 244 244 244 244 244 244 244 244 244 244 244 244 244 245 245 245 245 245 245 245 245 245 245 245 245 245 245 245 245 245 245 245 245 245 245 245 245 247 247 248 247 246 246 247 247 248 249 251 252 253 254 254 254 252 252 252 252 252 252 252 252 252 252 252 252 252 252 252 252 255 255 255 254 254 253 252 252 251 251 252 251 251 249 248 247 250 251 251 252 253 253 252 252 249 249 249 249 248 248 248 248 250 252 252 252 252 252 252 252 250 250 250 251 252 252 253 253 250 250 250 250 250 250 250 250 252 252 252 252 252 252 252 252 254 254 254 254 254 254 254 254 253 253 253 252 252 251 251 251 249 249 249 250 250 251 251 251 250 250 250 249 249 248 248 248 248 247 247 247 246 246 245 245 243 244 244 244 244 245 245 245 251 251 251 251 251 251 251 251 250 250 250 250 250 249 248 248 249 249 249 249 249 249 247 247 247 247 244 244 244 243 241 241 243 243 243 243 243 243 243 243 242 243 243 243 244 244 244 244 243 243 243 243 244 244 244 244 245 246 248 248 249 249 249 249 250 250 251 251 250 250 249 248 249 249 249 249 249 249 249 249 249 249 249 250 250 250 251 251 251 251 251 251 251 251 251 251 252 252 253 254 254 254 254 254 254 254 254 254 254 254 254 254 253 253 253 253 253 253 253 253 252 253 253 253 253 254 254 254 253 253 253 253 253 253 251 251 249 249 249 249 248 248 248 248 248 248 248 248 247 247 247 246 247 247 247 247 247 247 247 247 246 246 246 246 247 247 247 247 249 249 251 251 251 251 251 251 250 250 250 250 250 250 250 250 250 250 250 250 250 250 250 250 250 251 251 252 253 254 254 255 254 254 254 254 254 254 254 254 255 255 255 255 255 255 255 255 255 255 255 255 255 255 255 255 253 253 253 253 253 253 253 253 253 253 253 253 253 253 253 253 253 253 253 253 253 253 253 253 253 253 253 253 253 253 253 253 253 253 253 253 253 253 253 253 254 254 254 254 254 254 254 254 253 253 253 253 253 253 253 253 254 254 254 254 254 254 254 254 253 253 253 253 253 253 253 253 254 254 254 254 254 254 254 254 255 255 255 255 255 255 255 255 255 255 255 255 255 255 255 255 254 254 254 254 255 255 255 255 255 255 255 255 255 255 255 255 0 0 0 0 0 0 0 0
0 0 0 0 0 0 0 0 229 229 229 230 232 234 235 236 240 242 246 247 248 248 247 247 245 245 248 249 253 254 255 255 255 255 253 248 246 242 241 238 244 244 244 244 244 244 244 244 243 244 244 244 245 244 244 244 244 244 244 244 244 244 244 244 246 246 246 246 246 246 246 246 245 245 245 245 245 245 245 245 245 245 245 245 245 245 245 245 246 245 247 246 245 244 246 246 248 248 251 252 253 253 254 254 252 252 252 252 252 252 252 252 251 251 251 251 251 251 251 251 255 255 254 253 252 251 251 250 249 250 250 249 248 247 246 245 248 249 249 250 251 252 251 251 248 248 248 248 247 247 247 247 248 248 248 248 248 248 248 248 247 247 248 249 250 250 251 251 250 250 250 250 250 250 250 250 250 250 250 250 250 250 250 250 252 252 252 252 252 252 252 252 251 251 251 250 250 249 249 249 249 249 249 250 250 251 251 251 250 250 250 249 249 248 248 248 248 248 247 246 245 244 243 243 242 242 242 243 243 243 244 244 251 251 251 251 251 251 251 251 249 250 250 250 250 249 248 247 248 248 248 248 248 248 246 246 246 246 244 243 243 243 240 240 242 242 242 242 242 242 242 242 242 242 243 243 243 244 244 244 243 243 243 243 244 244 244 244 245 245 248 248 248 249 249 249 249 250 250 250 250 249 248 247 249 249 249 249 249 249 249 249 251 251 251 251 250 250 250 250 251 251 251 251 251 251 251 251 251 252 253 254 254 254 254 253 253 253 253 253 253 253 253 253 251 251 251 251 251 251 251 251 251 251 251 252 252 252 253 253 253 253 253 253 253 253 251 251 248 248 248 248 247 247 247 247 248 248 248 247 247 247 246 246 247 247 247 247 247 247 247 247 246 246 246 246 247 247 247 247 249 249 251 251 251 251 251 251 250 250 250 250 250 250 250 250 251 251 251 251 251 251 251 251 251 252 252 253 254 255 255 255 254 254 254 254 254 254 254 254 255 255 255 255 255 255 255 255 255 255 255 255 255 255 255 255 252 252 252 252 252 252 252 252 252 252 252 252 252 252 252 252 253 253 253 253 253 253 253 253 253 253 253 253 253 253 253 253 253 253 253 253 253 253 253 253 254 254 254 254 254 254 254 254 253 253 253 253 253 253 253 253 254 254 254 254 254 254 254 254 255 255 255 255 255 255 255 255 255 255 255 255 255 255 255 255 255 255 255 255 255 255 255 255 255 255 255 255 255 255 255 255 254 254 254 255 255 255 255 255 255 255 255 255 255 255 255 255 0 0 0 0 0 0 0 0
0 0 0 0 0 0 0 0 229 229 229 230 232 233 235 236 240 242 245 247 248 248 247 246 245 245 248 249 253 254 255 255 255 255 254 248 246 241 239 236 243 243 243 243 243 243 243 243 243 243 244 245 245 245 244 244 244 244 244 244 244 244 244 244 246 246 246 246 246 246 246 246 245 245 245 245 245 245 245 245 245 245 245 245 245 245 245 245 245 245 246 245 244 244 245 245 248 248 251 252 252 253 254 254 252 252 252 252 252 252 252 252 250 250 250 250 250 250 250 250 254 254 253 252 251 250 250 249 248 248 248 248 247 246 244 243 247 248 248 249 250 251 250 250 247 247 247 247 246 246 246 246 246 246 246 246 246 246 246 246 246 247 248 248 249 250 251 251 254 254 254 254 254 254 254 254 250 250 250 250 250 250 250 250 252 252 252 252 252 252 252 252 251 251 251 250 250 249 249 249 249 249 249 250 250 251 251 251 250 250 250 249 249 248 248 248 249 248 247 246 244 243 241 241 240 241 241 241 242 243 243 243 251 251 251 251 251 251 251 251 249 250 250 250 250 249 248 247 248 248 248 248 248 248 246 246 246 246 243 243 243 242 240 240 242 242 242 242 242 242 242 242 242 242 242 243 243 244 244 244 243 243 243 243 244 244 244 244 245 245 247 248 248 249 249 249 249 249 250 250 250 249 248 247 248 248 248 248 248 248 248 248 253 253 252 251 251 250 249 249 251 251 251 251 251 251 251 251 251 252 253 254 254 254 254 253 252 252 252 252 252 252 252 252 250 250 250 250 250 250 250 250 249 250 250 250 251 252 252 252 253 253 253 253 253 253 251 251 247 247 247 247 246 246 246 246 248 248 248 247 247 246 246 246 247 247 247 247 247 247 247 247 246 246 246 246 247 247 247 247 249 249 251 251 251 251 251 251 250 250 250 250 250 250 250 250 251 251 251 251 251 251 251 251 252 252 253 254 255 255 255 255 254 254 254 254 254 254 254 254 255 255 255 255 255 255 255 255 255 255 255 255 255 255 255 255 251 251 251 251 251 251 251 251 250 250 251 251 251 251 251 251 253 253 253 253 253 253 253 253 253 253 253 253 253 253 253 253 253 253 253 253 253 253 253 253 254 254 254 254 254 254 254 254 253 253 253 253 253 253 253 253 254 254 254 254 254 254 254 254 255 255 255 255 255 255 255 255 255 255 255 255 255 255 255 255 255 255 255 255 255 255 255 255 255 255 255 255 255 255 255 255 254 254 254 255 255 255 255 255 255 255 255 255 255 255 255 255 0 0 0 0 0 0 0 0
0 0 0 0 0 0 0 0 230 230 230 231 233 234 236 237 242 243 246 247 247 247 247 246 244 244 247 248 252 253 254 254 255 254 254 248 244 239 239 238 242 242 242 243 243 244 244 244 243 244 244 245 245 244 244 243 245 245 245 244 244 244 243 243 243 243 243 243 243 243 243 243 243 243 243 243 243 243 243 243 243 243 243 243 243 243 243 243 246 245 245 244 243 242 244 245 247 248 250 252 253 254 255 255 252 252 252 251 251 251 250 250 251 251 251 251 251 251 251 251 252 251 251 250 250 249 249 249 251 251 250 249 247 245 243 242 245 247 250 252 253 253 250 249 244 243 242 242 241 242 244 245 247 247 246 245 244 243 242 242 242 243 243 244 245 246 247 247 248 248 247 247 247 247 247 247 247 247 247 248 248 249 249 250 247 248 249 251 251 250 249 249 249 249 249 248 248 248 247 247 248 248 248 248 248 248 248 248 249 249 249 248 248 248 247 247 245 245 244 243 243 242 242 241 239 239 239 239 240 241 242 243 249 249 250 250 251 251 251 251 249 248 248 248 247 246 246 246 248 248 248 248 248 248 246 246 245 245 243 243 243 243 241 241 242 242 242 242 242 242 242 242 242 242 242 242 242 242 242 242 241 241 241 241 242 242 242 242 247 247 249 249 249 249 249 249 248 248 248 248 248 248 248 248 248 248 249 249 249 250 250 250 250 250 250 250 250 250 250 250 249 249 249 250 250 251 251 251 252 252 252 252 252 252 252 252 251 251 251 251 251 251 251 251 250 250 250 250 250 250 250 250 251 251 251 251 251 251 251 251 251 251 251 251 251 251 249 249 247 247 247 247 246 246 246 246 247 247 247 247 247 247 247 247 248 247 246 245 245 245 245 246 246 246 246 246 247 247 247 247 249 249 251 251 251 251 251 251 251 251 251 251 251 251 251 251 251 251 251 251 251 251 251 251 251 251 251 252 252 253 253 253 253 253 253 253 253 253 253 253 254 254 254 254 254 254 254 255 254 254 254 254 254 254 254 254 252 252 252 252 252 252 252 252 252 252 252 252 252 252 252 252 253 253 253 253 253 253 253 253 251 251 251 252 252 253 253 253 252 252 252 253 253 254 254 254 254 254 254 254 254 254 254 254 254 254 254 254 254 254 254 254 253 253 253 253 253 253 253 253 252 252 252 253 253 254 254 254 254 254 254 255 255 255 255 255 255 255 255 255 255 255 255 255 255 255 255 255 255 254 254 254 252 253 254 255 255 255 255 254 255 255 255 255 255 255 255 255 0 0 0 0 0 0 0 0
0 0 0 0 0 0 0 0 230 230 230 231 233 234 236 237 242 243 245 246 247 247 246 246 244 244 247 247 252 253 254 254 255 254 254 247 244 239 239 238 242 242 242 243 243 243 244 244 243 244 244 245 245 244 244 243 245 245 244 244 244 243 243 243 243 243 243 243 243 243 243 243 243 243 243 243 243 243 243 243 243 243 243 243 243 243 243 243 244 243 244 243 242 242 244 244 246 247 249 251 252 253 254 254 252 252 251 251 251 250 250 250 251 251 251 251 251 251 251 251 251 250 250 250 249 249 248 248 249 249 249 248 248 247 246 245 244 246 248 249 250 249 245 244 241 241 240 240 239 240 242 243 243 243 242 242 241 240 239 239 236 237 237 238 239 240 240 241 244 244 244 244 244 244 244 244 246 247 247 247 248 248 249 249 246 247 248 250 250 250 249 248 249 249 248 248 247 247 247 247 248 248 248 248 248 248 248 248 249 249 248 248 247 247 247 247 245 244 244 243 242 242 241 241 240 239 239 238 239 239 240 241 248 248 248 249 249 250 250 250 247 247 247 246 246 246 245 245 247 247 247 247 247 247 245 245 245 245 243 243 243 243 241 241 241 241 241 241 241 241 241 241 242 242 242 242 242 242 242 242 241 241 241 241 242 242 242 242 247 247 249 249 249 249 249 249 248 248 248 248 248 248 248 248 248 248 248 249 249 249 250 250 250 250 250 250 250 250 250 250 249 249 249 250 250 250 251 251 252 252 252 252 252 252 252 252 251 251 251 251 251 251 251 251 250 250 250 250 250 250 250 250 251 251 251 251 251 251 251 251 251 251 251 251 251 251 249 249 247 247 247 247 246 246 246 246 247 247 247 247 247 247 247 247 248 247 246 245 245 245 245 246 246 246 246 246 247 247 247 247 249 249 251 251 251 251 251 251 251 251 251 251 251 251 251 251 251 251 251 251 251 251 251 251 251 251 251 252 252 253 253 253 253 253 253 253 253 253 253 253 253 253 253 253 254 254 254 254 254 254 254 254 254 254 254 254 252 252 252 252 252 252 252 252 252 252 252 252 252 252 252 252 252 252 252 252 252 252 252 252 251 251 251 252 252 252 253 253 252 252 252 253 253 253 254 254 254 254 254 254 254 254 254 254 254 254 254 254 254 254 254 254 253 253 253 253 253 253 253 253 252 252 252 253 253 253 254 254 254 254 254 255 255 255 255 255 255 255 255 255 255 255 255 255 255 255 255 255 255 254 254 254 252 253 254 255 255 255 255 254 255 255 255 255 255 255 255 255 0 0 0 0 0 0 0 0
0 0 0 0 0 0 0 0 230 230 230 231 233 234 236 237 241 242 245 246 246 246 246 245 244 244 246 247 252 253 253 254 255 253 253 247 244 239 239 238 242 242 242 242 243 243 243 244 243 243 244 244 244 244 243 243 244 244 244 243 243 243 242 242 242 242 242 242 242 242 242 242 242 242 242 242 242 242 242 242 242 242 242 242 242 242 242 242 242 242 242 241 241 240 242 243 245 245 248 249 250 251 252 253 251 251 251 250 250 250 249 249 250 250 250 250 250 250 250 250 249 249 249 249 248 248 248 248 247 247 247 247 247 248 248 248 249 250 251 251 251 249 245 244 242 241 241 241 240 241 242 243 245 244 244 243 242 242 241 241 237 238 238 239 239 240 241 241 242 242 242 243 244 244 245 245 246 246 246 247 247 247 247 248 245 246 247 248 248 248 248 247 248 248 247 247 247 246 246 246 247 247 247 247 247 247 247 247 248 248 247 247 247 246 246 246 244 244 243 242 241 240 240 239 239 239 238 237 237 237 238 238 246 246 246 247 247 247 248 248 246 245 245 245 245 244 244 244 245 245 245 245 245 245 243 243 245 245 243 243 243 243 241 241 239 239 239 239 239 239 239 239 241 241 241 241 241 241 241 241 240 240 240 240 241 241 241 241 246 246 248 248 248 248 248 248 248 248 248 248 248 248 248 248 247 247 248 248 248 249 249 249 249 249 249 249 249 249 249 249 249 249 249 249 250 250 250 251 251 251 251 251 251 251 251 251 250 250 250 250 250 250 250 250 249 249 249 249 249 249 249 249 251 251 251 251 251 251 251 251 251 251 251 251 251 251 249 249 246 246 246 247 246 246 246 246 247 247 247 247 247 247 247 247 247 247 246 245 245 245 245 245 245 245 245 245 246 246 246 246 249 249 251 251 251 251 251 251 251 251 251 251 251 251 251 251 251 251 251 251 251 251 251 251 251 251 251 251 252 252 252 252 252 252 252 252 252 252 252 252 253 253 252 252 252 252 252 252 252 252 252 252 252 252 252 252 252 252 252 252 252 252 252 252 252 252 252 252 252 252 252 252 251 251 251 251 251 251 251 251 251 251 251 251 252 252 252 253 252 252 252 252 253 253 253 254 254 254 254 254 254 254 254 254 254 254 254 254 254 254 254 254 253 253 253 253 253 253 253 253 254 254 254 254 255 255 255 255 255 255 255 255 255 255 255 255 255 255 255 255 255 255 255 255 255 255 255 255 254 254 254 254 252 253 254 255 255 255 255 254 255 255 255 255 255 255 255 255 0 0 0 0 0 0 0 0
0 0 0 0 0 0 0 0 230 230 230 231 233 234 236 237 241 241 244 245 245 245 245 245 243 243 246 247 252 252 253 253 254 253 253 247 244 238 238 237 241 241 242 242 242 243 243 243 242 243 244 244 244 244 243 242 243 243 243 243 242 242 242 241 241 241 241 241 241 241 241 241 241 241 241 241 241 241 241 241 241 241 241 241 241 241 241 241 240 240 241 240 239 239 241 242 243 244 247 248 249 250 251 251 250 250 250 250 249 249 249 248 249 249 249 249 249 249 249 249 248 248 248 248 248 248 248 248 246 246 246 245 245 245 246 246 249 249 250 250 250 249 245 245 239 239 239 240 239 240 240 241 243 243 243 242 242 241 241 241 239 239 239 240 240 241 241 241 243 244 245 245 247 247 248 249 245 245 245 246 246 246 246 246 244 245 245 246 246 247 247 247 247 247 246 246 245 245 245 245 246 246 246 246 246 246 246 246 247 247 246 246 245 245 245 245 243 243 242 241 240 239 238 238 238 238 237 236 235 235 235 235 244 244 244 244 245 245 246 246 244 244 243 243 243 243 243 243 246 246 246 246 246 246 244 244 244 244 242 242 242 242 240 240 240 240 240 240 240 240 240 240 240 240 240 240 240 240 240 240 239 239 239 239 240 240 240 240 245 245 247 247 247 247 247 247 247 247 247 247 247 247 247 247 246 247 247 247 248 248 248 248 248 248 248 248 248 248 248 248 248 248 249 249 249 250 250 250 250 250 250 250 250 250 250 250 249 249 249 249 249 249 249 249 248 248 248 248 248 248 248 248 250 250 250 250 250 250 250 250 250 250 250 250 250 250 248 248 245 246 246 246 245 246 246 246 247 247 247 247 247 247 247 247 247 246 245 245 244 244 245 245 244 244 244 244 245 245 245 245 249 249 251 251 251 251 251 251 251 251 251 251 251 251 251 251 251 251 251 251 251 251 251 251 251 251 251 251 251 251 251 252 251 251 251 251 251 251 251 251 252 251 251 251 251 250 250 250 251 251 251 251 251 251 251 251 251 251 251 251 251 251 251 251 251 251 251 251 251 251 251 251 249 249 249 249 249 249 249 249 250 250 251 251 251 252 252 252 251 251 252 252 252 253 253 253 253 253 253 253 253 253 253 253 253 253 253 253 253 253 253 253 252 252 252 252 252 252 252 252 253 253 254 254 254 255 255 255 255 255 255 255 255 255 255 255 255 255 255 255 255 255 255 255 255 255 255 254 254 254 253 253 252 253 254 255 255 255 255 254 255 255 255 255 255 255 255 255 0 0 0 0 0 0 0 0
0 0 0 0 0 0 0 0 230 230 230 231 233 234 236 237 240 240 243 244 245 245 244 244 243 243 246 246 251 252 253 253 254 253 253 246 243 238 238 237 241 241 241 242 242 242 243 243 242 242 243 244 244 243 242 242 243 242 242 242 241 241 241 241 239 239 239 239 239 239 239 239 239 239 239 239 239 239 239 239 239 239 239 239 239 239 239 239 239 238 240 239 238 239 241 242 242 243 246 247 248 249 250 251 250 249 249 249 248 248 248 248 249 249 249 249 249 249 249 249 248 248 248 248 248 248 248 248 247 246 245 243 242 242 243 243 242 242 243 243 244 244 242 241 236 236 237 237 237 237 237 237 236 236 236 235 235 235 235 235 233 233 233 233 233 234 234 234 242 242 243 244 245 246 247 247 243 243 243 242 242 242 242 242 241 241 241 242 242 243 243 244 243 243 243 243 242 242 241 243 244 244 244 244 244 244 244 244 245 245 245 245 244 244 243 243 243 242 241 240 239 237 236 236 236 236 235 233 233 233 233 233 242 242 242 243 243 244 244 244 242 242 242 242 242 243 243 243 246 246 246 246 246 246 244 244 244 244 242 242 242 242 240 240 240 240 240 240 240 240 240 240 240 240 240 240 240 240 240 240 239 239 239 239 240 240 240 240 245 245 247 247 247 247 247 247 247 247 247 247 247 247 247 247 246 246 246 246 247 247 247 248 248 248 248 248 248 248 248 248 248 248 248 249 249 249 250 250 250 250 250 250 250 250 250 250 249 249 249 249 249 249 249 249 248 248 248 248 248 248 248 248 250 250 250 250 250 250 250 250 250 250 250 250 250 250 248 248 244 245 245 246 245 246 246 246 247 247 247 247 247 247 247 247 247 246 245 244 244 244 244 245 244 244 244 244 245 245 245 245 249 249 251 251 251 251 251 251 251 251 251 251 251 251 251 251 251 251 251 251 251 251 251 251 251 251 251 251 251 251 251 250 251 251 251 251 251 251 251 251 251 250 250 249 249 248 248 248 249 249 249 249 249 249 249 249 251 251 251 251 251 251 251 251 251 251 251 251 251 251 251 251 248 248 248 248 248 248 248 248 250 250 250 251 251 251 252 252 251 251 251 252 252 252 253 253 253 253 253 253 253 253 253 253 253 253 253 253 253 253 253 253 252 252 252 252 252 252 252 252 253 253 253 254 254 254 255 255 255 255 255 255 255 255 255 255 255 255 255 255 255 255 255 255 255 255 254 254 254 253 253 253 252 253 254 255 255 255 255 254 255 255 255 255 255 255 255 255 0 0 0 0 0 0 0 0
0 0 0 0 0 0 0 0 230 230 230 231 233 234 236 237 239 240 243 243 244 244 243 243 242 243 245 246 251 252 252 252 253 252 252 246 243 238 238 236 240 241 241 241 242 242 242 242 242 242 243 243 243 243 242 242 242 242 241 241 241 240 240 240 238 238 238 238 238 238 238 238 238 238 238 238 238 238 238 238 238 238 238 238 238 238 238 238 238 238 239 239 238 239 241 242 242 243 246 247 248 249 250 250 249 249 248 248 248 247 247 247 248 248 248 248 248 248 248 248 248 248 248 248 249 249 249 249 248 246 244 242 242 242 242 243 242 243 243 243 244 244 243 243 240 241 242 243 242 242 242 241 238 238 238 237 237 237 237 237 234 234 234 234 234 234 234 234 240 240 240 241 242 242 243 243 242 242 242 241 241 241 241 240 241 240 240 240 240 241 242 243 242 242 242 241 241 241 240 240 243 243 243 243 243 243 243 243 244 244 244 243 243 243 242 242 242 242 240 239 237 236 235 234 234 233 232 231 231 231 232 232 241 241 242 242 242 243 243 243 242 242 242 242 243 243 243 243 247 247 247 247 247 247 245 245 243 243 241 241 241 241 239 239 241 241 241 241 241 241 241 241 239 239 239 239 239 239 239 239 238 238 238 238 239 239 239 239 244 244 246 246 246 246 246 246 246 246 246 246 246 246 246 246 245 245 245 246 246 246 247 247 247 247 247 247 247 247 247 247 247 248 248 248 249 249 249 249 249 249 249 249 249 249 249 249 248 248 248 248 248 248 248 248 247 247 247 247 247 247 247 247 249 249 249 249 249 249 249 249 249 249 249 249 249 249 247 247 244 244 244 245 245 245 246 246 247 247 247 247 247 247 247 247 246 246 245 244 243 243 244 244 243 243 243 243 244 244 244 244 249 249 251 251 251 251 251 251 251 251 251 251 251 251 251 251 251 251 251 251 251 251 251 251 251 251 251 251 250 250 250 250 250 250 250 250 250 250 250 250 250 249 249 248 247 247 246 246 248 248 248 248 248 248 248 248 250 250 250 250 250 250 250 250 250 250 250 250 250 250 250 250 248 248 248 248 248 248 248 248 249 250 250 250 251 251 251 251 250 251 251 251 252 252 252 252 252 252 252 252 252 252 252 252 252 252 252 252 252 252 252 252 251 251 251 251 251 251 251 251 252 253 253 253 254 254 254 254 254 255 255 255 255 255 255 255 254 254 254 254 254 254 254 254 254 254 254 254 253 253 253 252 252 253 254 255 255 255 255 254 255 255 255 255 255 255 255 255 0 0 0 0 0 0 0 0
0 0 0 0 0 0 0 0 230 230 230 231 233 234 236 237 238 239 242 243 243 243 243 242 242 242 245 246 251 251 252 252 253 252 252 246 243 237 237 236 240 240 241 241 241 242 242 242 241 242 242 243 243 242 242 241 241 241 241 240 240 240 239 239 237 237 237 237 237 237 237 237 237 237 237 237 237 237 237 237 237 237 237 237 237 237 237 237 238 238 239 239 239 239 242 243 243 243 246 247 248 249 250 251 248 248 248 247 247 247 246 246 247 247 247 247 247 247 247 247 248 248 249 249 250 250 250 251 248 246 245 243 243 244 246 247 249 248 248 247 247 247 245 245 245 246 247 248 248 247 246 246 243 243 243 243 243 243 243 243 240 240 240 240 240 240 240 240 238 239 239 239 239 239 239 239 242 241 241 241 240 240 239 239 240 239 238 238 238 240 241 242 241 241 241 241 240 240 239 239 242 242 242 242 242 242 242 242 243 243 243 243 242 242 241 241 242 241 240 238 236 235 234 233 231 230 230 230 230 231 231 232 241 241 241 242 242 243 243 243 242 242 242 242 243 243 244 244 245 245 245 245 245 245 243 243 243 243 241 241 241 241 239 239 239 239 239 239 239 239 239 239 238 238 238 238 238 238 238 238 237 237 237 237 238 238 238 238 243 243 245 245 245 245 245 245 246 246 246 246 246 246 246 246 244 244 245 245 245 246 246 246 246 246 246 246 246 246 246 246 247 247 248 248 248 249 249 249 248 248 248 248 248 248 248 248 247 247 247 247 247 247 247 247 246 246 246 246 246 246 246 246 249 249 249 249 249 249 249 249 249 249 249 249 249 249 247 247 243 243 244 245 245 245 246 246 247 247 247 247 247 247 247 247 246 245 244 244 243 243 244 244 242 242 242 242 243 243 243 243 249 249 251 251 251 251 251 251 251 251 251 251 251 251 251 251 251 251 251 251 251 251 251 251 251 251 251 250 250 249 249 249 249 249 249 249 249 249 249 249 249 248 248 247 246 245 245 244 246 246 246 246 246 246 246 246 250 250 250 250 250 250 250 250 250 250 250 250 250 250 250 250 249 249 249 249 249 249 249 249 249 249 250 250 250 251 251 251 250 250 251 251 251 252 252 252 252 252 252 252 252 252 252 252 252 252 252 252 252 252 252 252 251 251 251 251 251 251 251 251 252 252 253 253 253 254 254 254 254 254 255 255 255 255 255 255 254 254 254 254 254 254 254 254 254 254 254 253 253 253 252 252 252 253 254 255 255 255 255 254 255 255 255 255 255 255 255 255 0 0 0 0 0 0 0 0
0 0 0 0 0 0 0 0 230 230 230 231 233 234 236 237 238 239 242 243 243 243 242 242 244 242 245 246 248 249 252 250 253 252 250 248 242 238 237 238 240 240 242 241 241 242 242 242 241 242 242 243 243 242 242 241 241 241 240 240 240 239 239 239 237 237 237 237 237 237 237 237 237 237 237 237 237 237 237 237 237 237 237 237 237 237 237 237 238 238 238 239 239 240 241 243 243 243 244 245 249 248 251 249 248 248 247 247 247 246 246 246 247 247 247 247 247 247 247 247 249 249 249 250 250 251 251 250 245 244 243 242 243 245 248 250 248 247 245 244 242 242 239 239 239 240 242 243 242 241 240 239 242 242 242 242 242 242 242 243 243 243 243 242 242 242 242 242 237 237 237 237 237 237 238 238 241 241 241 240 240 239 239 238 239 239 238 237 237 239 240 241 243 241 242 240 242 239 241 241 241 242 242 242 242 244 244 244 245 245 244 242 242 241 241 241 241 241 239 238 236 234 235 234 231 231 231 231 231 232 234 234 241 241 241 242 242 243 243 243 242 242 242 243 243 244 244 244 244 244 244 244 244 244 242 242 243 243 241 241 241 241 241 239 238 238 238 238 238 238 238 238 238 238 238 238 238 238 238 238 238 238 238 238 238 238 240 240 243 243 245 245 245 245 245 245 246 246 246 246 246 246 246 246 244 244 244 245 245 245 246 246 246 246 246 246 246 246 246 246 247 247 247 248 248 249 249 249 248 248 248 248 248 248 248 248 247 247 247 247 247 247 247 247 246 246 246 246 246 246 246 246 249 249 249 249 249 249 249 249 249 249 249 249 249 249 247 247 242 243 244 244 245 245 247 247 247 247 247 247 247 247 247 247 246 245 244 243 243 243 243 244 242 242 242 242 243 243 243 243 249 249 251 251 251 251 251 251 251 251 251 251 251 251 251 251 251 251 251 251 251 251 251 251 251 251 251 250 250 249 249 249 249 249 249 249 249 249 249 249 248 248 247 246 245 244 244 243 246 246 246 246 246 246 246 246 250 250 250 250 250 250 250 250 250 250 250 250 250 250 250 250 249 249 249 249 249 249 249 249 249 249 249 250 250 251 251 251 250 250 250 251 251 252 252 252 252 252 252 252 252 252 252 252 252 252 252 252 252 252 252 252 253 253 253 253 253 253 253 253 252 252 252 253 253 254 254 254 254 254 254 255 255 255 255 255 255 255 255 254 255 254 254 254 254 254 254 253 253 252 252 252 252 253 254 255 255 255 255 254 255 255 255 255 255 255 255 255 0 0 0 0 0 0 0 0
0 0 0 0 0 0 0 0 231 231 231 231 232 233 236 237 237 238 241 241 244 244 243 241 243 243 244 245 246 246 249 248 254 251 249 247 245 241 240 239 242 242 244 242 242 242 242 242 242 242 241 241 241 241 241 242 240 242 241 240 239 239 238 237 239 239 239 239 239 239 239 239 238 238 238 238 238 238 238 238 237 237 237 237 237 237 237 237 237 236 236 236 236 237 237 240 244 244 244 245 247 246 248 248 253 251 248 246 244 244 245 246 242 244 247 246 244 243 246 250 251 251 248 248 248 250 250 247 246 244 240 238 237 241 246 250 246 244 239 234 231 229 226 226 231 231 228 228 227 227 224 224 229 230 231 232 234 235 236 237 237 241 246 247 245 242 241 242 235 236 236 236 237 237 239 240 237 236 234 235 237 238 237 236 240 238 236 235 237 240 242 243 242 241 243 242 243 242 243 242 239 238 238 241 246 248 245 242 242 243 244 241 241 241 241 243 239 243 243 237 236 239 238 232 233 232 232 231 231 233 236 238 242 242 242 242 242 243 243 243 241 242 242 243 243 242 242 241 244 244 243 242 242 243 244 244 242 242 242 242 242 242 242 240 239 239 239 239 239 239 239 239 238 238 238 237 237 236 236 236 239 239 239 239 239 239 241 241 244 244 244 244 244 244 244 244 244 244 244 244 244 244 244 244 245 245 246 246 246 247 247 247 246 246 246 245 245 244 244 244 247 247 247 247 247 247 247 247 247 247 247 247 247 247 247 247 246 246 246 246 246 246 246 246 244 244 244 244 244 244 244 244 247 247 246 245 246 247 249 250 248 248 248 248 248 248 248 248 248 248 248 248 248 246 248 246 246 246 246 246 246 246 246 246 249 248 246 244 243 243 244 244 241 241 241 241 242 242 242 242 250 250 252 252 252 252 252 252 251 251 251 251 251 251 251 251 251 251 251 251 251 251 251 251 253 252 252 251 250 249 248 248 249 249 249 249 249 249 249 249 248 247 246 245 244 243 243 243 244 244 244 244 244 244 244 244 250 250 250 250 250 250 250 250 250 250 250 250 250 250 250 250 249 249 249 249 249 249 249 249 250 250 250 250 250 250 250 250 252 252 253 253 253 254 254 254 255 255 255 255 255 255 255 255 254 254 254 254 254 254 254 254 254 254 254 254 254 254 255 255 253 253 253 253 253 253 253 253 255 255 255 255 255 255 255 255 255 255 255 255 255 255 255 255 255 255 253 253 253 253 251 253 254 255 255 255 255 255 255 255 255 255 255 255 255 255 255 255 0 0 0 0 0 0 0 0
0 0 0 0 0 0 0 0 231 230 230 231 231 232 236 236 238 238 241 242 245 244 244 244 243 243 244 244 245 246 247 247 250 249 248 246 245 243 242 241 244 244 244 244 242 242 242 242 242 242 241 241 241 241 241 241 242 242 241 241 240 239 238 238 239 239 239 239 239 239 239 239 238 238 238 238 238 238 238 238 237 237 237 237 237 237 237 237 238 236 237 236 236 237 237 238 243 243 243 244 245 245 246 246 246 246 246 246 245 245 245 245 243 245 246 245 242 241 242 244 255 254 254 252 254 252 250 247 245 241 238 234 233 229 229 227 216 212 205 198 191 186 181 180 182 182 182 182 182 182 181 181 179 181 183 187 190 194 196 198 204 209 215 218 218 218 219 221 225 224 225 227 231 233 234 234 238 237 237 237 240 239 238 240 234 234 237 237 241 241 240 239 242 241 242 242 242 242 242 241 242 241 241 242 246 248 247 244 245 245 243 243 239 237 238 238 235 240 240 236 236 237 234 229 236 234 234 233 234 236 237 235 242 241 241 241 241 242 242 242 241 242 242 243 243 242 242 241 243 243 242 242 242 242 243 243 242 242 242 242 242 242 242 242 241 239 239 239 239 239 239 239 237 237 236 236 236 235 235 237 240 240 240 240 240 240 240 240 244 244 244 244 244 244 244 244 244 244 244 244 244 244 244 244 244 244 245 245 245 246 246 246 246 246 246 245 245 244 244 244 247 247 247 247 247 247 247 247 247 247 247 247 247 247 247 247 246 246 246 246 246 246 246 246 244 244 244 244 244 244 244 244 246 246 245 245 245 246 248 249 249 249 249 249 249 249 249 249 250 250 250 250 250 250 250 250 248 248 248 248 248 248 248 248 248 247 245 243 242 242 243 243 241 241 241 241 242 242 242 242 249 249 251 251 251 251 251 251 251 251 251 251 251 251 251 251 251 251 251 251 251 251 251 251 251 251 250 250 249 248 247 247 248 248 248 248 248 248 248 248 248 247 246 245 244 243 243 243 244 244 244 244 244 244 244 244 249 249 249 249 249 249 249 249 249 249 249 249 249 249 249 249 249 249 249 249 249 249 249 249 249 249 249 249 249 249 249 249 251 251 252 252 252 253 253 253 255 255 255 255 255 255 255 255 254 254 254 254 254 254 255 255 254 254 255 255 255 255 255 255 254 253 253 253 253 253 253 253 255 255 255 255 255 255 255 255 255 255 255 255 255 255 255 255 255 255 253 253 253 253 251 251 255 255 255 255 255 255 255 255 255 255 255 255 255 255 255 255 0 0 0 0 0 0 0 0
0 0 0 0 0 0 0 0 229 229 230 230 231 232 235 236 239 239 242 243 243 243 243 243 243 243 244 244 245 246 246 246 246 246 245 245 244 243 242 242 244 244 244 244 242 242 242 242 242 242 242 242 241 241 241 241 242 242 241 241 240 239 239 239 239 239 239 239 239 239 239 239 238 237 237 237 237 237 237 237 236 236 236 236 236 236 236 237 238 238 239 239 239 239 240 240 242 243 245 246 247 248 248 249 247 247 247 247 247 245 242 241 243 244 246 246 243 244 245 249 248 247 247 246 245 242 236 230 234 228 223 217 212 202 193 184 175 171 164 156 149 143 137 135 131 132 132 133 132 132 133 133 141 143 146 149 153 157 159 161 167 171 177 181 184 187 189 191 193 195 199 205 210 216 222 224 227 227 228 229 230 230 229 229 234 235 237 235 237 238 238 239 240 238 240 239 238 238 237 237 241 238 239 240 243 242 242 240 243 243 243 244 243 241 241 241 241 243 243 241 238 234 227 218 215 214 216 221 231 236 237 234 240 239 239 239 240 240 241 241 241 242 242 243 243 242 242 241 242 241 241 240 240 241 241 242 242 242 242 242 242 242 242 242 241 241 241 241 241 241 241 241 238 238 238 237 237 237 236 236 239 239 239 239 239 239 239 239 243 243 243 243 243 243 243 243 243 243 243 243 243 243 243 243 243 243 243 244 244 244 245 245 245 245 245 245 244 244 244 244 246 246 246 246 246 246 246 246 246 246 246 246 246 246 246 246 246 246 246 246 246 246 246 246 244 244 244 244 244 244 244 244 245 244 244 244 244 245 246 246 247 247 247 247 247 247 247 247 249 249 249 249 249 249 249 249 247 247 247 247 247 247 247 247 245 244 243 242 241 241 241 241 240 240 240 240 241 241 241 241 247 247 249 249 249 249 249 249 250 250 250 250 250 250 250 250 250 250 250 250 250 250 250 250 249 249 248 248 247 246 246 245 247 247 247 247 247 247 247 247 247 247 245 244 243 243 243 244 244 244 244 244 244 244 244 244 247 247 247 247 247 247 247 247 247 247 247 247 247 247 247 247 249 249 249 249 249 249 249 249 247 247 247 247 247 247 247 247 249 249 250 250 250 251 251 251 253 253 253 253 253 253 253 253 253 253 253 253 253 253 255 255 254 254 255 255 255 255 255 255 254 253 253 253 253 253 253 253 255 255 255 255 255 255 255 255 255 255 255 255 255 255 254 254 254 254 252 252 252 252 250 250 255 255 255 255 255 255 255 255 255 255 255 255 255 255 255 255 0 0 0 0 0 0 0 0
0 0 0 0 0 0 0 0 227 227 228 229 230 232 235 236 239 240 243 244 244 244 244 243 243 243 243 244 244 245 245 246 243 243 243 243 243 243 243 243 244 244 244 244 242 242 242 242 241 241 241 241 240 240 240 240 242 242 242 241 241 240 240 239 240 240 240 240 240 240 240 238 237 237 237 237 237 237 237 237 237 237 237 237 237 237 237 237 241 240 239 239 239 239 240 241 243 243 246 247 248 248 249 249 253 252 250 248 246 242 241 241 238 240 243 244 247 250 252 254 255 254 251 248 243 235 223 215 201 192 183 174 168 158 148 140 134 129 125 121 117 114 112 110 105 103 103 104 104 102 102 104 107 108 108 110 111 112 113 114 115 118 121 125 128 131 134 135 148 150 158 167 177 185 192 197 214 219 222 225 227 229 234 236 236 235 232 228 226 228 235 238 237 236 235 234 235 234 234 233 234 232 233 235 236 238 237 238 236 238 241 243 245 246 246 245 246 244 240 237 234 222 203 186 170 175 185 202 221 233 237 235 237 237 237 238 239 239 240 240 241 242 242 243 243 242 242 241 241 240 240 239 239 240 240 241 242 242 242 242 242 242 242 242 241 241 241 241 241 241 241 241 239 239 239 238 238 238 237 237 240 240 240 240 240 240 240 240 242 242 242 242 242 242 242 242 242 242 242 242 242 242 242 242 241 241 242 242 242 243 243 243 245 244 244 244 244 244 244 244 245 245 245 245 245 245 245 245 245 245 245 245 245 245 245 245 245 245 245 245 245 245 245 245 243 243 243 243 243 243 243 243 243 243 243 243 243 243 244 244 243 243 243 243 243 243 243 243 243 243 243 243 243 243 243 243 241 241 241 241 241 241 241 241 242 242 241 240 240 240 239 239 239 239 239 239 240 240 240 240 245 245 247 247 247 247 247 247 247 247 247 247 247 247 247 247 247 247 247 247 247 247 247 247 247 247 246 246 245 245 244 244 245 245 245 245 245 245 245 245 246 246 245 244 243 243 243 244 244 244 244 244 244 244 244 244 245 245 245 245 245 245 245 245 245 245 245 245 245 245 245 245 246 246 246 246 246 246 246 246 245 245 245 245 245 245 245 245 247 248 248 248 249 249 249 250 252 252 252 252 252 252 252 252 252 252 252 252 252 252 254 254 254 254 255 255 255 255 255 255 254 253 253 253 253 253 253 253 254 254 254 254 254 254 254 254 254 254 253 253 254 254 252 252 253 253 251 251 251 251 249 249 254 254 254 254 255 255 255 255 255 255 255 255 255 255 255 255 0 0 0 0 0 0 0 0
0 0 0 0 0 0 0 0 226 226 226 227 229 231 233 234 239 240 241 242 244 244 244 243 243 243 243 244 244 244 244 245 242 242 242 242 243 243 244 244 246 246 244 244 244 244 242 242 243 243 241 241 241 241 240 240 242 242 242 241 241 241 241 240 240 240 240 240 240 240 240 238 237 235 235 235 235 235 235 235 235 235 235 235 235 235 235 237 241 243 242 241 241 242 243 243 246 246 247 247 248 248 248 248 252 250 245 242 241 242 243 242 238 239 239 240 242 244 245 245 240 236 229 221 208 195 180 170 150 141 130 121 118 118 115 113 109 106 105 104 104 102 102 102 99 97 96 95 94 92 92 91 94 96 95 95 95 94 94 94 95 95 95 96 98 99 100 100 110 111 119 127 135 143 149 154 172 179 186 193 200 207 217 223 228 231 231 230 227 227 232 235 237 237 236 235 236 235 234 232 231 231 233 233 237 238 238 241 239 239 241 243 247 246 243 240 238 226 216 212 209 190 159 136 126 138 159 186 212 228 235 236 235 235 236 237 238 239 239 240 241 242 242 243 243 242 242 241 240 240 239 239 239 239 240 240 242 242 242 242 242 242 242 242 241 241 241 241 241 241 241 241 241 241 240 240 240 239 239 239 242 242 242 242 242 242 242 242 242 242 242 242 242 242 242 242 242 242 242 242 242 242 242 242 240 241 241 241 242 242 242 242 243 244 244 244 244 244 244 244 245 245 245 245 245 245 245 245 245 245 245 245 245 245 245 245 245 245 245 245 245 245 245 245 243 243 243 243 243 243 243 243 242 243 243 243 243 242 242 242 241 241 241 241 241 241 241 241 240 240 240 240 240 240 240 240 238 238 238 238 238 238 238 238 240 240 240 240 239 239 238 238 239 239 239 239 240 240 240 240 243 243 245 245 245 245 245 245 244 244 244 244 244 244 244 244 244 244 244 244 244 244 244 244 245 245 245 244 244 244 244 244 244 244 244 244 244 244 244 244 245 245 244 243 243 243 243 244 244 244 244 244 244 244 244 244 244 244 244 244 244 244 244 244 244 244 244 244 244 244 244 244 244 244 244 244 244 244 244 244 244 244 244 244 244 244 244 244 246 246 247 247 247 248 248 248 250 250 250 250 250 250 250 250 250 250 250 250 250 250 252 252 254 254 255 255 255 255 255 255 254 253 253 253 253 253 253 253 254 254 254 254 254 254 254 254 254 254 252 252 252 252 250 250 251 251 249 249 249 249 247 247 252 252 253 253 254 254 254 254 254 255 255 255 255 255 255 255 0 0 0 0 0 0 0 0
0 0 0 0 0 0 0 0 225 225 225 226 229 231 232 234 239 239 240 241 243 243 243 243 243 243 243 243 243 244 244 244 242 242 242 243 243 244 244 244 246 246 244 244 244 244 242 242 242 242 240 240 240 240 239 240 242 242 242 242 242 241 241 241 241 241 241 241 241 241 241 239 237 235 235 235 235 235 235 235 236 236 236 236 236 236 236 238 241 243 244 242 244 242 243 243 246 246 246 246 245 245 245 244 242 240 239 240 241 243 246 247 250 246 240 233 229 224 218 212 191 183 174 162 150 136 124 115 107 101 96 93 95 102 108 112 110 107 108 108 109 109 110 108 110 110 109 105 104 102 101 100 107 108 108 108 108 108 108 108 108 105 102 100 101 102 102 101 99 100 103 106 108 110 112 115 115 122 130 138 147 158 172 181 205 214 224 231 232 231 233 233 234 234 233 233 234 233 233 233 232 232 234 234 236 238 239 242 248 246 244 242 241 233 224 217 208 195 183 177 168 150 123 104 109 127 157 188 215 229 234 235 234 235 236 237 238 239 240 240 241 242 242 243 243 242 242 241 241 240 240 239 239 240 240 241 242 242 242 242 242 242 242 242 241 241 241 241 241 241 241 241 242 242 241 241 241 240 240 240 243 243 243 243 243 243 243 243 241 241 241 241 241 241 241 241 241 241 241 241 241 241 241 241 240 240 241 241 242 242 242 242 243 243 243 243 244 244 244 244 244 244 244 244 244 244 244 244 244 244 244 244 244 244 244 244 244 244 244 244 244 244 244 244 242 242 242 242 242 242 242 242 242 243 243 243 243 242 241 241 242 242 242 242 242 242 242 242 241 241 241 241 241 241 241 241 239 239 239 239 239 239 239 239 238 239 239 240 240 239 238 238 238 238 238 238 239 239 239 239 242 242 244 244 244 244 244 244 243 243 243 243 243 243 243 243 243 243 243 243 243 243 243 243 244 244 244 244 244 244 244 244 244 244 244 244 244 244 244 244 244 244 243 243 243 243 244 244 244 244 244 244 244 244 244 244 244 244 244 244 244 244 244 244 244 244 244 244 244 244 244 244 243 243 243 243 243 243 243 243 244 244 244 244 244 244 244 244 246 246 246 247 247 247 248 248 249 249 249 249 249 249 249 249 249 249 249 249 249 249 251 251 254 254 255 255 255 255 255 255 254 253 253 253 253 253 253 253 253 253 253 253 253 253 253 253 254 253 252 252 252 251 249 249 250 250 248 248 248 248 246 246 251 251 252 252 252 253 253 253 254 254 254 255 255 255 255 255 0 0 0 0 0 0 0 0
0 0 0 0 0 0 0 0 222 222 224 226 227 229 232 233 236 236 239 240 241 240 240 240 243 243 243 243 243 243 243 243 243 243 243 243 244 244 244 244 246 246 246 246 244 244 244 244 242 242 242 242 240 240 240 240 242 242 242 242 242 242 242 242 241 241 241 241 241 241 241 239 235 233 233 233 233 233 233 233 234 234 234 234 234 234 234 238 244 245 247 244 246 245 245 246 247 246 243 242 241 240 239 239 234 235 238 243 246 248 249 248 247 237 225 212 198 185 171 162 137 130 121 116 111 106 102 99 94 95 98 97 100 105 116 123 119 117 118 119 120 118 118 118 124 121 120 119 118 117 117 116 112 112 112 112 113 113 113 113 114 109 105 103 104 106 106 105 108 107 107 104 101 98 96 96 91 97 101 104 108 117 131 141 158 171 186 197 204 210 219 223 222 222 223 222 224 224 224 224 227 228 229 225 224 224 228 232 237 232 226 221 214 201 186 175 163 153 143 134 122 107 96 93 108 132 168 200 222 231 234 235 234 235 236 237 238 240 241 241 241 242 242 243 243 242 242 241 241 241 240 240 240 240 241 241 242 242 242 242 242 242 242 242 243 243 243 243 243 243 243 243 243 243 243 242 242 242 241 241 242 242 242 242 242 242 242 242 240 240 240 240 240 240 240 240 240 240 240 240 240 240 240 240 241 241 241 242 242 242 243 243 242 242 242 243 243 244 244 244 243 243 243 243 243 243 243 243 243 243 243 243 243 243 243 243 244 244 244 244 244 244 244 244 242 242 242 242 242 242 242 242 243 243 244 244 244 243 241 240 242 242 242 242 242 242 242 242 241 241 241 241 241 241 241 241 239 239 239 239 239 239 239 239 237 238 239 240 240 239 238 238 237 237 237 237 238 238 238 238 242 242 244 244 244 244 244 244 244 244 244 244 244 244 244 244 244 244 244 244 244 244 244 244 244 244 244 244 244 244 244 244 245 245 245 245 245 245 245 245 244 243 243 242 242 243 244 244 244 244 244 244 244 244 244 244 244 244 244 244 244 244 244 244 244 244 244 244 244 244 244 244 244 244 244 244 244 244 244 244 244 244 244 244 244 244 244 244 246 246 246 247 247 247 248 248 247 247 247 247 247 247 247 247 248 248 248 248 248 248 250 250 254 254 255 255 255 255 255 255 254 254 254 254 254 254 254 254 254 254 254 254 254 254 254 254 254 254 253 252 252 251 249 249 249 249 247 247 247 247 245 245 250 250 251 251 252 252 252 252 253 253 254 255 255 255 255 255 0 0 0 0 0 0 0 0
0 0 0 0 0 0 0 0 221 221 224 225 227 229 232 233 235 236 239 239 240 240 239 239 243 243 243 243 243 243 243 243 244 244 244 244 244 244 244 244 246 246 246 246 246 244 244 244 242 242 242 242 240 240 240 240 242 242 242 242 242 242 242 242 241 241 241 241 241 241 241 239 235 233 233 233 233 233 233 233 234 234 234 234 234 234 234 238 244 247 247 246 246 247 245 246 245 242 241 239 238 236 235 232 234 237 244 250 253 251 249 245 228 217 200 181 163 143 127 114 82 78 76 77 80 86 88 89 95 101 109 112 112 115 124 127 117 114 116 118 119 118 118 118 123 122 122 122 121 121 121 121 122 122 122 121 121 120 120 120 126 122 117 116 118 121 121 121 116 114 112 107 102 97 93 93 77 80 79 75 73 77 88 97 113 123 134 147 159 174 194 206 209 209 211 211 213 214 214 214 217 217 217 214 212 209 212 216 208 202 196 187 177 161 144 131 121 117 110 101 86 75 80 91 110 140 178 210 227 235 236 237 235 235 236 237 239 240 241 242 241 242 242 243 243 242 242 241 242 241 241 240 240 241 241 242 242 242 242 242 242 242 242 242 243 243 243 243 243 243 243 243 242 242 242 241 241 240 240 240 241 241 241 241 241 241 241 241 240 240 240 240 240 240 240 240 240 240 240 240 240 240 240 240 241 241 241 242 242 243 243 243 242 242 242 243 243 244 244 244 243 243 243 243 243 243 243 243 243 243 243 243 243 243 243 243 244 244 244 244 244 244 244 244 242 242 242 242 242 242 242 242 243 244 245 245 244 243 241 240 240 240 240 240 240 240 240 240 240 240 240 240 240 240 240 240 238 238 238 238 238 238 238 238 237 238 239 241 241 240 239 238 237 237 237 237 238 238 238 238 242 242 244 244 244 244 244 244 245 245 245 245 245 245 245 245 245 245 245 245 245 245 245 245 244 244 244 244 244 244 244 244 245 245 245 245 245 245 245 245 243 243 242 242 242 243 244 244 244 244 244 244 244 244 244 244 244 244 244 244 244 244 244 244 244 244 244 244 244 244 244 244 245 245 245 245 245 245 245 245 244 244 244 244 244 244 244 244 246 246 246 247 247 248 248 248 247 247 247 247 247 247 247 247 248 248 248 248 248 248 250 250 254 254 255 255 255 255 255 255 254 254 254 254 254 254 254 254 254 254 254 254 254 254 254 254 254 254 253 252 252 251 249 249 249 249 247 247 247 247 245 245 250 250 250 251 251 251 252 252 252 253 254 254 255 255 255 255 0 0 0 0 0 0 0 0
0 0 0 0 0 0 0 0 224 224 225 226 226 227 230 230 234 234 235 236 239 239 240 240 241 241 241 242 242 243 243 243 242 242 242 243 243 244 244 244 246 248 248 246 246 246 244 244 244 244 242 242 242 242 242 242 242 242 242 242 242 242 242 242 243 242 241 240 240 240 240 239 237 234 234 233 234 235 237 238 236 236 236 236 236 236 236 238 242 248 250 251 249 246 239 236 237 234 232 230 233 237 240 239 235 240 250 253 249 235 221 210 192 178 155 135 117 104 94 87 87 85 88 91 98 107 114 118 125 126 129 129 130 127 125 122 123 120 119 117 116 115 115 113 111 112 113 112 114 116 117 117 116 116 116 116 116 116 116 116 116 116 115 115 115 115 115 116 115 114 115 113 110 108 107 108 99 98 94 89 83 77 74 71 88 92 96 100 107 123 147 166 163 163 165 165 168 168 168 168 165 168 172 170 165 160 159 160 148 143 139 132 127 119 112 108 101 98 96 95 85 78 93 114 141 173 204 217 224 235 239 236 235 235 236 237 239 240 241 241 242 242 242 243 243 244 244 244 243 243 242 242 242 242 241 241 242 242 242 242 242 242 242 242 243 243 243 243 243 243 243 243 243 243 243 242 242 241 241 241 241 241 241 241 241 241 241 241 239 239 239 239 239 239 239 239 240 240 239 239 239 240 241 242 240 240 240 241 241 242 242 242 241 241 242 243 243 244 245 245 244 244 244 244 244 244 244 244 244 244 244 244 244 244 244 244 244 244 244 244 244 244 244 244 242 242 242 242 242 242 242 242 241 242 242 242 242 241 240 239 241 241 241 241 241 241 241 241 240 240 240 240 240 240 240 240 238 238 238 238 238 238 238 238 239 239 239 239 239 239 239 239 238 238 238 238 239 239 239 239 242 242 244 244 244 244 244 244 244 244 244 244 244 244 244 244 244 244 244 244 244 244 244 244 244 244 244 244 244 244 244 244 244 244 244 244 244 244 244 244 244 243 242 241 241 241 241 242 242 242 242 242 242 242 242 242 244 244 244 244 244 244 244 244 244 244 244 244 244 244 244 244 244 244 244 244 244 244 244 244 244 244 244 244 244 244 244 244 247 247 247 247 247 247 247 247 247 247 247 246 246 246 245 245 246 246 246 246 246 246 248 248 250 250 252 252 252 253 255 255 255 255 255 255 255 255 255 255 255 255 255 255 255 255 255 255 254 254 253 252 252 252 249 249 249 249 247 247 247 247 245 245 249 249 250 251 251 252 253 253 254 254 254 255 255 255 255 255 0 0 0 0 0 0 0 0
0 0 0 0 0 0 0 0 224 224 225 225 226 227 230 230 234 234 235 235 238 239 240 240 241 241 241 242 242 242 243 243 242 242 242 243 243 244 244 244 248 248 248 248 246 246 246 244 244 244 242 242 242 242 242 242 242 242 242 242 242 242 242 242 243 242 241 240 240 240 240 239 237 234 236 233 236 235 238 237 238 236 238 236 238 236 238 239 244 248 250 250 248 243 239 234 233 231 231 233 237 241 242 241 239 240 241 240 231 215 193 177 151 139 121 103 93 85 82 77 98 100 103 110 117 123 127 130 130 132 134 136 133 131 128 121 115 111 111 109 111 108 108 107 108 108 108 108 109 110 111 111 110 110 110 110 110 110 110 110 113 113 113 113 113 113 113 113 116 116 115 115 115 114 114 114 114 111 108 100 91 83 76 74 68 70 71 73 76 88 104 115 121 122 124 124 125 125 125 125 124 127 129 130 130 127 123 121 106 102 97 95 94 94 92 90 99 94 91 91 89 93 116 140 166 191 216 223 227 234 238 238 235 235 236 237 239 240 241 241 242 242 242 243 243 244 244 244 243 243 242 242 242 241 241 241 242 242 242 242 242 242 242 242 243 243 243 243 243 243 243 243 243 243 242 242 242 241 241 241 241 241 241 241 241 241 241 241 239 239 239 239 239 239 239 239 240 239 239 239 239 240 241 242 240 240 240 241 241 241 242 242 241 241 242 243 243 244 245 245 244 244 244 244 244 244 244 244 244 244 244 244 244 244 244 244 244 244 244 244 244 244 244 244 242 242 242 242 242 242 242 242 241 242 242 242 242 241 240 239 241 241 241 241 241 241 241 241 240 240 240 240 240 240 240 240 238 238 238 238 238 238 238 238 239 239 239 239 239 239 239 239 238 238 238 238 239 239 239 239 242 242 244 244 244 244 244 244 244 244 244 244 244 244 244 244 244 244 244 244 244 244 244 244 244 244 244 244 244 244 244 244 244 244 244 244 244 244 244 244 244 243 242 241 241 241 241 242 242 242 242 242 242 242 242 242 244 244 244 244 244 244 244 244 244 244 244 244 244 244 244 244 244 244 244 244 244 244 244 244 244 244 244 244 244 244 244 244 247 247 247 247 247 247 247 247 247 247 246 246 246 245 245 245 246 246 246 246 246 246 248 248 249 250 251 251 252 252 254 254 255 255 255 255 255 255 255 254 255 255 255 255 255 255 255 255 254 254 252 252 252 251 249 249 249 249 247 247 247 247 245 245 249 249 250 250 251 252 253 253 254 254 254 255 255 255 255 255 0 0 0 0 0 0 0 0
0 0 0 0 0 0 0 0 222 222 222 223 226 227 227 228 232 232 234 235 236 236 237 239 241 241 241 241 242 242 242 243 242 242 242 243 243 244 244 244 248 248 248 248 248 246 246 246 244 244 244 244 242 242 242 242 242 242 242 242 242 242 242 242 243 242 241 240 240 240 240 241 238 236 237 236 237 237 239 238 239 238 239 238 239 238 239 241 245 248 247 247 245 240 237 232 227 228 234 240 245 245 243 237 225 219 210 202 189 171 148 132 112 104 93 84 83 85 89 91 114 114 119 124 127 130 131 132 129 131 132 131 129 125 119 115 107 105 105 104 106 105 105 103 107 105 105 104 104 105 105 105 105 105 105 105 105 105 105 105 104 105 105 106 106 107 107 108 108 108 109 110 113 113 114 114 124 121 117 110 102 94 87 86 85 84 81 79 81 83 89 94 92 93 95 94 95 95 96 96 98 96 95 99 105 104 100 95 96 97 96 98 102 106 108 109 112 99 91 90 97 113 145 171 196 212 226 226 225 231 235 236 233 235 236 237 239 240 241 241 242 242 242 243 243 244 244 244 243 243 242 242 241 241 241 240 241 241 241 241 241 241 241 241 245 245 245 245 245 245 245 245 245 244 244 244 243 243 243 243 241 241 241 241 241 241 241 241 238 238 238 238 238 238 238 238 239 239 238 238 239 239 240 241 240 240 240 240 241 241 241 242 241 241 242 243 243 244 245 245 244 244 244 244 244 244 244 244 244 244 244 244 244 244 244 244 244 244 244 244 244 244 244 244 242 242 242 242 242 242 242 242 241 242 242 242 242 241 240 239 241 241 241 241 241 241 241 241 240 240 240 240 240 240 240 240 238 238 238 238 238 238 238 238 239 239 239 239 239 239 239 239 238 238 238 238 239 239 239 239 242 242 244 244 244 244 244 244 244 244 244 244 244 244 244 244 244 244 244 244 244 244 244 244 244 244 244 244 244 244 244 244 244 244 244 244 244 244 244 244 243 243 242 241 241 241 241 241 242 242 242 242 242 242 242 242 244 244 244 244 244 244 244 244 244 244 244 244 244 244 244 244 244 244 244 244 244 244 244 244 244 244 244 244 244 244 244 244 247 247 247 247 247 247 247 247 246 246 246 245 245 245 244 244 245 245 245 245 245 245 247 247 248 248 249 250 250 251 253 253 254 254 254 254 254 254 254 254 255 255 255 255 255 255 255 255 253 253 252 251 251 251 248 248 249 249 247 247 247 247 245 245 249 249 249 250 251 252 252 253 254 254 254 254 255 255 255 255 0 0 0 0 0 0 0 0
0 0 0 0 0 0 0 0 221 221 222 223 226 226 227 227 231 232 233 234 235 236 236 236 240 240 241 241 241 242 242 242 242 242 242 243 243 244 244 246 248 248 248 248 248 248 246 246 244 244 244 244 242 242 242 242 242 242 242 242 242 242 242 242 243 242 241 240 240 240 240 241 239 237 239 237 239 237 240 238 240 238 240 238 240 238 240 240 244 245 245 243 241 237 235 232 227 232 241 247 249 241 231 221 198 183 165 149 138 125 111 98 88 85 85 87 95 103 112 115 120 120 122 123 121 121 119 119 120 122 122 123 121 118 112 107 104 104 104 105 105 106 104 105 106 106 104 103 101 101 101 101 101 101 101 101 101 101 101 101 99 100 100 101 102 103 104 104 102 101 103 104 105 106 109 109 114 115 114 112 109 106 106 104 105 102 97 94 97 95 92 91 93 94 96 95 95 94 95 95 97 97 97 99 104 106 107 106 109 113 118 122 125 124 123 122 123 110 98 98 111 136 171 198 218 226 230 224 221 225 230 232 233 235 236 237 239 240 241 241 242 242 242 243 243 244 244 244 243 243 242 242 241 240 240 239 240 240 240 240 241 241 241 241 244 244 244 244 244 244 244 244 244 244 244 243 243 243 242 242 240 240 240 240 240 240 240 240 237 237 237 237 237 237 237 237 238 238 237 237 238 239 240 240 239 239 240 240 240 241 241 241 241 241 242 243 243 244 245 245 244 244 244 244 244 244 244 244 244 244 244 244 244 244 244 244 244 244 244 244 244 244 244 244 242 242 242 242 242 242 242 242 241 242 242 242 242 241 240 239 240 240 240 240 240 240 240 240 240 240 240 240 240 240 240 240 238 238 238 238 238 238 238 238 239 239 239 239 239 239 239 239 238 238 238 238 239 239 239 239 242 242 244 244 244 244 244 244 244 244 244 244 244 244 244 244 244 244 244 244 244 244 244 244 244 244 244 244 244 244 244 244 244 244 244 244 244 244 244 244 243 242 241 241 240 240 241 241 241 241 241 241 241 241 241 241 244 244 244 244 244 244 244 244 244 244 244 244 244 244 244 244 244 244 244 244 244 244 244 244 244 244 244 244 244 244 244 244 246 246 246 246 246 246 246 246 245 245 245 245 244 244 244 243 244 244 244 244 244 244 246 246 246 246 247 248 248 249 251 251 252 252 252 252 253 253 253 253 254 254 254 254 254 254 254 254 252 252 251 251 250 250 248 247 248 248 246 246 246 246 244 244 248 248 249 250 251 251 252 252 253 253 254 254 254 255 255 255 0 0 0 0 0 0 0 0
0 0 0 0 0 0 0 0 221 221 222 222 223 224 227 227 231 231 231 232 234 235 235 236 240 240 240 241 241 241 242 242 242 242 242 243 243 244 244 246 248 249 249 249 248 248 246 246 246 246 244 244 244 244 244 244 242 242 242 242 242 242 242 242 243 242 241 240 240 240 240 241 239 239 241 239 241 239 240 238 240 238 240 238 240 238 240 240 241 241 241 240 239 237 234 233 235 238 243 246 241 228 210 196 171 149 125 106 98 94 91 86 79 83 90 99 110 120 129 132 122 121 118 116 113 113 111 112 115 117 117 119 117 115 113 109 107 107 108 108 107 107 108 108 105 105 105 105 102 102 102 102 101 101 101 101 101 101 101 101 102 103 103 104 105 106 107 108 105 103 105 105 105 105 105 105 101 105 107 110 113 114 118 118 117 113 111 109 112 109 105 102 104 106 107 108 109 108 108 108 109 111 109 111 112 115 124 130 138 141 146 145 139 130 120 114 112 104 100 108 128 157 192 214 228 229 227 220 217 220 227 231 233 235 236 237 239 240 241 241 242 242 242 243 243 244 244 244 243 243 242 241 240 239 239 238 238 238 239 239 240 240 241 241 244 244 244 244 244 244 244 244 244 244 243 243 243 242 242 242 240 240 240 240 240 240 240 240 237 237 237 237 237 237 237 237 237 237 237 237 237 238 239 239 239 239 239 240 240 240 241 241 241 241 242 243 243 244 245 245 244 244 244 244 244 244 244 244 244 244 244 244 244 244 244 244 244 244 244 244 244 244 244 244 242 242 242 242 242 242 242 242 241 242 242 242 242 241 240 239 240 240 240 240 240 240 240 240 240 240 240 240 240 240 240 240 238 238 238 238 238 238 238 238 239 239 239 239 239 239 239 239 238 238 238 238 239 239 239 239 242 242 244 244 244 244 244 244 244 244 244 244 244 244 244 244 244 244 244 244 244 244 244 244 244 244 244 244 244 244 244 244 244 244 244 244 244 244 244 244 243 242 241 240 240 240 240 241 241 241 241 241 241 241 241 241 244 244 244 244 244 244 244 244 244 244 244 244 244 244 244 244 244 244 244 244 244 244 244 244 244 244 244 244 244 244 244 244 246 246 246 246 246 246 246 246 245 244 244 244 243 243 243 243 244 244 244 244 244 244 246 246 244 244 245 246 246 247 249 249 252 252 253 253 254 254 255 255 255 255 255 255 255 255 255 254 252 251 250 250 249 249 247 247 248 248 246 246 246 246 244 244 248 248 249 249 250 251 252 252 253 253 253 254 254 254 255 255 0 0 0 0 0 0 0 0
0 0 0 0 0 0 0 0 220 221 221 222 223 224 226 226 230 230 231 231 233 234 235 235 239 240 240 240 241 241 241 241 242 242 242 243 243 244 244 246 248 249 249 249 248 248 246 246 246 246 244 244 244 244 244 244 242 242 242 242 242 242 242 242 243 242 241 240 240 240 240 241 240 241 241 241 241 240 239 239 238 238 238 238 238 238 238 238 239 239 238 236 236 235 235 234 241 239 236 229 217 198 177 160 138 120 99 83 79 82 86 87 88 94 104 112 121 125 130 131 122 121 119 117 117 117 118 117 112 110 111 110 111 111 112 111 111 111 111 112 110 110 110 110 106 106 105 105 103 103 103 103 102 102 102 102 102 102 102 102 102 103 103 104 104 105 105 106 105 104 103 102 102 101 100 99 99 101 104 108 113 116 118 119 120 118 115 117 120 120 118 117 116 117 119 120 119 121 122 122 121 123 123 123 123 128 139 148 158 160 158 149 134 117 101 93 89 94 108 128 154 183 211 226 233 230 226 221 220 222 228 232 233 235 236 237 239 240 241 241 242 242 242 243 243 244 244 244 243 243 242 241 240 239 238 238 237 237 238 238 239 240 240 241 243 243 243 243 243 243 243 243 243 243 243 243 242 242 242 241 239 239 239 239 239 239 239 239 236 236 236 236 236 236 236 236 237 236 236 236 236 237 238 239 238 239 239 239 240 240 240 240 241 241 242 243 243 244 245 245 244 244 244 244 244 244 244 244 244 244 244 244 244 244 244 244 244 244 244 244 244 244 244 244 242 242 242 242 242 242 242 242 241 242 242 242 242 241 240 239 239 239 239 239 239 239 239 239 240 240 240 240 240 240 240 240 238 238 238 238 238 238 238 238 239 239 239 239 239 239 239 239 238 238 238 238 239 239 239 239 242 242 244 244 244 244 244 244 244 244 244 244 244 244 244 244 244 244 244 244 244 244 244 244 244 244 244 244 244 244 244 244 244 244 244 244 244 244 244 244 242 242 241 240 239 239 240 240 240 240 240 240 240 240 240 240 244 244 244 244 244 244 244 244 244 244 244 244 244 244 244 244 244 244 244 244 244 244 244 244 244 244 244 244 244 244 244 244 245 245 245 245 245 245 245 245 244 244 243 243 243 242 242 242 243 243 243 243 243 243 245 245 242 242 243 244 244 245 247 247 250 251 251 252 253 253 254 254 255 255 255 255 255 255 255 253 253 251 249 249 249 248 246 246 247 247 245 245 245 245 243 243 247 248 248 249 250 251 251 251 252 253 253 253 254 254 254 254 0 0 0 0 0 0 0 0
0 0 0 0 0 0 0 0 220 220 221 222 223 223 226 226 227 227 230 231 232 232 234 234 239 239 240 240 240 241 241 241 242 242 242 243 243 244 244 246 248 249 249 249 248 248 248 248 246 246 246 246 244 244 244 244 242 242 242 242 242 242 242 242 243 242 241 240 240 240 240 241 240 243 243 244 243 242 241 240 238 238 238 238 238 238 238 236 237 234 234 234 235 235 237 236 237 227 214 197 177 155 137 121 107 98 89 84 84 91 96 99 109 113 116 118 120 118 119 120 119 120 121 121 122 122 120 117 110 107 106 105 106 106 110 111 113 113 113 112 112 112 110 110 106 106 105 105 105 105 103 103 102 102 102 102 102 102 102 102 100 101 101 101 101 101 101 101 102 99 98 96 96 94 93 92 99 100 102 105 108 109 110 110 107 105 104 106 109 111 112 113 121 122 123 125 127 127 129 129 128 130 130 132 136 140 147 154 150 145 135 118 100 86 78 76 87 105 133 162 189 209 223 229 233 228 223 221 223 225 227 230 233 235 236 237 239 240 241 241 242 242 242 243 243 244 244 244 243 243 242 241 239 238 237 237 236 236 237 238 239 240 240 241 243 243 243 243 243 243 243 243 243 243 243 242 242 242 241 241 239 239 239 239 239 239 239 239 235 235 235 235 235 235 235 235 236 236 235 235 236 237 237 238 238 238 239 239 239 240 240 240 241 241 242 243 243 244 245 245 244 244 244 244 244 244 244 244 244 244 244 244 244 244 244 244 244 244 244 244 244 244 244 244 242 242 242 242 242 242 242 242 241 242 242 242 242 241 240 239 239 239 239 239 239 239 239 239 240 240 240 240 240 240 240 240 238 238 238 238 238 238 238 238 239 239 239 239 239 239 239 239 238 238 238 238 239 239 239 239 242 242 244 244 244 244 244 244 244 244 244 244 244 244 244 244 244 244 244 244 244 244 244 244 244 244 244 244 244 244 244 244 244 244 244 244 244 244 244 244 242 241 240 240 239 239 240 240 240 240 240 240 240 240 240 240 244 244 244 244 244 244 244 244 244 244 244 244 244 244 244 244 244 244 244 244 244 244 244 244 244 244 244 244 244 244 244 244 245 245 245 245 245 245 245 245 243 243 243 242 242 242 241 241 242 242 242 242 242 242 244 244 241 241 242 242 243 243 245 246 249 249 250 251 252 253 253 254 254 254 254 254 254 254 254 252 252 250 249 248 248 248 245 245 247 247 245 245 245 245 243 243 247 247 248 249 250 250 251 251 252 252 253 253 253 254 254 254 0 0 0 0 0 0 0 0
0 0 0 0 0 0 0 0 220 220 221 222 222 223 226 226 227 227 230 230 231 232 234 234 237 239 239 240 240 241 241 241 242 242 242 243 243 244 244 246 248 248 249 248 248 248 248 246 246 246 246 244 244 244 244 242 242 242 242 242 242 242 242 242 243 242 241 240 240 240 240 241 240 241 243 244 243 242 240 239 237 237 237 237 237 237 239 237 235 233 232 231 232 233 234 234 227 212 190 164 141 121 104 95 88 86 90 95 100 107 112 115 120 121 119 116 111 105 104 105 114 118 119 120 120 117 112 110 113 111 109 106 107 109 112 114 114 114 113 113 112 110 110 110 107 105 105 104 104 105 105 103 102 102 102 102 102 102 102 102 104 102 104 101 101 101 101 101 101 100 98 97 97 95 94 93 96 99 100 101 102 103 104 103 109 108 107 107 109 112 116 118 117 119 121 122 125 125 127 127 127 127 129 134 143 148 150 149 147 139 122 102 88 81 84 88 101 128 164 197 218 231 234 233 233 227 223 223 224 225 225 228 233 235 236 237 239 240 241 241 242 242 242 243 243 244 244 244 243 243 242 241 239 238 237 236 235 236 237 237 238 239 240 240 243 243 243 243 243 243 243 243 243 243 243 242 242 241 241 241 239 239 239 239 239 239 239 239 235 235 235 235 235 235 235 235 236 235 235 235 235 236 237 238 238 238 238 239 239 240 240 240 241 241 242 243 243 244 245 245 244 244 244 244 244 244 244 244 244 244 244 244 244 244 244 244 244 244 244 244 244 244 244 244 242 242 242 242 242 242 242 242 241 242 242 242 242 241 240 239 239 239 239 239 239 239 239 239 240 240 240 240 240 240 240 240 238 238 238 238 238 238 238 238 239 239 239 239 239 239 239 239 238 238 238 238 239 239 239 239 242 242 244 244 244 244 244 244 244 244 244 244 244 244 244 244 244 244 244 244 244 244 244 244 244 244 244 244 244 244 244 244 244 244 244 244 244 244 244 244 242 241 240 239 239 239 239 240 240 240 240 240 240 240 240 240 244 244 244 244 244 244 244 244 244 244 244 244 244 244 244 244 244 244 244 244 244 244 244 244 244 244 244 244 244 244 244 244 245 245 245 245 245 245 245 245 243 243 242 242 242 241 241 241 242 242 242 242 242 242 244 244 240 240 241 242 242 242 245 245 248 249 249 250 251 252 253 253 254 254 254 254 254 254 254 252 252 250 249 248 248 247 247 245 247 247 247 245 245 245 245 245 247 247 248 249 249 250 251 251 252 252 252 253 253 254 254 254 0 0 0 0 0 0 0 0
0 0 0 0 0 0 0 0 220 220 220 220 223 224 225 226 228 228 229 230 231 232 233 233 234 236 237 238 238 239 242 242 244 244 246 245 245 244 244 244 246 246 248 246 246 246 246 244 241 242 244 243 244 244 243 242 242 242 242 242 242 242 242 242 241 241 241 241 241 241 241 241 242 242 242 240 238 234 233 231 236 241 245 243 237 234 237 240 231 231 237 239 233 235 235 220 207 183 154 125 100 82 77 77 81 87 102 109 114 118 124 128 126 121 115 108 102 95 91 89 105 106 106 107 107 108 108 108 108 110 112 114 113 111 107 107 112 112 110 110 110 110 109 107 111 110 109 106 106 105 104 102 101 100 100 101 101 102 100 100 102 101 104 102 102 102 101 100 96 96 96 95 96 96 95 95 96 98 98 98 97 97 99 97 101 101 103 105 108 110 113 114 114 114 113 116 118 120 120 118 122 127 129 138 151 161 154 139 136 115 92 79 73 78 98 117 149 177 208 228 240 249 248 243 229 229 227 227 226 224 224 224 233 235 236 237 238 238 239 240 241 242 243 243 243 243 242 241 238 238 238 237 237 236 236 236 237 237 238 239 239 240 241 241 242 242 242 241 241 240 240 240 239 239 239 239 239 239 239 239 239 239 239 239 239 239 239 239 235 235 235 235 235 235 235 235 235 234 234 234 234 235 236 237 238 238 238 239 239 239 240 240 241 241 241 242 242 243 243 243 243 243 243 244 244 245 245 245 246 245 244 244 243 243 244 244 244 244 244 244 244 244 244 244 242 240 240 240 240 240 240 240 239 239 239 239 239 239 239 239 239 239 239 238 238 237 237 237 236 236 236 237 237 238 238 239 237 237 237 238 238 239 239 239 238 238 238 238 238 238 238 238 238 238 238 238 239 239 239 239 241 241 243 243 243 243 243 243 243 243 243 243 243 243 243 243 244 244 244 244 244 244 244 244 244 244 244 244 244 244 244 244 244 244 244 244 244 244 244 244 241 241 241 240 240 239 239 239 240 240 240 240 240 240 240 240 244 244 244 244 244 244 244 244 245 245 245 245 245 245 245 245 243 243 243 243 243 243 243 243 244 244 244 244 244 244 244 244 246 246 246 245 245 245 244 244 242 242 242 242 242 242 242 242 242 242 242 242 242 242 244 244 240 240 241 242 242 242 245 245 247 247 247 248 248 249 249 249 250 250 250 250 250 250 250 250 251 249 249 248 248 246 246 246 246 244 244 244 244 244 244 244 247 248 249 250 251 252 252 252 252 252 253 253 253 254 254 254 0 0 0 0 0 0 0 0
0 0 0 0 0 0 0 0 218 218 218 218 221 222 223 224 228 228 229 229 231 232 233 233 234 234 237 238 238 239 242 242 244 244 245 245 245 244 244 244 245 245 245 245 245 245 243 243 241 242 242 243 243 243 240 240 242 242 242 242 242 242 242 242 241 241 241 241 241 241 241 241 239 240 240 238 238 233 231 229 242 246 250 248 242 237 236 237 240 237 244 244 234 226 210 187 156 134 111 93 85 82 88 93 104 108 116 118 116 114 115 118 115 111 109 106 101 97 95 95 102 104 105 105 106 106 107 108 109 110 113 114 114 112 110 109 111 111 110 111 112 113 112 112 111 111 108 107 106 103 103 102 102 101 101 102 102 103 101 101 102 101 101 102 100 99 99 98 99 99 98 98 100 100 99 99 96 96 96 98 98 99 99 97 99 99 102 104 106 108 110 112 111 110 108 110 111 113 115 114 118 124 130 137 145 147 134 119 97 85 74 77 88 110 140 165 186 203 223 234 240 243 244 240 232 232 232 230 228 227 225 227 233 235 236 236 237 238 239 239 239 240 240 241 241 240 240 239 238 238 238 237 237 236 236 236 237 237 238 239 240 241 242 242 242 242 242 241 241 240 240 240 239 239 239 239 239 239 239 239 239 239 239 239 239 239 239 239 235 235 235 235 235 235 235 235 235 235 235 235 235 236 237 237 238 239 239 239 240 240 240 240 241 241 242 242 242 243 243 243 243 243 244 244 244 245 245 245 244 243 242 242 241 241 242 242 242 242 242 242 242 242 242 240 241 239 239 239 239 239 239 239 239 239 239 239 239 239 239 239 239 239 238 238 238 237 237 237 236 236 236 237 237 237 238 238 237 237 238 238 238 239 239 239 238 238 238 238 238 238 238 238 238 238 238 238 239 239 239 239 241 241 243 243 243 243 243 243 243 243 243 243 243 243 243 243 243 243 243 243 243 243 243 243 243 243 243 243 243 243 243 243 243 243 243 243 243 243 243 243 241 241 241 240 240 239 239 239 240 240 240 240 240 240 240 240 243 243 243 243 243 243 243 243 243 243 243 243 243 243 243 243 243 243 243 243 243 243 243 243 243 243 243 243 243 243 243 243 245 245 245 245 244 244 243 243 242 242 242 242 242 242 242 242 242 242 242 242 242 242 244 244 241 241 242 242 243 243 246 246 247 247 247 248 248 249 249 249 250 250 250 250 250 250 250 250 251 251 248 248 248 247 246 246 246 246 244 244 244 244 244 244 247 248 249 250 251 251 251 251 252 252 252 252 253 253 254 254 0 0 0 0 0 0 0 0
0 0 0 0 0 0 0 0 216 215 215 216 219 220 221 222 228 228 228 229 231 232 232 233 234 234 237 238 238 239 242 242 244 243 245 245 244 244 244 244 244 244 244 244 244 244 242 242 241 242 241 242 242 242 239 239 240 240 240 240 240 240 240 240 240 240 240 240 240 240 240 240 237 238 238 238 238 234 230 228 243 246 247 244 241 236 236 235 242 241 248 243 225 205 179 152 119 102 85 78 84 94 107 114 123 124 128 125 121 115 112 112 110 106 106 105 103 101 102 102 103 105 105 105 107 107 107 107 110 110 110 110 112 111 111 111 108 107 108 108 107 107 107 108 102 102 103 101 101 102 102 102 102 102 103 103 102 103 103 101 99 100 98 99 99 98 98 95 96 94 95 95 97 97 98 98 93 94 94 97 97 98 99 99 99 99 100 103 105 106 107 109 110 109 108 111 113 115 118 117 116 123 132 134 136 131 117 104 84 80 81 95 117 146 177 199 220 229 237 237 237 237 238 237 235 233 233 231 229 228 228 228 233 235 236 236 237 238 238 238 237 237 238 238 238 238 237 237 237 237 237 237 236 236 236 236 236 237 238 239 240 242 243 243 242 242 241 241 241 240 240 240 239 239 239 239 239 239 239 239 239 239 239 239 239 239 239 239 235 235 235 235 235 235 235 235 236 236 236 235 236 237 238 238 239 239 239 240 240 241 241 241 242 242 242 242 243 243 244 244 244 244 244 244 245 245 246 246 242 241 240 239 239 239 239 240 240 240 240 240 240 240 240 238 240 238 238 238 238 238 238 238 238 238 238 238 238 238 238 238 239 238 238 238 237 237 237 237 235 235 236 236 236 237 237 237 237 237 238 238 238 239 239 239 238 238 238 238 238 238 238 238 238 238 238 238 239 239 239 239 241 241 243 243 243 243 243 243 243 243 243 243 243 243 243 243 242 242 242 242 242 242 242 242 242 242 242 242 242 242 242 242 242 242 242 242 242 242 242 242 241 241 241 240 240 239 239 239 240 240 240 240 240 240 240 240 242 242 242 242 242 242 242 242 241 241 241 241 241 241 241 241 243 243 243 243 243 243 243 243 242 242 242 242 242 242 242 242 244 244 244 243 243 243 242 242 242 242 242 242 242 242 242 242 242 242 242 242 242 242 244 244 242 242 243 244 244 244 247 247 247 247 247 248 248 249 249 249 250 250 250 250 250 250 250 250 251 250 248 248 247 247 246 246 246 246 244 244 244 244 244 244 247 247 248 250 250 251 250 250 251 251 251 252 252 252 253 253 0 0 0 0 0 0 0 0
0 0 0 0 0 0 0 0 215 215 215 215 218 219 220 221 227 227 228 229 231 231 232 232 234 234 237 238 238 239 242 242 243 243 245 244 244 244 243 243 243 243 243 243 243 243 241 241 241 241 240 240 240 240 238 238 239 239 239 239 239 239 239 239 239 239 239 239 239 239 239 239 238 238 237 236 238 237 237 236 238 236 235 232 231 233 238 239 238 235 238 225 197 169 146 123 106 97 88 89 100 111 120 124 124 123 125 122 119 113 111 110 110 108 107 104 102 100 100 101 105 107 107 107 108 108 109 109 111 110 109 108 108 108 112 110 109 106 105 104 101 99 98 98 93 94 96 98 100 100 101 104 101 102 102 101 101 102 102 100 96 95 95 96 96 95 95 92 89 89 90 91 91 92 92 93 93 93 94 95 98 99 100 100 98 99 101 102 104 105 106 106 103 106 108 114 119 120 119 117 110 117 122 124 119 115 108 103 99 104 113 131 152 175 198 215 233 237 239 237 236 235 239 240 236 236 236 234 232 230 230 230 233 235 235 236 236 237 237 238 236 236 237 237 237 237 236 236 237 236 236 236 236 236 236 236 236 236 237 239 240 242 243 244 241 241 241 240 240 239 239 239 238 238 238 238 238 238 238 238 239 239 239 239 239 239 239 239 234 234 234 234 234 234 234 234 237 237 236 236 237 237 238 239 239 239 240 240 241 241 241 241 242 242 242 242 243 243 243 244 244 244 244 244 245 245 245 246 241 241 240 239 238 238 239 239 239 239 239 239 239 239 239 237 238 236 236 236 236 236 236 236 237 237 237 237 237 237 237 237 238 238 238 237 237 237 236 236 235 235 235 235 235 236 236 236 237 237 237 238 238 238 239 239 237 237 237 237 237 237 237 237 237 237 237 237 238 238 238 238 240 240 242 242 242 242 242 242 242 242 242 242 242 242 242 242 241 241 241 241 241 241 241 241 241 241 241 241 241 241 241 241 241 241 241 241 241 241 241 241 241 241 241 240 240 239 239 239 240 240 240 240 240 240 240 240 241 241 241 241 241 241 241 241 240 240 240 240 240 240 240 240 242 242 242 242 242 242 242 242 241 241 241 241 241 241 241 241 243 243 243 242 242 241 241 241 242 242 242 242 242 242 242 242 242 242 242 242 242 242 244 244 243 243 244 245 245 246 248 248 247 247 247 248 248 249 249 249 249 249 249 249 249 249 249 249 250 250 248 247 247 247 245 245 246 246 244 244 244 244 244 244 246 247 248 249 249 250 249 249 250 250 250 250 251 251 252 252 0 0 0 0 0 0 0 0
0 0 0 0 0 0 0 0 216 216 216 216 219 220 221 222 227 227 228 228 230 231 232 232 234 234 237 238 238 239 242 242 243 243 244 244 244 243 243 243 243 243 243 243 243 243 241 241 241 241 238 238 238 238 236 236 237 237 237 237 237 237 237 237 239 239 239 239 239 239 239 239 240 238 236 235 235 238 241 244 232 227 222 220 224 233 242 246 235 223 215 193 153 123 110 97 91 93 99 106 119 127 128 122 118 115 117 116 115 113 111 109 108 107 105 102 102 100 99 99 107 109 109 109 109 109 109 109 110 108 107 106 106 107 110 108 106 103 102 100 99 98 97 96 95 96 97 96 98 99 100 100 101 101 101 100 100 98 98 98 97 96 97 95 95 95 94 93 90 88 91 91 92 92 93 93 97 98 99 99 101 101 102 103 101 102 105 105 106 106 104 105 98 102 107 111 114 111 107 102 95 98 101 102 100 97 102 106 115 126 145 166 189 208 221 230 233 233 235 238 239 238 241 243 238 236 236 234 234 232 232 232 235 235 235 236 236 236 236 237 236 237 237 238 238 237 237 236 235 236 236 236 236 236 236 236 235 236 237 238 239 241 242 242 239 239 239 239 238 238 237 237 236 236 236 236 236 236 236 236 238 238 238 238 238 238 238 238 234 234 234 234 234 234 234 234 237 237 236 236 237 237 238 239 239 239 239 240 240 241 241 241 241 241 241 242 242 242 243 243 243 243 243 244 244 244 245 245 242 242 241 240 239 239 240 240 240 240 240 240 240 240 240 238 237 235 235 235 235 235 235 235 237 237 237 237 237 237 237 237 238 238 237 237 237 236 236 236 235 235 235 235 235 234 234 234 235 236 236 236 237 237 237 238 237 237 237 237 237 237 237 237 237 237 237 237 238 238 238 238 240 240 242 242 242 242 242 242 242 242 242 242 242 242 242 242 241 241 241 241 241 241 241 241 241 241 241 241 241 241 241 241 241 241 241 241 241 241 241 241 241 241 241 240 240 239 239 239 240 240 240 240 240 240 240 240 241 241 241 241 241 241 241 241 241 241 241 241 241 241 241 241 242 242 242 242 242 242 242 242 241 241 241 241 241 241 241 241 243 243 242 242 241 241 241 241 242 242 242 242 242 242 242 242 242 242 242 242 242 242 244 244 243 243 245 245 246 246 248 248 247 247 247 248 248 249 249 249 249 249 249 249 249 249 249 249 250 250 247 247 247 246 245 245 246 246 244 244 244 244 244 244 246 247 248 248 249 248 248 248 248 248 249 249 250 250 250 250 0 0 0 0 0 0 0 0
0 0 0 0 0 0 0 0 217 217 217 217 220 221 222 223 226 227 227 228 230 231 231 231 234 234 237 238 238 239 242 242 242 242 244 244 243 243 243 242 243 243 243 243 243 243 241 241 241 240 237 236 236 236 235 235 236 236 236 236 236 236 236 236 238 238 238 238 238 238 238 238 240 238 235 233 234 237 241 244 231 223 218 218 224 233 239 240 222 203 185 152 109 85 83 82 83 94 109 122 132 137 136 128 118 114 114 115 115 112 110 107 103 102 100 99 100 100 100 102 108 110 110 109 109 109 109 108 108 105 106 104 106 105 109 106 101 99 99 100 100 101 101 99 103 100 102 99 99 98 98 97 98 100 99 97 97 96 96 94 98 96 97 97 97 97 96 95 92 90 90 90 91 91 91 91 95 96 96 97 97 98 98 99 98 99 101 102 101 100 98 98 95 97 100 102 100 91 82 74 68 71 76 83 87 93 105 117 133 150 174 193 213 226 234 234 229 228 232 238 240 237 238 239 238 238 238 236 236 234 234 232 235 235 235 235 235 236 236 236 237 237 238 238 238 238 237 237 235 235 235 235 236 236 236 236 235 236 236 237 238 238 239 239 237 237 237 236 236 236 235 235 234 234 234 234 234 234 234 234 236 236 236 236 236 236 236 236 233 233 233 233 233 233 233 233 236 236 236 235 236 237 238 238 238 238 238 239 239 239 240 240 239 239 240 240 240 241 241 241 241 241 242 242 242 243 243 243 243 242 241 241 240 240 241 241 241 241 241 241 241 241 241 239 237 235 235 235 235 235 235 235 236 236 236 236 236 236 236 236 237 237 237 237 236 236 236 235 235 235 234 234 234 233 233 233 234 234 234 235 235 235 236 236 236 236 236 236 236 236 236 236 236 236 236 236 237 237 237 237 239 239 241 241 241 241 241 241 241 241 241 241 241 241 241 241 241 241 241 241 241 241 241 241 241 241 241 241 241 241 241 241 241 241 241 241 241 241 241 241 241 241 241 240 240 239 239 239 240 240 240 240 240 240 240 240 241 241 241 241 241 241 241 241 242 242 242 242 242 242 242 242 241 241 241 241 241 241 241 241 241 241 241 241 241 241 241 241 243 243 243 242 242 241 241 241 242 242 242 242 242 242 242 242 242 242 242 242 242 242 244 244 243 243 244 245 245 246 248 248 247 247 247 248 248 249 249 249 248 248 248 248 248 248 248 248 249 249 247 247 246 246 245 244 246 246 244 244 244 244 244 244 246 246 247 248 248 247 247 246 247 247 248 248 248 249 249 249 0 0 0 0 0 0 0 0
0 0 0 0 0 0 0 0 217 216 216 217 219 221 222 223 226 226 227 228 230 230 231 231 234 234 237 238 238 239 242 242 242 242 244 243 243 243 242 242 244 244 244 244 244 244 242 242 241 240 236 235 235 235 234 234 234 234 234 234 234 234 234 234 237 237 237 237 237 237 237 237 238 237 234 233 232 232 231 231 229 226 225 228 233 232 224 216 194 166 142 117 87 74 82 85 93 108 123 131 134 136 135 126 119 115 114 112 112 109 107 103 100 98 99 98 99 99 100 101 107 109 108 108 105 105 105 104 105 102 104 102 105 104 106 103 97 94 94 95 96 97 98 96 100 98 100 98 97 97 97 97 96 96 96 94 94 93 93 91 93 94 95 93 93 93 92 89 87 85 85 85 84 84 82 82 85 85 85 85 84 84 84 84 84 85 86 87 85 83 80 80 80 80 77 73 67 57 46 38 42 49 66 87 102 114 130 144 164 179 198 210 222 230 232 230 229 226 230 238 241 237 237 240 238 237 237 235 235 233 233 233 235 235 235 235 235 235 235 235 236 237 237 238 238 237 237 236 234 234 234 235 235 236 236 236 236 236 236 236 236 236 236 236 235 235 235 234 234 233 233 233 232 232 232 232 232 232 232 232 234 234 234 234 234 234 234 234 233 233 233 233 233 233 233 233 235 235 235 235 235 236 237 237 237 237 237 237 238 238 239 239 238 238 238 239 239 239 240 240 240 240 240 241 241 241 242 242 243 242 241 240 240 240 240 241 241 241 241 241 241 241 241 239 238 236 236 236 236 236 236 236 235 235 235 235 235 235 235 235 237 237 237 236 236 236 235 235 234 234 234 233 233 233 232 232 232 232 232 233 233 233 234 234 236 236 236 236 236 236 236 236 236 236 236 236 237 237 237 237 239 239 241 241 241 241 241 241 241 241 241 241 241 241 241 241 242 242 242 242 242 242 242 242 242 242 242 242 242 242 242 242 242 242 242 242 242 242 242 242 241 241 241 240 240 239 239 239 240 240 240 240 240 240 240 240 242 242 242 242 242 242 242 242 242 242 242 242 242 242 242 242 241 241 241 241 241 241 241 241 242 242 242 242 242 242 242 242 244 243 243 243 242 242 242 242 242 242 242 242 242 242 242 242 242 242 242 242 242 242 244 244 242 243 244 244 245 245 247 247 247 247 247 248 248 249 249 249 248 248 248 248 248 248 248 248 249 249 247 246 246 246 244 244 246 246 244 244 244 244 244 244 246 246 247 247 247 246 246 245 246 246 247 247 248 248 248 248 0 0 0 0 0 0 0 0
0 0 0 0 0 0 0 0 216 216 216 216 219 220 221 222 226 226 227 228 229 230 231 231 234 234 237 238 238 239 242 242 242 242 244 243 243 242 242 242 244 244 244 244 244 244 242 242 241 240 236 235 234 234 233 234 234 234 234 234 234 234 234 234 237 237 237 237 237 237 237 237 235 235 234 233 231 226 222 219 227 226 230 234 235 226 207 192 162 131 110 94 79 80 93 96 111 125 134 131 125 122 120 114 117 112 110 110 109 108 105 101 99 97 98 97 97 95 95 97 103 105 105 104 104 101 101 100 101 100 100 101 101 102 102 101 94 92 92 92 92 90 89 88 89 90 91 93 95 97 98 97 94 91 91 90 89 88 88 86 84 85 85 84 84 83 83 80 75 71 71 70 69 69 68 66 69 69 69 69 67 67 67 67 65 66 68 68 67 63 60 58 51 49 43 37 30 22 13 6 23 36 63 98 123 142 159 172 180 196 210 218 227 234 232 229 228 225 226 235 240 238 238 242 238 238 237 237 235 235 233 233 235 235 235 235 235 235 235 235 235 236 236 237 237 236 236 235 234 234 234 235 235 236 236 236 236 236 235 235 235 234 234 234 234 234 233 233 232 232 232 232 231 231 231 231 231 231 231 231 233 233 233 233 233 233 233 233 233 233 233 233 233 233 233 233 235 234 234 234 234 235 236 237 236 236 236 237 237 237 238 238 237 237 237 238 238 238 239 239 239 239 239 240 240 240 241 241 242 241 240 239 239 239 240 240 240 240 240 240 240 240 240 238 238 236 236 236 236 236 236 236 235 235 235 235 235 235 235 235 237 237 237 236 236 235 235 235 234 234 234 233 233 232 232 231 231 231 231 232 232 232 233 233 236 236 236 236 236 236 236 236 236 236 236 236 237 237 237 237 239 239 241 241 241 241 241 241 241 241 241 241 241 241 241 241 242 242 242 242 242 242 242 242 242 242 242 242 242 242 242 242 242 242 242 242 242 242 242 242 241 241 241 240 240 239 239 239 240 240 240 240 240 240 240 240 242 242 242 242 242 242 242 242 241 241 241 241 241 241 241 241 241 241 241 241 241 241 241 241 242 242 242 242 242 242 242 242 244 244 244 243 243 243 242 242 242 242 242 242 242 242 242 242 242 242 242 242 242 242 244 244 242 242 243 244 244 244 247 247 247 247 247 248 248 249 249 249 248 248 248 248 248 248 248 248 249 249 247 246 246 245 244 244 246 246 244 244 244 244 244 244 245 246 246 247 247 246 245 245 246 246 246 247 247 247 248 248 0 0 0 0 0 0 0 0
0 0 0 0 0 0 0 0 216 216 215 216 219 220 221 222 226 227 228 229 231 232 231 231 234 234 237 238 238 239 242 242 241 241 243 243 243 243 243 243 243 243 243 243 243 243 241 241 242 240 236 235 234 234 233 234 232 232 232 232 232 232 232 232 235 235 235 235 235 235 235 235 240 233 227 230 227 220 214 213 229 234 237 233 218 197 173 156 126 102 84 83 95 103 108 110 127 129 129 125 119 114 115 114 112 110 107 105 104 101 101 98 97 97 97 96 97 95 96 98 105 106 106 105 104 101 101 100 100 100 98 98 97 96 92 92 95 93 93 93 94 94 95 94 95 93 89 90 90 90 88 85 78 77 75 71 69 68 66 63 62 56 49 44 44 45 45 40 38 36 35 34 34 32 31 31 30 31 30 31 32 33 32 32 31 30 31 34 34 30 22 15 25 21 21 23 21 12 6 5 27 55 93 125 150 167 177 182 198 204 211 216 218 220 222 224 223 227 230 234 237 238 238 237 237 237 236 237 235 236 236 236 235 235 235 235 235 235 235 235 233 233 233 233 233 233 233 233 233 233 233 234 234 235 235 235 237 237 237 236 235 234 233 232 233 233 233 232 232 232 231 231 232 232 232 232 232 232 232 232 231 231 231 231 231 231 231 231 231 231 231 232 232 233 233 233 236 235 235 234 234 235 236 236 235 235 236 236 236 237 237 237 236 236 236 236 236 236 236 236 236 236 237 238 239 239 240 240 241 241 241 241 241 241 241 241 240 240 240 240 240 240 240 238 237 235 235 235 235 235 235 235 235 235 235 235 235 235 235 235 235 235 235 236 236 237 237 237 235 236 236 234 232 230 230 231 231 231 231 232 232 233 233 233 233 234 235 236 236 236 235 235 236 236 236 236 237 237 237 237 239 239 241 241 241 241 241 241 240 240 240 241 241 242 242 242 241 241 241 241 241 241 241 241 241 241 241 241 241 241 241 241 241 241 241 241 241 241 241 241 241 241 241 241 241 241 241 241 241 241 241 241 241 241 241 241 241 241 241 241 241 241 241 241 242 242 242 242 242 242 242 242 242 242 242 242 242 242 242 242 242 242 242 242 242 242 242 242 243 243 243 243 243 243 243 243 242 242 242 242 242 242 242 242 242 242 242 242 242 242 244 244 243 243 244 244 244 244 246 246 247 247 247 248 248 249 249 249 249 249 249 249 249 249 249 249 250 250 248 247 247 246 245 245 246 246 244 244 244 244 244 244 245 245 245 245 245 245 245 245 246 246 246 246 246 246 246 246 0 0 0 0 0 0 0 0
0 0 0 0 0 0 0 0 216 216 215 216 219 220 221 222 226 227 228 229 231 231 231 231 233 233 235 236 237 238 240 241 240 240 242 242 242 242 242 242 242 242 242 242 242 242 240 240 241 240 236 234 233 233 231 232 232 232 232 232 232 232 232 232 234 234 234 234 234 234 234 234 236 231 229 232 230 224 220 221 235 236 233 218 195 164 137 118 103 90 83 91 106 112 115 117 124 125 126 122 115 110 110 107 112 106 103 101 99 98 98 97 97 95 95 93 93 91 93 93 100 101 102 101 102 102 100 100 100 101 99 100 100 97 96 94 88 90 93 94 95 93 90 89 86 83 81 76 71 67 67 65 53 48 49 45 43 39 40 37 43 35 27 21 20 19 24 22 16 14 14 14 14 11 11 9 11 10 11 11 13 14 13 13 14 13 13 15 15 15 14 12 18 20 23 28 25 19 17 20 45 74 114 144 164 176 187 196 198 201 204 203 205 208 212 217 219 223 227 230 233 235 236 237 236 236 236 235 235 236 236 236 235 235 235 235 235 235 235 235 233 233 233 233 233 233 233 233 233 233 233 234 234 234 235 235 236 237 237 236 235 234 233 232 233 232 232 232 231 231 231 231 232 232 232 232 232 232 232 232 231 231 231 231 231 231 231 231 232 232 232 233 233 233 234 234 235 235 234 234 234 234 235 235 234 234 235 235 235 236 236 236 235 235 235 235 235 235 235 235 236 236 237 237 238 239 240 240 240 240 240 240 240 240 240 240 239 239 239 239 239 239 239 237 236 234 234 234 234 234 234 234 234 234 234 234 234 234 234 234 234 234 234 235 235 236 236 236 235 236 236 234 231 229 229 230 231 231 231 232 232 232 233 233 232 233 234 235 235 235 235 234 235 235 235 235 236 236 236 236 238 238 240 240 240 240 240 240 239 239 239 240 240 241 241 241 242 242 242 242 242 242 242 242 242 242 242 242 242 242 242 242 242 242 242 242 242 242 242 242 240 240 240 240 240 240 240 240 240 240 240 240 240 240 240 240 242 242 242 242 242 242 242 242 241 241 241 241 241 241 241 241 241 241 241 241 241 241 241 241 242 242 242 242 242 242 242 242 243 243 243 243 243 243 243 243 242 242 242 242 242 242 242 242 242 242 242 242 242 242 244 244 243 243 244 244 244 244 246 246 247 247 247 248 248 249 249 249 249 249 249 249 249 249 249 249 250 250 248 247 247 246 245 245 246 246 244 244 244 244 244 244 245 245 245 245 245 245 245 245 246 246 246 246 246 246 246 246 0 0 0 0 0 0 0 0
0 0 0 0 0 0 0 0 216 216 215 216 219 220 221 222 226 226 228 229 231 231 231 231 231 232 234 235 236 237 239 239 240 240 242 242 242 242 242 242 242 242 242 242 242 242 240 240 241 239 235 233 231 231 229 230 232 232 231 231 231 231 231 231 233 233 233 233 233 233 233 233 233 231 230 232 230 226 226 229 234 230 214 190 159 125 101 86 86 85 94 110 121 124 123 119 117 118 118 116 111 108 107 106 108 104 102 100 98 95 94 94 96 94 93 91 91 89 90 90 96 97 99 101 101 103 101 102 100 100 99 98 94 91 89 85 89 90 93 95 94 88 81 76 59 57 50 40 31 27 28 28 19 13 14 12 11 9 10 8 10 8 7 5 3 1 5 4 0 0 0 0 0 0 0 0 0 0 0 0 0 2 3 4 13 14 13 14 14 18 24 31 32 37 46 52 48 41 38 43 56 84 120 146 162 171 185 194 199 199 197 195 196 201 208 214 216 220 222 226 230 232 233 234 234 234 234 235 235 234 234 234 235 235 235 235 235 235 235 235 233 233 233 233 233 233 233 233 233 233 233 233 234 234 234 235 236 236 236 236 235 234 233 232 232 232 232 231 231 230 230 230 231 231 231 231 231 231 231 231 231 231 231 231 231 231 231 231 232 232 233 233 233 234 234 234 234 234 234 233 233 233 233 233 233 233 233 234 234 234 235 235 234 234 234 234 234 234 234 234 235 235 236 237 238 238 239 239 239 239 239 239 239 239 239 239 239 239 239 239 239 239 239 237 235 233 233 233 233 233 233 233 233 233 233 233 233 233 233 233 233 234 234 234 235 235 235 235 235 236 236 234 230 228 228 228 231 231 231 231 232 232 232 233 232 233 234 234 235 235 234 234 234 234 234 234 235 235 235 235 237 237 239 239 239 239 239 239 238 239 239 239 240 240 240 240 242 242 242 242 242 242 242 242 242 242 242 242 242 242 242 242 242 242 242 242 242 242 242 242 240 240 240 240 240 240 240 240 240 240 240 240 240 240 240 240 242 242 242 242 242 242 242 242 241 241 241 241 241 241 241 241 241 241 241 241 241 241 241 241 242 242 242 242 242 242 242 242 243 243 243 243 243 243 243 243 242 242 242 242 242 242 242 242 242 242 242 242 242 242 244 244 243 243 244 244 244 244 246 246 247 247 247 248 248 249 249 249 249 249 249 249 249 249 249 249 250 250 248 247 247 246 245 245 246 246 244 244 244 244 244 244 245 245 245 245 245 245 245 245 246 246 246 246 246 246 246 246 0 0 0 0 0 0 0 0
0 0 0 0 0 0 0 0 216 216 215 216 219 220 221 222 225 226 227 229 230 231 231 230 231 232 234 235 236 237 239 240 241 241 243 243 243 243 243 243 243 243 243 243 243 243 241 241 242 240 236 233 232 231 230 230 232 232 232 232 231 231 231 231 231 231 231 231 231 231 231 231 233 232 229 226 225 223 226 229 225 209 183 155 124 97 84 78 89 98 112 124 130 127 120 116 105 106 110 111 110 108 109 108 104 99 99 95 96 92 92 90 94 92 92 90 91 91 91 91 92 93 96 97 99 98 98 98 95 95 93 93 89 87 84 81 79 77 77 74 67 58 49 42 41 35 30 23 18 16 19 16 9 4 8 9 11 13 16 16 11 18 29 34 36 32 32 29 28 27 28 27 28 27 27 26 33 32 34 33 35 37 39 39 41 41 43 42 43 48 58 67 64 70 80 85 83 73 63 60 60 74 99 123 142 153 166 178 183 186 189 192 195 200 206 213 217 221 222 224 228 229 230 231 232 234 234 233 233 234 234 234 234 234 234 234 234 234 234 234 232 232 232 232 232 232 232 232 232 232 233 233 233 234 234 234 236 236 236 236 236 235 234 233 232 232 231 231 230 230 230 230 231 231 231 231 231 231 231 231 232 232 232 232 232 232 232 232 231 231 232 232 233 233 233 233 233 233 233 233 233 233 232 232 231 231 232 232 232 233 233 233 232 232 232 232 232 232 232 232 234 235 235 236 237 238 238 238 240 240 240 240 240 240 240 240 240 240 240 240 240 240 240 238 236 234 234 234 234 234 234 234 234 234 234 234 234 234 234 234 234 234 234 235 235 235 236 236 236 237 237 234 231 228 228 229 230 230 231 231 231 232 232 232 233 233 234 235 236 236 235 235 235 235 235 235 236 236 236 236 238 238 240 240 240 240 240 240 239 239 239 240 240 240 241 241 240 240 240 240 240 240 240 240 240 240 240 240 240 240 240 240 240 240 240 240 240 240 240 240 241 241 241 241 241 241 241 241 241 241 241 241 241 241 241 241 240 240 240 240 240 240 240 240 242 242 242 242 242 242 242 242 242 242 242 242 242 242 242 242 242 242 242 242 242 242 242 242 243 243 243 243 243 243 243 243 242 242 242 242 242 242 242 242 242 242 242 242 242 242 244 244 243 243 244 244 244 244 246 246 247 247 247 248 248 249 249 249 249 249 249 249 249 249 249 249 250 250 248 247 247 246 245 245 246 246 244 244 244 244 244 244 245 245 245 245 245 245 245 245 246 246 246 246 246 246 246 246 0 0 0 0 0 0 0 0
0 0 0 0 0 0 0 0 216 216 215 216 219 220 221 222 225 226 227 228 230 230 230 230 232 233 235 236 237 238 240 241 242 242 244 244 244 244 244 244 244 244 244 244 244 244 242 242 243 241 237 235 233 233 231 232 234 233 233 233 232 232 231 231 230 230 230 230 230 230 230 230 233 232 227 223 223 225 229 230 209 183 147 116 91 77 78 84 102 109 122 129 126 121 113 106 102 104 108 108 109 108 107 105 101 96 96 93 93 91 91 89 89 87 88 89 90 90 91 92 89 90 92 93 94 91 88 87 82 82 81 80 78 75 75 72 62 58 52 46 38 30 25 19 0 0 0 0 0 6 8 4 14 13 19 23 29 33 39 40 39 47 60 67 70 68 67 66 66 65 63 65 66 65 66 65 70 68 69 69 71 71 73 73 75 79 80 80 78 82 89 95 89 93 102 110 112 102 82 66 59 59 68 87 110 125 138 149 151 161 173 186 194 202 209 214 218 222 224 224 225 225 227 228 230 232 232 233 233 232 232 232 234 234 234 234 234 234 234 234 232 232 232 232 232 232 232 232 232 232 232 233 233 233 234 234 235 235 236 236 236 235 234 233 232 232 232 231 231 230 230 230 231 231 231 231 231 231 231 231 232 232 232 232 232 232 232 232 230 230 231 231 232 232 232 232 233 234 234 234 234 233 231 230 230 231 231 231 232 232 232 232 231 231 231 231 231 231 231 231 234 234 234 235 236 237 237 238 240 240 240 240 240 240 240 240 241 241 241 241 241 241 241 239 236 234 234 234 234 234 234 234 234 234 234 234 234 234 234 234 234 235 235 235 236 236 236 236 237 238 238 235 232 230 230 230 230 230 230 231 231 231 232 232 234 234 235 236 237 237 236 236 235 235 235 235 236 236 236 236 238 238 240 240 240 240 240 240 239 240 240 240 241 241 241 241 240 240 240 240 240 240 240 240 240 240 240 240 240 240 240 240 240 240 240 240 240 240 240 240 242 242 242 242 242 242 242 242 242 242 242 242 242 242 242 242 240 240 240 240 240 240 240 240 243 243 243 243 243 243 243 243 243 243 243 243 243 243 243 243 242 242 242 242 242 242 242 242 243 243 243 243 243 243 243 243 242 242 242 242 242 242 242 242 242 242 242 242 242 242 244 244 243 243 244 244 244 244 246 246 247 247 247 248 248 249 249 249 249 249 249 249 249 249 249 249 250 250 248 247 247 246 245 245 246 246 244 244 244 244 244 244 245 245 245 245 245 245 245 245 246 246 246 246 246 246 246 246 0 0 0 0 0 0 0 0
0 0 0 0 0 0 0 0 216 216 215 216 219 220 221 222 225 225 227 228 230 230 230 230 233 233 235 236 237 238 240 241 241 241 243 243 243 243 243 243 243 243 243 243 243 243 241 241 242 241 237 235 234 234 233 234 236 235 235 234 233 233 232 232 230 230 230 230 230 230 230 230 230 230 226 222 225 227 227 221 189 154 116 88 74 71 82 94 109 116 123 122 116 113 108 101 106 105 108 108 107 105 102 98 96 94 93 92 91 89 90 90 86 86 87 87 87 88 88 89 97 97 97 95 92 86 80 77 66 61 56 49 42 38 36 31 27 19 16 11 9 8 8 6 12 6 9 20 39 51 53 49 50 51 56 63 68 74 80 80 85 87 88 90 91 93 96 96 92 93 91 92 92 93 92 90 91 90 89 88 90 91 90 90 96 96 98 98 98 96 98 99 92 96 105 114 123 116 91 71 49 39 31 45 68 83 96 106 121 135 156 173 190 201 207 215 219 221 222 223 222 223 226 227 228 230 230 231 231 230 230 230 231 233 233 233 233 233 233 233 231 231 231 231 231 231 231 231 231 232 232 232 233 233 233 233 234 235 235 236 236 235 234 234 233 233 233 232 232 232 231 231 232 232 232 232 232 232 232 232 233 233 233 233 233 233 233 233 231 231 231 232 232 232 233 233 234 234 235 236 235 233 231 230 230 230 231 231 232 232 232 232 231 231 231 231 231 231 231 231 233 233 234 234 235 236 237 237 240 240 240 240 240 240 240 240 240 240 240 240 240 240 240 238 236 234 234 234 234 234 234 234 234 234 234 234 234 234 234 234 233 234 234 234 235 235 235 236 235 236 236 234 232 230 230 231 229 230 230 230 231 231 231 231 233 234 235 236 236 236 236 235 235 235 235 235 236 236 236 236 238 238 240 240 240 240 240 240 238 239 239 239 240 240 240 241 242 242 242 242 242 242 242 242 242 242 242 242 242 242 242 242 242 242 242 242 242 242 242 242 241 241 241 241 241 241 241 241 241 241 241 241 241 241 241 241 242 242 242 242 242 242 242 242 242 242 242 242 242 242 242 242 242 242 242 242 242 242 242 242 242 242 242 242 242 242 242 242 243 243 243 243 243 243 243 243 242 242 242 242 242 242 242 242 242 242 242 242 242 242 244 244 243 243 244 244 244 244 246 246 247 247 247 248 248 249 249 249 249 249 249 249 249 249 249 249 250 250 248 247 247 246 245 245 246 246 244 244 244 244 244 244 245 245 245 245 245 245 245 245 246 246 246 246 246 246 246 246 0 0 0 0 0 0 0 0
0 0 0 0 0 0 0 0 216 216 215 216 219 220 221 222 224 225 226 228 229 230 230 229 231 232 234 235 236 237 239 239 239 239 241 241 241 241 241 241 241 241 241 241 241 241 239 239 239 238 235 234 234 234 234 235 238 237 237 236 235 234 233 233 231 231 231 231 231 231 231 231 228 229 226 223 225 223 209 194 156 122 90 78 79 86 99 112 118 122 123 115 109 111 107 102 106 105 107 107 106 103 99 94 94 90 89 89 90 89 90 91 90 90 90 89 89 88 88 88 99 96 94 88 81 72 64 58 46 40 31 24 20 16 17 11 3 0 0 2 5 11 16 16 39 39 45 58 73 83 83 81 98 98 102 107 113 118 120 122 124 119 114 112 111 113 115 116 114 114 113 113 113 114 112 110 109 107 105 105 105 103 104 104 98 98 97 96 97 94 90 88 84 89 97 104 114 111 93 75 47 30 18 23 37 46 55 68 90 102 122 142 162 178 193 204 214 216 218 219 222 223 226 228 228 228 228 229 229 230 230 230 231 233 233 233 233 233 233 233 231 231 231 231 231 231 231 231 231 231 232 232 232 233 233 233 234 235 235 236 236 235 235 234 234 234 234 234 233 233 232 232 233 233 233 233 233 233 233 233 233 233 233 233 233 233 233 233 233 233 234 234 234 235 235 235 235 235 237 237 236 234 232 230 231 231 231 232 232 232 233 233 232 232 232 232 232 232 232 232 232 232 233 234 235 235 236 236 237 237 237 237 237 237 237 237 238 238 238 238 238 238 238 236 233 231 231 231 231 231 231 231 231 231 231 231 231 231 231 231 231 231 231 232 232 233 233 233 231 232 233 232 230 229 230 231 229 229 230 230 230 231 231 231 231 232 233 233 234 234 233 233 232 232 232 232 233 233 233 233 235 235 237 237 237 237 237 237 236 236 236 237 237 238 238 238 239 239 239 239 239 239 239 239 239 239 239 239 239 239 239 239 239 239 239 239 239 239 239 239 239 239 239 239 239 239 239 239 239 239 239 239 239 239 239 239 239 239 239 239 239 239 239 239 240 240 240 240 240 240 240 240 240 240 240 240 240 240 240 240 242 242 242 242 242 242 242 242 243 243 243 243 243 243 243 243 242 242 242 242 242 242 242 242 242 242 242 242 242 242 244 244 243 243 244 244 244 244 246 246 247 247 247 248 248 249 249 249 249 249 249 249 249 249 249 249 250 250 248 247 247 246 245 245 246 246 244 244 244 244 244 244 245 245 245 245 245 245 245 245 246 246 246 246 246 246 246 246 0 0 0 0 0 0 0 0
0 0 0 0 0 0 0 0 218 216 217 218 219 220 221 224 224 225 227 228 229 229 231 231 232 232 233 234 236 237 238 238 237 237 239 239 239 239 239 239 239 239 239 239 239 237 237 237 237 234 233 230 231 232 233 235 239 238 238 237 236 235 234 234 231 231 233 231 233 233 233 231 226 225 225 222 220 213 190 165 127 97 72 74 89 102 116 128 124 126 122 113 108 108 108 101 102 102 104 107 108 105 101 97 90 87 87 88 87 88 89 88 94 93 90 88 85 84 82 81 81 80 74 68 57 45 36 30 26 22 16 16 18 25 30 30 30 28 32 37 46 52 60 61 69 70 78 89 96 98 99 97 94 94 96 99 104 107 107 108 107 102 98 97 99 97 94 91 96 94 95 93 93 92 91 91 88 86 84 84 83 83 84 85 89 87 84 83 81 79 74 70 69 78 86 90 96 96 83 73 55 40 26 26 27 27 36 51 50 62 80 99 121 143 162 179 204 210 212 215 220 222 227 230 228 230 230 231 231 230 230 230 231 233 233 233 233 233 233 233 231 231 231 231 231 231 231 231 229 229 229 230 230 231 231 233 234 234 235 236 236 236 235 235 235 235 235 234 234 234 233 233 234 234 234 234 234 234 234 234 233 233 233 233 233 233 233 233 235 235 236 236 236 237 237 237 235 236 238 238 237 235 232 230 231 231 231 232 232 233 233 233 232 232 232 232 232 232 232 232 232 232 233 233 234 235 236 236 235 235 235 235 235 235 235 235 236 236 236 236 236 236 236 236 231 229 229 229 229 229 229 229 229 229 229 229 229 229 229 229 229 229 229 230 230 230 231 231 228 229 230 230 228 227 228 230 231 231 231 232 232 233 233 233 231 232 233 233 234 234 233 233 231 231 231 231 233 233 233 233 233 235 235 235 235 235 235 235 234 234 234 235 235 235 236 236 235 235 235 235 235 235 235 235 235 235 235 235 235 235 235 235 235 235 235 235 235 235 235 235 237 237 237 237 237 237 237 237 237 237 237 237 237 237 237 237 237 237 237 237 237 237 237 237 240 240 240 240 240 240 240 240 240 240 240 240 240 240 240 238 244 242 242 242 242 242 242 242 241 241 243 241 243 241 243 241 242 240 242 240 242 240 242 242 242 242 242 242 242 242 244 244 243 243 243 243 244 244 244 244 245 245 245 246 246 247 247 247 247 247 247 247 247 247 247 247 248 248 248 247 247 246 245 245 246 246 244 244 244 244 244 244 245 245 245 245 245 245 245 245 246 246 246 246 246 246 246 246 0 0 0 0 0 0 0 0
0 0 0 0 0 0 0 0 218 216 217 218 219 220 221 223 225 226 229 230 231 232 233 233 234 234 234 234 236 236 236 236 236 236 236 237 237 238 238 238 238 238 238 237 235 234 234 232 232 230 231 231 231 230 231 233 236 238 240 240 238 235 233 231 234 235 239 238 239 236 232 227 226 223 222 218 211 193 155 121 89 76 67 76 97 116 125 123 119 114 110 109 108 106 103 99 98 97 98 101 101 100 100 96 89 88 89 92 93 94 93 91 89 85 81 75 69 62 57 53 49 46 41 37 32 28 25 19 12 17 23 27 30 36 49 54 53 56 65 72 74 77 78 78 90 89 91 94 94 94 94 91 87 85 86 86 86 86 87 87 88 85 85 83 82 81 78 78 75 74 72 72 70 69 67 68 65 65 63 63 65 65 65 66 70 70 67 63 58 56 53 53 55 59 68 76 79 77 71 73 59 55 43 41 46 49 47 45 47 46 54 70 88 109 137 165 193 209 210 207 213 218 221 229 230 232 232 233 233 232 232 232 231 231 231 231 231 231 231 231 231 231 231 231 231 231 231 229 228 228 228 229 229 230 230 232 232 232 232 233 235 236 236 236 238 238 238 238 238 238 238 238 237 237 237 237 237 237 237 237 237 237 237 237 237 237 237 237 241 241 241 241 241 241 241 241 242 242 241 241 239 237 236 235 234 234 234 234 234 234 234 234 235 235 235 234 234 233 233 233 233 233 233 234 234 235 235 235 234 234 234 234 234 234 234 234 234 234 234 234 234 234 234 232 230 228 228 228 228 228 228 228 227 227 227 227 227 227 227 227 225 225 225 226 226 227 227 227 227 227 227 228 228 229 229 231 232 232 232 232 232 232 232 232 233 233 233 233 233 233 233 233 233 233 233 233 233 233 233 233 232 234 234 234 234 234 234 234 234 234 234 234 234 234 234 234 234 234 234 234 234 234 234 234 234 234 234 234 234 234 234 234 234 234 234 234 234 234 234 234 235 235 235 236 236 237 237 237 236 236 236 236 236 236 236 236 237 237 237 238 238 239 239 239 239 239 239 239 239 239 239 239 240 240 240 241 241 242 243 241 242 240 240 241 241 242 242 240 241 239 241 239 241 239 241 239 240 238 240 238 240 238 240 240 242 242 242 242 242 242 242 242 243 243 243 242 244 243 243 243 243 242 242 242 242 243 244 245 246 246 246 246 246 246 246 246 247 247 247 247 247 247 247 247 246 246 246 246 246 246 246 246 244 244 244 244 244 244 244 244 244 244 244 244 244 244 244 244 0 0 0 0 0 0 0 0
0 0 0 0 0 0 0 0 218 218 217 218 219 220 222 223 227 228 229 230 233 234 233 233 236 236 236 236 236 236 236 236 236 236 236 237 237 238 238 238 238 238 237 237 235 234 232 232 231 231 230 230 229 229 228 231 236 238 239 238 236 233 230 229 237 239 240 240 238 236 235 233 230 224 219 209 197 171 134 99 81 74 73 84 104 117 123 120 115 110 106 104 105 102 97 93 92 91 91 91 94 95 98 95 89 91 99 102 99 93 87 85 75 71 63 57 49 43 37 34 11 10 11 10 12 13 16 17 39 42 49 53 60 72 89 99 95 94 98 97 94 93 91 89 86 84 84 85 84 81 79 75 72 70 71 71 74 74 75 75 75 75 74 73 72 69 69 67 65 64 62 60 58 57 56 54 54 52 52 54 54 56 56 59 62 62 58 56 52 48 47 48 48 53 58 66 73 74 72 76 82 80 73 78 92 97 95 86 77 69 67 72 82 98 126 155 191 210 209 206 215 218 221 228 230 232 234 235 235 233 234 232 231 231 231 231 231 231 231 231 231 231 231 231 231 231 231 229 228 227 227 228 228 228 230 230 232 232 232 233 235 235 236 236 238 238 238 238 238 238 238 238 237 237 237 237 237 237 237 237 237 237 237 237 237 237 237 237 241 241 241 241 241 241 241 241 241 241 241 240 239 237 236 235 234 234 234 234 234 234 234 234 235 235 235 234 234 233 233 233 233 233 233 234 234 235 235 235 234 234 234 234 234 234 234 234 234 234 234 234 234 234 234 232 230 228 228 228 228 228 228 228 227 227 227 227 227 227 227 227 225 225 225 226 226 227 227 227 227 227 227 228 228 229 229 231 232 234 234 234 234 234 234 234 235 235 235 235 235 235 235 235 235 235 235 235 235 235 235 235 234 234 234 234 234 234 234 234 234 234 234 234 234 234 234 234 234 234 234 234 234 234 234 234 234 234 234 234 234 234 234 234 234 234 234 234 234 234 234 234 235 235 235 236 236 236 237 237 236 236 236 236 236 236 236 236 238 238 238 239 239 239 240 240 240 240 240 240 240 240 240 240 242 242 241 242 242 243 243 243 242 242 241 241 241 242 242 242 241 239 239 239 239 239 239 239 238 238 238 238 238 238 238 240 242 242 242 242 242 242 242 242 243 243 243 242 242 241 241 241 241 240 240 240 240 241 242 243 244 244 244 244 244 244 244 244 247 247 247 247 247 247 247 247 246 246 246 246 246 246 246 246 244 244 244 244 244 244 244 244 244 244 244 244 244 244 244 244 0 0 0 0 0 0 0 0
0 0 0 0 0 0 0 0 218 218 217 218 220 221 222 223 227 228 229 230 233 234 233 233 236 236 236 236 236 236 236 236 236 236 236 237 237 238 238 238 240 239 237 237 234 234 232 232 231 231 230 229 228 228 227 230 234 235 234 232 230 227 224 223 235 237 237 235 233 232 235 237 234 226 215 197 175 144 106 75 74 76 87 102 116 123 124 120 113 109 106 103 102 98 93 90 85 84 84 84 89 92 96 94 89 91 98 98 90 81 72 64 49 44 36 30 23 19 16 15 11 13 20 24 31 40 51 58 66 71 79 85 92 102 115 121 111 107 105 100 91 87 82 78 81 78 77 77 74 73 69 67 66 64 66 65 68 68 70 69 72 69 69 67 67 65 65 64 62 60 58 56 55 52 50 48 50 50 50 52 52 54 54 57 60 60 56 55 52 50 49 50 51 53 58 63 71 74 77 84 90 91 92 107 126 134 131 121 115 101 86 79 77 83 110 141 183 205 206 206 216 219 221 228 232 234 236 234 235 233 233 234 231 231 231 231 231 231 231 231 231 231 231 231 231 231 231 229 228 227 227 227 229 229 229 230 232 232 232 232 235 235 235 236 238 238 238 238 238 238 238 238 237 237 237 237 237 237 237 237 237 237 237 237 237 237 237 237 240 240 240 240 240 240 240 240 240 240 240 240 238 237 235 234 234 234 234 234 234 234 234 234 235 235 235 234 234 233 233 233 233 233 233 234 234 235 235 235 234 234 234 234 234 234 234 234 234 234 234 234 234 234 234 232 230 230 230 230 230 230 230 230 229 229 229 229 229 229 229 229 228 228 228 228 229 229 229 229 229 229 229 230 230 231 231 231 232 234 234 234 234 234 234 234 235 235 235 235 235 235 235 235 235 235 235 235 235 235 235 235 234 234 234 234 234 234 234 234 234 234 234 234 234 234 234 234 234 234 234 234 234 234 234 234 234 234 234 234 234 234 234 234 234 234 234 234 234 234 234 234 235 235 235 235 236 236 236 237 236 236 236 236 236 236 236 236 238 238 238 238 239 239 239 240 240 240 240 240 240 240 240 240 242 242 241 242 242 243 243 243 242 243 241 241 242 242 242 242 241 241 241 241 241 241 241 241 240 240 240 240 240 240 240 240 242 242 242 242 242 242 242 242 243 243 243 242 242 241 241 241 241 240 240 240 240 241 242 243 244 244 244 244 244 244 244 244 247 247 247 247 247 247 247 247 246 246 246 246 246 246 246 246 244 244 244 244 244 244 244 244 244 244 244 244 244 244 244 244 0 0 0 0 0 0 0 0
0 0 0 0 0 0 0 0 218 218 217 218 220 221 222 223 227 228 229 230 233 234 233 233 236 236 236 236 236 236 236 236 236 236 236 237 237 238 238 238 239 239 237 236 236 234 233 231 231 231 229 228 226 227 226 229 232 233 232 230 227 225 222 221 231 232 234 229 228 227 235 237 231 221 205 181 150 119 87 64 77 87 105 121 126 125 121 117 108 106 104 104 101 98 95 90 84 84 85 86 89 92 94 92 88 82 78 71 63 52 43 35 20 16 11 8 6 7 10 11 29 33 44 53 61 70 83 92 97 105 114 121 120 118 118 116 107 101 96 88 82 76 73 70 63 63 63 63 64 62 62 61 57 57 57 59 61 63 64 64 65 66 64 64 63 61 62 60 60 57 57 54 51 49 47 47 46 46 48 48 49 49 51 53 55 55 55 54 51 51 51 52 55 56 58 63 68 75 82 89 105 109 114 127 143 151 150 146 140 124 105 87 74 74 98 129 172 195 200 203 215 220 222 229 231 233 236 236 234 235 235 233 231 231 231 231 231 231 231 231 231 231 231 231 231 231 231 229 227 226 227 227 228 229 229 229 231 231 232 232 234 235 235 235 237 237 237 237 237 237 237 237 237 237 237 237 237 237 237 237 237 237 237 237 237 237 237 237 239 239 239 239 239 239 239 239 239 239 239 239 238 236 235 234 234 234 234 234 234 234 234 234 235 235 235 234 234 233 233 233 233 233 233 234 234 235 235 235 234 234 234 234 234 234 234 234 234 234 234 234 234 234 234 232 231 229 229 229 229 229 229 229 230 230 230 230 230 230 230 230 228 229 229 229 229 229 229 229 229 229 229 230 230 231 231 231 234 234 234 234 234 234 234 234 234 234 234 234 234 234 234 234 234 234 234 234 234 234 234 234 234 234 234 234 234 234 234 234 234 234 234 234 234 234 234 234 234 234 234 234 234 234 234 234 234 234 234 234 234 234 234 234 234 234 234 234 234 234 234 234 234 234 235 235 235 236 236 236 236 236 236 236 236 236 236 236 237 237 238 238 238 239 239 239 239 239 239 239 239 239 239 239 242 242 241 242 242 243 243 243 243 243 241 242 242 242 243 243 241 241 241 241 241 241 241 241 240 240 240 240 240 240 240 240 242 242 242 242 242 242 242 242 243 243 243 242 242 241 241 241 241 240 240 240 240 241 242 243 244 244 244 244 244 244 244 244 247 247 247 247 247 247 247 247 246 246 246 246 246 246 246 246 244 244 244 244 244 244 244 244 244 244 244 244 244 244 244 244 0 0 0 0 0 0 0 0
0 0 0 0 0 0 0 0 218 218 218 219 220 221 224 225 227 228 231 232 233 234 235 235 236 236 236 236 236 236 236 236 236 236 236 237 237 238 238 238 239 239 238 236 236 233 233 231 231 230 227 226 225 226 228 229 234 233 231 230 228 227 226 225 226 227 228 224 224 224 231 233 230 215 192 161 126 96 75 65 86 99 118 131 129 122 116 111 107 106 105 105 101 99 97 93 94 93 94 92 91 88 84 80 79 62 43 30 26 21 16 8 3 4 5 9 11 17 27 27 59 62 74 83 89 94 102 107 106 110 115 116 110 104 99 94 90 82 77 72 67 63 61 57 52 50 51 51 53 52 52 54 49 51 53 54 56 56 59 59 60 60 60 61 59 57 57 54 56 54 54 51 49 47 44 44 42 42 44 44 46 48 49 49 51 52 51 50 51 51 53 55 57 59 62 67 76 86 93 99 112 119 125 131 136 143 149 155 160 147 127 106 86 81 97 129 168 192 199 202 215 219 221 230 231 233 235 236 236 234 235 235 231 231 231 231 231 231 231 231 231 231 231 231 231 231 231 229 227 226 227 228 228 228 231 231 231 231 233 234 234 234 237 237 237 237 237 237 237 237 237 237 237 237 237 237 237 237 237 237 237 237 237 237 237 237 237 237 239 239 239 239 239 239 239 239 238 238 238 238 237 236 235 234 234 234 234 234 234 234 234 234 235 235 235 234 234 233 233 233 233 233 233 234 234 235 235 235 234 234 234 234 234 234 234 234 234 234 234 234 234 234 234 232 231 229 229 229 229 229 229 229 230 230 230 230 230 230 230 230 230 229 229 229 229 229 229 229 229 229 229 230 230 231 231 231 234 234 234 234 234 234 234 234 234 234 234 234 234 234 234 234 234 234 234 234 234 234 234 234 234 234 234 234 234 234 234 234 234 234 234 234 234 234 234 234 234 234 234 234 234 234 234 234 234 234 234 234 234 234 234 234 234 234 234 234 234 234 234 234 234 234 234 235 235 235 236 236 236 236 236 236 236 236 236 236 237 237 237 238 238 238 239 239 239 239 239 239 239 239 239 239 242 242 241 242 242 243 243 243 243 243 242 242 242 243 243 243 241 241 241 241 241 241 241 241 240 240 240 240 240 240 240 240 242 242 242 242 242 242 242 242 243 243 243 242 242 241 241 241 241 240 240 240 240 241 242 243 244 244 244 244 244 244 244 244 247 247 247 247 247 247 247 247 246 246 246 246 246 246 246 246 244 244 244 244 244 244 244 244 244 244 244 244 244 244 244 244 0 0 0 0 0 0 0 0
0 0 0 0 0 0 0 0 218 218 218 219 220 221 224 225 227 228 231 232 233 234 235 235 236 236 236 236 236 236 236 236 236 236 236 237 237 238 238 238 238 238 238 238 235 235 233 232 231 228 226 225 226 226 229 231 234 235 234 232 233 233 234 234 226 225 224 224 225 226 228 226 223 205 175 139 102 79 73 77 99 110 122 128 122 113 109 106 105 106 106 106 102 98 94 92 102 99 96 90 82 72 65 56 49 33 15 5 4 6 6 3 12 15 22 28 35 43 53 54 87 87 97 104 108 108 110 110 98 95 92 86 82 81 82 81 72 66 61 57 54 51 49 46 49 48 47 48 46 46 46 45 46 46 47 50 52 54 56 56 57 57 57 57 55 54 54 52 51 50 47 47 45 43 42 41 38 38 40 41 43 43 45 45 46 47 47 48 49 50 52 56 57 63 69 78 89 97 103 109 112 117 120 119 119 123 136 148 166 157 143 124 102 91 105 136 175 198 204 205 214 218 219 228 230 233 235 235 236 236 234 234 231 231 231 231 231 231 231 231 231 231 231 231 231 231 231 229 226 226 227 227 228 228 230 230 230 231 233 233 234 234 236 236 236 236 236 236 236 236 236 236 237 237 237 237 237 237 237 237 237 237 237 237 237 237 237 237 238 238 238 238 238 238 238 238 236 237 237 237 236 235 234 234 234 234 234 234 234 234 234 234 235 235 235 234 234 233 233 233 233 233 233 234 234 235 235 235 234 234 234 234 234 234 234 234 234 234 234 234 234 234 234 234 230 228 228 228 228 228 228 228 231 231 231 231 231 231 231 231 230 230 230 230 229 229 229 229 229 229 229 230 230 231 231 233 234 234 234 234 234 234 234 234 233 233 233 233 233 233 233 233 233 233 233 233 233 233 233 233 234 234 234 234 234 234 234 234 234 234 234 234 234 234 234 234 234 234 234 234 234 234 234 234 234 234 234 234 234 234 234 234 234 234 234 234 234 234 234 234 233 234 234 234 235 235 235 235 236 236 236 236 236 236 236 236 236 237 237 237 238 238 238 238 238 238 238 238 238 238 238 238 242 242 241 242 242 243 243 243 244 244 242 242 243 243 243 244 241 241 241 241 241 241 241 241 240 240 240 240 240 240 240 240 242 242 242 242 242 242 242 242 243 243 243 242 242 241 241 241 241 240 240 240 240 241 242 243 244 244 244 244 244 244 244 244 247 247 247 247 247 247 247 247 246 246 246 246 246 246 246 246 244 244 244 244 244 244 244 244 244 244 244 244 244 244 244 244 0 0 0 0 0 0 0 0
0 0 0 0 0 0 0 0 219 219 218 219 222 223 224 225 229 230 231 232 235 236 235 235 238 238 238 238 238 238 238 238 238 238 238 239 239 240 240 240 239 239 238 237 235 235 232 232 229 226 225 223 225 228 230 232 231 231 231 229 233 233 237 237 228 226 225 227 231 232 226 220 211 187 155 118 83 69 80 96 108 113 118 118 109 102 102 102 105 106 108 106 100 94 89 86 86 81 77 67 57 46 37 29 18 15 14 15 17 23 25 28 40 46 57 64 71 76 85 84 90 85 91 95 98 98 98 94 97 94 86 79 75 77 80 83 71 66 61 57 58 56 54 49 48 45 45 44 43 42 41 41 43 43 45 48 49 52 54 56 57 57 57 55 54 52 51 49 46 42 41 41 40 38 36 37 36 36 38 38 40 40 41 41 42 42 43 43 46 48 50 54 62 67 77 87 96 102 104 106 110 112 109 103 101 109 121 134 143 139 130 117 96 88 104 134 179 199 204 203 213 217 218 225 230 232 235 235 235 236 234 234 231 229 229 229 229 229 229 229 229 229 229 229 229 229 229 229 226 226 227 227 229 230 230 230 232 232 233 233 235 236 236 236 236 236 236 236 236 236 236 236 237 237 237 237 237 237 237 237 237 237 237 237 237 237 237 237 237 237 237 237 237 237 237 237 235 236 236 236 236 235 234 234 234 234 234 234 234 234 234 234 235 235 235 234 234 233 233 233 233 233 233 234 234 235 235 235 234 234 234 234 234 234 234 234 234 234 234 234 234 234 234 234 230 230 230 230 230 230 230 230 233 233 233 233 233 233 233 233 233 233 233 232 232 231 231 231 231 231 231 232 232 233 233 233 234 234 234 234 234 234 234 234 233 233 233 233 233 233 233 233 233 233 233 233 233 233 233 233 234 234 234 234 234 234 234 234 234 234 234 234 234 234 234 234 234 234 234 234 234 234 234 234 234 234 234 234 234 234 234 234 234 234 234 234 234 234 234 234 233 233 234 234 234 235 235 235 236 236 236 236 236 236 236 236 236 236 237 237 237 238 238 238 238 238 238 238 238 238 238 238 242 242 241 242 242 243 243 243 244 244 242 243 243 243 244 244 243 243 243 243 243 243 243 243 242 242 242 242 242 242 242 242 242 242 242 242 242 242 242 242 243 243 243 242 242 241 241 241 241 240 240 240 240 241 242 243 244 244 244 244 244 244 244 244 247 247 247 247 247 247 247 247 246 246 246 246 246 246 246 246 246 246 246 246 246 246 246 246 246 246 246 246 246 246 246 246 0 0 0 0 0 0 0 0
0 0 0 0 0 0 0 0 219 219 218 219 222 223 224 225 229 230 231 232 235 236 235 235 238 238 238 238 238 238 238 238 238 238 238 239 239 240 240 240 239 239 238 237 237 234 234 232 230 227 224 224 225 228 233 233 223 223 224 225 228 229 233 235 230 225 224 228 234 234 226 216 196 174 141 104 72 66 88 112 110 113 112 107 99 94 98 101 105 107 108 104 96 89 84 79 64 57 49 40 29 22 16 9 1 12 30 40 46 48 56 61 72 78 88 97 100 102 108 108 94 87 89 92 96 98 97 94 85 82 77 70 66 65 64 64 58 52 51 50 52 52 49 46 44 42 42 40 42 41 41 41 42 42 44 45 50 51 53 56 58 57 57 56 53 52 51 46 41 39 38 37 36 35 33 33 34 34 34 34 36 36 38 38 39 39 40 41 43 47 51 55 66 74 84 93 99 99 98 98 91 90 81 73 73 78 88 98 111 110 107 96 83 76 97 128 173 194 199 198 210 214 216 225 230 232 232 235 235 236 234 232 229 229 229 229 229 229 229 229 229 229 229 229 229 229 229 229 226 226 226 227 229 230 230 230 232 232 232 233 235 236 236 236 236 236 236 236 236 236 236 236 237 237 237 237 237 237 237 237 237 237 237 237 237 237 237 237 237 237 237 237 237 237 237 237 235 235 236 236 236 235 234 233 234 234 234 234 234 234 234 234 235 235 235 234 234 233 233 233 233 233 233 234 234 235 235 235 234 234 234 234 234 234 234 234 234 234 234 234 234 234 234 234 230 230 230 230 230 230 230 230 233 233 233 233 233 233 233 233 233 233 233 232 232 231 231 231 231 231 231 232 232 233 233 233 234 234 234 234 234 234 234 234 233 233 233 233 233 233 233 233 233 233 233 233 233 233 233 233 234 234 234 234 234 234 234 234 234 234 234 234 234 234 234 234 234 234 234 234 234 234 234 234 234 234 234 234 234 234 234 234 234 234 234 234 234 234 234 234 233 233 233 234 234 235 235 235 236 236 236 236 236 236 236 236 236 236 236 237 237 238 238 238 238 238 238 238 238 238 238 238 242 242 241 242 242 243 243 243 244 244 242 243 243 244 244 244 243 243 243 243 243 243 243 243 242 242 242 242 242 242 242 242 242 242 242 242 242 242 242 242 243 243 243 242 242 241 241 241 241 240 240 240 240 241 242 243 244 244 244 244 244 244 244 244 247 247 247 247 247 247 247 247 246 246 246 246 246 246 246 246 246 246 246 246 246 246 246 246 246 246 246 246 246 246 246 246 0 0 0 0 0 0 0 0
0 0 0 0 0 0 0 0 221 221 221 221 222 223 226 227 229 229 232 233 237 238 239 239 238 238 238 238 238 238 238 238 239 240 240 240 240 239 238 237 240 239 238 236 235 233 233 231 231 227 221 219 224 229 227 220 220 211 206 206 208 209 217 225 221 223 226 229 233 232 221 206 180 152 123 94 70 76 102 118 112 110 106 99 94 93 99 103 105 107 109 103 94 82 69 55 37 19 2 0 0 1 6 13 6 31 63 82 86 86 91 95 100 100 104 108 111 113 113 108 94 90 90 93 97 96 94 89 87 83 76 70 66 60 52 44 42 41 44 43 42 42 44 43 43 42 41 40 42 43 45 46 42 41 42 45 49 50 52 54 50 53 57 59 58 53 51 48 43 40 38 37 36 35 32 29 31 30 30 29 31 32 34 35 38 38 39 41 44 50 54 60 73 77 82 85 90 87 76 66 59 46 37 44 58 64 64 65 71 67 66 61 49 48 73 107 154 181 199 200 200 209 219 221 228 231 234 234 234 233 233 230 228 226 226 226 226 226 226 226 227 227 227 227 227 227 227 227 228 228 228 229 229 230 232 232 231 231 233 234 236 237 237 237 235 235 235 235 235 235 235 235 236 236 236 236 236 236 236 236 237 237 237 237 237 237 237 237 235 235 235 235 235 235 235 235 235 235 235 235 235 235 235 235 235 235 235 235 235 235 235 235 233 233 233 233 233 233 233 233 233 233 233 234 234 235 235 235 234 234 234 234 234 234 234 234 234 234 234 234 234 234 234 234 230 230 230 231 231 232 232 232 232 232 232 233 233 234 234 234 235 235 234 233 233 232 231 231 231 231 231 231 231 231 231 231 234 234 234 234 234 234 234 234 234 234 234 234 234 234 234 234 232 232 232 232 232 232 232 232 234 234 234 234 234 234 234 234 234 234 234 234 234 234 234 234 234 234 234 234 234 234 234 234 234 234 234 234 234 234 234 234 234 234 234 234 234 234 234 234 234 234 234 235 235 235 236 236 236 237 238 238 239 239 238 238 237 237 237 237 237 237 237 237 238 238 238 238 238 238 238 238 240 240 239 240 242 243 243 243 244 244 242 243 243 244 244 244 243 243 243 243 243 243 243 243 242 242 242 242 242 242 242 242 242 242 242 242 242 242 242 242 242 242 242 242 242 242 242 242 242 241 241 241 241 242 243 244 244 244 244 244 244 244 244 244 247 247 247 247 247 247 247 247 246 246 246 246 246 246 246 246 246 246 246 246 246 246 246 246 246 246 246 246 246 246 246 246 0 0 0 0 0 0 0 0
0 0 0 0 0 0 0 0 221 220 220 221 221 223 226 227 229 229 232 233 236 238 239 239 238 238 238 238 238 238 238 238 239 239 239 240 240 239 238 238 239 239 238 237 235 234 232 232 231 229 223 220 225 229 223 213 193 181 169 164 165 168 176 182 194 198 203 208 217 217 206 191 159 130 105 87 76 85 109 121 117 113 106 101 97 97 102 104 108 108 104 92 77 60 47 35 27 13 5 6 10 18 31 41 46 63 86 99 100 98 101 102 100 99 99 99 99 98 97 95 97 92 91 91 93 88 84 77 74 71 64 59 50 37 24 15 24 26 35 39 42 42 42 41 41 41 41 39 42 42 43 44 43 43 42 44 47 47 50 52 49 50 52 53 53 54 53 52 46 43 40 39 39 36 35 32 31 29 29 28 28 30 30 33 35 36 36 37 42 48 54 60 72 74 73 73 69 62 50 45 48 41 40 54 72 79 77 75 81 77 73 64 53 50 74 104 136 165 189 196 198 207 217 218 225 228 231 231 233 231 233 231 228 226 226 226 226 226 226 226 227 227 227 227 227 227 227 227 228 228 228 229 229 230 232 232 231 231 233 234 236 237 237 237 235 235 235 235 235 235 235 235 236 236 236 236 236 236 236 236 237 237 237 237 237 237 237 237 235 235 235 235 235 235 235 235 234 234 234 234 234 234 234 234 235 235 235 235 235 235 235 235 233 233 233 233 233 233 233 233 233 233 233 234 234 235 235 235 234 234 234 234 234 234 234 234 234 234 234 234 234 234 234 234 230 230 230 231 231 232 232 232 232 232 232 233 233 234 234 234 235 235 234 233 233 232 231 231 231 231 231 231 231 231 231 231 234 234 234 234 234 234 234 234 234 234 234 234 234 234 234 234 232 232 232 232 232 232 232 232 234 234 234 234 234 234 234 234 234 234 234 234 234 234 234 234 234 234 234 234 234 234 234 234 234 234 234 234 234 234 234 234 234 234 234 234 234 234 234 234 234 235 235 235 236 236 236 237 237 237 238 239 240 240 239 239 237 237 237 237 237 237 237 237 238 238 238 238 238 238 238 238 240 240 239 240 242 243 243 243 244 244 242 243 243 243 244 244 243 243 243 243 243 243 243 243 242 242 242 242 242 242 242 242 242 242 242 242 242 242 242 242 242 242 242 242 242 242 242 242 242 241 241 241 241 242 243 244 244 244 244 244 244 244 244 244 247 247 247 247 247 247 247 247 246 246 246 246 246 246 246 246 246 246 246 246 246 246 246 246 246 246 246 246 246 246 246 246 0 0 0 0 0 0 0 0
0 0 0 0 0 0 0 0 220 220 220 220 223 224 226 226 230 231 234 235 236 237 238 239 239 239 239 239 239 239 239 239 238 239 240 240 240 240 240 239 241 240 238 237 236 234 232 232 231 229 224 224 227 227 215 199 181 160 139 129 129 132 141 146 162 164 171 180 191 194 181 163 134 104 88 85 86 101 117 120 117 112 106 106 104 106 107 107 99 95 87 73 55 40 32 29 15 11 13 21 30 42 59 70 86 92 102 108 106 101 100 100 97 94 93 91 89 87 87 84 95 94 93 91 89 82 74 67 54 48 39 31 22 17 11 6 11 17 30 39 44 45 44 43 46 44 45 44 46 46 46 45 47 46 47 48 48 47 48 49 47 45 44 43 45 50 52 53 53 48 47 45 43 41 37 35 31 30 29 27 27 29 30 30 34 34 34 37 42 48 56 60 59 60 57 50 42 33 28 28 34 39 52 74 95 102 101 100 103 99 93 82 64 52 63 83 119 150 181 194 199 205 213 216 222 225 227 228 230 229 231 230 227 227 227 227 227 227 227 227 227 227 227 227 227 227 227 227 228 228 228 229 231 232 232 232 233 233 236 236 236 236 237 237 235 235 235 235 235 235 235 235 237 237 237 237 237 237 237 237 238 238 238 238 238 238 238 238 235 235 235 235 235 235 235 235 234 234 234 234 234 234 234 234 235 235 235 235 235 235 235 235 233 233 233 233 233 233 233 233 233 233 233 234 234 235 235 235 234 234 234 234 234 234 234 234 234 234 234 234 234 234 234 234 232 232 232 233 233 234 234 234 234 234 234 235 235 236 236 236 237 237 236 235 235 234 233 233 233 233 233 233 233 233 233 233 234 234 234 234 234 234 234 234 234 234 234 234 234 234 234 234 232 232 232 232 232 232 232 232 234 234 234 234 234 234 234 234 234 234 234 234 234 234 234 234 234 234 234 234 234 234 234 234 234 234 234 234 234 234 234 234 234 234 234 234 234 234 234 234 235 236 236 236 237 237 237 238 238 239 240 240 241 241 240 240 237 237 237 237 237 237 237 237 238 238 238 238 238 238 238 238 240 240 239 240 242 243 243 243 244 244 242 242 243 243 243 244 245 245 245 245 245 245 245 245 244 244 244 244 244 244 244 244 242 242 242 242 242 242 242 242 242 242 242 242 242 242 242 242 242 241 241 241 241 242 243 244 244 244 244 244 244 244 244 244 247 247 247 247 247 247 247 247 246 246 246 246 246 246 246 246 247 247 247 247 247 247 247 247 247 247 247 247 247 247 247 247 0 0 0 0 0 0 0 0
0 0 0 0 0 0 0 0 220 220 220 220 223 224 225 226 230 231 233 235 236 237 238 238 239 239 239 239 239 239 239 239 238 238 239 240 240 240 240 239 240 240 238 237 236 235 233 231 234 230 225 225 226 222 206 187 154 127 100 84 82 85 92 96 122 128 140 152 166 167 154 138 110 87 81 91 101 116 119 109 111 107 106 109 111 113 110 105 88 80 67 50 35 25 28 32 40 48 61 74 83 92 105 112 106 102 103 101 97 91 88 84 84 83 81 80 80 82 82 85 88 89 91 89 83 73 63 55 37 26 10 0 0 0 8 14 16 23 36 46 50 50 50 49 47 47 46 47 47 47 47 46 49 48 50 49 48 47 45 47 46 42 37 35 38 44 50 52 53 53 54 53 49 43 39 35 34 31 29 27 27 27 28 31 30 33 35 39 44 49 51 53 49 45 39 29 20 12 18 28 59 79 105 131 149 155 158 160 164 162 157 139 111 84 74 78 102 136 171 191 197 202 207 211 218 223 224 225 226 227 227 227 227 227 227 227 227 227 227 227 227 227 227 227 227 227 227 227 228 228 228 229 231 232 232 232 234 234 236 236 236 236 236 236 234 234 234 234 234 234 234 234 237 237 237 237 237 237 237 237 238 238 238 238 238 238 238 238 234 234 234 234 234 234 234 234 233 233 233 233 233 233 233 233 234 234 234 234 234 234 234 234 233 233 233 233 233 233 233 233 233 233 233 234 234 235 235 235 234 234 234 234 234 234 234 234 234 234 234 234 234 234 234 234 232 232 232 233 233 234 234 234 234 234 234 235 235 236 236 236 236 236 236 235 235 234 234 234 234 234 234 234 234 234 234 234 234 234 234 234 234 234 234 234 234 234 234 234 234 234 234 234 233 233 233 233 233 233 233 233 234 234 234 234 234 234 234 234 234 234 234 234 234 234 234 234 234 234 234 234 234 234 234 234 234 234 234 234 234 234 234 234 234 234 234 234 234 234 234 234 236 236 237 237 237 238 238 238 239 240 241 242 242 242 241 241 237 237 237 237 237 237 237 237 237 237 237 237 237 237 237 237 240 240 239 240 242 243 243 243 243 243 242 242 242 243 243 243 244 244 244 244 244 244 244 244 244 244 244 244 244 244 244 244 242 242 242 242 242 242 242 242 242 242 242 242 242 242 242 242 242 241 241 241 241 242 243 244 244 244 244 244 244 244 244 244 247 247 247 247 247 247 247 247 246 246 246 246 246 246 246 246 247 247 247 247 247 247 247 247 247 247 247 247 247 247 247 247 0 0 0 0 0 0 0 0
0 0 0 0 0 0 0 0 222 221 221 222 222 224 227 228 230 230 233 234 236 238 238 239 239 239 239 239 239 239 239 239 238 238 239 240 240 239 239 238 239 239 239 239 237 235 233 230 234 231 226 225 226 221 203 185 144 119 91 72 67 65 68 70 90 99 115 129 141 140 127 109 88 74 78 98 113 121 117 102 110 108 109 113 113 108 100 91 72 60 45 29 18 14 25 39 69 85 105 119 124 127 129 127 113 104 99 91 88 84 80 75 71 69 69 71 74 77 82 84 89 90 88 81 71 56 42 32 22 12 0 0 0 0 14 23 36 40 48 54 55 53 54 51 46 46 45 46 44 43 43 44 48 47 50 50 48 47 47 46 44 40 33 29 31 35 39 38 42 46 50 52 50 46 41 39 36 32 30 27 27 26 27 29 32 33 36 41 45 43 38 35 35 30 19 11 5 7 22 41 89 119 152 174 183 187 195 201 208 205 191 166 130 96 78 75 82 113 151 178 191 199 206 210 215 218 221 225 225 225 224 224 226 226 226 226 226 226 226 226 226 226 226 226 226 226 226 227 228 230 230 231 231 232 234 234 234 234 236 236 237 237 237 236 234 234 234 234 234 234 234 234 236 236 236 236 236 236 236 236 237 237 237 237 237 237 237 237 234 234 234 234 234 234 234 234 233 233 233 233 233 233 233 233 234 234 234 234 234 234 234 234 233 233 233 233 233 233 233 233 233 233 233 234 234 235 235 235 234 234 234 234 234 234 234 234 234 234 234 234 234 234 234 234 232 232 232 233 233 234 234 234 234 234 234 235 235 236 236 236 236 236 235 235 235 235 234 234 234 234 234 234 234 234 234 234 234 234 234 234 234 234 234 234 234 234 234 234 234 234 234 234 233 233 233 233 233 233 233 233 234 234 234 234 234 234 234 234 234 234 234 234 234 234 234 234 234 234 234 234 234 234 234 234 234 234 234 234 234 234 234 234 234 234 234 234 234 234 234 234 236 236 237 237 237 238 238 238 239 240 241 242 242 242 242 242 237 237 237 237 237 237 237 237 237 237 237 237 237 237 237 237 240 240 239 240 242 243 243 243 243 243 241 242 242 242 243 243 244 244 244 244 244 244 244 244 244 244 244 244 244 244 244 244 242 242 242 242 242 242 242 242 242 242 242 242 242 242 242 242 242 241 241 241 241 242 243 244 244 244 244 244 244 244 244 244 247 247 247 247 247 247 247 247 246 246 246 246 246 246 246 246 247 247 247 247 247 247 247 247 247 247 247 247 247 247 247 247 0 0 0 0 0 0 0 0
0 0 0 0 0 0 0 0 221 221 221 221 222 223 227 227 229 230 233 234 236 237 238 239 239 239 239 239 239 239 239 239 239 239 239 239 239 238 237 236 238 238 239 240 237 235 232 231 232 233 229 225 226 223 211 198 178 157 130 113 99 88 84 83 88 100 115 121 121 109 90 72 70 64 79 103 116 121 116 103 115 113 113 109 104 90 78 68 42 30 19 15 13 16 35 49 72 87 108 120 125 126 125 118 106 96 90 84 81 78 75 70 65 64 65 66 70 73 77 82 91 90 81 65 48 31 18 10 7 8 11 17 25 34 46 50 55 55 60 60 57 53 53 50 51 48 49 47 47 46 45 47 46 49 51 53 53 53 52 52 43 37 30 25 22 21 19 16 23 27 37 42 43 44 45 46 38 34 31 28 28 26 27 29 36 38 38 39 42 36 26 19 12 6 0 0 4 15 38 61 98 128 159 174 181 186 195 203 206 196 172 138 102 74 62 61 63 91 131 164 188 201 212 217 210 215 220 224 224 222 219 217 225 225 225 225 225 225 225 225 226 226 226 226 226 226 226 227 228 230 230 231 231 232 234 234 235 235 236 236 237 237 236 235 235 233 233 233 233 233 233 233 234 234 234 234 234 234 234 234 235 235 235 235 235 235 235 235 233 233 233 233 233 233 233 233 234 234 234 234 234 234 234 234 233 233 233 233 233 233 233 233 233 233 233 233 233 233 233 233 233 233 233 234 234 235 235 235 234 234 234 234 234 234 234 234 234 234 234 234 234 234 234 234 232 232 232 233 233 234 234 234 234 234 234 235 235 236 236 236 235 235 235 235 235 235 235 235 235 235 235 235 235 235 235 235 234 234 234 234 234 234 234 234 234 234 234 234 234 234 234 234 234 234 234 234 234 234 234 234 234 234 234 234 234 234 234 234 234 234 234 234 234 234 234 234 234 234 234 234 234 234 234 234 234 234 234 234 234 234 234 234 234 234 234 234 234 234 234 234 235 236 236 236 237 237 237 238 239 240 241 242 242 242 242 241 237 237 237 237 237 237 237 237 236 236 236 236 236 236 236 236 240 240 239 240 242 243 243 243 242 243 241 241 242 242 242 242 243 243 243 243 243 243 243 243 244 244 244 244 244 244 244 244 242 242 242 242 242 242 242 242 242 242 242 242 242 242 242 242 242 241 241 241 241 242 243 244 244 244 244 244 244 244 244 244 247 247 247 247 247 247 247 247 246 246 246 246 246 246 246 246 247 247 247 247 247 247 247 247 247 247 247 247 247 247 247 247 0 0 0 0 0 0 0 0
0 0 0 0 0 0 0 0 221 221 221 221 224 225 226 227 231 231 232 234 236 237 238 238 241 241 241 241 241 241 241 241 242 242 242 242 240 239 237 236 239 240 239 240 237 235 231 230 229 232 230 228 227 229 225 220 206 188 169 152 131 110 97 92 97 111 127 127 115 96 74 57 68 69 90 111 116 116 116 109 115 112 105 94 81 66 55 47 28 16 10 12 16 21 36 50 59 71 86 95 105 113 117 112 93 85 80 76 72 70 66 66 64 63 65 66 70 72 76 80 84 77 62 41 24 13 7 7 13 22 37 51 61 65 71 71 64 63 67 65 60 55 51 46 51 49 46 43 42 42 43 47 50 56 60 63 66 66 65 66 58 51 45 38 34 27 17 8 11 14 21 26 28 36 42 47 41 36 32 28 28 27 25 30 39 39 38 40 42 37 29 24 13 4 0 3 10 19 37 58 84 106 129 143 157 171 181 186 181 167 139 104 73 54 46 48 50 72 108 146 177 195 209 216 207 214 222 224 224 220 214 213 224 224 224 224 224 224 224 224 226 226 226 226 226 226 226 227 228 230 230 231 233 234 234 234 237 237 237 236 237 236 236 235 235 233 233 233 233 233 233 233 233 233 233 233 233 233 233 233 234 234 234 234 234 234 234 234 233 233 233 233 233 233 233 233 234 234 234 234 234 234 234 234 233 233 233 233 233 233 233 233 233 233 233 233 233 233 233 233 233 233 233 234 234 235 235 235 234 234 234 234 234 234 234 234 234 234 234 234 234 234 234 234 232 232 232 233 233 234 234 234 234 234 234 235 235 236 236 236 235 235 235 235 235 235 235 235 235 235 235 235 235 235 235 235 234 234 234 234 234 234 234 234 234 234 234 234 234 234 234 234 234 234 234 234 234 234 234 234 234 234 234 234 234 234 234 234 234 234 234 234 234 234 234 234 234 234 234 234 234 234 234 234 234 234 234 234 234 234 234 234 234 234 234 234 234 234 234 234 234 235 235 235 236 236 236 237 239 239 240 241 241 241 241 241 237 237 237 237 237 237 237 237 236 236 236 236 236 236 236 236 240 240 239 240 242 243 243 243 242 242 241 241 241 242 242 242 243 244 244 244 244 244 244 244 245 245 245 245 245 245 245 244 242 242 242 242 242 242 242 242 242 242 242 242 242 242 242 242 242 241 241 241 241 242 243 244 244 244 244 244 244 244 244 244 247 247 247 247 247 247 247 247 246 246 246 246 246 246 246 246 247 249 249 249 249 249 249 249 249 249 249 249 249 249 249 249 0 0 0 0 0 0 0 0
0 0 0 0 0 0 0 0 221 221 220 221 224 225 226 227 231 231 232 233 236 237 238 238 241 241 241 241 241 241 241 241 243 243 243 242 240 238 236 235 237 238 239 240 237 235 231 229 227 229 230 226 226 233 236 232 223 208 193 173 149 122 102 93 86 104 126 130 121 104 85 70 71 76 99 115 114 111 116 114 107 102 95 80 62 47 38 34 39 26 19 20 21 20 25 33 28 37 47 55 67 85 97 93 84 76 74 70 65 63 62 61 60 62 65 67 71 75 76 82 70 62 45 24 9 6 11 16 33 42 55 64 67 64 63 60 62 65 69 68 65 58 52 47 44 40 37 35 36 37 41 46 65 71 77 81 84 87 88 87 90 86 78 71 64 53 39 27 16 17 20 21 23 30 41 49 46 40 36 31 30 27 27 28 39 38 37 40 46 46 40 37 38 26 15 12 11 8 14 30 41 54 69 86 110 132 145 146 142 129 106 72 44 27 19 18 31 53 84 123 156 179 189 195 200 205 214 219 220 216 210 208 219 221 221 221 221 221 221 221 224 224 224 226 226 226 226 227 228 230 230 231 233 234 234 236 237 237 237 236 236 235 235 235 233 233 233 233 233 233 233 233 232 232 232 232 232 232 232 232 233 233 233 233 233 233 233 233 233 233 233 233 233 233 233 233 235 235 235 235 235 235 235 235 233 233 233 233 233 233 233 233 233 233 233 233 233 233 233 233 233 233 233 234 234 235 235 235 234 234 234 234 234 234 234 234 234 234 234 234 234 234 234 234 232 232 232 233 233 234 234 234 234 234 234 235 235 236 236 236 235 235 235 235 235 235 235 235 235 235 235 235 235 235 235 235 234 234 234 234 234 234 234 234 234 234 234 234 234 234 234 234 234 234 234 234 234 234 234 234 234 234 234 234 234 234 234 234 234 234 234 234 234 234 234 234 234 234 234 234 234 234 234 234 234 234 234 234 234 234 234 234 234 234 234 234 234 234 234 234 234 234 234 235 235 235 236 236 238 239 240 241 241 241 240 240 237 237 237 237 237 237 237 237 236 236 236 236 236 236 236 236 240 240 239 240 242 243 243 243 242 242 242 241 243 242 244 244 243 244 244 244 244 244 244 244 245 245 245 245 245 245 245 244 244 242 244 242 244 242 242 242 242 242 242 242 242 242 242 242 242 241 241 241 241 242 243 244 244 244 244 244 244 244 244 244 247 247 247 247 247 247 247 247 246 246 247 247 247 247 247 247 249 249 249 249 249 249 249 249 249 249 249 249 249 249 249 249 0 0 0 0 0 0 0 0
0 0 0 0 0 0 0 0 217 217 220 221 223 224 227 227 229 229 232 233 235 236 238 238 238 238 238 239 239 240 240 240 238 238 237 236 235 235 234 234 236 234 232 232 233 234 232 230 229 231 232 232 229 227 226 224 215 206 192 170 145 115 91 78 87 99 118 128 126 113 95 81 82 87 96 104 112 114 116 115 103 88 72 58 44 35 35 39 39 47 50 43 44 47 41 26 22 15 16 25 43 63 82 84 75 69 69 66 62 58 55 53 56 61 67 68 74 78 70 65 52 40 18 7 3 11 32 50 62 64 68 71 72 66 62 56 55 57 63 62 61 57 53 48 37 41 46 44 51 59 67 67 80 82 82 82 81 83 85 88 91 85 79 76 72 65 50 40 31 28 17 12 16 22 32 49 48 52 46 35 35 32 26 32 29 34 40 42 45 49 53 59 49 52 47 39 31 23 18 19 29 34 40 54 74 89 101 108 106 94 71 44 23 7 1 1 7 29 59 91 121 143 157 167 166 178 192 202 206 211 210 210 221 218 214 214 217 219 218 217 219 221 221 223 225 225 226 226 228 228 231 231 233 236 236 237 238 238 237 236 234 233 231 231 233 233 233 233 233 233 233 233 233 233 233 233 233 233 233 233 233 233 233 233 233 233 233 233 234 234 234 234 234 234 234 234 234 234 234 234 234 234 234 234 233 233 233 233 233 233 233 233 233 233 233 233 233 233 233 233 233 233 233 233 233 233 233 233 234 234 234 234 234 234 234 234 234 234 234 234 234 234 234 234 233 233 233 233 233 233 233 233 234 234 234 235 235 236 236 236 235 235 235 235 235 235 235 235 236 236 236 235 235 234 234 234 234 234 234 234 234 234 234 234 234 234 234 234 234 234 234 234 234 234 234 234 234 234 234 234 234 234 234 234 234 234 234 234 234 234 234 234 234 234 234 234 234 234 234 234 234 234 234 234 234 234 234 234 234 234 234 234 234 234 234 234 234 234 234 234 234 234 234 235 235 236 236 236 237 237 238 239 240 240 241 242 238 237 237 236 236 237 237 238 238 238 238 237 237 236 236 236 237 238 240 241 242 243 243 243 244 244 244 243 244 243 244 243 244 244 243 242 242 243 243 244 244 244 244 244 244 244 244 244 244 244 245 244 245 244 244 244 242 242 242 242 240 240 240 240 242 242 242 242 242 242 242 242 244 244 244 244 244 244 244 244 246 246 246 246 246 246 247 247 247 247 249 249 249 249 249 249 249 247 247 246 246 245 245 245 246 246 246 246 246 246 246 246 0 0 0 0 0 0 0 0
0 0 0 0 0 0 0 0 217 217 220 221 222 224 227 227 229 229 232 233 234 236 238 238 238 238 238 239 239 239 240 240 239 239 239 238 237 237 236 236 236 234 233 233 234 234 232 231 231 232 233 229 223 214 211 206 205 195 183 161 137 113 94 79 82 96 114 127 129 118 105 90 89 91 100 105 109 110 108 109 92 75 59 44 32 26 31 39 54 65 71 68 68 66 52 31 4 0 0 0 16 41 63 67 71 65 65 63 59 55 52 51 51 57 62 66 69 70 60 54 23 14 3 1 9 26 47 66 77 75 74 73 72 69 62 56 54 55 57 58 57 54 50 49 49 49 51 55 66 78 87 85 82 78 74 69 66 65 67 67 61 57 53 53 53 51 44 36 30 26 12 2 6 11 22 41 51 55 48 36 35 32 29 32 33 35 39 43 47 51 60 66 74 74 71 63 51 38 28 27 22 25 27 32 39 48 56 61 56 49 32 10 0 0 0 0 0 14 37 66 94 112 124 129 138 148 162 176 189 199 209 212 216 215 212 212 215 216 216 216 219 219 221 223 225 225 226 226 228 230 230 233 235 235 237 237 238 238 238 236 234 231 231 231 233 233 233 233 233 233 233 233 233 233 233 233 233 233 233 233 233 233 233 233 233 233 233 233 234 234 234 234 234 234 234 234 234 234 234 234 234 234 234 234 233 233 233 233 233 233 233 233 233 233 233 233 233 233 233 233 233 233 233 233 233 233 233 233 234 234 234 234 234 234 234 234 234 234 234 234 234 234 234 234 233 233 233 233 233 233 233 233 234 234 234 235 235 236 236 236 235 235 235 235 235 235 235 235 236 236 236 235 235 234 234 234 234 234 234 234 234 234 234 234 234 234 234 234 234 234 234 234 234 234 234 234 234 234 234 234 234 234 234 234 234 234 234 234 234 234 234 234 234 234 234 234 234 234 234 234 234 234 234 234 234 234 234 234 234 234 234 234 234 234 234 234 234 234 234 234 234 234 234 235 235 236 236 236 237 237 238 238 239 240 241 241 238 237 237 236 236 237 237 238 238 238 238 237 237 236 236 236 237 238 240 241 242 243 243 243 244 244 244 244 244 244 244 244 244 243 243 242 242 242 243 243 244 244 244 244 244 244 244 244 245 245 245 245 245 245 244 244 243 243 243 243 241 241 241 241 243 243 243 243 243 243 243 243 244 244 244 244 244 244 244 244 246 246 246 246 246 246 247 247 249 249 249 249 251 251 251 249 249 247 246 246 246 245 245 245 245 245 245 245 245 245 245 245 0 0 0 0 0 0 0 0
0 0 0 0 0 0 0 0 216 217 220 221 222 223 226 227 228 229 232 233 234 235 237 238 238 238 238 238 239 239 239 240 240 240 240 239 239 239 239 239 235 233 233 233 235 236 235 232 230 226 221 211 199 183 172 163 150 144 136 121 106 89 75 67 83 94 113 127 130 123 114 105 100 100 106 108 107 105 103 101 87 72 53 39 31 31 42 53 69 80 91 94 94 85 62 36 11 0 0 0 19 47 71 76 69 62 61 59 57 52 50 48 49 55 58 61 62 57 43 36 0 0 0 10 31 54 76 87 86 81 78 76 76 72 68 62 62 59 58 55 56 57 59 59 60 62 64 69 77 83 85 80 62 55 47 39 35 32 32 29 37 37 36 38 43 47 47 44 33 26 6 0 0 0 10 29 48 55 49 39 39 33 29 32 37 40 41 44 49 56 64 73 78 83 85 84 78 70 60 57 55 56 54 49 45 43 46 51 59 55 43 30 21 13 12 16 12 21 33 54 77 90 95 97 107 114 127 144 163 181 198 213 211 213 211 211 214 216 217 217 219 221 223 223 225 226 228 228 229 229 232 234 234 236 238 238 239 237 237 236 235 233 231 231 233 233 233 233 233 233 233 233 233 233 233 233 233 233 233 233 233 233 233 233 233 233 233 233 234 234 234 234 234 234 234 234 234 234 234 234 234 234 234 234 233 233 233 233 233 233 233 233 233 233 233 233 233 233 233 233 233 233 233 233 233 233 233 233 234 234 234 234 234 234 234 234 234 234 234 234 234 234 234 234 233 233 233 233 233 233 233 233 234 234 234 235 235 236 236 236 235 235 235 235 235 235 235 235 236 236 236 235 235 234 234 234 234 234 234 234 234 234 234 234 234 234 234 234 234 234 234 234 234 234 234 234 234 234 234 234 234 234 234 234 234 234 234 234 234 234 234 234 234 234 234 234 234 234 234 234 234 234 234 234 234 234 234 234 234 234 234 234 234 234 234 234 234 234 234 234 234 234 234 235 235 236 236 236 237 237 238 238 239 240 240 240 238 237 237 236 236 237 237 238 238 238 238 237 237 236 236 236 237 238 240 241 242 243 243 243 244 244 244 244 244 243 243 243 243 242 242 241 241 242 243 243 244 244 244 244 244 244 244 244 245 245 245 245 245 245 244 244 245 245 243 243 243 243 241 241 243 243 243 243 243 243 243 243 244 244 244 244 244 244 244 244 246 246 246 246 246 246 247 247 249 249 249 249 251 251 251 249 249 246 246 246 245 245 245 245 244 244 244 244 244 244 244 244 0 0 0 0 0 0 0 0
0 0 0 0 0 0 0 0 216 217 219 221 222 223 226 226 228 229 231 233 234 235 237 237 237 237 238 238 238 239 239 239 239 239 239 239 239 239 239 239 232 231 233 234 237 237 236 233 229 216 201 182 164 143 128 115 107 105 105 103 99 91 85 77 85 96 113 124 129 126 120 114 106 106 109 108 104 100 98 96 85 73 56 47 42 45 57 68 74 85 97 102 102 87 63 34 10 0 0 2 25 53 74 78 69 62 62 59 56 52 51 48 50 54 56 57 53 41 24 16 0 4 14 33 58 78 90 94 82 74 69 69 72 73 71 69 61 59 57 58 63 68 72 73 73 76 80 80 75 69 61 57 40 33 26 23 24 26 27 27 26 26 28 33 37 41 44 44 46 37 14 0 0 0 7 27 49 56 53 44 43 38 33 35 37 40 42 45 49 54 62 70 66 74 79 85 86 84 82 79 75 76 72 65 56 53 55 61 57 56 51 42 37 33 35 38 52 51 54 65 80 88 85 82 81 83 91 106 127 152 178 202 205 210 209 211 212 215 217 218 220 222 222 224 225 225 227 229 228 231 233 234 235 237 237 237 241 238 238 236 236 235 233 233 233 233 233 233 233 233 233 233 233 233 233 233 233 233 233 233 233 233 233 233 233 233 233 233 234 234 234 234 234 234 234 234 234 234 234 234 234 234 234 234 233 233 233 233 233 233 233 233 233 233 233 233 233 233 233 233 233 233 233 233 233 233 233 233 234 234 234 234 234 234 234 234 234 234 234 234 234 234 234 234 233 233 233 233 233 233 233 233 234 234 234 235 235 236 236 236 235 235 235 235 235 235 235 235 236 236 236 235 235 234 234 234 234 234 234 234 234 234 234 234 234 234 234 234 234 234 234 234 234 234 234 234 234 234 234 234 234 234 234 234 234 234 234 234 234 234 234 234 234 234 234 234 234 234 234 234 234 234 234 234 234 234 234 234 234 234 234 234 234 234 234 234 234 234 234 234 234 234 234 235 235 236 236 236 237 237 237 238 238 239 239 240 238 237 237 236 236 237 237 238 238 238 238 237 237 236 236 236 237 238 240 241 242 243 243 243 244 244 244 243 243 243 243 242 241 241 241 240 241 241 242 243 244 244 244 244 244 244 244 244 245 245 245 245 245 245 244 244 246 246 244 244 244 244 242 242 244 244 244 244 244 244 244 244 243 243 243 243 243 243 243 243 245 245 245 245 245 245 246 246 248 248 248 248 250 250 250 250 248 246 246 245 245 245 244 244 242 242 242 242 242 242 242 242 0 0 0 0 0 0 0 0
0 0 0 0 0 0 0 0 216 216 219 220 221 223 225 226 228 228 231 232 233 235 236 237 237 237 237 238 238 238 239 239 238 238 238 237 237 237 237 236 233 233 235 237 240 238 231 227 218 199 175 151 133 115 103 92 88 93 100 105 108 107 104 100 92 99 113 120 125 123 119 115 107 106 108 105 101 97 93 91 80 71 63 58 56 58 68 76 82 86 93 95 90 73 51 27 1 0 0 16 40 64 83 82 72 65 62 61 58 53 50 47 46 48 50 50 41 25 7 0 7 17 33 53 75 86 86 81 74 66 59 57 61 68 71 73 63 63 62 69 76 84 85 87 79 79 75 64 48 35 31 34 29 30 34 41 54 64 72 78 82 85 88 90 90 89 89 88 75 62 33 8 0 0 8 29 54 61 59 51 51 45 37 37 35 37 41 45 48 50 55 59 62 66 69 73 75 76 76 75 73 73 72 67 63 64 68 75 82 85 84 80 79 78 80 84 89 85 83 85 95 96 89 81 72 66 64 74 92 117 150 180 198 206 209 210 212 214 217 218 220 222 224 225 225 227 229 229 230 232 232 233 236 238 238 239 241 240 240 238 236 235 235 233 233 233 233 233 233 233 233 233 233 233 233 233 233 233 233 233 233 233 233 233 233 233 233 233 234 234 234 234 234 234 234 234 234 234 234 234 234 234 234 234 233 233 233 233 233 233 233 233 233 233 233 233 233 233 233 233 233 233 233 233 233 233 233 233 234 234 234 234 234 234 234 234 234 234 234 234 234 234 234 234 233 233 233 233 233 233 233 233 234 234 234 235 235 236 236 236 235 235 235 235 235 235 235 235 236 236 236 235 235 234 234 234 234 234 234 234 234 234 234 234 234 234 234 234 234 234 234 234 234 234 234 234 234 234 234 234 234 234 234 234 234 234 234 234 234 234 234 234 234 234 234 234 234 234 234 234 234 234 234 234 234 234 234 234 234 234 234 234 234 234 234 234 234 234 234 234 234 234 234 235 235 236 236 236 237 237 237 238 238 238 238 239 238 237 237 236 236 237 237 238 238 238 238 237 237 236 236 236 237 238 240 241 242 243 243 243 244 244 244 243 243 242 242 241 240 240 239 240 240 241 242 243 244 244 244 244 244 244 244 244 245 247 247 247 245 245 245 245 246 246 244 244 244 244 244 244 244 244 244 244 244 244 244 244 243 243 243 243 243 243 243 243 245 245 245 245 245 245 246 246 248 248 248 248 250 250 250 250 248 248 247 247 247 246 246 246 243 243 243 243 243 243 243 243 0 0 0 0 0 0 0 0
0 0 0 0 0 0 0 0 215 216 219 220 221 222 225 226 227 228 231 232 233 234 236 237 236 237 237 237 238 238 238 238 238 238 237 236 235 234 234 233 235 235 236 235 233 225 212 204 186 164 138 117 107 101 94 86 87 90 98 107 113 114 113 109 99 103 112 115 118 117 116 113 107 104 106 103 98 93 90 88 80 74 72 72 71 70 77 83 91 90 89 84 73 56 39 23 4 5 19 40 62 84 96 95 76 66 66 64 58 54 50 47 44 43 43 42 33 15 0 0 21 36 54 70 84 88 81 70 68 61 54 49 51 57 68 75 76 77 82 89 96 97 92 88 63 54 40 24 12 10 21 33 42 51 66 85 103 120 133 143 142 145 148 145 139 134 134 131 121 103 70 35 16 7 19 37 60 66 65 58 59 50 40 39 34 37 42 44 47 47 50 52 56 58 60 62 64 67 70 70 69 67 69 70 71 76 81 89 82 87 91 92 95 99 99 103 111 108 105 111 117 116 107 100 81 69 55 55 65 87 121 160 190 201 205 208 210 211 214 219 219 223 224 224 226 226 228 230 231 231 232 235 237 237 240 240 241 241 241 239 238 236 236 235 235 233 233 233 233 233 233 233 233 233 233 233 233 233 233 233 233 233 233 233 233 233 233 233 234 234 234 234 234 234 234 234 234 234 234 234 234 234 234 234 233 233 233 233 233 233 233 233 233 233 233 233 233 233 233 233 233 233 233 233 233 233 233 233 234 234 234 234 234 234 234 234 234 234 234 234 234 234 234 234 233 233 233 233 233 233 233 233 234 234 234 235 235 236 236 236 235 235 235 235 235 235 235 235 236 236 236 235 235 234 234 234 234 234 234 234 234 234 234 234 234 234 234 234 234 234 234 234 234 234 234 234 234 234 234 234 234 234 234 234 234 234 234 234 234 234 234 234 234 234 234 234 234 234 234 234 234 234 234 234 234 234 234 234 234 234 234 234 234 234 234 234 234 234 234 234 234 234 234 235 235 236 236 236 237 237 237 237 237 238 238 238 238 237 237 236 236 237 237 238 238 238 238 237 237 236 236 236 237 238 240 241 242 243 243 243 244 244 243 243 242 241 241 241 239 239 238 239 239 241 242 242 244 244 244 244 244 244 244 245 247 247 247 247 245 245 245 245 245 245 245 243 243 243 243 243 243 243 243 243 243 243 243 243 242 242 242 242 242 242 242 242 244 244 244 244 244 244 245 245 247 247 247 247 249 249 249 249 247 247 247 247 246 246 246 245 243 243 243 243 243 243 243 243 0 0 0 0 0 0 0 0
0 0 0 0 0 0 0 0 215 215 218 220 221 222 225 225 227 227 230 232 233 234 236 236 236 236 237 237 237 238 238 238 239 239 238 236 235 233 232 231 235 234 234 228 216 198 179 164 147 128 105 90 90 91 90 85 96 97 102 106 113 115 117 118 105 106 112 111 113 112 113 109 105 104 104 100 96 91 88 87 87 83 83 84 84 82 86 91 91 90 84 75 60 44 34 27 15 22 39 60 75 89 97 95 79 69 67 65 58 53 49 46 44 42 41 41 32 17 6 6 37 54 70 79 85 86 79 67 59 55 48 43 42 52 67 79 88 90 96 102 103 96 80 70 41 26 12 7 14 27 48 68 85 99 121 140 156 169 182 190 200 203 204 198 190 184 185 185 165 145 107 62 34 19 27 45 63 72 71 63 64 55 44 40 38 38 40 43 43 47 51 54 52 52 55 56 60 64 65 65 55 53 52 54 58 62 67 72 78 82 89 93 98 101 102 105 108 110 114 122 132 132 127 119 102 80 55 45 49 66 101 143 183 197 201 204 207 209 212 218 219 223 224 226 228 228 230 230 230 231 234 234 236 239 240 240 241 240 240 239 237 236 236 235 235 235 235 235 235 235 235 235 235 235 235 235 235 235 235 235 235 235 235 235 235 235 235 235 236 236 236 236 236 236 236 236 236 236 236 236 236 236 236 236 235 235 235 235 235 235 235 235 235 235 235 235 235 235 235 235 235 235 235 235 235 235 235 235 236 236 236 236 236 236 236 236 236 236 236 236 236 236 236 236 235 235 235 235 235 235 235 235 236 236 236 237 237 238 238 238 237 237 237 237 237 237 237 237 238 238 238 237 237 236 236 236 236 236 236 236 236 236 236 236 236 236 236 236 236 236 236 236 236 236 236 236 236 236 236 236 236 236 236 236 236 236 236 236 236 236 236 236 236 236 236 236 236 236 236 236 236 236 236 236 234 234 234 234 234 234 234 234 234 234 234 234 234 234 234 234 234 234 234 235 235 236 236 236 237 237 237 237 237 237 237 237 238 237 237 236 236 237 237 238 238 238 238 237 237 236 236 236 237 238 240 241 242 243 243 243 244 244 243 243 242 241 240 240 239 239 239 239 240 241 242 243 245 245 245 245 245 245 245 245 247 247 247 247 247 247 245 245 246 245 245 245 245 245 243 243 245 245 245 245 245 245 245 245 244 244 244 244 244 244 244 244 244 244 244 244 244 244 245 245 247 247 247 247 249 249 249 249 247 247 247 246 246 246 245 245 244 244 244 244 244 244 244 244 0 0 0 0 0 0 0 0
0 0 0 0 0 0 0 0 215 215 218 219 221 222 225 225 227 227 230 231 233 234 236 236 236 236 236 237 237 238 238 238 241 240 239 237 235 233 232 231 232 230 227 217 199 175 150 132 128 109 88 78 84 91 92 88 85 83 85 89 96 100 105 107 107 107 109 109 108 108 109 110 106 104 104 99 95 89 86 84 87 84 83 86 87 84 86 92 85 84 81 69 55 42 37 34 43 52 69 84 96 102 107 103 81 71 70 65 59 53 48 44 47 44 43 43 37 23 16 19 45 60 74 77 79 79 71 62 52 49 44 38 38 50 70 86 88 93 97 103 100 83 61 43 33 18 11 23 46 70 95 110 134 150 172 186 195 201 209 215 210 212 211 203 195 191 194 198 189 168 125 76 43 23 26 42 67 75 74 69 68 57 46 42 40 40 40 41 45 48 53 58 56 58 57 57 56 56 54 52 55 49 45 45 50 53 54 56 61 66 73 78 81 84 84 85 90 96 106 121 132 136 132 125 115 89 57 41 43 57 91 134 177 191 197 201 203 206 212 218 219 223 224 226 228 228 230 230 230 231 233 234 238 238 240 240 241 241 240 239 239 238 236 236 235 235 235 235 235 235 235 235 235 235 235 235 235 235 235 235 235 235 235 235 235 235 235 235 236 236 236 236 236 236 236 236 236 236 236 236 236 236 236 236 235 235 235 235 235 235 235 235 235 235 235 235 235 235 235 235 235 235 235 235 235 235 235 235 236 236 236 236 236 236 236 236 236 236 236 236 236 236 236 236 235 235 235 235 235 235 235 235 236 236 236 237 237 238 238 238 237 237 237 237 237 237 237 237 238 238 238 237 237 236 236 236 236 236 236 236 236 236 236 236 236 236 236 236 236 236 236 236 236 236 236 236 236 236 236 236 236 236 236 236 236 236 236 236 236 236 236 236 236 236 236 236 236 236 236 236 236 236 236 236 234 234 234 234 234 234 234 234 234 234 234 234 234 234 234 234 234 234 234 235 235 236 236 236 237 237 237 237 237 237 237 237 238 237 237 236 236 237 237 238 238 238 238 237 237 236 236 236 237 238 240 241 242 243 243 243 244 244 243 242 241 241 240 239 238 238 238 239 240 241 242 243 245 245 245 245 245 245 245 245 247 247 247 247 247 247 245 245 245 245 244 244 244 244 242 242 244 244 244 244 244 244 244 244 244 244 244 244 244 244 244 244 244 244 244 244 244 244 245 245 247 247 247 247 249 249 249 249 247 247 247 246 246 245 245 245 244 244 244 244 244 244 244 244 0 0 0 0 0 0 0 0
0 0 0 0 0 0 0 0 215 215 218 219 221 222 225 225 226 227 231 232 234 234 235 235 236 236 237 237 237 238 238 238 239 238 238 239 238 236 232 229 235 232 222 203 179 151 126 111 105 95 88 87 95 98 93 84 72 66 61 59 64 72 83 89 112 108 105 103 103 105 108 106 106 104 104 97 90 86 88 90 90 91 92 93 93 91 92 93 84 79 76 67 49 34 42 56 64 87 103 108 113 111 108 103 85 78 76 66 59 55 53 50 48 48 44 42 41 39 36 37 55 61 72 77 76 80 72 51 52 32 38 39 45 70 82 95 97 104 103 90 73 53 37 22 23 19 28 60 102 134 155 165 189 195 211 219 214 217 220 214 210 207 203 196 184 179 190 203 190 176 137 82 41 21 27 45 63 73 75 71 72 63 50 44 39 40 43 45 48 50 55 58 59 58 59 62 58 53 52 53 44 45 46 44 39 35 35 39 40 46 54 60 64 68 68 71 67 82 98 110 118 126 131 132 123 104 74 47 38 51 86 124 169 186 191 192 198 205 211 213 217 221 224 226 228 228 229 231 229 231 235 236 241 242 243 243 245 242 239 238 241 241 238 236 236 236 236 236 236 236 236 236 235 235 235 235 235 235 235 235 235 235 235 235 235 235 235 235 236 236 236 236 236 236 236 236 236 236 236 236 236 236 236 236 235 235 235 235 235 235 235 235 235 235 235 235 235 235 235 235 235 235 235 235 235 235 235 235 236 236 236 236 236 236 236 236 236 236 236 236 236 236 236 236 235 235 235 235 235 235 235 235 237 237 237 237 237 237 237 237 237 237 237 237 237 237 237 237 237 237 237 237 237 237 237 237 237 237 237 237 237 237 237 237 237 237 237 237 237 237 237 237 237 237 237 237 237 237 237 237 236 236 236 236 236 236 236 236 236 236 236 236 236 236 236 236 236 236 236 236 236 236 236 236 234 234 234 234 234 234 234 234 234 234 234 234 234 234 234 234 234 234 234 235 235 236 236 236 236 236 236 236 236 236 236 236 237 237 237 237 237 237 237 237 237 237 237 237 237 237 237 237 239 239 240 241 242 243 243 244 245 244 244 243 242 241 240 240 241 241 242 243 244 245 245 246 246 246 246 246 246 246 246 246 249 249 249 249 247 247 247 247 243 243 243 243 242 242 242 242 244 244 244 244 244 244 244 244 244 244 244 244 244 244 244 244 243 243 244 244 245 245 246 246 247 247 247 247 249 249 249 249 249 249 248 248 248 248 248 248 247 247 247 246 246 245 245 245 0 0 0 0 0 0 0 0
0 0 0 0 0 0 0 0 215 215 218 219 220 222 224 225 226 227 230 232 233 234 235 235 236 236 236 237 237 237 238 238 238 238 238 238 237 235 231 229 234 230 219 197 169 140 116 104 109 113 123 134 138 129 116 99 70 58 49 49 59 77 96 105 112 108 104 99 98 99 101 101 103 103 101 97 90 87 88 91 95 94 96 93 90 84 81 80 73 69 64 55 40 32 43 61 84 109 128 133 133 122 109 98 88 82 77 68 58 57 53 48 54 52 50 50 51 49 50 52 58 62 71 78 78 79 65 41 31 17 32 46 62 90 100 109 111 108 97 77 52 30 18 15 41 64 99 130 151 169 186 195 202 201 213 218 215 215 213 201 195 180 162 147 136 134 150 163 164 152 117 70 36 20 27 43 60 69 72 69 70 64 53 49 42 44 49 49 50 50 50 53 55 52 51 52 48 41 42 44 39 41 44 44 43 41 42 45 43 46 54 59 64 66 67 70 65 75 86 95 107 120 124 128 124 102 71 48 41 54 87 123 163 178 184 189 194 201 208 211 216 220 224 226 226 229 229 229 230 231 234 235 237 239 239 239 242 239 237 236 237 237 236 235 236 236 236 236 236 236 236 236 235 235 235 235 235 235 235 235 235 235 235 235 235 235 235 235 236 236 236 236 236 236 236 236 236 236 236 236 236 236 236 236 235 235 235 235 235 235 235 235 235 235 235 235 235 235 235 235 235 235 235 235 235 235 235 235 236 236 236 236 236 236 236 236 236 236 236 236 236 236 236 236 235 235 235 235 235 235 235 235 237 237 237 237 237 237 237 237 237 237 237 237 237 237 237 237 237 237 237 237 237 237 237 237 237 237 237 237 237 237 237 237 237 237 237 237 237 237 237 237 237 237 237 237 237 237 237 237 236 236 236 236 236 236 236 236 236 236 236 236 236 236 236 236 236 236 236 236 236 236 236 236 234 234 234 234 234 234 234 234 234 234 234 234 234 234 234 234 234 234 234 235 235 236 236 236 236 236 236 236 236 236 236 236 237 237 237 237 237 237 237 237 237 237 237 237 237 237 237 237 238 238 239 240 241 242 242 243 244 243 243 242 241 240 239 239 240 240 241 242 243 244 244 245 246 246 246 246 246 246 246 246 249 249 249 249 247 247 247 247 243 243 243 243 242 242 242 242 243 243 243 243 243 243 243 243 243 243 243 243 243 243 243 243 242 242 242 243 243 244 245 245 246 246 246 246 248 248 248 248 249 249 248 248 248 248 248 248 247 247 247 246 246 245 245 245 0 0 0 0 0 0 0 0
0 0 0 0 0 0 0 0 214 215 217 219 220 221 224 224 226 226 229 230 231 233 234 235 235 235 236 236 236 237 237 237 237 238 238 237 236 233 231 229 232 231 221 201 174 149 133 124 136 153 175 185 178 155 132 112 74 61 53 54 69 90 108 117 114 110 106 101 99 98 99 99 101 101 100 97 91 90 90 93 96 95 95 92 88 81 75 71 64 57 48 41 31 28 43 59 87 109 126 129 128 118 106 100 93 86 82 71 63 61 55 50 55 55 56 56 59 61 64 64 62 65 73 80 79 76 57 26 9 0 28 56 83 112 114 116 107 91 71 52 34 22 27 41 77 114 157 180 191 200 209 210 209 205 210 214 215 213 201 177 169 143 112 95 88 86 99 108 110 103 81 50 30 18 22 33 50 61 65 65 69 65 56 53 46 47 52 54 53 51 48 48 51 44 38 34 30 29 31 35 40 41 45 45 46 45 46 48 46 51 53 58 64 67 67 70 66 73 79 87 101 114 121 122 113 92 60 41 41 61 93 126 159 174 180 183 188 198 205 208 213 216 221 223 226 226 226 227 231 232 233 235 237 236 237 236 238 237 236 236 236 236 236 234 237 237 237 237 237 237 237 237 236 236 236 236 236 236 236 236 236 236 236 236 236 236 236 236 237 237 237 237 237 237 237 237 237 237 237 237 237 237 237 237 236 236 236 236 236 236 236 236 236 236 236 236 236 236 236 236 236 236 236 236 236 236 236 236 237 237 237 237 237 237 237 237 237 237 237 237 237 237 237 237 236 236 236 236 236 236 236 236 238 238 238 238 238 238 238 238 238 238 238 238 238 238 238 238 238 238 238 238 238 238 238 238 238 238 238 238 238 238 238 238 238 238 238 238 238 238 238 238 238 238 238 238 238 238 238 238 237 237 237 237 237 237 237 237 237 237 237 237 237 237 237 237 237 237 237 237 237 237 237 236 234 234 234 234 234 234 234 234 234 234 234 234 234 234 234 234 234 234 234 235 235 236 236 236 236 236 236 236 236 236 236 236 237 237 237 237 237 237 237 237 237 237 237 237 237 237 237 237 237 237 238 238 239 240 240 241 242 241 241 240 239 239 238 238 239 239 240 240 241 242 242 243 245 245 245 245 245 245 245 245 248 250 248 248 248 248 246 246 244 244 242 242 242 242 242 242 241 241 241 241 241 241 241 241 241 241 241 241 241 241 241 241 240 240 240 241 241 241 243 243 244 244 244 244 246 246 246 246 247 247 247 247 248 248 248 248 247 247 247 247 246 246 246 246 0 0 0 0 0 0 0 0
0 0 0 0 0 0 0 0 213 214 217 218 219 220 223 224 225 225 228 229 230 231 233 234 234 235 235 235 236 236 236 236 236 237 237 236 233 231 229 229 232 232 228 214 196 182 176 174 183 199 216 214 193 161 133 113 85 77 77 83 96 109 115 115 116 110 108 104 102 100 101 100 98 99 98 97 94 92 94 94 94 93 94 93 91 83 76 71 60 53 42 33 25 26 37 49 58 72 81 84 89 89 96 99 94 89 88 80 73 69 62 55 54 52 54 56 60 61 65 68 66 68 75 81 79 74 48 15 0 0 32 69 102 126 116 109 79 54 36 33 39 50 77 106 129 152 175 186 200 214 215 206 206 200 205 213 219 216 193 157 117 85 53 39 36 32 34 37 48 51 48 38 30 19 12 16 34 48 57 61 68 66 56 54 49 49 53 54 55 53 51 49 45 34 22 16 14 16 25 32 43 43 43 43 43 40 40 42 46 49 52 55 61 63 64 67 68 73 79 89 101 112 112 108 88 67 38 27 37 64 99 131 158 172 178 179 184 191 197 203 208 212 217 221 222 222 223 222 230 233 233 235 237 238 237 237 237 235 236 235 235 235 235 235 237 237 237 237 237 237 237 237 236 236 236 236 236 236 236 236 236 236 236 236 236 236 236 236 237 237 237 237 237 237 237 237 237 237 237 237 237 237 237 237 236 236 236 236 236 236 236 236 236 236 236 236 236 236 236 236 236 236 236 236 236 236 236 236 237 237 237 237 237 237 237 237 237 237 237 237 237 237 237 237 236 236 236 236 236 236 236 236 237 237 237 237 237 237 237 237 237 237 237 237 237 237 237 237 237 237 237 237 237 237 237 237 237 237 237 237 237 237 237 237 237 237 237 237 237 237 237 237 237 237 237 237 237 237 237 237 237 237 237 237 237 237 237 237 237 237 237 237 237 237 237 237 237 237 237 237 237 237 237 236 236 234 234 234 234 234 234 234 234 234 234 234 234 234 234 234 234 234 234 235 235 236 236 236 236 236 236 236 236 236 236 236 237 237 237 237 237 237 237 237 237 237 237 237 237 237 237 237 236 236 237 237 238 238 238 239 240 239 239 239 238 238 237 237 238 238 239 239 240 240 240 241 242 242 242 242 242 242 242 244 247 247 245 245 245 245 243 243 241 241 239 239 239 239 239 239 239 239 239 239 239 239 239 239 239 239 239 239 239 239 239 239 238 238 238 238 239 239 241 241 242 242 242 242 244 244 244 244 244 245 245 245 245 246 246 246 247 247 247 247 247 247 247 246 0 0 0 0 0 0 0 0
0 0 0 0 0 0 0 0 212 213 216 217 218 219 222 223 224 224 226 227 228 230 232 234 234 234 234 234 235 235 235 236 234 236 237 235 231 228 228 229 233 234 233 226 219 213 212 212 217 228 236 223 193 157 128 110 96 93 97 104 111 114 111 107 104 102 101 99 100 98 101 99 97 98 99 97 96 94 95 94 94 92 93 95 96 90 83 77 64 56 45 37 31 27 32 35 31 38 37 36 46 53 70 83 85 85 89 85 77 73 67 60 55 53 55 55 58 59 61 65 67 71 79 84 80 70 43 9 0 0 40 81 111 126 106 89 55 30 17 31 59 90 129 159 172 180 184 184 193 208 210 198 197 195 204 215 224 220 187 142 83 45 12 3 2 0 0 0 10 26 37 40 40 24 9 6 24 41 54 61 70 66 55 52 50 49 52 55 56 55 54 51 38 24 9 4 6 14 28 36 44 43 42 41 39 37 36 34 41 43 45 49 53 57 57 61 66 76 87 94 102 105 96 86 56 37 16 14 32 62 99 132 155 168 173 174 179 186 193 195 205 210 215 218 220 219 218 217 225 227 231 233 234 236 236 236 236 236 238 237 237 236 234 235 236 237 237 237 237 237 237 237 236 236 236 236 236 236 236 236 236 236 236 236 236 236 236 236 237 237 237 237 237 237 237 237 237 237 237 237 237 237 237 237 236 236 236 236 236 236 236 236 236 236 236 236 236 236 236 236 236 236 236 236 236 236 236 236 237 237 237 237 237 237 237 237 237 237 237 237 237 237 237 237 236 236 236 236 236 236 236 236 237 237 237 237 237 237 237 237 237 237 237 237 237 237 237 237 237 237 237 237 237 237 237 237 237 237 237 237 237 237 237 237 237 237 237 237 237 237 237 237 237 237 237 237 237 237 237 237 237 237 237 237 237 237 237 237 237 237 237 237 237 237 237 237 237 237 237 237 237 237 237 236 236 234 234 234 234 234 234 234 234 234 234 234 234 234 234 234 234 234 234 235 235 236 236 236 236 236 236 236 236 236 236 236 237 237 237 237 237 237 237 237 237 237 237 237 237 237 237 237 236 236 236 236 237 237 237 237 238 238 238 238 237 237 237 237 238 240 240 240 241 241 241 241 241 241 241 241 241 241 241 241 244 244 244 244 242 242 242 242 238 238 238 238 236 236 236 236 237 237 237 237 237 237 237 237 237 237 237 237 237 237 237 237 236 236 236 237 237 238 239 239 240 240 240 240 242 242 242 242 243 243 244 244 245 245 246 246 249 249 249 249 249 249 249 250 0 0 0 0 0 0 0 0
0 0 0 0 0 0 0 0 212 212 215 216 217 219 221 222 224 223 225 225 226 228 232 233 233 233 233 234 234 234 235 235 233 235 236 234 229 226 227 229 235 235 233 229 227 225 224 225 229 232 231 215 184 148 121 101 94 91 97 102 102 101 95 92 82 81 83 86 90 94 96 97 97 98 99 99 98 97 96 95 100 97 97 97 98 95 89 83 72 65 58 50 48 44 43 37 34 34 27 19 21 22 35 52 65 72 84 83 78 73 68 63 60 58 57 56 59 58 58 63 68 73 81 84 76 66 42 9 0 1 43 82 107 113 81 58 43 33 31 51 88 122 156 176 185 193 195 189 186 193 198 197 195 195 208 217 223 216 178 126 74 35 0 0 0 0 3 15 21 35 47 48 45 29 12 8 26 44 56 64 71 66 54 49 51 49 53 55 57 55 49 47 29 16 4 2 9 19 34 43 43 39 38 40 40 39 37 34 34 36 38 41 47 50 52 57 65 75 85 92 93 86 71 58 33 21 8 10 28 57 88 117 141 155 163 165 172 183 189 194 205 210 214 217 218 218 215 214 218 221 224 228 229 231 233 233 236 237 239 239 238 235 233 235 236 237 237 237 237 237 237 237 236 236 236 236 236 236 236 236 236 236 236 236 236 236 236 236 237 237 237 237 237 237 237 237 237 237 237 237 237 237 237 237 236 236 236 236 236 236 236 236 236 236 236 236 236 236 236 236 236 236 236 236 236 236 236 236 237 237 237 237 237 237 237 237 237 237 237 237 237 237 237 237 236 236 236 236 236 236 236 236 236 236 236 236 236 236 236 236 236 236 236 236 236 236 236 236 236 236 236 236 236 236 236 236 236 236 236 236 236 236 236 236 236 236 236 236 236 236 236 236 236 236 236 236 236 236 236 236 237 237 237 237 237 237 237 237 237 237 237 237 237 237 237 237 237 237 237 237 237 237 237 237 236 234 234 234 234 234 234 234 234 234 234 234 234 234 234 234 234 234 234 235 235 236 236 236 236 236 236 236 236 236 236 236 237 237 237 237 237 237 237 237 237 237 237 237 237 237 237 237 236 236 236 236 236 236 237 237 238 238 237 237 237 237 237 237 240 240 240 240 240 240 241 241 240 240 240 240 240 240 240 240 243 243 243 243 241 241 241 241 237 237 237 237 235 235 235 235 236 236 236 236 236 236 236 236 236 236 236 236 236 236 236 236 235 235 236 236 236 237 238 238 239 239 239 239 241 241 241 241 242 242 242 243 244 245 245 245 249 249 249 249 250 250 250 250 0 0 0 0 0 0 0 0
0 0 0 0 0 0 0 0 211 212 214 216 217 218 221 221 223 223 224 224 225 227 231 233 232 232 233 233 233 234 234 234 232 235 236 233 227 224 226 230 237 234 233 232 234 235 232 231 236 227 211 184 153 123 101 83 77 78 87 89 84 76 70 66 57 61 67 74 82 87 92 96 98 100 99 100 101 98 96 94 101 99 98 98 102 101 96 91 85 79 74 70 73 73 71 62 58 50 30 13 4 0 8 25 43 59 78 83 76 71 69 66 65 61 60 58 60 59 59 62 70 75 82 83 74 63 42 12 4 4 43 75 92 87 47 20 31 40 60 90 124 155 178 188 193 194 194 191 186 187 193 200 199 201 213 217 214 202 162 111 58 22 0 0 0 0 24 48 62 69 66 53 40 23 13 17 41 55 65 65 69 63 50 48 51 52 55 57 56 48 38 30 17 8 3 9 22 33 45 49 42 38 37 38 38 38 36 33 29 30 34 38 42 47 49 55 59 70 76 74 68 59 42 32 22 15 9 13 25 39 59 82 120 136 147 156 167 180 192 198 208 212 217 221 221 218 214 214 217 220 221 224 227 227 228 227 235 239 242 241 236 232 231 232 237 239 239 239 239 239 239 239 238 238 238 238 238 238 238 238 238 238 238 238 238 238 238 238 239 239 239 239 239 239 239 239 239 239 239 239 239 239 239 239 238 238 238 238 238 238 238 238 238 238 238 238 238 238 238 238 238 238 238 238 238 238 238 238 239 239 239 239 239 239 239 239 239 239 239 239 239 239 239 239 238 238 238 238 238 238 238 238 238 238 238 238 238 238 238 238 238 238 238 238 238 238 238 238 238 238 238 238 238 238 238 238 238 238 238 238 238 238 238 238 238 238 238 238 238 238 238 238 238 238 238 238 238 238 238 238 239 239 239 239 239 239 239 239 239 239 239 239 239 239 239 239 239 239 239 239 239 239 239 237 236 234 234 234 234 234 234 234 234 234 234 234 234 234 234 234 234 234 234 235 235 236 236 236 236 236 236 236 236 236 236 236 237 237 237 237 237 237 237 237 237 237 237 237 237 237 237 237 237 237 237 237 237 237 237 237 238 238 238 238 238 238 238 238 241 241 241 241 241 241 241 241 241 241 241 241 241 241 241 241 244 244 244 244 244 244 242 242 240 240 238 238 236 236 236 236 237 237 237 237 237 237 237 237 237 237 237 237 237 237 237 235 235 235 235 236 236 237 238 238 239 239 239 239 241 241 241 241 242 243 243 244 245 246 247 247 249 249 249 250 250 251 251 251 0 0 0 0 0 0 0 0
0 0 0 0 0 0 0 0 211 211 214 215 217 218 221 221 223 222 223 223 224 227 231 232 232 232 232 233 233 233 234 234 232 234 236 232 226 223 226 230 236 234 233 236 242 246 246 242 246 225 190 152 120 95 77 64 59 67 82 84 75 60 48 42 45 49 57 67 79 86 92 97 99 101 99 100 101 100 96 94 100 96 97 99 105 107 103 99 95 91 86 86 94 101 98 90 78 65 34 9 0 0 0 17 33 51 78 84 77 72 71 71 66 61 58 57 57 56 57 59 65 72 79 78 69 60 41 15 5 4 41 67 76 63 19 0 12 44 82 118 153 183 202 209 209 197 189 191 194 195 197 202 204 206 214 211 203 187 146 94 51 20 0 3 13 26 56 86 93 92 75 47 26 11 11 20 54 65 69 68 69 63 52 50 52 54 59 63 59 47 31 17 11 7 7 18 33 43 49 51 44 38 36 38 36 36 32 27 27 29 32 36 42 48 50 57 58 65 65 57 46 34 22 14 16 15 15 18 21 25 35 49 100 118 130 142 157 173 187 196 203 209 214 217 216 214 210 209 212 214 217 219 222 223 226 226 236 239 243 241 236 231 230 233 237 239 239 239 239 239 239 239 238 238 238 238 238 238 238 238 238 238 238 238 238 238 238 238 239 239 239 239 239 239 239 239 239 239 239 239 239 239 239 239 238 238 238 238 238 238 238 238 238 238 238 238 238 238 238 238 238 238 238 238 238 238 238 238 239 239 239 239 239 239 239 239 239 239 239 239 239 239 239 239 238 238 238 238 238 238 238 238 238 238 238 238 238 238 238 238 238 238 238 238 238 238 238 238 238 238 238 238 238 238 238 238 238 238 238 238 238 238 238 238 238 238 238 238 238 238 238 238 238 238 238 238 238 238 238 238 239 239 239 239 239 239 239 239 239 239 239 239 239 239 239 239 239 239 239 239 239 239 239 237 236 234 234 234 234 234 234 234 234 234 234 234 234 234 234 234 234 234 234 235 235 236 236 236 236 236 236 236 236 236 236 238 237 237 237 237 237 237 237 237 237 237 237 237 237 237 237 237 237 237 237 237 237 237 237 237 238 238 238 238 238 238 238 240 239 241 241 241 241 241 241 241 242 242 242 242 242 242 242 244 246 246 246 246 246 245 245 243 241 241 241 239 239 237 237 237 237 237 237 237 237 237 237 237 237 237 237 237 237 237 237 237 236 235 236 236 237 238 238 238 239 239 239 239 241 241 241 241 242 242 245 246 247 247 248 249 249 249 249 250 250 251 251 251 0 0 0 0 0 0 0 0
0 0 0 0 0 0 0 0 209 210 211 212 216 217 219 219 223 223 223 224 227 228 230 231 231 231 231 232 232 233 233 233 235 235 234 232 229 228 230 232 235 231 231 235 241 245 242 238 238 213 167 129 104 82 63 60 65 76 91 90 82 70 53 38 47 49 57 70 86 96 100 100 100 99 97 96 96 97 99 100 100 99 102 102 104 106 107 108 97 94 93 92 95 101 105 103 97 77 50 21 0 0 4 16 33 57 85 87 80 77 71 63 59 53 48 46 51 51 49 49 55 60 70 73 64 54 36 13 7 3 26 59 64 46 26 12 41 79 122 154 180 198 207 209 212 202 193 191 195 198 195 194 192 183 171 159 145 122 92 72 36 34 35 42 51 70 91 107 108 88 61 35 14 8 22 36 62 65 71 72 69 62 57 52 54 61 59 58 56 40 20 14 7 14 25 34 47 58 60 56 45 42 41 40 37 34 33 30 25 28 36 42 48 49 47 46 55 48 36 24 17 16 19 27 31 40 45 41 30 17 10 12 46 60 75 88 105 121 141 156 169 177 186 191 193 197 200 202 202 207 214 212 215 222 224 221 229 232 236 239 238 236 232 231 236 236 236 236 236 236 236 236 236 236 236 236 236 236 236 236 236 236 236 236 236 236 236 236 236 236 236 236 236 236 236 236 236 236 236 236 236 236 236 236 236 236 236 236 236 236 236 236 236 236 236 236 236 236 236 236 236 236 236 236 236 236 236 236 239 239 239 239 239 239 239 239 239 239 239 239 239 239 239 239 238 238 238 238 238 238 238 238 238 238 238 238 238 238 238 238 236 236 236 236 236 236 236 236 236 236 236 236 236 236 236 236 236 236 236 236 236 236 236 236 236 236 236 236 236 236 236 236 236 236 236 236 236 236 236 236 237 237 237 237 237 237 237 237 237 237 237 237 237 237 237 237 237 237 237 237 237 237 237 237 237 237 237 236 236 235 235 235 235 235 235 236 236 237 237 237 237 237 237 237 237 237 237 237 238 238 238 238 238 238 238 238 237 237 237 237 237 237 237 237 237 237 237 237 237 237 237 237 239 239 239 239 239 239 239 239 239 239 239 239 239 239 239 239 239 239 239 239 239 239 241 241 242 242 244 244 244 244 244 245 247 249 247 247 247 245 245 244 242 240 240 238 238 238 238 238 238 238 238 238 238 238 238 238 238 238 238 238 238 238 238 238 238 236 238 236 238 238 238 238 239 239 239 239 239 239 239 239 236 237 240 241 243 244 245 245 250 250 250 249 250 250 249 249 0 0 0 0 0 0 0 0
0 0 0 0 0 0 0 0 209 209 210 212 216 217 218 219 223 223 223 223 227 228 230 231 231 231 231 232 232 232 233 233 234 234 234 231 229 229 231 233 236 231 231 233 241 242 241 235 224 194 144 105 86 72 67 72 83 97 112 110 98 82 64 50 54 56 65 79 91 100 103 102 100 99 97 96 96 97 99 100 100 100 102 103 105 107 108 107 102 101 100 98 100 101 106 105 100 84 59 31 7 0 14 25 43 65 91 95 88 81 75 65 63 54 49 48 50 50 49 50 52 56 65 70 61 50 33 10 0 0 20 46 48 38 35 38 85 116 152 175 192 203 207 206 199 194 190 187 187 183 177 174 150 138 122 105 93 80 67 56 49 58 68 79 90 98 107 110 91 68 39 20 13 19 36 49 67 68 73 73 68 62 58 55 53 60 58 50 47 28 11 9 16 27 41 50 58 63 63 58 49 45 44 39 38 32 31 28 29 32 36 44 48 46 43 41 35 29 15 4 1 8 22 33 59 67 67 55 33 11 0 0 0 10 21 34 49 66 85 101 122 133 148 156 166 175 185 189 192 198 205 207 214 223 227 227 228 230 234 235 236 237 235 234 236 236 236 236 236 236 236 236 236 236 236 236 236 236 236 236 236 236 236 236 236 236 236 236 236 236 236 236 236 236 236 236 236 236 236 236 236 236 236 236 236 236 236 236 236 236 236 236 236 236 236 236 236 236 236 236 236 236 236 236 236 236 236 236 239 239 239 239 239 239 239 239 239 239 239 239 239 239 239 239 238 238 238 238 238 238 238 238 238 238 238 238 238 238 238 238 236 236 236 236 236 236 236 236 236 236 236 236 236 236 236 236 236 236 236 236 236 236 236 236 236 236 236 236 236 236 236 236 236 236 236 236 236 236 236 236 237 237 237 237 237 237 237 237 237 237 237 237 237 237 237 237 237 237 237 237 237 237 237 237 237 237 237 236 236 235 235 235 235 235 235 236 236 237 237 237 237 237 237 237 237 237 237 237 238 238 238 238 238 238 238 238 237 237 237 237 237 237 237 237 237 237 237 237 237 237 237 237 239 239 239 239 239 239 239 239 239 239 239 239 239 239 239 239 239 239 239 239 239 239 241 241 242 242 244 244 244 244 245 247 249 251 249 249 247 247 245 245 242 242 240 240 238 238 238 238 238 238 238 238 238 238 238 238 238 238 238 238 238 238 238 238 238 238 238 238 238 238 238 238 239 239 239 239 239 239 239 239 237 238 239 240 243 244 245 246 250 250 249 249 249 249 249 249 0 0 0 0 0 0 0 0
0 0 0 0 0 0 0 0 208 209 210 211 215 217 220 220 222 222 224 225 226 228 230 231 231 231 231 231 232 232 232 233 232 233 233 231 229 229 232 234 236 232 230 232 238 239 236 229 219 189 140 105 94 93 99 111 123 134 148 141 122 99 78 66 63 68 76 87 98 104 103 102 99 98 97 96 96 97 98 99 99 100 101 102 103 105 106 104 101 102 102 99 98 96 100 99 95 81 62 36 13 8 25 39 62 81 107 110 102 93 86 77 69 63 57 52 53 52 51 53 59 61 69 70 60 50 30 9 4 8 30 52 52 54 75 93 119 142 167 180 184 186 182 179 176 177 171 158 141 123 111 104 94 81 65 51 47 51 58 62 68 86 105 111 114 111 101 86 64 41 19 12 22 42 61 71 74 73 74 73 66 61 57 55 55 63 57 43 32 13 0 1 23 40 59 65 68 68 65 59 52 48 47 40 37 30 27 25 29 31 35 41 41 40 34 32 23 18 7 0 4 18 38 54 76 81 80 68 45 20 0 0 0 8 13 20 27 41 55 68 78 88 101 110 118 130 142 151 163 172 186 196 207 218 227 228 230 228 228 230 233 236 236 235 236 236 236 236 236 236 236 236 236 236 236 236 236 236 236 236 236 236 236 236 236 236 236 236 236 236 236 236 236 236 236 236 236 236 236 236 236 236 236 236 236 236 236 236 236 236 236 236 236 236 236 236 236 236 236 236 236 236 236 236 236 236 236 236 239 239 239 239 239 239 239 239 239 239 239 239 239 239 239 239 238 238 238 238 238 238 238 238 238 238 238 238 238 238 238 238 236 236 236 236 236 236 236 236 236 236 236 236 236 236 236 236 236 236 236 236 236 236 236 236 236 236 236 236 236 236 236 236 236 236 236 236 236 236 236 236 237 237 237 237 237 237 237 237 237 237 237 237 237 237 237 237 237 237 237 237 237 237 237 237 237 237 237 236 236 235 235 235 235 235 235 236 236 237 237 237 237 237 237 237 237 237 237 237 238 238 238 238 238 238 238 238 237 237 237 237 237 237 237 237 237 237 237 237 237 237 237 237 239 239 239 239 239 239 239 239 239 239 239 239 239 239 239 239 239 239 239 239 239 239 241 241 244 244 244 244 245 245 245 247 249 251 249 249 247 247 245 245 242 242 240 240 238 238 238 238 238 238 238 238 238 238 238 238 238 238 238 238 238 238 238 238 238 238 238 238 238 238 238 238 239 239 239 239 239 239 239 239 238 239 239 240 244 245 246 246 249 249 248 248 249 248 248 248 0 0 0 0 0 0 0 0
0 0 0 0 0 0 0 0 207 208 209 211 214 216 219 220 222 222 224 225 226 228 229 230 230 230 231 231 231 232 232 232 231 232 232 230 229 229 232 235 236 232 230 233 237 236 232 224 206 178 134 108 106 113 126 142 166 173 181 167 138 107 85 74 73 76 86 95 103 106 104 103 99 98 97 96 96 97 98 99 99 99 100 101 102 103 104 102 99 99 102 100 97 93 95 96 91 78 60 38 21 22 44 61 81 98 121 124 116 105 98 90 81 74 67 62 60 57 55 56 69 69 74 73 62 51 33 11 0 4 28 51 52 61 88 114 133 148 160 163 158 151 144 141 126 127 126 111 88 69 58 54 38 34 30 30 39 56 73 85 95 109 120 113 103 87 65 39 30 21 15 25 44 63 79 83 75 73 72 68 64 60 58 57 59 66 57 38 22 3 0 0 27 48 68 75 73 68 64 58 56 50 49 42 37 30 27 25 28 30 32 35 38 34 29 25 22 20 16 15 22 36 55 70 77 84 83 74 60 44 33 30 26 29 27 25 26 25 30 36 45 53 58 60 65 75 90 101 117 128 149 171 191 209 222 229 231 230 227 227 231 235 235 234 235 235 235 235 235 235 235 235 236 236 236 236 236 236 236 236 236 236 236 236 236 236 236 236 235 235 235 235 235 235 235 235 235 235 235 235 235 235 235 235 236 236 236 236 236 236 236 236 236 236 236 236 236 236 236 236 236 236 236 236 236 236 236 236 239 239 239 239 239 239 239 239 239 239 239 239 239 239 239 239 238 238 238 238 238 238 238 238 238 238 238 238 238 238 238 238 236 236 236 236 236 236 236 236 236 236 236 236 236 236 236 236 236 236 236 236 236 236 236 236 236 236 236 236 236 236 236 236 236 236 236 236 236 236 236 236 237 237 237 237 237 237 237 237 237 237 237 237 237 237 237 237 237 237 237 237 237 237 237 237 237 237 237 236 236 235 235 235 235 235 235 236 236 237 237 237 237 237 237 237 237 237 237 237 237 237 237 237 237 237 237 237 237 237 237 237 237 237 237 237 237 237 237 237 237 237 237 237 239 239 239 239 239 239 239 239 239 239 239 239 239 239 239 239 239 239 239 239 239 239 241 241 244 244 244 244 245 245 245 247 249 251 249 249 247 247 245 245 242 242 240 240 238 238 238 238 238 238 238 238 238 238 238 238 238 238 238 238 238 238 238 238 238 238 238 238 238 238 238 238 238 238 238 238 238 238 238 238 239 239 240 241 244 245 245 246 248 248 247 247 247 247 247 247 0 0 0 0 0 0 0 0
0 0 0 0 0 0 0 0 208 209 210 212 213 215 218 219 223 223 224 224 227 228 230 231 232 232 232 233 233 233 234 234 233 233 233 232 230 231 234 236 236 232 230 233 237 237 231 222 205 179 137 115 121 136 156 176 197 196 194 174 138 103 79 71 80 83 92 98 101 102 102 101 97 96 96 96 96 96 96 97 97 97 98 98 99 99 100 100 100 100 104 103 101 98 98 97 85 73 56 38 28 35 58 78 92 105 122 124 117 110 104 99 92 87 80 75 71 66 62 63 74 71 75 75 65 58 45 26 14 17 38 55 56 60 73 85 98 106 104 100 89 79 72 69 63 65 62 47 28 13 5 4 13 20 32 47 63 80 94 103 113 114 108 87 67 51 28 6 6 14 31 49 66 78 83 81 67 68 66 63 58 55 57 60 59 68 57 36 19 1 0 3 29 50 69 73 67 62 58 54 52 49 50 44 39 31 28 27 26 28 30 33 35 34 28 27 25 29 29 34 41 51 60 70 80 83 83 80 73 68 64 66 76 79 76 71 68 63 59 59 42 43 40 38 38 42 51 61 72 86 109 138 169 193 211 225 230 231 230 229 231 234 234 233 235 235 235 235 235 235 235 235 236 236 236 236 236 236 236 236 236 236 236 236 236 236 236 236 235 235 235 235 235 235 235 235 235 235 235 235 235 235 235 235 236 236 236 236 236 236 236 236 236 236 236 236 236 236 236 236 236 236 236 236 236 236 236 236 239 239 239 239 239 239 239 239 239 239 239 239 239 239 239 239 238 238 238 238 238 238 238 238 238 238 238 238 238 238 238 238 236 236 236 236 236 236 236 236 236 236 236 236 236 236 236 236 236 236 236 236 236 236 236 236 236 236 236 236 236 236 236 236 236 236 236 236 236 236 236 236 237 237 237 237 237 237 237 237 237 237 237 237 237 237 237 237 237 237 237 237 237 237 237 237 237 237 237 236 236 235 235 235 235 235 235 236 236 237 237 237 237 237 237 237 237 237 237 237 237 237 237 237 237 237 237 237 237 239 239 239 239 239 239 239 239 239 239 239 239 239 239 239 241 241 241 241 241 241 241 241 241 241 241 241 241 241 241 241 239 239 239 239 241 241 241 241 244 244 245 245 245 245 245 247 249 251 249 249 247 247 245 245 242 242 240 240 238 238 238 238 238 238 238 238 238 238 238 238 238 238 238 238 238 238 238 238 238 238 238 238 238 238 238 238 238 238 238 238 238 238 238 238 239 239 240 241 243 244 244 245 246 246 246 246 246 246 245 245 0 0 0 0 0 0 0 0
0 0 0 0 0 0 0 0 208 208 209 211 213 214 217 218 223 223 223 224 226 228 229 230 231 232 232 232 233 233 233 233 233 234 233 232 230 230 232 235 235 233 233 234 241 239 233 226 217 191 150 130 139 157 181 203 207 199 186 160 123 89 68 64 85 87 92 96 98 99 99 100 98 98 98 98 98 98 98 98 98 98 98 98 98 99 99 98 95 96 100 101 101 99 95 91 74 60 43 31 25 32 54 68 86 94 107 109 104 101 99 98 91 89 87 85 82 78 77 76 72 66 71 72 68 69 62 47 42 40 56 66 59 53 48 45 64 64 56 49 39 28 25 27 36 35 32 29 22 21 21 23 30 43 64 81 95 100 103 100 93 83 64 46 28 15 6 0 9 28 51 69 79 83 76 68 59 59 60 56 53 52 55 59 58 66 54 34 19 2 0 3 26 41 55 57 51 49 48 44 44 43 48 46 40 32 29 28 28 27 29 32 35 37 35 35 35 40 46 52 57 60 64 65 72 75 78 80 82 85 90 93 90 93 95 96 97 94 90 90 79 75 66 57 50 45 39 40 48 57 74 102 133 160 186 207 223 227 230 232 231 233 232 233 234 234 234 234 234 234 234 234 236 236 236 236 236 236 236 236 236 236 236 236 236 236 236 236 234 234 234 234 234 234 234 234 234 234 234 234 234 234 234 234 236 236 236 236 236 236 236 236 236 236 236 236 236 236 236 236 236 236 236 236 236 236 236 236 239 239 239 239 239 239 239 239 239 239 239 239 239 239 239 239 238 238 238 238 238 238 238 238 238 238 238 238 238 238 238 238 236 236 236 236 236 236 236 236 236 236 236 236 236 236 236 236 236 236 236 236 236 236 236 236 236 236 236 236 236 236 236 236 236 236 236 236 236 236 236 236 237 237 237 237 237 237 237 237 237 237 237 237 237 237 237 237 237 237 237 237 237 237 237 237 237 237 237 236 236 235 235 235 235 235 235 236 236 237 237 237 237 237 237 237 237 237 237 237 236 236 236 236 236 236 236 237 239 239 239 239 239 239 239 239 239 239 239 239 239 239 239 239 241 241 241 241 241 241 241 241 241 241 241 241 241 241 241 241 239 239 239 239 241 241 241 241 244 244 245 245 245 245 245 247 249 251 249 249 247 247 245 245 242 242 240 240 238 238 238 238 238 238 238 238 238 238 238 238 238 238 238 238 238 238 238 238 238 238 238 238 238 238 238 238 237 237 237 237 237 237 237 237 239 239 239 240 242 243 243 243 245 245 245 244 245 245 244 244 0 0 0 0 0 0 0 0
0 0 0 0 0 0 0 0 207 208 209 210 214 216 219 219 223 223 224 225 226 228 229 230 231 231 232 232 232 233 233 233 234 235 234 232 229 229 231 233 236 233 233 236 243 242 238 230 217 200 168 154 162 174 189 205 208 190 169 143 108 80 65 64 89 90 94 95 95 95 97 99 99 99 99 100 100 99 99 99 99 99 99 99 99 99 98 97 94 90 92 95 99 96 90 81 63 50 35 25 23 27 37 46 56 61 71 73 71 69 76 78 78 78 83 87 89 89 89 88 75 68 69 70 68 74 73 59 49 47 58 65 55 41 27 17 16 13 3 0 0 0 0 4 0 0 1 12 27 42 52 54 66 74 91 103 107 100 89 79 57 40 22 17 12 6 9 15 31 45 64 74 77 75 64 53 53 54 56 53 50 49 52 57 58 65 54 36 22 5 0 3 13 23 30 31 25 27 32 30 32 34 43 45 39 33 29 28 29 27 26 28 34 35 36 39 43 49 52 55 59 61 62 64 61 66 71 76 82 90 93 100 105 109 113 117 123 124 125 126 115 111 102 95 89 75 56 48 51 52 55 71 95 125 157 186 209 220 227 231 232 230 233 236 234 234 234 234 234 234 234 234 236 236 236 236 236 236 236 236 236 236 236 236 236 236 236 236 234 234 234 234 234 234 234 234 234 234 234 234 234 234 234 234 236 236 236 236 236 236 236 236 236 236 236 236 236 236 236 236 236 236 236 236 236 236 236 236 239 239 239 239 239 239 239 239 239 239 239 239 239 239 239 239 238 238 238 238 238 238 238 238 238 238 238 238 238 238 238 238 236 236 236 236 236 236 236 236 236 236 236 236 236 236 236 236 236 236 236 236 236 236 236 236 236 236 236 236 236 236 236 236 236 236 236 236 236 236 236 236 237 237 237 237 237 237 237 237 237 237 237 237 237 237 237 237 237 237 237 237 237 237 237 237 238 238 238 237 237 236 236 236 236 236 236 237 237 238 238 238 238 238 238 238 238 238 238 238 237 237 237 237 237 237 237 237 239 239 239 239 239 239 239 239 239 239 239 239 239 239 239 239 241 241 241 241 241 241 241 241 241 241 241 241 241 241 241 241 241 241 241 241 241 241 243 243 245 245 245 245 247 247 247 247 249 251 249 249 247 247 245 245 242 242 240 240 238 238 238 238 238 238 238 238 238 238 238 238 238 238 238 238 238 238 238 238 238 238 238 238 238 238 238 238 237 237 237 237 237 237 237 237 238 238 238 238 241 241 241 242 244 244 244 244 244 244 243 243 0 0 0 0 0 0 0 0
0 0 0 0 0 0 0 0 207 207 209 210 214 215 218 219 223 223 224 225 226 227 229 230 231 231 231 232 232 233 233 233 235 235 234 232 229 228 230 232 235 232 234 238 245 245 240 234 231 220 200 195 203 204 207 214 205 184 159 132 103 78 67 70 91 92 94 94 92 93 96 99 99 100 101 101 101 101 100 99 100 100 100 99 99 99 98 97 97 94 92 97 103 100 90 79 66 52 38 34 30 31 34 35 24 28 35 38 37 40 50 56 68 71 80 90 93 96 99 96 84 72 71 71 68 74 73 60 58 58 70 77 66 52 37 26 34 31 23 22 24 29 40 51 63 55 52 56 67 76 79 73 80 83 93 97 94 81 64 51 35 16 6 14 17 17 26 42 46 57 64 67 67 65 53 39 48 49 51 50 46 45 46 51 61 66 55 38 25 8 0 3 0 7 10 6 4 9 17 14 24 28 39 43 38 33 28 28 29 25 23 25 29 32 34 37 44 47 47 48 49 53 55 59 63 65 69 72 77 79 78 81 89 90 92 98 104 109 111 113 115 115 114 117 118 106 83 73 66 59 51 57 74 103 140 173 196 211 226 230 230 230 233 237 234 234 234 234 234 234 234 234 236 236 236 236 236 236 236 236 236 236 236 236 236 236 236 236 234 234 234 234 234 234 234 234 234 234 234 234 234 234 234 234 236 236 236 236 236 236 236 236 236 236 236 236 236 236 236 236 236 236 236 236 236 236 236 236 239 239 239 239 239 239 239 239 239 239 239 239 239 239 239 239 238 238 238 238 238 238 238 238 238 238 238 238 238 238 238 238 236 236 236 236 236 236 236 236 236 236 236 236 236 236 236 236 236 236 236 236 236 236 236 236 236 236 236 236 236 236 236 236 236 236 236 236 236 236 236 236 237 237 237 237 237 237 237 237 237 237 237 237 237 237 237 237 237 237 237 237 237 237 237 237 238 238 238 237 237 236 236 236 236 236 236 237 237 238 238 238 238 238 238 238 238 238 238 238 237 237 237 237 237 237 237 237 239 239 239 239 239 239 239 239 239 239 239 239 239 239 239 239 241 241 241 241 241 241 241 241 241 241 241 241 241 241 241 241 241 241 241 241 241 241 243 243 245 245 245 245 247 247 247 247 251 251 249 249 247 247 245 245 242 242 240 240 238 238 238 238 238 238 238 238 238 238 238 238 238 238 238 238 238 238 238 238 238 238 238 238 238 238 238 238 237 237 237 237 237 237 237 237 237 237 237 238 240 240 240 240 244 244 243 243 244 243 243 243 0 0 0 0 0 0 0 0
0 0 0 0 0 0 0 0 209 209 209 210 214 216 218 219 224 224 224 224 227 228 229 230 233 233 234 234 234 235 235 235 236 235 234 234 233 232 231 231 232 233 236 238 240 242 244 241 235 230 232 225 216 220 228 217 205 174 147 109 101 80 86 85 99 97 95 94 94 93 94 94 99 99 99 100 100 101 102 102 100 100 100 99 99 99 98 96 92 93 96 96 97 94 93 89 69 61 50 42 38 34 30 25 9 10 10 11 8 15 24 26 35 51 61 75 95 103 106 109 88 85 74 62 67 69 65 69 59 64 67 69 67 61 54 53 54 54 48 47 53 65 77 85 94 91 90 90 90 87 89 86 88 82 79 76 72 61 46 35 23 13 7 11 25 40 50 52 63 61 60 57 53 46 42 41 45 45 44 43 42 42 43 43 55 55 53 45 34 19 6 0 0 0 0 0 0 0 8 10 19 22 34 38 36 32 30 28 30 29 28 27 27 28 28 31 32 36 38 42 45 46 47 50 61 63 66 67 66 66 64 67 72 76 77 79 83 88 93 99 111 114 118 126 133 129 115 108 97 80 68 52 55 82 114 162 183 209 219 221 230 233 229 228 233 233 233 233 233 233 233 233 232 233 234 236 236 237 237 236 236 236 236 236 236 236 236 236 234 234 234 234 234 234 234 234 234 234 234 234 234 234 234 234 237 237 237 237 237 237 237 237 235 235 235 235 235 235 235 235 237 237 237 237 237 237 237 237 239 239 239 239 239 239 239 239 240 240 240 240 240 240 240 240 237 237 237 237 237 237 237 237 239 239 238 237 237 238 239 239 235 235 235 235 235 235 235 235 236 236 236 236 236 236 236 236 236 236 236 236 236 236 236 236 236 235 235 234 234 235 235 236 235 235 235 235 235 235 235 235 237 237 237 237 237 237 237 237 237 237 237 237 237 237 237 237 238 238 238 238 238 238 238 238 239 239 239 239 239 239 239 239 240 240 240 240 240 240 240 240 240 240 240 240 240 240 240 240 239 239 239 239 239 239 239 239 241 241 241 241 241 241 241 241 241 241 241 241 241 241 241 241 243 243 243 243 243 243 243 243 244 244 244 243 243 242 242 242 240 240 242 243 243 244 245 245 245 245 247 247 247 247 247 247 251 251 249 249 247 247 245 245 242 242 240 240 238 238 238 238 238 238 238 238 238 238 238 238 238 238 238 238 238 238 238 238 239 239 238 237 237 236 235 235 237 237 237 237 237 237 237 237 238 238 238 238 240 240 240 240 242 242 242 241 242 242 241 241 0 0 0 0 0 0 0 0
0 0 0 0 0 0 0 0 209 209 209 210 214 216 218 219 224 223 223 224 226 228 229 230 233 233 233 234 234 234 235 235 235 235 234 233 232 232 231 231 232 234 236 239 241 241 243 241 238 232 232 226 215 220 228 218 201 165 137 97 90 77 88 89 102 99 98 96 94 95 96 96 99 99 99 99 100 100 100 100 100 100 100 99 99 99 98 96 89 88 92 94 96 94 94 92 90 84 74 71 67 66 62 59 52 50 42 32 22 14 7 2 7 20 31 46 71 85 96 101 94 92 81 69 69 68 63 65 60 61 62 62 63 62 59 63 72 72 68 66 69 74 79 84 79 78 77 76 74 75 74 72 70 64 60 59 60 56 48 41 43 36 29 32 40 50 52 50 53 53 52 50 47 43 40 38 40 40 40 40 39 40 39 41 47 48 50 48 44 38 29 25 19 17 13 11 12 16 23 23 25 29 35 39 36 31 29 29 32 32 31 30 31 31 31 35 34 36 39 41 44 44 46 48 49 51 54 56 59 59 61 62 68 70 68 67 68 70 73 76 89 91 100 111 120 119 112 112 124 102 83 57 47 65 96 142 178 204 215 217 225 230 225 226 231 231 231 231 231 231 231 231 231 232 234 235 236 236 236 236 236 236 236 236 236 236 236 236 234 234 234 234 234 234 234 234 234 234 234 234 234 234 234 234 237 237 237 237 237 237 237 237 235 235 235 235 235 235 235 235 237 237 237 237 237 237 237 237 239 239 239 239 239 239 239 239 240 240 240 240 240 240 240 240 237 237 237 237 237 237 237 237 238 238 237 237 237 237 238 238 235 235 235 235 235 235 235 235 236 236 236 236 236 236 236 236 236 236 236 236 236 236 236 236 236 235 235 234 234 235 235 236 235 235 235 235 235 235 235 235 237 237 237 237 237 237 237 237 237 237 237 237 237 237 237 237 238 238 238 238 238 238 238 238 239 239 239 239 239 239 239 239 240 240 240 240 240 240 240 240 240 240 240 240 240 240 240 240 239 239 239 239 239 239 239 239 241 241 241 241 241 241 241 241 241 241 241 241 241 241 241 241 243 243 243 243 243 243 243 243 244 244 244 243 243 242 242 242 240 240 242 243 243 244 245 245 245 245 247 247 247 247 247 249 251 251 249 249 247 247 245 245 242 242 240 240 238 238 238 238 238 238 238 238 238 238 238 238 238 238 238 238 238 238 238 238 239 239 238 237 237 236 235 235 237 237 237 237 237 237 237 237 238 238 238 238 240 240 240 240 241 241 241 241 241 241 240 240 0 0 0 0 0 0 0 0
0 0 0 0 0 0 0 0 209 209 211 212 214 216 219 220 223 223 225 225 226 227 231 231 232 232 233 233 233 234 234 234 234 234 234 233 232 232 231 231 233 233 235 238 241 242 242 240 241 234 234 227 217 221 228 219 199 160 125 84 81 74 92 99 105 102 98 98 97 96 96 96 97 97 97 97 96 96 96 96 97 97 97 96 96 96 95 93 84 85 89 91 93 95 96 95 98 94 92 90 88 87 86 83 80 76 69 58 47 29 12 0 0 2 6 17 42 61 80 90 92 93 88 78 72 67 59 61 60 57 54 54 56 59 62 68 74 77 77 76 75 75 73 73 64 63 64 62 61 59 59 58 55 51 47 47 49 51 49 47 51 46 42 44 47 51 49 43 45 45 47 45 41 39 38 39 38 38 39 39 38 38 38 40 39 42 47 50 52 52 54 52 46 43 38 36 34 36 39 37 33 36 40 41 37 34 31 31 35 35 34 34 34 36 36 37 37 39 40 42 44 47 49 49 46 48 52 56 58 58 59 63 68 69 66 64 64 63 65 67 74 80 90 99 109 112 111 119 146 126 102 65 43 53 80 128 170 198 210 210 218 225 223 226 229 229 229 229 229 229 229 229 230 231 232 234 234 235 235 234 236 236 236 236 236 236 236 236 235 235 235 235 235 235 235 235 235 235 235 235 235 235 235 235 236 236 236 236 236 236 236 236 235 235 235 235 235 235 235 235 237 237 237 237 237 237 237 237 239 239 239 239 239 239 239 239 240 240 240 240 240 240 240 240 237 237 237 237 237 237 237 237 237 236 236 235 235 236 236 237 235 235 235 235 235 235 235 235 236 236 236 236 236 236 236 236 236 236 236 236 236 236 236 236 235 235 234 234 234 234 235 235 235 235 235 235 235 235 235 235 237 237 237 237 237 237 237 237 237 237 237 237 237 237 237 237 238 238 238 238 238 238 238 238 239 239 239 239 239 239 239 239 240 240 240 240 240 240 240 240 240 240 240 240 240 240 240 240 240 240 240 240 240 240 240 240 241 241 241 241 241 241 241 241 241 241 241 241 241 241 241 241 243 243 243 243 243 243 243 243 244 244 244 243 243 242 242 242 242 242 242 243 244 245 245 245 247 247 247 247 249 249 249 249 251 251 249 249 247 247 245 245 242 242 240 240 238 238 238 238 238 238 238 238 238 238 238 238 238 238 238 238 238 238 238 238 239 239 238 237 237 236 235 235 237 237 237 237 237 237 237 237 238 238 238 238 240 240 240 240 240 240 240 239 240 240 239 239 0 0 0 0 0 0 0 0
0 0 0 0 0 0 0 0 209 209 211 212 214 216 219 220 223 223 225 225 226 227 230 231 231 232 232 232 233 233 233 233 234 233 233 232 232 231 231 231 232 233 237 237 242 242 241 241 244 236 235 228 217 220 227 217 198 157 120 80 81 77 98 107 106 103 100 97 98 96 97 97 97 97 97 96 96 95 94 94 95 95 95 95 94 94 94 91 84 84 87 91 94 94 96 98 96 94 94 93 92 92 90 89 88 86 84 80 75 62 42 26 10 9 2 2 17 32 54 68 76 82 88 80 76 66 59 59 59 53 48 46 46 50 54 59 59 61 62 62 63 60 58 55 53 53 51 51 49 49 49 48 50 45 41 40 42 43 43 42 41 38 36 38 42 43 43 37 42 42 43 41 38 35 36 35 36 36 36 37 37 38 39 37 37 38 42 45 51 55 59 63 61 59 55 51 49 47 48 45 42 42 43 43 42 37 36 36 38 37 38 37 38 37 39 38 41 42 42 43 46 49 51 51 52 54 56 56 57 56 55 57 64 65 64 64 64 63 65 67 71 79 85 93 98 103 108 117 144 128 107 70 43 48 76 125 161 191 202 205 215 221 221 225 227 228 228 228 228 228 228 228 229 230 231 232 233 234 233 233 235 235 235 235 235 235 235 235 235 235 235 235 235 235 235 235 235 235 235 235 235 235 235 235 235 235 235 235 235 235 235 235 234 234 234 234 234 234 234 234 236 236 236 236 236 236 236 236 239 239 239 239 239 239 239 239 239 239 239 239 239 239 239 239 237 237 237 237 237 237 237 237 236 235 235 234 234 235 235 236 234 234 234 234 234 234 234 234 235 235 235 235 235 235 235 235 235 235 235 235 235 235 235 235 235 235 234 233 233 234 235 235 235 235 235 235 235 235 235 235 236 236 236 236 236 236 236 236 237 237 237 237 237 237 237 237 237 237 237 237 237 237 237 237 239 239 239 239 239 239 239 239 239 239 239 239 239 239 239 239 239 239 239 239 239 239 239 239 240 240 240 240 240 240 240 240 241 241 241 241 241 241 241 241 241 241 241 241 241 241 241 241 243 243 243 243 243 243 243 243 244 244 244 243 243 242 242 242 242 242 242 243 244 245 245 245 247 247 247 247 249 249 249 249 251 251 249 249 247 247 245 245 242 242 240 240 238 238 238 238 238 238 238 238 238 238 238 238 238 238 238 238 238 238 238 238 239 239 238 237 237 236 235 235 237 237 237 237 237 237 237 237 238 238 238 238 240 240 240 240 239 239 239 238 239 238 238 238 0 0 0 0 0 0 0 0
0 0 0 0 0 0 0 0 211 211 211 212 215 217 219 220 225 224 224 225 227 229 230 231 233 233 233 233 234 234 234 235 235 234 234 234 234 233 233 233 232 233 237 237 242 242 243 241 244 239 239 231 218 219 224 213 194 153 119 79 83 81 102 111 106 103 99 97 97 95 93 96 97 97 97 96 96 95 94 94 94 94 94 93 93 92 92 90 85 86 88 92 95 96 98 101 97 98 100 100 98 97 96 96 99 97 96 98 97 88 71 55 35 26 6 0 0 2 21 34 49 60 75 78 77 69 59 59 52 47 44 41 41 43 43 44 46 47 48 46 48 45 44 42 43 43 43 43 42 42 42 42 44 43 41 40 38 37 36 34 38 35 34 35 38 40 41 39 41 42 42 39 36 33 32 31 34 34 34 35 37 37 39 36 31 33 37 41 47 52 57 61 61 63 60 56 54 51 52 49 46 43 45 44 44 43 42 41 40 39 40 38 39 37 38 38 39 41 42 42 45 46 49 50 51 52 54 53 53 51 49 51 59 60 61 61 62 62 62 65 71 76 83 88 91 96 102 113 137 124 108 72 45 49 74 120 155 186 201 203 214 221 222 228 227 228 228 228 228 228 228 228 229 230 231 232 233 233 233 233 235 235 235 235 235 235 235 235 235 235 235 235 235 235 235 235 235 235 235 235 235 235 235 235 235 235 235 235 235 235 235 235 234 234 234 234 234 234 234 234 236 236 236 236 236 236 236 236 239 239 239 239 239 239 239 239 239 239 239 239 239 239 239 239 237 237 237 237 237 237 237 237 235 235 234 234 234 234 235 235 234 234 234 234 234 234 234 234 235 235 235 235 235 235 235 235 235 235 235 235 235 235 235 235 235 234 233 233 233 233 234 235 235 235 235 235 235 235 235 235 236 236 236 236 236 236 236 236 237 237 237 237 237 237 237 237 237 237 237 237 237 237 237 237 239 241 241 241 241 241 241 241 241 241 241 241 241 241 241 241 241 241 241 241 241 241 241 241 242 242 242 242 242 242 242 242 243 243 243 243 243 243 243 243 243 243 243 243 243 243 243 243 244 244 244 244 244 244 244 244 245 245 245 244 244 243 243 243 242 242 243 244 244 245 247 247 247 247 249 249 249 249 249 249 251 251 249 249 247 247 245 245 242 242 240 240 238 238 238 238 238 238 238 238 238 238 238 238 238 238 238 238 238 238 238 238 239 239 238 237 237 236 235 235 237 237 237 237 237 237 237 237 238 238 238 238 240 240 240 240 239 239 238 238 238 238 238 238 0 0 0 0 0 0 0 0
0 0 0 0 0 0 0 0 211 211 211 212 215 217 219 220 224 224 224 224 227 228 230 230 232 232 232 233 233 233 234 234 234 234 234 233 233 233 233 233 233 234 237 238 243 242 244 242 245 239 240 232 218 218 220 208 186 145 112 77 83 82 106 112 106 103 99 96 94 95 93 93 97 97 97 97 96 96 96 96 95 95 94 94 94 93 93 91 89 87 89 90 93 96 98 98 99 101 103 103 101 100 100 101 102 100 100 104 105 102 91 81 62 48 26 5 0 0 0 12 23 38 61 71 77 71 60 57 44 42 39 39 39 40 39 39 40 39 37 36 35 34 33 32 35 35 35 36 36 38 37 37 34 35 36 37 36 35 33 32 37 35 33 33 36 37 36 37 39 42 39 37 33 30 29 31 32 32 34 34 38 37 39 37 29 28 33 38 45 49 55 60 60 62 61 57 56 53 51 48 45 43 44 43 44 42 43 41 42 42 41 41 39 39 38 39 38 38 38 38 41 42 46 47 51 51 54 54 55 54 53 55 63 66 64 64 64 61 62 63 64 69 78 84 88 94 99 110 137 123 109 72 47 49 72 117 152 185 202 206 216 220 220 228 228 229 229 229 229 229 229 229 229 230 231 232 233 233 233 233 234 234 234 234 234 234 234 234 234 234 234 234 234 234 234 234 234 234 234 234 234 234 234 234 234 234 234 234 234 234 234 234 233 233 233 233 233 233 233 233 235 235 235 235 235 235 235 235 239 239 239 239 239 239 239 239 238 238 238 238 238 238 238 238 237 237 237 237 237 237 237 237 236 235 235 234 234 235 235 236 233 233 233 233 233 233 233 233 234 234 234 234 234 234 234 234 234 234 234 234 234 234 234 234 234 234 233 233 233 233 234 234 235 235 235 235 235 235 235 235 235 235 235 235 235 235 235 235 237 237 237 237 237 237 237 237 236 236 236 236 236 236 236 236 241 241 241 241 241 241 241 241 240 240 240 240 240 240 240 240 240 240 240 240 240 240 240 240 241 241 241 241 241 241 241 241 243 243 243 243 243 243 243 243 243 243 243 243 243 243 243 243 244 244 244 244 244 244 244 244 245 245 245 244 244 243 243 243 242 242 243 244 244 245 247 247 247 247 249 249 249 249 249 249 251 251 249 249 247 247 245 245 242 242 240 240 238 238 238 238 238 238 238 238 238 238 238 238 238 238 238 238 238 238 238 238 239 239 238 237 237 236 235 235 237 237 237 237 237 237 237 237 238 238 238 238 240 240 240 240 239 239 239 238 239 238 238 238 0 0 0 0 0 0 0 0
0 0 0 0 0 0 0 0 211 211 211 212 215 217 219 220 224 224 226 226 227 228 229 230 231 231 232 232 232 233 233 233 233 233 233 233 233 233 233 233 235 235 238 239 243 243 245 243 243 238 240 234 219 216 217 203 178 138 105 72 81 83 109 116 107 102 100 97 95 93 93 93 97 97 97 97 98 98 98 98 98 98 97 97 97 96 96 94 91 88 90 90 91 93 95 95 95 98 101 101 99 99 101 104 99 96 97 98 102 103 102 95 87 76 56 36 21 1 2 5 6 21 49 67 79 73 58 52 42 39 37 35 34 35 34 33 32 30 28 28 27 27 26 26 28 28 28 31 33 33 33 33 32 34 33 34 34 33 34 34 33 33 34 34 34 33 30 30 36 39 37 35 31 30 30 32 32 32 34 34 38 38 40 36 30 28 31 37 42 47 54 55 57 60 59 58 57 52 48 44 42 40 40 40 41 40 39 36 41 41 41 41 41 43 43 45 42 42 41 41 44 45 48 49 52 54 57 58 59 59 58 60 65 67 68 67 65 64 63 63 63 67 78 86 93 98 102 110 134 117 101 68 46 50 72 118 156 190 208 210 217 220 218 225 227 228 228 228 228 228 228 228 230 230 232 233 234 234 234 234 234 234 234 234 234 234 234 234 233 233 233 233 233 233 233 233 233 233 233 233 233 233 233 233 233 233 233 233 233 233 233 233 233 233 233 233 233 233 233 233 235 235 235 235 235 235 235 235 239 239 239 239 239 239 239 239 238 238 238 238 238 238 238 238 237 237 237 237 237 237 237 237 236 236 235 235 235 235 236 236 233 233 233 233 233 233 233 233 234 234 234 234 234 234 234 234 234 234 234 234 234 234 234 234 234 233 233 232 232 233 233 234 235 235 235 235 235 235 235 235 235 235 235 235 235 235 235 235 237 237 237 237 237 237 237 237 236 236 236 236 236 236 236 236 241 241 241 241 241 241 241 241 240 240 240 240 240 240 240 240 240 240 240 240 240 240 240 240 240 240 240 240 240 240 240 240 243 243 243 243 243 243 243 243 243 243 243 243 243 243 243 243 244 244 244 244 244 244 244 244 245 245 245 244 244 243 243 243 243 243 243 244 244 245 247 247 247 247 249 249 251 251 251 251 251 251 249 249 247 247 245 245 242 242 240 240 238 238 238 238 238 238 238 238 238 238 238 238 238 238 238 238 238 238 238 238 239 239 238 237 237 236 235 235 237 237 237 237 237 237 237 237 238 238 238 238 240 240 240 240 240 239 239 239 239 239 239 239 0 0 0 0 0 0 0 0
0 0 0 0 0 0 0 0 211 211 211 213 215 217 219 220 224 224 225 226 227 228 229 230 231 231 231 232 232 232 233 233 233 233 233 233 233 233 233 233 235 238 241 242 244 244 244 243 240 236 241 233 219 216 214 201 177 134 101 69 80 85 113 122 108 105 101 100 98 96 96 96 95 97 97 98 98 99 100 102 102 102 102 102 101 101 100 98 93 91 90 89 90 91 93 95 93 97 99 101 100 102 106 108 105 100 97 95 95 97 96 94 102 93 78 58 39 11 3 4 2 19 48 68 80 74 57 47 44 38 33 31 29 29 28 26 23 22 24 26 27 27 27 26 24 24 26 28 28 31 31 31 31 31 31 30 29 30 32 34 30 31 35 37 37 36 34 33 35 37 37 37 35 36 39 42 40 38 38 38 38 38 38 36 33 33 34 37 41 45 48 50 57 58 59 58 56 52 48 44 43 40 41 41 40 41 39 36 45 46 46 47 49 50 51 52 52 51 50 52 53 57 60 61 59 59 62 64 63 64 63 64 65 68 68 69 69 68 68 68 74 79 87 94 104 107 108 114 129 110 94 64 45 54 79 125 158 193 212 214 219 219 218 224 226 227 227 227 227 227 227 227 230 231 232 233 234 235 235 234 234 234 234 234 234 234 234 234 232 232 232 232 232 232 232 232 232 232 232 232 232 232 232 232 233 233 233 233 233 233 233 233 233 233 233 233 233 233 233 233 235 235 235 235 235 235 235 235 239 239 239 239 239 239 239 239 238 238 238 238 238 238 238 238 237 237 237 237 237 237 237 237 237 236 236 235 235 236 236 237 233 233 233 233 233 233 233 233 234 234 234 234 234 234 234 234 234 234 234 234 234 234 234 234 234 233 233 232 232 233 233 234 235 235 235 235 235 235 235 235 235 235 235 235 235 235 235 235 237 237 237 237 237 237 237 237 236 236 236 236 236 236 236 236 239 241 241 241 241 241 241 241 240 240 240 240 240 240 240 240 240 240 240 240 240 240 240 240 239 239 239 239 239 239 239 239 243 243 243 243 243 243 243 243 243 243 243 243 243 243 243 243 244 244 244 244 244 244 244 244 245 245 245 244 244 243 243 243 243 243 245 244 246 247 247 247 247 247 249 249 251 251 251 251 251 251 249 249 249 247 247 245 243 242 242 240 240 238 238 238 238 238 238 238 238 238 238 238 238 238 238 238 238 238 238 238 239 239 238 237 237 236 235 235 237 237 237 237 237 237 237 237 238 238 240 240 240 240 240 240 240 240 240 239 240 240 239 239 0 0 0 0 0 0 0 0
0 0 0 0 0 0 0 0 212 212 213 216 218 219 220 220 222 222 222 223 223 224 224 226 230 230 231 231 231 232 232 232 232 232 233 233 233 234 234 235 237 239 241 241 243 241 241 239 239 235 238 232 219 214 212 199 173 129 96 65 78 85 115 124 110 106 103 100 99 99 99 98 96 96 96 98 98 100 100 101 101 101 102 102 102 102 101 99 99 94 92 91 95 98 97 97 96 98 98 100 100 102 104 104 99 102 107 106 99 93 91 92 89 90 78 59 39 15 5 3 5 29 60 77 86 75 60 51 41 34 29 29 30 29 26 23 23 23 23 24 24 25 27 27 28 28 29 28 28 27 27 27 28 28 28 28 30 30 32 32 33 35 36 38 40 39 38 39 37 49 47 42 48 50 50 59 55 49 44 42 41 38 36 40 41 42 44 46 48 51 53 55 59 60 63 61 60 58 59 55 50 52 53 51 46 44 46 51 59 59 58 58 57 57 56 59 61 59 57 55 56 57 56 55 55 56 55 54 54 53 55 55 53 52 53 52 50 54 55 59 60 73 83 94 104 106 101 100 107 102 82 67 62 70 100 130 166 186 204 210 215 222 228 226 226 225 226 226 226 227 227 227 227 228 229 230 231 232 231 232 234 236 236 236 236 236 236 236 234 234 234 234 234 234 234 234 234 234 234 234 234 234 234 234 234 234 234 234 234 234 234 234 232 232 233 234 234 235 236 236 235 235 235 236 236 237 237 237 237 237 237 237 237 237 237 237 237 237 237 237 237 237 237 237 236 236 236 236 236 236 236 236 237 237 237 236 236 235 235 235 235 235 235 235 235 235 235 235 235 235 235 235 235 235 235 233 234 233 233 233 233 233 233 233 232 232 232 233 233 234 234 234 234 234 234 234 234 234 234 234 233 233 233 233 233 233 233 233 237 237 237 237 237 237 237 237 236 236 236 236 236 236 236 236 236 236 236 236 236 236 238 238 240 240 242 242 242 242 242 242 239 239 239 239 239 239 239 239 240 240 240 240 240 240 240 240 242 242 242 242 242 242 242 242 242 242 242 242 242 242 242 242 241 241 241 241 241 241 241 241 241 241 241 241 241 241 241 242 246 246 248 246 248 248 248 248 249 249 249 250 250 251 251 251 251 251 251 249 249 247 247 245 243 242 242 240 240 240 240 238 240 238 238 238 238 238 238 238 237 237 237 237 237 237 237 237 239 239 238 237 237 236 235 235 236 236 236 236 236 236 236 236 239 240 242 243 243 242 242 241 241 241 241 240 240 239 239 239 0 0 0 0 0 0 0 0
0 0 0 0 0 0 0 0 211 212 214 216 217 218 219 219 222 222 222 223 223 223 224 226 229 229 230 230 231 231 231 231 232 232 232 233 233 233 234 235 239 241 243 243 243 243 241 239 239 234 235 230 218 215 215 199 170 127 95 64 79 85 113 122 110 107 105 102 100 99 99 98 92 91 93 95 98 101 101 103 100 100 101 102 103 103 103 102 100 96 96 94 94 93 93 92 100 100 101 101 103 104 107 105 105 106 106 104 101 95 92 89 84 81 65 43 26 9 9 15 19 40 67 81 88 76 59 52 40 32 27 27 28 27 26 23 23 23 23 24 24 25 27 27 28 29 29 28 28 27 29 27 28 28 28 28 30 30 32 34 35 38 39 39 40 41 40 41 43 54 54 49 53 53 56 65 61 57 51 48 44 41 40 40 44 48 48 48 48 50 52 55 53 56 59 62 62 63 63 63 56 57 60 61 63 64 67 70 59 59 59 55 54 50 47 46 49 44 38 33 32 33 33 33 32 33 35 34 35 36 36 37 31 30 29 30 29 32 34 36 45 56 66 77 87 94 91 92 88 84 72 64 66 83 114 142 171 188 203 208 215 223 228 228 227 226 226 227 227 227 228 228 227 228 229 230 231 232 231 232 236 236 236 236 236 236 236 236 234 234 234 234 234 234 234 234 234 234 234 234 234 234 234 234 234 234 234 234 234 234 234 234 232 232 233 233 234 235 236 236 234 234 235 235 235 236 236 236 237 237 237 237 237 237 237 237 237 237 237 237 237 237 237 237 236 236 236 236 236 236 236 236 236 236 236 235 235 235 234 234 235 235 235 235 235 235 235 235 235 235 235 235 235 235 235 235 234 233 233 233 233 233 233 233 231 231 232 232 232 233 233 233 233 233 233 233 233 233 233 233 233 233 233 233 233 233 233 233 236 236 236 236 236 236 236 236 236 236 236 236 236 236 236 236 236 236 236 236 236 236 238 238 240 240 242 242 242 242 243 242 241 239 239 239 239 239 239 239 240 240 240 240 240 240 240 240 241 241 241 241 241 241 241 241 241 241 241 241 241 241 241 241 241 241 241 241 241 241 241 241 241 241 241 241 241 241 241 242 246 248 248 248 248 248 248 248 248 248 248 248 249 249 250 250 251 251 251 251 249 249 247 247 243 243 242 242 240 240 240 240 239 237 237 237 237 237 237 237 236 236 236 236 236 236 236 236 238 238 237 237 236 235 234 234 236 236 236 236 236 236 236 236 240 241 241 242 242 241 241 240 241 241 240 240 240 239 239 239 0 0 0 0 0 0 0 0
0 0 0 0 0 0 0 0 211 211 212 213 216 218 218 219 222 222 224 224 225 225 225 226 228 229 230 230 230 231 231 231 232 232 233 233 233 234 234 236 240 242 242 242 242 242 240 238 238 233 236 230 218 216 216 200 167 125 95 64 79 84 111 119 109 106 105 103 100 100 99 97 92 90 91 94 95 98 99 101 101 101 102 103 104 105 106 104 97 98 98 96 96 95 95 95 101 101 102 102 104 104 107 106 108 106 102 100 99 96 91 84 71 65 45 23 11 2 9 19 38 54 73 81 85 74 58 50 39 34 28 27 28 27 26 23 25 25 25 26 26 27 28 28 29 31 30 30 30 30 31 29 28 28 28 28 30 30 32 34 35 37 37 36 38 39 41 42 51 59 56 50 51 48 49 61 61 57 54 51 46 43 42 42 44 46 45 47 47 49 50 53 52 55 59 62 64 67 67 67 67 66 67 70 74 73 71 70 64 62 59 52 44 37 32 30 27 21 13 5 2 2 3 4 0 0 0 1 2 5 5 3 0 0 0 0 0 0 1 5 14 22 31 38 45 51 55 56 57 54 51 58 74 100 132 160 180 194 205 210 216 221 227 227 227 227 227 228 228 228 229 229 228 229 230 231 232 233 232 232 236 236 236 236 236 236 236 236 233 233 233 233 233 233 233 233 233 233 233 233 233 233 233 233 233 233 233 233 233 233 233 233 232 232 232 233 234 235 235 236 234 234 234 235 235 235 236 236 238 238 238 238 238 238 238 238 238 238 238 238 238 238 238 238 237 237 237 237 237 237 237 237 236 236 235 235 235 234 234 234 236 236 236 236 236 236 236 236 236 236 236 236 236 236 236 236 233 233 233 233 233 233 233 233 232 232 232 233 233 233 234 234 234 234 234 234 234 234 234 234 235 235 235 235 235 235 235 235 235 235 235 235 235 235 235 235 235 235 235 235 235 235 235 235 237 237 237 237 237 237 239 239 241 241 241 241 242 242 242 241 241 239 239 239 239 239 239 239 239 239 239 239 239 239 239 239 241 241 241 241 241 241 241 241 241 241 241 241 241 241 241 241 242 242 242 242 242 242 242 242 242 242 242 242 242 242 242 243 246 248 248 248 248 248 248 248 246 246 247 247 248 248 248 248 251 251 249 249 249 249 247 247 243 243 242 242 242 242 240 240 237 237 237 237 237 237 237 237 238 238 238 238 238 238 238 238 238 238 237 236 235 235 234 234 237 237 237 237 237 237 237 237 240 241 241 242 242 241 241 240 241 240 240 240 239 239 239 239 0 0 0 0 0 0 0 0
0 0 0 0 0 0 0 0 212 212 213 214 217 218 219 220 221 221 224 224 224 225 225 227 228 228 228 229 229 230 230 230 231 232 232 232 233 233 233 235 239 241 241 241 241 241 239 237 238 232 233 228 218 219 217 201 167 125 96 66 80 86 112 119 111 108 106 104 102 101 99 97 95 91 93 93 93 93 95 95 97 97 96 96 96 97 97 97 92 95 97 98 98 96 98 100 99 101 102 102 103 104 106 105 106 102 96 96 97 94 87 77 61 50 28 8 3 2 14 25 57 67 78 81 80 71 55 47 40 34 29 28 28 29 26 25 26 25 26 26 27 28 28 30 30 30 32 32 32 32 34 32 30 28 28 28 30 30 32 34 36 36 38 37 40 43 45 50 57 64 56 47 42 35 37 51 57 59 58 53 48 46 46 43 43 45 44 46 47 48 52 55 56 60 62 66 71 73 73 72 76 75 71 74 76 74 69 62 53 47 40 30 20 11 6 4 6 2 0 0 0 0 0 0 0 0 0 3 5 5 8 6 6 5 6 5 5 6 9 11 19 27 30 31 35 41 41 41 24 27 36 57 90 121 153 176 187 196 205 210 216 222 227 229 227 226 226 226 227 227 227 228 228 229 230 231 232 233 232 232 235 235 235 235 235 235 235 235 232 232 232 232 232 232 232 232 232 232 232 232 232 232 232 232 232 232 232 232 232 232 232 232 231 231 232 233 234 234 235 235 235 235 235 235 236 236 237 237 238 238 238 238 238 238 238 238 238 238 238 238 238 238 238 238 237 237 237 237 237 237 237 237 237 237 236 236 235 235 235 235 236 236 236 236 236 236 236 236 236 236 236 236 236 236 236 236 234 232 232 232 232 232 232 232 233 233 233 233 234 234 235 235 235 235 235 235 235 235 235 235 235 235 235 235 235 235 235 235 236 236 236 236 236 236 236 236 234 234 234 234 234 234 234 234 237 237 237 237 237 237 239 239 240 240 240 240 241 241 241 241 240 238 238 238 238 238 238 238 238 238 238 238 238 238 238 238 242 242 242 242 242 242 242 242 242 242 242 242 242 242 242 242 242 242 242 242 242 242 242 242 242 242 242 242 242 242 242 243 245 247 247 247 247 247 247 247 246 247 247 247 248 248 248 249 251 251 249 249 249 249 247 247 243 243 243 242 242 242 242 240 240 238 238 238 238 238 238 238 239 239 239 239 239 239 239 239 239 238 238 237 236 235 235 235 237 237 237 237 237 237 237 239 241 241 242 242 242 242 241 241 240 240 240 239 239 239 238 238 0 0 0 0 0 0 0 0
0 0 0 0 0 0 0 0 213 213 214 215 218 219 220 221 223 223 225 226 226 226 227 227 228 230 230 230 231 231 232 232 233 233 233 233 234 234 234 237 239 241 241 241 241 241 239 237 237 231 231 226 220 220 219 204 171 130 98 66 79 85 114 120 115 111 108 104 102 101 100 97 93 90 91 91 92 92 92 92 92 90 88 85 83 82 81 81 81 85 88 90 93 94 97 98 98 98 99 101 101 102 102 103 105 101 96 95 98 93 82 70 55 38 12 0 0 9 32 51 70 75 80 76 74 65 50 46 41 34 30 28 28 29 28 27 28 26 28 27 29 30 30 32 32 32 34 34 34 34 35 34 30 30 30 30 30 30 32 34 36 38 39 40 45 49 54 58 63 66 55 42 32 19 18 34 57 64 64 59 55 54 53 47 46 44 46 47 51 53 56 58 60 63 68 72 80 81 81 82 81 78 70 67 67 63 56 46 37 30 21 12 5 1 2 3 0 1 3 5 6 8 9 12 16 17 18 21 22 23 25 25 29 29 30 29 30 32 34 39 27 30 30 26 25 26 19 13 2 6 24 60 104 140 165 182 192 197 205 212 217 222 226 230 226 226 227 227 227 228 228 228 230 231 232 233 234 235 234 234 237 237 237 237 237 237 237 237 234 234 234 234 234 234 234 234 234 234 234 234 234 234 234 234 234 234 234 234 234 234 234 234 233 233 234 234 235 236 237 237 238 238 238 238 239 239 240 240 239 239 239 239 239 239 239 239 239 239 239 239 239 239 239 239 239 239 239 239 239 239 239 239 240 240 239 239 238 238 238 238 237 237 237 237 237 237 237 237 237 237 237 237 237 237 237 235 234 234 234 234 234 234 234 234 236 236 236 236 237 237 238 238 238 238 238 238 238 238 238 238 237 237 237 237 237 237 237 237 238 238 238 238 238 238 238 238 236 236 236 236 236 236 236 236 237 237 237 237 239 239 239 239 240 240 241 241 241 241 241 241 240 240 240 240 240 240 240 240 240 240 240 240 240 240 240 240 244 244 244 244 244 244 244 244 244 244 244 244 244 244 244 244 243 243 243 243 243 243 243 243 243 243 243 243 243 243 243 243 245 247 247 247 247 247 247 247 247 248 248 248 249 249 249 250 251 251 249 249 249 249 247 247 245 243 243 243 243 242 242 240 240 240 240 240 240 240 240 240 242 242 242 242 242 242 242 242 242 241 241 240 239 238 238 238 239 239 239 239 239 239 239 239 242 243 244 244 244 244 243 243 241 241 240 240 240 239 239 239 0 0 0 0 0 0 0 0
0 0 0 0 0 0 0 0 212 212 213 214 218 219 220 220 222 223 225 225 226 226 226 227 230 230 232 231 233 232 234 232 234 232 234 233 235 233 236 236 240 240 240 240 240 240 240 238 238 229 228 224 220 221 222 205 175 134 99 67 79 85 113 121 117 111 107 104 102 100 100 96 89 88 88 87 88 89 89 87 88 84 81 75 73 70 69 68 75 74 77 81 88 93 95 96 96 98 97 98 100 101 101 101 104 100 99 99 97 90 76 62 40 22 0 0 0 19 52 75 77 76 74 68 64 56 46 45 42 36 31 29 28 29 28 27 28 28 28 29 31 32 32 34 33 33 34 35 35 35 36 36 32 30 30 30 30 30 34 35 36 39 41 47 51 56 59 66 69 69 53 36 21 4 2 20 60 69 71 67 62 63 62 54 49 48 50 53 57 60 64 66 72 71 77 82 88 90 86 85 78 69 54 43 37 29 17 10 10 4 0 0 0 3 9 14 18 24 32 39 42 43 46 47 48 49 50 52 54 55 55 54 60 63 63 65 67 70 74 79 85 85 77 68 61 49 30 13 0 1 19 64 113 151 172 185 193 196 203 212 218 222 228 232 228 226 227 227 228 228 228 228 230 231 232 233 234 235 234 234 236 236 236 236 236 236 236 236 233 233 233 233 233 233 233 233 233 233 233 233 233 233 233 233 233 233 233 233 233 233 233 233 232 233 233 234 235 236 236 236 237 237 238 238 238 239 239 239 237 237 237 237 237 237 237 237 237 237 237 237 237 237 237 237 238 238 238 238 238 238 238 238 239 239 239 238 238 238 237 237 235 235 235 235 235 235 235 235 235 235 235 235 235 235 235 235 235 233 233 233 233 233 233 233 235 235 236 236 236 237 237 237 237 237 237 237 237 237 237 237 236 236 236 236 236 236 236 236 238 238 238 238 238 238 238 238 235 235 235 235 235 235 235 235 236 236 236 236 238 238 238 238 239 239 240 240 240 240 240 240 239 239 239 239 239 239 239 239 239 239 239 239 239 239 239 239 243 243 243 243 243 243 243 243 243 243 243 243 243 243 243 243 242 242 242 242 242 242 242 242 242 242 242 242 242 242 242 244 246 246 246 246 246 246 246 246 248 248 248 248 249 249 250 250 251 251 249 249 249 249 247 247 245 245 243 243 243 243 243 242 243 241 243 241 243 241 243 241 243 241 243 241 243 241 243 241 241 241 240 240 239 238 237 237 238 238 238 238 238 238 238 240 242 243 243 244 244 243 243 242 240 240 240 240 239 239 239 238 0 0 0 0 0 0 0 0
0 0 0 0 0 0 0 0 210 210 211 212 215 217 220 220 224 224 226 226 226 227 227 229 233 233 235 233 236 234 236 235 235 233 236 234 236 235 237 237 239 240 240 240 240 239 239 237 238 228 228 225 220 222 223 206 178 135 100 66 77 83 112 121 119 112 105 100 98 97 98 96 92 88 87 84 80 79 77 74 71 66 63 55 53 50 48 49 53 53 56 64 78 87 91 92 97 97 98 99 99 101 101 101 101 101 100 100 94 80 62 44 18 7 0 0 12 35 63 80 75 72 66 55 54 48 41 43 42 35 32 29 28 29 28 28 30 30 30 31 33 34 34 35 34 34 34 37 37 38 38 38 34 32 30 30 30 30 34 35 40 43 46 51 56 59 61 66 77 74 56 35 16 0 0 9 58 70 77 69 66 68 68 59 57 56 57 61 65 71 75 78 82 79 81 80 83 79 71 66 55 45 30 17 7 3 0 0 0 0 0 0 6 14 23 26 45 52 62 68 71 71 72 73 81 82 84 85 86 86 85 85 88 91 95 98 102 106 112 118 111 109 103 96 91 76 49 25 12 11 27 68 122 160 180 187 192 194 200 213 221 225 228 232 230 230 231 231 231 232 232 232 232 233 234 235 236 237 236 236 238 238 238 238 238 238 238 238 234 234 234 234 234 234 234 234 234 234 234 234 234 234 234 234 234 234 234 234 234 234 234 234 234 234 235 236 237 237 238 238 237 237 237 238 238 238 239 239 238 238 238 238 238 238 238 238 238 238 238 238 238 238 238 238 239 239 239 239 239 239 239 239 239 239 238 238 238 237 237 237 236 236 236 236 236 236 236 236 236 236 236 236 236 236 236 234 234 234 234 234 234 234 234 234 235 235 235 236 236 236 237 237 237 237 237 237 237 237 237 237 237 237 237 237 237 237 237 237 235 235 235 235 235 235 235 235 234 234 234 234 234 234 234 234 237 237 237 237 237 237 239 239 239 239 239 239 241 241 241 239 239 239 239 239 239 239 239 239 238 238 238 238 238 238 238 238 241 243 243 243 243 243 243 243 243 243 243 243 243 243 243 243 243 243 243 243 243 243 243 243 243 243 243 243 243 243 243 243 246 246 246 246 246 246 246 246 246 246 247 247 248 248 248 248 249 249 249 249 249 249 249 249 245 245 245 245 245 245 245 243 242 241 242 241 242 241 242 241 242 241 242 241 242 241 242 241 241 241 240 239 238 238 237 237 239 239 239 239 239 239 239 239 240 241 241 242 242 241 241 240 240 240 240 239 239 239 238 238 0 0 0 0 0 0 0 0
0 0 0 0 0 0 0 0 208 208 209 210 213 215 217 218 224 224 225 226 226 229 229 231 235 235 238 236 238 237 239 237 237 235 237 236 238 236 239 239 240 240 240 240 240 240 239 237 237 227 227 224 220 225 224 207 181 138 100 64 76 81 112 121 120 112 105 97 94 93 95 93 97 91 88 81 75 67 61 59 43 40 35 29 25 23 22 24 25 22 26 40 61 76 84 85 94 98 98 96 98 98 100 100 94 95 99 96 87 67 46 27 5 3 2 12 35 51 67 74 69 64 57 46 45 44 38 40 41 35 30 29 28 29 28 28 30 30 32 33 33 34 35 35 34 34 36 37 37 38 40 38 34 32 32 30 30 30 34 35 41 46 50 54 57 61 62 67 84 81 59 37 14 0 0 5 57 71 78 72 68 72 73 63 67 66 68 71 77 81 86 91 84 82 75 71 66 57 46 35 22 15 7 0 0 4 10 12 18 20 27 36 45 55 62 64 55 61 69 74 74 72 74 73 69 69 71 72 73 72 71 72 73 76 81 86 91 97 103 110 115 118 119 123 131 124 97 72 30 28 39 77 129 169 188 195 191 193 200 215 224 226 230 233 234 232 233 233 233 234 234 234 232 233 234 235 236 237 236 236 238 238 238 238 238 238 238 238 234 234 234 234 234 234 234 234 234 234 234 234 234 234 234 234 234 234 234 234 234 234 234 234 234 234 235 236 236 237 238 238 235 235 235 236 236 236 237 237 237 237 237 237 237 237 237 237 237 237 237 237 237 237 237 237 238 238 238 238 238 238 238 238 237 237 236 236 236 235 235 235 235 235 235 235 235 235 235 235 235 235 235 235 235 235 235 235 236 234 234 234 234 234 234 234 233 233 233 234 234 234 235 235 235 235 235 235 235 235 235 235 236 236 236 236 236 236 236 236 235 233 233 233 233 233 233 233 234 234 234 234 234 234 234 234 236 236 236 236 236 236 238 238 239 239 239 239 241 241 241 241 240 239 239 239 239 239 239 239 238 238 238 238 238 238 238 239 241 241 243 241 243 241 243 241 243 241 243 241 243 241 243 241 244 242 244 242 244 242 244 242 244 242 244 242 244 242 244 244 246 246 246 246 246 246 246 246 245 245 245 246 246 247 247 247 249 249 249 249 249 249 249 249 245 245 245 245 245 245 247 245 243 241 243 241 243 241 243 241 242 240 242 240 242 240 242 240 240 239 238 237 236 236 235 235 238 238 238 238 238 238 238 238 238 238 239 240 240 239 238 238 240 240 240 239 239 238 238 238 0 0 0 0 0 0 0 0
0 0 0 0 0 0 0 0 202 203 205 207 211 213 216 217 222 223 226 227 229 232 233 234 237 237 239 238 239 239 240 239 241 239 240 238 239 237 238 238 238 238 240 240 238 238 237 235 235 231 226 222 221 220 219 215 186 149 104 75 70 83 106 123 119 114 106 98 93 95 96 90 95 84 77 73 65 50 37 30 23 24 23 21 22 27 25 22 27 22 22 32 42 49 64 76 83 93 100 103 103 100 98 93 93 93 84 78 75 55 32 24 2 2 11 31 50 64 75 71 63 50 48 48 44 42 40 36 35 34 32 32 30 30 30 30 32 34 34 34 35 35 35 35 37 37 39 39 39 39 39 37 35 32 32 32 30 30 34 35 40 45 55 60 60 61 65 76 94 83 61 35 5 0 0 15 60 70 80 81 78 78 79 76 78 79 81 88 93 92 85 79 78 69 54 42 36 29 21 9 1 0 0 0 13 23 26 23 41 43 51 57 63 66 69 69 69 66 66 65 65 63 64 62 64 62 62 62 62 62 60 62 66 69 71 73 82 88 94 102 108 124 132 141 158 150 116 95 52 45 51 87 137 172 192 200 189 195 204 215 225 231 238 239 237 237 237 237 237 237 237 237 237 237 237 237 237 237 237 237 239 239 239 239 239 239 239 239 235 235 235 235 235 235 235 235 235 235 235 235 235 235 235 235 235 235 235 235 235 235 235 235 235 235 235 235 235 235 235 235 235 235 235 235 235 235 235 235 235 235 235 235 235 235 235 235 235 235 235 235 235 235 235 235 240 240 240 239 239 239 238 238 235 235 235 235 235 235 235 235 235 235 235 235 235 235 235 235 235 235 235 235 235 235 235 234 234 234 234 234 234 234 234 234 234 234 234 234 234 234 234 234 234 234 234 234 234 234 234 234 236 236 236 236 236 236 236 234 234 234 234 234 234 234 234 234 234 234 234 234 234 234 234 234 233 233 235 236 236 237 238 238 238 238 240 240 240 240 240 240 238 238 238 238 238 238 238 238 238 238 238 238 238 238 238 238 243 243 245 243 245 243 245 243 243 241 243 241 243 241 243 241 243 241 243 241 243 241 243 241 243 241 243 242 244 243 245 243 244 244 244 244 244 244 244 244 244 244 245 245 245 246 246 246 247 247 247 247 247 247 247 247 245 245 245 245 245 245 247 245 247 244 245 243 244 241 242 240 240 238 240 238 240 238 240 238 237 237 237 237 237 237 237 237 239 239 239 239 239 239 239 239 240 240 240 240 240 240 240 240 240 240 240 240 240 240 240 240 0 0 0 0 0 0 0 0
0 0 0 0 0 0 0 0 203 203 206 207 211 212 216 216 222 223 226 227 230 232 232 235 237 238 240 238 241 239 241 240 242 240 241 239 240 238 240 237 238 238 240 240 238 238 238 237 237 231 226 221 220 220 219 215 189 154 112 83 71 80 100 115 122 117 110 101 97 100 101 94 96 83 70 57 45 28 16 13 18 24 34 39 45 54 55 54 60 58 52 44 33 27 35 49 73 80 88 95 101 104 106 104 96 95 85 74 66 41 17 8 0 1 16 36 55 68 79 73 57 45 43 42 41 40 36 34 34 34 32 32 30 30 30 30 32 34 34 34 35 35 35 35 37 37 39 39 39 39 39 37 35 34 32 32 30 32 34 35 41 48 56 59 61 63 70 81 93 80 54 27 1 0 1 20 65 74 81 80 81 84 89 90 97 95 94 95 93 82 65 53 38 30 19 11 7 4 3 0 4 0 6 19 36 48 49 45 50 50 54 60 63 64 66 63 61 59 58 58 56 56 55 55 55 55 53 53 53 53 51 55 60 64 64 66 69 77 87 96 109 126 136 146 160 148 111 88 62 58 68 102 147 179 194 199 191 197 207 215 225 233 240 239 238 237 237 237 237 237 237 237 237 237 237 237 237 237 237 237 239 239 239 239 239 239 239 239 235 235 235 235 235 235 235 235 235 235 235 235 235 235 235 235 235 235 235 235 235 235 235 235 235 235 235 235 235 235 235 235 235 235 235 235 235 235 235 235 235 235 235 235 235 235 235 235 235 235 235 235 235 235 235 235 240 240 239 239 239 238 238 238 235 235 235 235 235 235 235 235 235 235 235 235 235 235 235 235 235 235 235 235 235 235 235 235 235 234 234 234 234 234 234 234 234 234 234 234 234 234 234 234 234 234 234 234 234 234 234 234 236 236 236 236 236 236 236 236 234 234 234 234 234 234 234 234 234 234 234 234 234 234 234 234 233 233 235 236 236 236 238 238 238 238 240 240 240 240 240 240 240 238 238 238 238 238 238 238 238 238 238 238 238 238 238 240 245 245 245 245 245 245 245 245 243 243 243 243 243 243 243 243 243 243 243 243 243 243 243 243 243 243 243 244 244 245 245 245 243 243 243 243 243 243 243 243 244 244 244 244 245 245 246 246 247 247 247 247 247 247 247 247 245 245 245 247 247 247 247 247 248 246 245 244 243 242 242 241 241 241 241 241 241 241 241 241 239 237 237 237 237 237 237 237 239 239 239 239 239 239 239 239 240 240 240 240 240 240 240 240 240 240 240 240 240 240 240 240 0 0 0 0 0 0 0 0
0 0 0 0 0 0 0 0 203 204 205 207 211 212 215 216 222 222 225 228 231 232 233 236 238 238 241 239 242 240 242 240 243 240 242 240 242 239 241 239 240 240 240 240 240 238 238 237 236 231 227 222 220 217 216 213 194 164 128 98 78 78 92 104 118 116 110 104 101 104 102 96 83 67 52 38 26 17 19 22 39 53 73 85 95 105 109 110 112 112 106 86 56 33 31 41 50 57 67 80 94 102 105 102 91 90 79 66 54 29 5 0 0 4 25 47 65 75 84 76 52 41 40 41 39 38 36 34 34 34 32 32 30 30 28 30 32 34 34 34 34 34 35 35 35 35 37 37 37 37 39 37 35 34 32 32 32 32 34 35 41 50 58 60 61 66 76 87 92 73 41 14 0 0 8 29 76 82 88 89 91 96 103 107 106 99 90 82 70 52 28 12 15 11 5 2 4 9 16 16 19 17 27 46 62 72 71 65 60 60 60 61 61 60 60 56 52 48 49 49 49 49 49 49 48 48 48 48 46 46 46 48 57 59 59 58 59 64 77 92 109 128 139 150 161 142 99 78 69 74 87 120 160 186 195 198 195 199 208 218 227 233 239 241 240 238 238 238 238 238 238 238 238 238 238 238 238 238 238 238 241 241 241 241 241 241 241 241 237 237 237 237 237 237 237 237 237 237 237 237 237 237 237 237 237 237 237 237 237 237 237 237 237 237 237 237 237 237 237 237 237 237 237 237 237 237 237 237 237 237 237 237 237 237 237 237 237 237 237 237 237 237 237 237 241 241 241 240 240 240 239 239 237 237 237 237 237 237 237 237 237 237 237 237 237 237 237 237 237 237 237 237 237 237 237 235 235 235 235 235 235 235 235 235 235 235 235 235 235 235 235 235 235 235 235 235 235 235 235 235 237 237 237 237 237 237 237 236 234 234 234 234 234 234 234 234 234 234 234 234 234 234 234 234 235 235 235 235 237 237 237 238 240 240 240 240 242 242 242 240 240 240 240 240 240 240 240 240 240 240 240 240 240 240 240 240 245 247 247 247 247 247 247 247 245 245 245 245 245 245 245 245 245 245 245 245 245 245 245 245 245 245 245 245 246 246 246 244 241 241 241 241 241 241 241 241 243 243 243 244 244 244 245 245 243 243 243 243 245 245 245 245 246 246 246 248 248 248 248 246 247 247 246 246 245 244 244 243 243 243 243 243 243 243 243 241 239 239 239 239 239 239 239 239 241 241 241 241 241 241 241 241 242 242 242 242 242 242 242 242 242 242 242 242 242 242 242 242 0 0 0 0 0 0 0 0
0 0 0 0 0 0 0 0 204 204 205 206 211 212 215 217 221 224 226 227 230 231 234 235 239 239 239 240 240 240 241 241 241 241 241 241 241 240 240 240 239 239 239 239 239 239 237 236 235 230 227 222 218 214 214 211 202 177 148 116 90 77 84 91 110 112 111 107 105 103 96 86 64 51 35 26 20 26 42 56 75 94 116 130 140 147 152 153 150 151 145 126 98 71 57 53 33 36 45 63 82 90 94 92 84 84 74 59 44 19 1 0 0 13 37 58 72 78 83 71 48 38 38 37 37 36 34 34 34 34 32 32 30 30 28 30 32 34 34 34 34 34 35 35 35 35 37 37 37 37 37 37 35 34 34 32 32 32 34 37 42 50 56 60 64 74 83 93 90 62 24 0 0 0 21 45 85 91 98 100 102 106 107 107 98 84 66 49 36 20 4 0 0 1 5 9 16 28 41 45 48 45 52 65 76 79 76 69 66 61 59 58 56 56 56 53 46 43 43 44 44 45 45 44 44 42 44 42 42 42 42 44 54 59 57 55 54 60 76 92 110 128 137 146 150 127 86 67 74 86 107 138 170 189 196 195 198 202 209 218 227 235 241 241 240 238 238 238 238 238 238 238 238 238 238 238 238 238 238 238 240 240 240 240 240 240 240 240 237 237 237 237 237 237 237 237 237 237 237 237 237 237 237 237 237 237 237 237 237 237 237 237 237 237 237 237 237 237 237 237 237 237 237 237 237 237 237 237 237 237 237 237 237 237 237 237 237 237 237 237 237 237 237 237 240 240 240 240 239 239 239 238 236 236 236 236 236 236 236 236 236 236 236 236 236 236 236 236 236 236 236 236 236 236 236 236 236 234 234 234 234 234 234 234 234 234 234 234 234 234 234 234 234 234 234 234 234 234 234 234 236 236 236 236 236 236 236 236 235 233 233 233 233 233 233 233 233 233 233 233 233 233 233 233 234 234 235 235 236 237 237 237 239 239 239 239 241 241 241 241 239 239 239 239 239 239 239 239 239 239 239 239 239 239 239 241 244 246 246 246 246 246 246 246 245 245 245 245 245 245 245 245 245 245 245 245 245 245 245 245 245 245 245 245 245 245 245 246 241 239 239 239 239 239 239 239 242 242 242 242 243 243 244 244 242 242 242 242 244 244 244 244 245 245 247 247 247 247 247 247 248 246 247 245 246 244 245 243 246 244 246 244 246 244 246 244 241 239 239 239 239 239 239 239 240 240 240 240 240 240 240 240 241 241 241 241 241 241 241 241 241 241 241 241 241 241 241 241 0 0 0 0 0 0 0 0
0 0 0 0 0 0 0 0 202 203 205 206 211 212 214 217 221 223 225 228 231 231 233 233 237 239 240 240 240 241 241 241 241 241 241 241 241 242 242 240 239 239 241 241 239 239 237 236 233 232 227 221 216 212 213 211 205 186 161 131 102 80 76 77 100 106 110 109 106 99 86 73 52 40 31 29 34 49 73 93 111 126 144 156 161 164 168 168 166 165 160 152 139 115 89 69 40 34 33 43 60 72 84 90 84 84 73 53 35 10 0 0 11 27 53 67 73 75 74 60 45 36 36 37 37 36 34 34 34 34 32 32 30 28 28 28 30 32 32 32 32 32 34 34 34 34 35 35 35 35 35 35 35 34 34 34 32 32 34 37 40 50 56 61 70 84 91 96 82 50 10 0 0 15 44 68 96 104 110 109 105 98 91 82 69 55 31 13 4 1 0 0 4 13 24 36 45 58 69 74 76 70 72 73 75 74 69 63 59 56 54 53 52 52 53 50 42 40 41 42 42 43 43 43 42 41 42 41 41 41 41 44 52 57 57 56 56 62 78 95 113 126 129 129 127 102 68 60 79 100 123 150 175 192 196 196 199 205 211 220 230 235 241 243 242 240 240 240 240 240 240 240 240 240 240 240 240 240 240 240 242 242 242 242 242 242 242 242 239 239 239 239 239 239 239 239 239 239 239 239 239 239 239 239 239 239 239 239 239 239 239 239 239 239 239 239 239 239 239 239 239 239 239 239 239 239 239 239 239 239 239 239 239 239 239 239 239 239 239 239 239 239 239 239 242 241 241 241 240 240 240 240 238 238 238 238 238 238 238 238 238 238 238 238 238 238 238 238 238 238 238 238 238 238 238 236 236 236 236 236 236 236 236 236 236 236 236 236 236 236 236 236 236 236 236 236 236 236 236 236 238 238 238 238 238 238 238 236 235 235 235 235 235 235 235 235 235 235 235 235 235 235 235 235 234 234 235 236 236 236 239 239 239 239 241 241 241 241 241 241 239 239 239 239 239 239 239 239 239 239 239 239 239 239 239 241 246 247 247 247 247 247 247 247 246 246 246 246 246 246 246 246 246 246 246 246 246 246 246 246 246 246 246 246 246 246 246 244 240 238 238 238 238 238 238 238 240 240 241 241 242 242 242 242 240 240 240 240 242 242 244 244 247 247 247 247 248 248 248 248 247 246 247 246 246 245 246 245 247 246 247 246 247 246 247 246 241 241 241 241 241 241 241 241 242 242 242 242 242 242 242 242 241 241 241 241 241 241 241 241 241 241 241 241 241 241 241 241 0 0 0 0 0 0 0 0
0 0 0 0 0 0 0 0 203 203 206 207 210 211 216 216 222 222 227 227 229 230 231 233 238 238 238 238 239 239 240 240 239 240 240 240 240 241 241 241 240 238 240 240 238 238 238 236 233 231 227 222 216 212 215 215 206 192 171 145 113 85 69 66 89 96 104 105 103 93 76 59 37 31 37 49 68 92 116 135 144 151 162 164 167 171 171 170 174 171 166 163 162 151 126 102 74 55 37 32 35 46 64 79 86 85 71 48 26 2 0 3 27 45 68 75 74 71 65 50 45 36 36 37 35 36 36 34 35 34 32 30 30 28 28 28 30 30 32 32 32 32 34 34 34 34 35 35 35 35 35 35 35 35 34 34 32 32 35 37 41 49 55 62 76 90 92 89 68 36 2 0 14 40 69 90 110 114 116 108 94 79 60 47 31 21 4 0 0 1 13 22 37 45 59 71 80 88 94 95 89 83 79 74 73 67 64 59 53 50 49 49 49 50 51 47 41 38 41 41 41 41 42 42 41 41 41 42 42 42 42 46 52 56 59 60 63 68 81 96 111 119 113 102 94 71 55 61 90 115 142 163 182 194 198 198 202 206 212 220 230 237 241 243 242 240 240 240 240 240 240 240 240 240 240 240 240 240 240 240 241 241 241 241 241 241 241 241 239 239 239 239 239 239 239 239 239 239 239 239 239 239 239 239 239 239 239 239 239 239 239 239 239 239 239 239 239 239 239 239 239 239 239 239 239 239 239 239 239 239 239 239 239 239 239 239 239 239 239 239 239 239 239 239 241 241 240 240 240 239 239 239 237 237 237 237 237 237 237 237 237 237 237 237 237 237 237 237 237 237 237 237 237 237 237 237 237 235 235 235 235 235 235 235 235 235 235 235 235 235 235 235 235 235 235 235 235 235 235 235 237 237 237 237 237 237 237 237 235 234 234 234 234 234 234 234 234 234 234 234 234 234 234 234 233 234 235 235 236 236 238 238 238 238 240 240 240 240 240 240 238 238 238 238 238 238 238 238 238 238 238 238 238 238 238 240 245 246 246 246 246 246 246 246 246 246 246 246 246 246 246 246 246 246 246 246 246 246 246 246 246 246 246 246 245 245 245 244 240 238 238 238 238 238 238 238 239 239 240 240 240 241 241 241 239 239 239 239 241 241 243 243 246 246 246 246 247 247 247 247 246 246 246 246 246 246 246 246 246 246 246 246 246 246 246 245 243 241 241 241 241 241 241 241 241 241 241 241 241 241 241 241 240 240 240 240 240 240 240 240 240 240 240 240 240 240 240 240 0 0 0 0 0 0 0 0
0 0 0 0 0 0 0 0 203 203 206 207 210 211 216 216 221 222 226 226 229 230 232 232 236 238 238 238 239 239 239 240 239 239 240 240 241 241 241 241 240 240 240 240 240 238 238 236 232 230 230 224 216 212 216 217 210 198 182 158 126 94 71 60 74 81 91 94 91 82 67 50 34 36 55 84 111 133 150 161 158 158 156 149 146 149 150 149 153 153 151 150 155 159 153 142 125 99 69 48 36 30 40 54 64 67 55 35 17 0 2 16 45 64 84 84 76 70 63 46 43 36 36 37 37 36 36 34 35 34 32 30 30 28 27 27 28 28 30 30 30 30 32 32 32 32 34 34 34 34 35 35 35 35 34 34 32 32 35 37 43 49 53 61 79 92 87 75 50 23 0 8 37 66 89 104 112 110 102 85 67 50 30 17 5 6 6 7 12 26 43 55 59 63 73 80 85 89 89 87 86 81 75 69 66 62 59 55 50 49 50 48 51 52 54 51 43 40 39 39 41 41 41 41 42 42 42 44 44 44 44 48 52 58 62 64 69 75 83 93 101 104 91 74 63 50 53 77 107 135 160 176 189 197 202 201 204 207 215 223 230 237 241 242 242 242 242 242 242 242 242 242 242 242 242 242 242 242 242 242 243 243 243 243 243 243 243 243 241 241 241 241 241 241 241 241 241 241 241 241 241 241 241 241 241 241 241 241 241 241 241 241 241 241 241 241 241 241 241 241 241 241 241 241 241 241 241 241 241 241 241 241 241 241 241 241 241 241 241 241 241 241 241 241 242 242 242 241 241 241 240 240 239 239 239 239 239 239 239 239 239 239 239 239 239 239 239 239 239 239 239 239 239 239 239 237 237 237 237 237 237 237 237 237 237 237 237 237 237 237 237 237 237 237 237 237 237 237 237 237 239 239 239 239 239 239 239 237 235 234 234 234 234 234 234 234 234 234 234 234 234 234 234 234 234 234 235 235 235 236 238 238 238 238 240 240 242 242 242 240 238 238 238 238 238 238 238 238 238 238 238 238 238 238 238 240 245 246 246 246 246 246 246 246 246 246 246 246 246 246 246 246 246 246 246 246 246 246 246 246 246 246 246 245 245 244 244 243 240 238 238 238 238 238 238 238 238 238 239 239 240 240 240 240 237 237 237 237 239 239 241 241 245 245 246 246 248 248 248 248 245 245 245 245 245 245 245 245 246 246 246 246 246 246 246 245 243 243 243 243 243 243 243 243 243 243 243 243 243 243 243 243 240 240 240 240 240 240 240 240 240 240 240 240 240 240 240 240 0 0 0 0 0 0 0 0
0 0 0 0 0 0 0 0 205 206 207 208 210 213 215 217 221 223 226 226 228 229 229 232 236 237 237 238 238 238 239 239 238 239 239 240 240 241 241 240 242 240 240 240 240 240 238 236 231 230 230 224 216 213 217 218 216 206 192 170 137 102 76 61 63 70 78 83 81 74 61 46 48 55 80 113 141 156 160 161 149 143 132 118 112 113 113 109 113 119 120 118 126 142 156 162 168 142 110 81 50 25 20 26 31 37 29 14 1 0 3 22 49 70 87 84 75 68 61 43 41 34 34 35 35 36 34 34 35 34 32 32 30 28 28 28 28 30 30 30 30 30 32 32 32 32 34 34 34 34 34 35 35 35 34 34 32 34 35 39 46 52 56 64 83 98 86 68 38 14 0 17 52 82 102 112 100 94 79 58 38 22 6 0 3 12 26 36 44 55 69 79 77 77 81 84 87 86 82 78 72 69 64 58 55 51 49 48 45 45 47 48 49 50 49 47 41 36 36 35 37 38 38 39 41 41 42 42 44 44 44 48 50 56 61 68 74 81 86 93 90 92 74 57 47 45 62 99 123 152 175 188 195 202 206 206 210 214 220 227 233 238 241 242 242 242 242 242 242 242 242 242 242 242 242 242 242 242 242 242 243 243 243 243 243 243 243 243 241 241 241 241 241 241 241 241 241 241 241 241 241 241 241 241 241 241 241 241 241 241 241 241 241 241 241 241 241 241 241 241 241 241 241 241 241 241 241 241 241 241 241 241 241 241 241 241 241 241 241 241 241 241 241 241 242 240 241 239 241 238 240 238 239 237 239 237 239 237 239 237 239 237 239 237 239 237 239 237 239 237 239 237 239 237 239 237 237 237 237 237 237 237 237 237 237 237 237 237 237 237 237 237 237 237 237 237 237 237 237 237 239 239 239 239 239 239 239 237 235 234 235 234 235 234 235 234 235 234 235 234 235 234 235 235 234 234 234 235 235 236 238 238 238 238 240 240 240 240 242 240 238 238 238 238 238 238 238 238 238 238 238 238 238 238 238 240 245 246 246 246 246 246 246 246 246 246 246 246 246 246 246 246 246 246 246 246 246 246 246 246 246 246 246 245 245 244 244 243 240 238 238 238 238 238 238 238 238 238 238 239 239 239 240 240 239 237 237 237 239 239 241 241 245 245 246 246 248 248 248 246 245 245 245 245 245 245 245 245 245 245 245 245 245 245 245 244 245 243 243 243 243 243 243 243 243 243 243 243 243 243 243 243 242 240 240 240 240 240 240 240 240 240 240 240 240 240 240 238 0 0 0 0 0 0 0 0
0 0 0 0 0 0 0 0 208 209 210 213 214 217 217 219 218 221 223 224 226 227 228 231 235 238 236 236 236 236 236 236 237 236 235 236 238 239 238 237 241 241 241 241 241 239 237 235 232 231 228 225 219 216 217 215 209 207 200 185 157 126 95 76 56 53 65 67 71 64 43 53 48 85 104 139 164 178 147 142 116 99 81 70 60 52 54 60 63 61 61 69 82 102 133 158 177 169 147 111 75 44 21 2 1 1 2 0 0 0 6 22 58 73 86 79 71 66 60 47 38 31 31 32 32 33 33 33 34 32 32 32 32 30 30 30 30 32 32 32 32 32 32 32 32 32 32 32 32 32 32 34 35 35 34 34 34 35 37 43 50 54 61 73 91 96 75 52 22 12 11 33 66 95 102 98 73 57 38 21 8 0 1 10 24 37 55 68 77 79 81 81 80 76 74 73 71 69 65 61 54 50 49 47 45 44 43 43 44 43 41 39 39 39 39 37 32 30 30 30 32 32 33 35 37 37 39 39 41 41 42 44 44 51 60 70 83 91 91 91 82 68 58 52 43 53 90 122 155 172 189 200 205 205 210 214 221 223 226 230 237 241 245 244 242 240 240 240 240 240 240 240 240 240 240 239 239 238 238 240 244 244 244 244 244 244 242 242 241 241 239 239 239 239 239 239 239 239 239 239 239 239 239 239 239 239 239 239 239 239 239 239 239 239 239 239 239 239 239 239 240 240 240 240 240 240 240 240 239 239 239 239 239 239 239 239 239 239 239 239 239 239 239 239 237 235 237 235 237 235 237 235 237 235 237 235 237 235 237 235 236 234 236 234 236 234 236 234 237 235 237 235 237 235 237 237 237 237 237 237 237 237 237 237 237 237 237 237 237 237 237 237 235 235 235 235 235 235 235 235 235 235 235 235 235 235 235 235 235 233 235 233 235 233 235 233 235 233 235 233 235 233 235 235 236 236 236 237 237 238 238 238 237 237 237 237 237 237 239 237 237 237 237 237 237 237 237 237 237 237 237 237 237 237 237 239 242 244 244 244 244 244 244 244 245 245 245 245 245 245 245 245 245 245 245 245 245 245 245 245 243 243 243 243 243 243 243 243 242 242 242 242 242 242 242 242 241 241 240 240 240 239 239 237 238 238 238 237 239 238 238 238 242 242 243 243 243 243 243 243 245 244 244 243 243 243 242 242 243 243 243 243 243 243 243 243 243 243 243 243 243 243 243 244 243 243 243 243 243 243 243 241 241 241 241 241 241 241 239 239 240 240 238 238 238 238 238 236 0 0 0 0 0 0 0 0
0 0 0 0 0 0 0 0 211 211 212 215 215 217 217 220 222 222 224 224 226 226 225 228 235 237 237 235 235 235 235 235 236 234 234 235 238 240 240 239 240 240 241 240 241 240 238 236 233 232 229 225 222 218 217 215 210 208 204 194 174 146 120 102 68 59 61 54 58 53 43 58 65 103 121 149 159 156 109 92 77 62 46 36 29 23 24 28 20 21 26 36 47 64 90 112 133 136 134 119 102 80 57 38 20 13 9 4 0 4 22 39 64 77 84 77 68 62 59 47 36 29 30 30 30 31 31 31 32 32 32 32 32 32 32 32 32 32 32 32 32 32 32 32 32 32 32 32 32 32 34 34 35 35 35 35 35 37 41 46 53 60 66 77 89 88 66 41 16 14 20 41 67 84 84 76 35 24 13 8 4 6 18 31 53 65 81 91 94 90 83 79 75 73 70 68 66 63 62 58 47 44 43 41 39 41 41 40 39 37 35 34 34 34 32 30 28 26 26 26 28 28 32 32 33 35 37 37 39 39 41 41 41 49 59 71 84 91 84 81 62 49 48 52 56 78 119 150 170 185 197 204 208 210 216 222 228 229 232 236 241 243 245 244 242 240 240 240 240 240 240 240 240 240 239 239 239 238 238 240 244 245 244 244 244 244 242 242 241 241 239 239 239 239 237 237 239 239 239 239 239 239 239 239 239 239 239 239 239 239 239 239 239 239 239 239 239 239 239 239 240 240 240 240 240 240 240 240 239 239 239 239 239 239 239 239 239 239 239 239 239 239 239 239 235 235 235 235 235 235 235 235 235 235 235 235 235 235 235 235 234 234 234 234 234 234 234 234 235 235 235 235 235 235 235 235 237 237 237 237 237 237 237 237 237 237 237 237 237 237 237 237 235 235 235 235 235 235 235 235 235 235 235 235 235 235 235 235 235 235 235 235 235 235 235 235 235 235 235 235 235 235 235 235 236 236 236 237 237 237 238 238 237 237 237 237 237 237 237 237 237 237 237 237 237 237 237 237 237 237 237 237 237 237 237 239 242 244 244 244 244 244 244 244 245 245 245 245 245 245 245 245 245 245 245 245 245 245 245 245 244 244 244 244 244 244 244 244 243 243 243 243 243 243 243 243 242 241 241 241 240 240 240 239 238 238 238 237 239 238 238 238 242 242 243 243 243 243 243 243 244 244 243 243 243 242 242 242 243 243 243 243 243 243 243 243 241 242 242 242 243 244 244 244 243 243 243 243 243 243 243 243 241 241 241 241 241 241 239 239 239 239 237 237 237 237 235 235 0 0 0 0 0 0 0 0
0 0 0 0 0 0 0 0 214 214 214 216 216 218 218 220 223 225 226 226 226 225 224 226 233 237 237 235 235 235 235 235 235 232 235 235 239 242 242 242 241 241 243 241 243 241 241 240 236 233 229 227 227 223 219 210 208 207 208 203 194 176 155 136 95 78 66 46 43 44 43 67 83 122 137 157 151 127 63 36 10 0 0 0 0 0 0 0 0 1 7 15 19 23 35 47 71 85 101 112 117 110 94 78 60 47 33 25 24 34 54 65 78 84 83 72 61 58 56 47 34 30 30 30 31 31 31 31 32 32 32 32 32 32 32 32 32 32 32 32 32 32 34 34 34 34 34 34 34 34 35 35 35 37 37 37 37 39 43 48 57 64 72 80 84 72 46 23 6 16 32 54 66 62 47 30 7 3 2 8 17 29 47 62 82 90 97 100 96 89 82 76 73 69 65 62 61 58 58 53 46 43 42 42 40 41 40 39 37 35 35 34 34 32 32 30 28 26 26 26 28 28 32 32 33 35 37 37 39 39 39 41 42 49 60 73 84 85 72 61 42 32 37 56 74 104 143 167 185 196 202 203 207 212 219 226 232 233 235 239 241 245 246 243 242 242 242 242 242 242 242 242 242 241 241 241 240 240 240 242 244 245 244 244 244 244 242 242 241 241 239 239 239 239 237 237 239 239 239 239 239 239 239 239 239 239 239 239 239 239 239 239 239 239 239 239 239 239 239 239 240 240 240 240 240 240 240 240 239 239 239 239 239 239 239 239 239 239 239 239 239 239 239 239 237 237 237 237 237 237 237 237 237 237 237 237 237 237 237 237 236 236 236 236 236 236 236 236 237 237 237 237 237 237 237 237 237 237 237 237 237 237 237 237 237 237 237 237 237 237 237 237 237 237 237 237 237 237 237 237 237 237 237 237 237 237 237 237 237 237 237 237 237 237 237 237 237 237 237 237 237 237 237 237 238 238 238 238 239 239 239 240 239 239 239 239 239 239 239 239 240 240 240 240 240 240 240 240 240 240 240 240 240 240 240 240 242 244 244 244 244 244 244 244 245 245 245 245 245 245 245 245 245 245 245 245 245 245 245 245 244 244 244 244 244 244 244 244 243 243 243 243 243 243 243 243 243 242 242 242 241 241 241 240 238 238 240 239 239 238 240 240 242 242 243 243 243 243 243 243 243 243 243 242 242 242 241 241 242 242 242 242 242 242 242 242 239 240 241 242 243 244 245 245 244 244 244 244 244 244 244 244 242 242 242 242 242 242 240 240 239 239 237 237 237 237 235 235 0 0 0 0 0 0 0 0
0 0 0 0 0 0 0 0 215 215 216 215 217 217 219 219 224 223 225 225 225 225 224 228 235 237 237 237 235 235 235 235 234 234 234 237 240 241 243 242 242 242 244 244 244 242 242 240 241 234 231 230 232 229 220 210 207 205 208 211 209 199 179 163 129 106 86 54 42 39 43 72 94 133 145 154 134 101 33 8 2 1 9 20 34 44 49 51 44 46 55 54 45 29 20 21 14 30 53 73 95 110 113 106 100 83 64 54 55 64 76 81 84 82 77 62 50 48 47 39 33 30 30 31 31 31 32 32 32 32 32 32 32 32 32 32 32 32 32 32 32 32 34 34 35 36 36 36 36 38 38 38 38 40 39 39 41 43 45 52 59 71 80 84 80 58 30 9 4 22 45 61 61 43 16 0 0 3 12 26 43 60 80 91 99 97 94 86 81 75 72 71 63 60 55 51 50 48 48 43 41 38 38 38 38 37 37 37 33 33 33 31 31 31 31 31 28 26 26 26 28 30 32 32 33 33 35 37 39 39 39 41 42 52 65 78 86 80 60 44 27 23 37 67 99 133 162 179 191 199 200 200 205 210 222 230 235 235 238 241 243 247 246 245 243 241 241 241 241 241 241 241 241 241 241 240 240 240 239 241 243 244 243 243 243 243 241 241 241 241 239 239 239 239 237 237 239 239 239 239 239 239 239 239 239 239 239 239 239 239 239 239 239 239 239 239 239 239 239 239 239 239 239 239 239 239 239 239 239 239 239 239 239 239 239 239 239 239 239 239 239 239 239 239 236 236 236 236 236 236 236 236 236 236 236 236 236 236 236 236 236 236 236 236 236 236 236 236 236 236 236 236 236 236 236 236 236 236 236 236 236 236 236 236 236 236 236 236 236 236 236 236 236 236 236 236 236 236 236 236 236 236 236 236 236 236 236 236 236 236 236 236 236 236 236 236 236 236 236 236 236 236 236 236 237 237 238 238 238 239 239 239 238 238 238 238 238 238 238 238 240 240 240 240 240 240 240 240 240 240 240 240 240 240 240 240 243 243 243 243 243 243 243 243 244 244 244 244 244 244 244 244 244 244 244 244 244 244 244 244 245 245 245 245 245 245 245 245 244 244 244 244 244 244 244 244 243 243 243 242 242 242 241 241 238 238 240 239 239 238 240 240 241 241 242 242 242 242 242 242 242 242 242 242 241 241 241 240 241 241 241 241 241 241 241 241 238 238 239 241 242 243 245 245 244 244 244 244 244 244 244 244 242 242 242 242 242 242 240 240 240 240 238 238 238 238 236 236 0 0 0 0 0 0 0 0
0 0 0 0 0 0 0 0 215 215 217 217 219 218 220 220 222 223 224 224 227 227 228 230 235 237 237 237 237 237 237 237 238 237 236 238 241 241 243 242 244 244 246 246 246 246 246 244 244 238 235 233 236 233 224 215 212 210 212 216 218 212 198 184 159 138 116 80 55 46 47 74 107 143 149 147 113 77 17 0 0 0 20 40 60 76 84 87 94 97 104 97 75 42 16 6 0 0 16 32 56 83 108 117 122 109 93 84 83 87 89 83 84 76 66 51 41 39 37 33 33 30 31 31 31 32 32 32 32 32 32 32 32 32 32 32 30 30 32 32 34 34 35 35 36 38 38 38 38 40 40 40 40 42 42 43 44 45 50 57 66 76 86 87 75 49 21 3 7 22 39 45 38 24 11 2 12 19 34 52 67 84 95 100 96 90 87 78 74 69 67 66 55 49 46 42 41 39 39 35 33 31 31 31 31 31 31 30 31 31 31 31 31 31 31 31 28 28 28 28 30 30 32 32 33 33 35 35 37 37 39 41 39 52 69 80 85 74 49 30 11 17 44 87 125 158 180 188 196 201 199 200 204 212 223 232 236 238 240 243 245 247 246 244 243 241 241 241 241 241 241 241 241 241 240 240 240 239 239 241 243 244 243 243 243 243 241 241 241 241 239 239 239 239 237 237 239 239 239 239 239 239 239 239 239 239 239 239 239 239 239 239 239 239 239 239 239 239 239 239 239 239 239 239 239 239 239 239 239 239 239 239 239 239 239 239 239 239 239 239 239 239 239 239 236 236 236 236 236 236 236 236 236 236 236 236 236 236 236 236 236 236 236 236 236 236 236 236 236 236 236 236 236 236 236 236 236 236 236 236 236 236 236 236 236 236 236 236 236 236 236 236 236 236 236 236 236 236 236 236 236 236 236 236 236 236 236 236 236 236 236 236 236 236 236 236 236 236 236 236 236 236 236 236 237 237 237 238 238 238 239 239 238 238 238 238 238 238 238 238 239 239 239 239 239 239 239 239 239 239 239 239 239 239 239 239 243 243 243 243 243 243 243 243 244 244 244 244 244 244 244 244 244 244 244 244 244 244 244 244 245 245 245 245 245 245 245 245 244 244 244 244 244 244 244 244 243 243 243 242 242 242 241 241 240 240 240 239 239 238 240 240 242 242 242 242 244 244 244 242 242 241 241 241 240 240 240 240 239 239 239 239 239 239 239 239 237 237 239 240 241 243 244 244 244 244 244 244 244 244 244 244 242 242 242 242 242 242 240 240 241 241 239 239 239 239 237 237 0 0 0 0 0 0 0 0
0 0 0 0 0 0 0 0 214 214 214 216 216 219 219 221 219 221 222 223 224 227 228 230 233 235 237 237 237 237 237 237 237 236 236 237 240 242 241 240 247 247 247 247 248 248 247 247 245 242 238 238 238 235 230 223 220 217 220 222 222 218 207 197 188 173 156 118 85 65 59 82 119 155 154 138 93 54 6 0 18 34 59 80 98 110 120 120 114 116 119 110 84 43 14 2 1 13 21 20 24 44 70 86 113 109 107 101 98 96 91 81 75 65 56 45 38 34 34 30 33 31 31 31 32 32 32 33 32 32 32 32 32 32 32 32 30 30 32 32 34 34 35 35 39 39 41 41 41 43 43 43 43 45 44 44 46 50 55 62 72 82 90 88 68 38 11 0 0 6 10 10 11 13 23 29 53 60 72 78 82 87 89 84 78 76 76 75 71 66 58 52 48 44 40 35 33 33 32 30 27 25 26 26 28 27 26 26 26 28 28 28 30 30 30 30 30 28 30 30 30 32 32 32 33 33 35 35 37 37 39 42 36 51 68 78 77 62 36 20 17 30 66 108 140 166 180 184 198 206 206 206 211 219 228 234 238 239 240 243 245 247 246 244 242 240 240 240 240 240 240 240 240 240 240 240 239 239 239 240 242 243 242 242 242 242 240 240 241 241 239 239 239 239 237 237 239 239 239 239 239 239 239 239 239 239 239 239 239 239 239 239 239 239 239 239 239 239 239 239 238 238 238 238 238 238 238 238 239 239 239 239 239 239 239 239 239 239 239 239 239 239 239 239 235 235 235 235 235 235 235 235 235 235 235 235 235 235 235 235 236 236 236 236 236 236 236 236 235 235 235 235 235 235 235 235 235 235 235 235 235 235 235 235 235 235 235 235 235 235 235 235 235 235 235 235 235 235 235 235 235 235 235 235 235 235 235 235 235 235 235 235 235 235 235 235 235 235 235 235 235 235 235 235 236 237 237 237 238 238 238 238 237 237 237 237 237 237 237 237 237 237 237 237 237 237 237 237 237 237 237 237 237 237 237 239 242 242 242 242 242 242 242 242 243 243 243 243 243 243 243 243 243 243 243 243 243 243 243 243 244 244 244 244 244 244 244 244 243 243 243 243 243 243 243 243 243 242 242 242 241 241 241 240 240 240 240 239 239 238 240 240 241 241 241 241 243 243 243 243 242 241 240 240 240 239 239 239 238 238 238 238 238 238 238 238 237 237 238 239 240 241 242 243 243 243 243 243 243 243 243 243 241 241 241 241 241 241 239 239 240 240 238 238 238 238 236 236 0 0 0 0 0 0 0 0
0 0 0 0 0 0 0 0 211 212 212 214 214 217 218 220 218 220 220 222 222 223 224 226 230 231 233 233 233 233 233 233 232 232 234 236 240 242 243 242 247 247 247 247 248 248 248 247 246 244 243 241 240 238 235 231 225 223 224 222 221 217 210 205 203 194 184 148 112 84 70 91 115 154 154 132 81 44 5 9 33 55 84 101 111 117 124 122 120 122 123 112 84 50 25 14 26 46 57 47 28 23 36 49 78 86 97 96 94 91 84 73 66 54 48 42 39 33 30 27 33 31 31 32 32 32 33 33 32 32 32 32 32 32 32 32 30 30 32 32 34 34 35 35 39 39 41 43 43 45 45 45 45 46 45 46 50 54 58 65 74 85 92 86 62 26 1 0 0 0 1 2 9 24 46 59 88 93 94 90 85 83 78 69 63 62 63 64 62 57 49 42 42 38 33 29 27 26 26 24 18 19 20 20 22 22 21 22 25 26 28 28 30 30 32 32 32 30 32 32 32 33 33 33 35 35 37 37 39 39 39 42 37 56 74 80 73 54 29 14 28 47 86 122 145 167 178 180 201 208 210 215 219 223 228 231 237 238 239 243 246 248 248 245 244 242 242 242 242 242 242 242 242 242 242 241 241 241 240 240 242 243 242 242 242 242 240 240 241 241 239 239 239 239 237 237 239 239 239 239 239 239 239 239 239 239 239 239 239 239 239 239 239 239 239 239 239 239 239 239 238 238 238 238 238 238 238 238 239 239 239 239 239 239 239 239 239 239 239 239 239 239 239 239 237 237 237 237 237 237 237 237 237 237 237 237 237 237 237 237 238 238 238 238 238 238 238 238 237 237 237 237 237 237 237 237 235 235 235 235 235 235 235 235 235 235 235 235 235 235 235 235 237 237 237 237 237 237 237 237 237 237 237 237 237 237 237 237 237 237 237 237 237 237 237 237 237 237 237 237 237 237 237 237 238 238 239 239 239 240 240 240 239 239 239 239 239 239 239 239 238 238 238 238 238 238 238 238 238 238 238 238 238 238 238 238 242 242 242 242 242 242 242 242 243 243 243 243 243 243 243 243 243 243 243 243 243 243 243 243 244 244 244 244 244 244 244 244 245 245 245 245 245 245 245 245 244 243 243 243 242 242 242 241 240 240 242 241 241 240 241 241 241 241 243 243 243 243 243 243 241 241 241 240 240 240 239 239 238 238 238 238 238 238 238 238 239 239 239 240 241 241 241 242 243 243 243 243 243 243 243 242 240 240 240 240 240 240 238 238 238 238 236 236 236 236 234 234 0 0 0 0 0 0 0 0
0 0 0 0 0 0 0 0 206 207 207 210 211 214 215 217 216 217 219 218 220 219 218 220 227 229 229 229 229 230 230 230 228 227 230 234 238 242 243 242 246 246 246 246 248 248 248 248 246 245 244 242 240 239 238 236 226 225 223 220 217 213 211 207 204 197 193 157 120 88 69 88 103 146 151 131 79 42 10 19 36 61 90 104 107 110 113 111 104 104 100 90 64 34 13 8 34 65 89 78 51 33 35 41 41 59 79 83 81 80 76 66 55 46 40 38 36 31 27 23 31 31 31 32 32 33 33 33 32 32 32 32 32 32 32 32 30 30 32 32 34 34 35 35 39 39 41 43 43 43 45 45 45 46 47 48 51 56 62 69 78 87 93 85 54 18 0 0 0 4 14 21 30 47 67 79 86 89 90 83 80 80 77 66 60 57 54 52 51 49 45 40 35 32 26 22 20 19 21 19 16 16 19 20 20 21 21 22 25 26 28 30 30 32 33 33 33 33 33 33 35 35 35 35 35 37 37 39 39 39 39 44 44 64 80 82 72 53 28 15 27 49 92 128 150 171 185 190 202 211 214 218 222 226 227 227 237 238 240 242 246 248 248 245 244 242 242 242 242 242 242 242 242 242 242 241 241 240 240 240 243 243 242 242 242 242 240 240 241 241 239 239 239 239 237 237 239 239 239 239 239 239 239 239 239 239 239 239 239 239 239 239 239 239 239 239 239 239 239 239 238 238 238 238 238 238 238 238 239 239 239 239 239 239 239 239 239 239 239 239 239 239 239 239 237 237 237 237 237 237 237 237 237 237 237 237 237 237 237 237 238 238 238 238 238 238 238 238 237 237 237 237 237 237 237 237 235 235 235 235 235 235 235 235 235 235 235 235 235 235 235 235 237 237 237 237 237 237 237 237 237 237 237 237 237 237 237 237 237 237 237 237 237 237 237 237 237 237 237 237 237 237 237 237 238 238 238 239 239 240 240 240 239 239 239 239 239 239 239 239 237 237 237 237 237 237 237 237 237 237 237 237 237 237 237 237 242 242 242 242 242 242 242 242 243 243 243 243 243 243 243 243 243 243 243 243 243 243 243 243 243 243 243 243 243 243 243 243 244 244 244 244 244 244 244 244 243 243 242 242 242 241 241 241 240 240 242 241 241 240 241 241 241 241 243 243 243 243 243 243 243 241 240 240 240 239 239 239 238 238 238 238 238 238 238 238 239 240 240 240 240 240 240 240 242 242 242 242 242 242 242 242 241 239 239 239 239 239 237 237 236 236 234 234 234 234 232 232 0 0 0 0 0 0 0 0
0 0 0 0 0 0 0 0 201 202 203 206 207 208 208 210 214 214 216 215 216 216 215 217 220 221 221 221 221 223 223 223 228 228 229 230 234 235 236 237 238 238 241 241 244 244 245 245 244 244 242 239 239 238 235 231 226 221 219 218 215 212 209 205 210 206 196 168 126 89 81 83 105 135 142 121 94 60 36 41 61 78 96 107 108 107 108 105 98 94 90 79 48 15 14 31 53 97 118 101 79 56 39 31 23 33 54 66 68 67 64 61 56 46 40 35 31 28 27 26 32 32 32 32 32 32 32 32 32 32 32 32 32 32 32 32 33 33 33 33 35 35 36 36 37 38 38 41 41 40 42 41 44 45 46 47 52 55 61 68 77 86 96 75 44 10 0 0 4 25 36 47 65 76 84 90 92 87 85 82 78 71 67 61 57 53 52 49 45 41 38 34 30 27 25 21 19 19 19 18 17 15 17 18 19 20 22 24 27 29 31 33 34 34 36 36 35 35 35 35 37 37 37 37 37 39 39 41 41 41 41 46 47 66 81 86 74 52 29 20 33 61 98 130 156 174 185 197 208 216 218 221 225 227 232 234 238 240 241 242 244 245 246 244 244 242 242 242 242 242 242 242 241 241 241 240 240 239 239 239 243 243 242 242 242 242 240 240 241 241 239 239 239 239 237 237 239 239 239 239 239 239 239 239 239 239 239 239 239 239 239 239 238 238 238 238 238 238 238 238 238 238 238 238 238 238 238 238 239 239 239 239 239 239 239 239 239 239 239 238 238 237 237 237 237 237 237 237 237 237 237 237 237 237 238 239 239 239 238 238 237 237 237 237 237 237 237 237 237 237 237 237 237 237 237 237 235 235 235 235 235 235 235 235 235 235 235 235 235 235 235 235 237 237 237 237 237 237 237 237 237 237 237 237 237 237 237 237 237 237 237 237 237 237 237 237 238 238 238 238 238 238 238 238 238 238 238 238 238 238 238 238 240 240 240 240 240 240 240 240 238 238 238 237 237 236 236 236 237 237 237 237 237 237 237 237 242 242 242 242 242 242 242 242 242 242 242 242 242 242 242 242 243 243 243 243 243 243 243 243 242 242 242 242 242 242 242 242 242 242 242 242 242 242 242 242 242 242 242 242 242 242 242 242 241 241 241 241 242 242 242 242 244 244 244 244 246 246 246 244 243 243 243 242 242 241 241 241 241 241 241 241 241 241 241 241 242 242 241 241 241 241 241 240 240 240 240 241 241 242 242 241 241 237 235 234 235 237 237 239 240 240 237 236 235 234 231 230 0 0 0 0 0 0 0 0
0 0 0 0 0 0 0 0 191 192 194 195 198 199 201 201 203 205 206 207 209 210 210 213 219 221 223 223 223 223 225 225 223 223 223 224 225 225 225 225 227 228 230 232 233 234 235 237 242 242 239 237 236 233 230 227 223 218 216 215 215 214 211 208 208 205 198 172 132 96 85 82 99 127 138 125 109 81 61 61 78 91 108 112 109 106 102 98 91 87 85 70 39 8 11 33 73 120 144 131 105 74 49 36 20 27 40 51 59 63 64 62 53 46 38 34 30 27 26 24 32 32 32 32 32 32 32 32 32 32 32 32 32 32 32 32 33 33 33 33 35 35 35 36 35 36 36 37 39 38 38 39 42 44 44 47 49 55 61 68 80 84 89 65 35 3 0 0 17 42 59 70 85 93 96 101 89 83 78 73 68 64 61 56 50 46 45 41 39 37 33 30 28 25 23 21 19 19 19 18 19 17 19 19 21 22 26 27 29 33 34 36 38 38 40 40 39 39 39 39 41 41 41 41 41 41 42 42 42 42 42 48 51 67 81 84 72 50 29 21 37 66 103 136 162 177 190 201 212 217 220 223 226 229 234 236 238 240 241 242 244 245 246 244 244 242 242 242 242 242 242 242 241 241 240 240 240 239 239 241 243 243 242 242 242 242 240 240 241 241 239 239 239 239 237 237 239 239 239 239 239 239 239 239 239 239 239 239 239 239 239 239 238 238 238 238 238 238 238 238 238 238 238 238 238 238 238 238 239 239 239 239 239 239 239 239 239 239 238 238 238 237 237 237 237 237 237 237 237 237 237 237 237 237 238 239 239 238 238 237 237 237 237 237 237 237 237 237 237 237 237 237 237 237 237 237 235 235 235 235 235 235 235 235 235 235 235 235 235 235 235 235 237 237 237 237 237 237 237 237 237 237 237 237 237 237 237 237 237 237 237 237 237 237 237 237 238 238 238 238 238 238 238 238 238 238 238 238 238 238 238 238 240 240 240 240 240 240 240 240 238 238 238 237 237 236 236 236 237 237 237 237 237 237 237 237 242 242 242 242 242 242 242 242 242 242 242 242 242 242 242 242 243 243 243 243 243 243 243 243 242 242 242 242 242 242 242 242 242 242 242 242 242 242 242 242 242 242 242 242 242 242 242 242 241 241 241 241 242 242 242 242 244 244 244 244 246 246 246 246 243 243 242 242 242 241 241 241 241 241 241 241 241 241 241 241 242 241 241 241 241 240 240 240 239 240 240 240 241 241 242 240 238 235 234 234 234 236 235 236 240 240 237 236 235 235 232 232 0 0 0 0 0 0 0 0
0 0 0 0 0 0 0 0 189 189 191 191 193 192 193 193 193 194 196 197 200 201 202 205 204 205 207 207 209 209 211 211 215 216 218 219 222 222 223 223 225 225 227 228 229 231 234 234 236 236 234 231 230 226 224 221 219 217 216 215 215 215 212 209 207 205 200 177 141 106 90 81 87 110 128 130 126 108 92 89 97 107 115 115 108 103 98 95 90 88 85 67 33 3 12 37 65 113 142 134 114 85 62 49 45 44 47 52 56 60 62 58 52 45 40 34 31 29 27 25 32 32 32 32 32 32 32 32 32 32 32 32 32 32 32 32 35 35 35 35 33 33 33 35 34 35 35 36 36 35 35 35 40 41 43 45 48 52 59 68 78 79 77 50 23 0 0 3 31 62 83 93 102 100 97 98 82 75 70 65 60 56 55 50 45 41 39 38 35 32 30 27 27 25 23 23 21 21 21 21 22 22 24 23 25 26 29 31 33 36 38 40 42 43 45 45 44 44 44 44 44 44 44 44 44 44 44 44 44 44 44 49 55 72 83 81 67 46 27 21 42 72 111 143 166 181 194 206 214 221 224 226 228 231 234 236 238 240 241 242 242 243 244 243 244 244 244 244 244 244 244 244 243 242 242 242 241 241 241 241 242 242 241 241 241 241 239 239 241 241 239 239 239 239 237 237 239 239 239 239 239 239 239 239 239 239 239 239 239 239 239 239 238 238 238 238 238 238 238 238 238 238 238 238 238 238 238 238 239 239 239 239 239 239 239 239 239 238 238 238 237 237 237 237 237 239 239 239 239 239 239 239 239 239 240 240 240 240 239 239 238 238 238 238 238 238 238 238 238 238 238 239 239 239 239 237 235 235 235 235 235 235 235 235 235 235 235 235 235 235 235 235 237 239 239 239 239 239 239 239 239 239 239 239 239 239 239 239 239 239 239 239 239 239 239 239 240 240 240 240 240 240 240 240 240 240 240 240 240 240 240 240 242 242 242 242 242 242 242 242 240 240 240 239 239 238 238 238 239 239 239 239 239 239 239 239 242 242 242 242 242 242 242 242 242 242 242 242 242 242 242 242 243 243 243 243 243 243 243 243 242 242 242 242 242 242 242 242 243 243 243 243 243 243 243 243 243 243 243 243 243 243 243 243 242 242 242 242 242 242 244 244 244 244 246 246 246 246 248 246 243 242 242 242 241 241 241 241 241 241 241 241 241 241 241 241 241 241 241 240 240 239 239 239 239 239 239 239 240 240 240 238 235 233 234 234 234 235 233 233 238 238 236 235 235 234 231 231 0 0 0 0 0 0 0 0
0 0 0 0 0 0 0 0 188 187 188 187 187 184 184 183 184 184 186 187 190 190 191 193 198 200 202 202 204 204 206 206 203 204 208 211 215 218 220 221 222 222 223 225 227 229 231 231 229 229 229 228 225 224 222 219 217 215 216 216 218 216 214 212 206 206 202 182 150 115 92 75 75 90 116 133 140 131 119 111 112 115 117 110 101 98 99 96 93 93 91 69 30 1 11 36 63 106 134 130 119 101 86 80 73 64 62 60 62 63 62 57 50 46 41 35 32 30 28 27 32 32 32 32 32 32 32 32 32 32 32 32 32 32 32 32 35 35 35 35 33 33 33 33 32 31 31 32 32 31 31 32 35 39 40 43 46 50 56 65 74 71 67 40 16 0 0 16 43 76 100 106 104 92 82 81 75 67 60 55 49 47 47 45 40 39 36 34 31 31 28 27 27 25 25 25 25 25 25 25 26 28 28 28 30 31 34 36 38 40 43 45 47 47 49 49 48 48 48 48 48 48 48 48 48 48 48 48 48 48 48 51 63 75 83 80 64 41 25 21 46 79 118 150 170 183 197 209 217 223 225 228 230 233 236 236 238 240 241 240 242 242 243 243 243 243 243 243 243 243 243 243 242 242 242 241 241 241 240 240 241 241 240 240 240 240 238 238 240 240 238 238 238 238 236 236 238 238 238 238 238 238 238 238 238 238 238 238 238 238 238 238 238 238 238 238 238 238 238 238 238 238 238 238 238 238 238 238 238 238 238 238 238 238 238 238 238 238 238 237 237 237 236 236 239 239 239 239 239 239 239 239 239 240 240 240 240 239 238 238 237 237 237 237 237 237 237 237 237 238 238 238 238 239 239 237 237 235 235 235 235 235 235 235 235 235 235 235 235 235 235 235 239 239 239 239 239 239 239 239 239 239 239 239 239 239 239 239 239 239 239 239 239 239 239 239 240 240 240 240 240 240 240 240 240 240 240 240 240 240 240 240 241 241 241 241 241 241 241 241 240 240 240 239 239 238 238 238 239 239 239 239 239 239 239 239 242 242 242 242 242 242 242 242 242 242 242 242 242 242 242 242 242 242 242 242 242 242 242 242 241 241 241 241 241 241 241 241 242 242 242 242 242 242 242 242 242 242 242 242 242 242 242 242 241 241 241 241 241 241 243 243 243 243 245 245 245 245 247 247 244 242 242 241 241 241 240 240 240 240 240 240 240 240 240 240 241 241 240 240 239 238 238 238 238 238 238 238 238 238 238 236 234 232 233 234 235 234 232 232 233 233 231 231 231 231 228 228 0 0 0 0 0 0 0 0
0 0 0 0 0 0 0 0 171 171 173 173 175 175 176 175 176 176 178 178 179 179 181 183 187 188 190 190 192 192 194 195 194 195 199 201 206 209 212 213 211 211 212 214 216 218 219 221 221 221 223 222 223 222 222 221 215 214 216 218 220 220 218 216 206 207 203 186 158 125 97 71 64 71 101 129 142 145 139 129 125 122 116 104 95 94 97 96 97 98 95 71 32 4 8 25 52 90 116 121 121 109 97 93 82 73 70 68 70 69 65 58 50 46 42 38 34 31 28 27 32 32 32 32 32 32 32 32 32 32 32 32 32 32 32 32 35 36 35 35 33 33 31 31 30 29 28 29 27 26 26 28 32 35 38 41 43 48 54 62 69 66 60 32 11 0 0 20 50 81 105 107 101 84 69 67 66 57 51 45 42 39 40 40 38 36 34 31 31 29 28 27 28 27 27 28 28 30 30 30 31 33 33 34 35 36 38 40 43 45 47 49 50 52 54 54 51 51 51 51 49 49 49 49 49 49 49 49 49 49 49 53 68 80 87 79 61 38 25 25 52 86 127 158 175 184 198 212 217 223 225 228 230 233 236 236 238 238 239 240 241 240 241 241 243 243 243 243 243 243 243 243 242 242 241 241 241 240 240 240 241 241 240 240 240 240 238 238 240 240 238 238 238 238 236 236 238 238 238 238 238 238 238 238 238 238 238 238 238 238 238 238 238 238 238 238 238 238 238 238 238 238 238 238 238 238 238 238 238 238 238 238 238 238 238 238 238 238 237 237 237 236 236 236 239 239 239 239 239 239 239 239 239 240 240 240 239 238 237 237 237 237 237 237 237 237 237 237 236 237 237 238 238 239 239 237 237 235 235 235 235 235 235 235 235 235 235 235 235 235 235 235 239 239 239 239 239 239 239 239 239 239 239 239 239 239 239 239 239 239 239 239 239 239 239 239 240 240 240 240 240 240 240 240 240 240 240 240 240 240 240 240 241 241 241 241 241 241 241 241 240 240 240 239 239 238 238 238 239 239 239 239 239 239 239 239 242 242 242 242 242 242 242 242 242 242 242 242 242 242 242 242 242 242 242 242 242 242 242 242 241 241 241 241 241 241 241 241 242 242 242 242 242 242 242 242 242 242 242 242 242 242 242 242 241 241 241 241 243 243 243 243 245 245 245 245 247 247 247 247 244 244 243 243 243 242 242 242 242 242 242 242 242 242 242 242 243 243 242 241 240 239 239 238 238 238 238 238 238 238 238 236 233 232 233 233 234 234 231 231 228 228 226 226 227 227 225 225 0 0 0 0 0 0 0 0
0 0 0 0 0 0 0 0 147 150 154 161 166 172 175 178 177 178 180 179 181 181 180 182 181 183 183 185 185 187 187 188 196 198 199 202 203 204 207 207 205 205 206 208 210 210 212 214 217 218 219 220 220 221 222 221 213 214 217 219 221 221 220 218 207 207 202 188 166 137 107 76 57 54 81 112 128 139 145 137 134 127 119 105 95 92 95 94 95 97 94 76 42 13 8 14 23 57 85 104 117 113 104 99 96 88 81 78 77 72 65 57 49 45 42 39 35 33 29 26 32 32 32 32 32 32 32 32 32 32 32 32 32 32 32 32 36 36 35 35 33 33 31 29 28 28 26 25 25 22 22 25 29 33 36 39 41 46 53 59 67 64 61 34 11 0 0 19 44 72 94 94 89 72 59 57 55 48 43 38 37 36 35 36 36 34 33 32 30 31 29 28 28 30 30 30 32 34 34 34 36 36 38 39 41 42 43 45 47 49 52 52 54 56 57 56 55 53 55 53 53 53 53 51 53 51 53 51 51 51 51 55 69 83 89 79 59 37 25 25 56 92 134 163 177 187 199 215 219 223 225 228 230 233 236 236 238 238 239 239 239 240 241 241 242 242 242 242 242 242 242 242 241 241 241 241 240 240 240 239 240 240 239 239 239 239 237 237 239 239 237 237 237 237 235 235 237 237 237 237 237 237 237 237 237 237 237 237 237 237 237 237 238 238 238 238 238 238 238 238 238 238 238 238 238 238 238 238 237 237 237 237 237 237 237 237 237 237 237 237 236 236 236 237 239 239 239 239 239 239 239 239 239 240 240 240 239 238 236 236 236 236 236 236 236 236 236 236 236 236 236 237 238 238 239 239 237 235 235 235 235 235 235 235 235 235 235 235 235 235 235 237 239 239 239 239 239 239 239 239 239 239 239 239 239 239 239 239 239 239 239 239 239 239 239 239 240 240 240 240 240 240 240 240 240 240 240 240 240 240 240 240 240 240 240 240 240 240 240 240 240 240 240 239 239 238 238 238 239 239 239 239 239 239 239 239 242 242 242 242 242 242 242 242 242 242 242 242 242 242 242 242 241 241 241 241 241 241 241 241 240 240 240 240 240 240 240 240 241 241 241 241 241 241 241 241 241 241 241 241 241 241 241 241 240 240 240 240 242 242 242 242 244 244 244 244 246 246 246 246 243 243 243 243 242 242 242 241 241 241 241 241 241 241 241 241 243 242 241 240 239 238 237 237 237 237 237 237 236 236 236 234 232 230 230 230 231 231 230 230 226 226 224 225 226 226 225 225 0 0 0 0 0 0 0 0
0 0 0 0 0 0 0 0 120 124 131 141 150 160 165 169 173 173 175 175 178 178 178 179 188 190 190 192 192 193 195 197 194 196 197 197 200 200 202 202 202 204 205 206 208 209 211 212 214 214 215 216 217 218 217 217 211 210 214 217 220 222 221 219 209 207 202 189 172 149 119 85 59 44 60 84 96 115 132 127 128 123 116 104 97 96 95 92 90 92 93 84 60 31 16 13 10 36 60 82 107 115 111 110 102 95 88 81 76 69 62 55 50 45 41 39 37 32 29 27 32 32 32 32 32 32 32 32 32 32 32 32 32 32 32 32 36 36 36 35 33 33 31 29 27 26 24 23 21 20 19 21 27 31 33 37 40 44 50 57 66 66 64 41 20 3 0 23 39 63 80 79 76 63 54 52 48 42 39 37 35 34 33 33 36 36 35 33 31 32 30 31 30 32 32 34 35 37 37 39 42 42 44 43 44 45 47 49 50 52 56 56 57 57 59 59 56 55 56 55 55 55 55 53 55 53 55 53 53 53 53 56 70 82 88 79 59 36 25 25 58 97 138 166 179 188 200 215 219 223 225 228 230 233 236 236 237 237 238 239 239 238 239 239 242 243 243 243 243 243 243 243 242 242 242 241 241 241 240 240 239 239 238 238 238 238 236 236 239 239 237 237 237 237 235 235 237 237 237 237 237 237 237 237 237 237 237 237 237 237 237 237 238 238 238 238 238 238 238 238 238 238 238 238 238 238 238 238 237 237 237 237 237 237 237 237 237 237 237 236 236 236 235 237 239 240 240 240 240 240 240 240 241 241 241 240 239 238 237 236 236 236 236 236 236 236 236 236 236 236 237 238 239 239 240 239 237 235 235 235 235 235 235 235 235 235 235 235 235 235 235 237 239 240 240 240 240 240 240 240 240 240 240 240 240 240 240 240 240 240 240 240 240 240 240 240 241 241 241 241 241 241 241 241 241 241 241 241 241 241 241 241 241 241 241 241 241 241 241 241 241 241 241 240 240 239 239 239 240 240 240 240 240 240 240 240 242 242 242 242 242 242 242 242 242 242 242 242 242 242 242 242 241 241 241 241 241 241 241 241 240 240 240 240 240 240 240 240 241 243 243 243 243 243 243 243 243 243 243 243 243 243 243 243 240 240 240 240 242 242 244 244 244 244 246 246 246 246 246 246 243 243 243 242 242 242 241 241 241 241 241 241 241 241 241 241 243 242 241 240 239 237 236 236 237 236 236 236 235 235 234 232 230 227 226 226 226 227 227 228 228 228 227 227 228 229 228 228 0 0 0 0 0 0 0 0
0 0 0 0 0 0 0 0 88 93 100 112 122 132 139 144 150 152 155 156 159 160 161 163 164 166 166 168 168 170 171 173 175 176 181 182 184 186 189 189 192 194 196 196 198 199 202 203 208 208 211 211 211 212 212 210 208 207 211 214 217 219 219 217 207 206 201 191 179 161 132 98 67 41 48 66 71 92 117 115 119 116 114 105 101 99 97 93 88 92 97 92 75 49 29 17 3 18 30 49 74 88 89 90 84 78 74 70 68 65 63 60 47 44 42 40 36 33 30 28 34 34 34 34 34 32 32 32 32 32 32 32 32 32 32 32 35 36 36 35 33 31 29 29 27 26 24 23 21 20 19 21 26 31 32 34 38 42 46 52 61 61 64 43 23 6 0 23 37 59 71 68 66 57 49 48 44 40 36 35 33 33 33 34 36 36 35 32 32 33 33 34 34 35 35 37 39 41 43 44 45 47 49 48 50 52 54 56 57 59 59 61 61 63 63 61 60 58 58 58 58 58 56 56 56 56 56 56 56 55 56 62 73 87 92 82 59 35 25 28 60 99 143 170 181 187 200 215 219 224 227 230 232 235 236 237 238 238 239 239 239 240 239 241 242 243 243 243 243 243 243 243 242 242 242 241 241 240 240 240 239 239 238 238 238 238 238 236 241 239 239 239 239 239 237 237 237 237 239 237 239 237 239 237 239 237 239 237 239 237 239 237 240 238 240 238 240 238 240 238 240 238 240 238 240 238 240 238 239 237 239 237 239 237 239 237 239 237 239 236 238 235 237 237 239 240 240 240 240 240 240 240 241 241 241 240 239 238 237 236 236 236 236 236 236 236 236 236 235 236 237 237 238 239 240 239 237 235 235 235 235 235 235 235 235 235 235 235 235 235 235 237 239 239 240 240 240 240 240 240 240 240 240 240 240 240 240 240 240 240 240 240 240 240 240 240 241 241 241 241 241 241 241 241 241 241 241 241 241 241 241 241 241 241 241 241 241 240 241 241 241 241 241 240 240 239 239 239 240 240 240 240 240 240 240 239 242 242 242 242 242 242 242 242 242 242 242 242 242 242 242 242 241 241 241 241 241 241 241 241 240 240 240 240 240 240 240 240 241 243 243 243 243 243 243 241 243 241 243 241 243 241 241 241 240 240 240 240 242 242 244 244 244 244 246 246 246 246 247 246 245 243 245 242 244 241 243 241 243 241 243 241 243 241 243 241 242 242 241 240 240 239 239 238 239 239 238 237 237 234 234 231 229 227 225 224 222 224 225 226 230 229 230 231 232 233 232 232 0 0 0 0 0 0 0 0
0 0 0 0 0 0 0 0 57 61 67 78 86 96 104 109 115 115 115 116 119 123 127 130 130 130 131 134 137 138 139 141 142 142 147 152 160 169 175 178 179 180 181 184 187 189 193 197 196 199 200 201 202 205 206 206 206 207 208 211 213 212 210 209 202 200 196 190 189 180 156 125 88 58 43 44 48 57 78 97 102 111 119 115 106 101 101 96 94 98 98 94 93 85 62 34 16 9 11 30 46 52 59 63 54 52 54 55 50 50 54 54 47 44 42 40 38 35 33 32 40 39 36 37 36 35 32 31 30 30 30 30 32 32 32 32 35 35 35 33 33 31 29 29 29 27 27 24 24 21 21 23 26 28 29 31 34 37 40 44 49 57 60 44 20 6 9 16 39 47 55 56 50 45 45 47 42 39 38 36 36 34 34 34 30 31 31 34 34 36 36 38 38 41 44 46 48 50 50 52 50 52 56 56 54 55 59 63 63 65 66 67 68 68 68 67 62 60 62 62 62 61 59 58 60 61 62 63 63 60 61 67 88 97 99 81 63 42 19 33 67 110 146 169 187 193 195 206 217 225 225 229 232 235 237 239 241 240 240 242 243 243 243 242 243 243 243 243 243 243 243 243 242 242 242 241 241 241 240 240 238 238 238 238 238 238 238 237 240 239 239 239 239 239 239 239 240 238 240 238 240 238 240 238 240 238 240 238 240 238 240 238 241 239 242 240 242 241 243 241 243 241 243 240 242 240 241 239 242 241 244 242 244 242 243 240 242 240 242 239 241 239 240 240 241 241 241 241 241 241 241 241 240 240 240 240 239 238 237 236 236 236 236 235 235 234 234 234 233 233 235 236 238 240 241 241 236 236 237 237 238 238 238 238 238 237 237 237 237 237 237 237 238 238 240 240 240 240 241 241 240 240 242 242 242 242 242 242 242 241 241 241 241 242 243 244 243 243 242 242 242 241 241 241 242 242 242 242 242 242 240 240 240 240 239 239 239 237 239 239 239 239 239 239 239 239 239 239 239 239 239 239 239 239 239 239 242 240 240 240 240 240 240 240 239 239 240 240 240 239 238 237 241 241 241 241 241 241 241 241 239 240 240 240 240 240 241 241 243 243 243 242 242 241 241 240 242 241 241 240 241 241 242 242 240 242 242 241 243 243 244 244 245 245 246 246 246 246 248 246 247 245 246 245 245 243 244 243 244 243 244 243 244 243 244 243 239 239 240 241 241 245 247 248 244 245 243 241 239 237 234 234 232 231 228 224 222 223 226 230 225 228 232 231 227 223 226 229 0 0 0 0 0 0 0 0
0 0 0 0 0 0 0 0 41 43 49 53 59 61 65 67 72 73 72 73 75 76 79 80 73 73 76 79 80 80 83 83 84 82 88 97 113 124 130 130 137 140 145 151 156 161 168 170 175 179 184 187 190 191 193 193 200 201 205 206 209 209 208 207 201 196 188 184 186 186 176 156 107 73 48 38 36 41 59 77 90 101 117 119 112 106 102 97 94 98 102 104 108 105 82 55 37 22 12 17 20 17 20 21 20 22 34 41 45 48 51 53 49 47 44 43 42 39 38 38 43 40 39 36 37 35 35 33 30 30 30 30 32 32 32 32 35 35 33 33 33 31 31 29 29 29 27 26 24 23 23 25 27 29 30 31 33 34 39 42 44 52 53 42 23 12 17 22 44 49 56 55 48 43 44 46 37 35 33 32 32 32 32 30 29 27 30 32 34 35 37 40 44 47 49 51 51 53 53 55 56 58 60 60 62 64 68 71 69 71 71 71 71 70 70 67 70 70 70 71 70 69 69 68 65 66 68 69 70 70 70 76 96 107 109 89 70 45 23 42 72 115 149 170 188 193 194 208 217 225 228 229 232 235 239 240 242 241 241 241 244 243 243 242 243 243 243 243 243 243 243 243 242 241 241 241 240 240 240 239 238 238 238 238 238 238 238 238 240 240 240 240 240 240 240 240 239 239 239 239 239 239 239 239 239 239 239 239 239 239 239 239 240 240 241 241 241 242 242 242 243 243 243 243 242 242 241 241 241 242 242 243 243 242 242 241 241 241 241 240 240 240 239 239 241 241 241 241 241 241 241 241 241 241 241 241 240 239 237 237 235 235 235 234 234 234 233 233 234 234 235 236 237 238 239 240 238 236 237 237 237 238 238 238 237 237 237 237 237 237 237 236 238 238 238 238 240 240 241 241 240 240 242 242 242 242 242 242 242 241 241 241 241 242 243 244 243 243 243 243 242 242 242 241 243 243 243 242 242 242 240 240 241 241 240 240 238 238 238 238 240 240 240 240 240 240 240 240 240 240 240 240 240 240 240 240 240 240 240 240 240 240 240 240 240 240 240 240 240 239 238 237 241 241 242 241 242 241 242 241 240 239 240 240 241 240 241 242 243 243 243 242 242 242 241 240 244 242 243 241 242 241 242 242 241 241 242 242 242 243 243 243 243 245 245 245 246 246 246 246 247 245 245 245 244 244 243 243 243 243 243 243 243 243 243 241 239 238 241 241 243 244 246 246 244 244 243 239 237 234 231 231 233 234 233 231 230 226 224 223 220 219 217 212 205 200 200 200 0 0 0 0 0 0 0 0
0 0 0 0 0 0 0 0 56 55 55 53 51 47 47 46 37 39 41 42 41 39 38 37 42 42 44 44 45 44 45 45 52 48 52 62 82 94 98 95 102 103 108 113 119 124 131 136 139 143 150 156 160 164 167 167 169 168 174 180 184 187 191 192 182 178 173 171 174 180 180 169 130 97 65 42 28 24 33 43 62 79 100 114 116 114 112 106 105 106 110 112 121 123 110 92 71 50 28 14 4 0 0 0 0 5 21 32 42 48 54 55 53 47 46 44 42 41 42 42 44 41 40 35 35 32 34 33 30 30 29 29 31 31 34 34 35 35 35 33 33 31 31 29 29 29 27 26 24 23 23 25 27 30 31 33 33 34 40 42 45 51 52 46 36 32 38 41 54 55 59 56 49 44 43 44 34 33 33 32 32 30 30 29 30 30 32 32 34 36 40 42 48 51 51 52 53 55 56 58 64 63 64 65 71 73 76 77 78 80 80 80 80 79 79 79 77 76 75 74 74 74 74 74 78 79 80 81 82 82 82 88 99 111 117 95 69 44 23 44 74 117 151 171 185 191 193 209 217 222 225 228 232 235 239 239 240 239 237 239 242 243 241 240 242 242 242 242 242 242 242 242 241 240 240 240 239 239 239 238 238 238 238 238 238 238 238 238 240 240 240 240 240 240 240 240 238 238 238 238 238 238 238 238 238 238 238 238 238 238 238 238 239 239 239 240 240 240 241 241 243 242 242 242 241 241 241 240 239 240 241 241 241 241 240 239 239 239 239 238 238 238 237 237 240 240 240 240 240 240 240 240 241 241 242 241 240 239 238 237 235 235 234 234 234 233 233 233 235 235 235 236 236 236 237 237 237 237 237 237 238 238 239 239 238 238 238 238 238 238 238 238 239 239 239 239 239 239 240 240 240 240 242 242 242 242 244 244 241 241 241 241 241 242 243 243 244 244 244 243 243 242 242 242 245 245 243 243 243 243 241 241 241 241 240 240 240 240 240 240 240 240 240 240 240 240 240 240 240 240 240 240 240 240 240 240 239 239 239 239 239 239 239 239 240 240 241 241 240 239 238 240 241 241 243 241 243 241 243 241 241 239 241 240 242 241 243 241 244 244 243 243 242 242 242 242 245 243 244 241 243 240 240 239 238 237 238 238 237 239 238 238 240 242 242 242 244 244 244 242 242 242 242 242 241 241 241 241 240 240 240 240 240 240 240 238 237 237 238 238 239 239 240 241 243 241 239 237 234 231 230 230 231 227 225 225 225 222 217 213 209 199 189 179 171 168 167 166 0 0 0 0 0 0 0 0
0 0 0 0 0 0 0 0 91 87 83 75 69 62 60 57 65 67 71 72 72 69 65 64 57 57 58 56 54 51 53 51 48 45 47 51 60 66 67 64 65 67 68 67 70 71 72 75 79 82 88 94 99 103 108 107 116 119 125 133 142 150 156 158 160 163 167 173 178 182 184 178 149 124 96 69 44 29 20 16 34 47 70 91 105 113 119 120 114 116 119 118 123 128 129 124 108 86 56 35 19 8 7 8 9 14 27 39 46 53 57 57 51 47 45 43 44 45 48 48 47 43 41 34 32 29 31 30 31 30 29 28 30 31 34 35 35 35 35 35 33 33 31 31 30 29 29 26 26 23 23 25 28 29 30 32 33 34 38 41 44 47 50 48 48 47 51 53 56 55 55 51 45 40 40 38 33 33 32 30 31 31 30 30 33 32 34 34 36 40 42 45 50 52 55 57 59 61 64 66 69 68 67 71 77 83 82 81 89 88 88 88 88 87 87 90 94 94 93 91 90 91 91 92 90 90 91 91 92 92 92 97 102 117 127 102 72 42 21 46 78 121 156 171 183 187 189 206 215 220 223 224 230 233 235 237 239 238 235 237 240 242 239 238 241 241 241 241 241 241 241 241 240 240 239 239 239 238 238 238 239 239 239 239 239 239 239 239 240 240 240 240 240 240 240 240 237 237 237 237 237 237 237 237 237 237 237 237 237 237 237 237 237 237 238 238 238 239 239 239 240 240 240 239 239 239 238 238 238 238 239 239 239 239 238 238 238 237 237 237 236 236 236 235 239 239 239 239 240 240 240 240 242 242 242 242 241 240 238 237 236 236 235 235 234 234 234 234 236 235 235 235 234 234 234 234 235 234 234 234 235 235 235 236 236 236 236 236 237 237 237 237 238 238 238 238 238 238 239 239 239 239 241 241 241 241 243 243 241 241 240 240 241 241 242 243 244 244 244 244 243 243 242 242 245 245 243 243 243 244 242 242 242 242 241 241 241 241 241 241 241 241 241 241 241 241 241 241 241 241 241 241 241 241 241 241 238 238 238 238 238 238 238 238 240 240 240 241 240 239 238 240 240 242 242 242 242 242 242 242 240 240 240 241 242 242 243 243 246 243 243 243 242 242 244 244 243 243 242 242 243 239 240 237 234 233 233 232 233 232 232 232 235 235 237 237 237 237 237 237 237 235 235 235 235 235 235 235 235 235 235 235 235 235 235 235 231 231 233 234 236 235 235 234 239 239 237 234 231 229 230 226 225 219 212 209 210 208 203 197 168 152 131 120 117 122 128 131 0 0 0 0 0 0 0 0
0 0 0 0 0 0 0 0 120 115 107 97 91 86 87 86 88 90 94 97 98 94 90 89 95 94 93 90 89 85 85 84 84 83 83 77 72 65 62 63 62 62 59 53 51 48 44 46 50 52 55 56 57 60 64 63 66 68 74 81 89 96 104 109 115 122 131 141 149 154 161 162 154 145 133 111 86 60 35 16 21 25 36 54 71 86 103 108 108 114 123 124 125 129 139 143 137 119 93 71 53 43 40 39 38 39 45 51 56 60 63 64 56 51 49 47 48 51 55 53 49 44 43 35 31 26 27 27 33 32 30 29 31 32 35 36 35 35 35 35 33 33 31 31 30 29 29 26 26 25 23 25 28 29 31 33 32 34 37 39 43 44 48 50 50 52 52 55 53 51 49 44 42 40 39 36 30 27 28 27 27 27 27 28 33 33 34 35 36 39 44 47 51 56 60 64 67 70 73 77 79 78 79 83 90 96 97 95 95 93 90 87 84 80 79 82 85 87 85 83 82 82 83 84 85 86 88 90 93 95 97 103 111 127 140 115 83 50 27 52 87 127 158 173 184 187 189 204 211 217 219 222 227 231 232 233 235 234 234 236 239 240 238 237 243 243 243 243 243 243 243 243 242 242 241 241 241 240 240 240 241 241 241 241 241 241 241 241 242 242 242 242 242 242 242 240 237 237 237 237 237 237 237 237 237 237 237 237 237 237 237 237 236 237 237 237 238 238 238 238 238 237 237 237 236 236 236 236 236 237 238 238 238 238 237 236 236 236 236 235 235 235 234 234 237 239 240 240 241 241 242 242 243 243 243 243 242 241 240 239 239 239 238 238 237 237 237 237 238 237 237 236 235 234 234 231 231 231 232 232 232 233 233 233 235 235 236 236 237 237 238 238 238 238 238 238 239 239 239 239 241 241 241 241 243 243 243 243 243 242 242 242 242 243 244 245 246 246 246 245 245 244 244 244 244 244 244 245 243 244 244 244 242 242 242 242 241 241 241 241 241 241 241 241 241 241 241 241 241 241 241 241 241 241 241 241 238 238 238 238 238 238 238 238 239 239 240 240 239 238 237 239 240 242 242 242 242 242 242 242 240 241 241 242 243 244 245 243 245 245 244 244 244 243 245 245 245 245 245 245 246 242 242 239 233 232 232 231 231 231 230 230 231 231 232 232 232 232 232 231 231 231 231 232 232 232 232 232 234 234 234 234 234 234 234 232 229 229 232 233 236 237 236 235 235 233 231 227 225 223 225 223 217 211 207 204 203 194 180 168 134 115 93 83 87 100 114 121 0 0 0 0 0 0 0 0
0 0 0 0 0 0 0 0 132 127 121 114 111 110 113 116 128 131 135 137 139 139 136 134 127 129 129 127 125 122 120 120 127 129 127 118 103 93 88 89 86 85 82 76 71 66 64 63 63 62 62 58 55 54 54 51 41 41 43 45 49 53 58 60 74 78 82 87 93 101 116 128 139 148 152 143 125 102 72 44 34 25 18 22 29 43 59 67 76 89 107 117 119 123 134 142 145 135 120 105 93 83 75 71 62 59 61 63 64 67 68 69 64 60 56 53 53 55 57 56 47 44 43 38 32 27 26 26 33 31 29 28 30 31 34 36 35 35 35 35 35 33 33 31 30 30 29 28 26 25 23 25 28 29 31 31 33 33 35 37 39 42 44 45 46 48 48 50 51 47 44 43 42 42 38 36 26 24 23 24 25 27 26 28 31 34 34 34 36 41 44 49 55 60 67 72 78 81 83 86 92 95 96 98 101 104 107 106 92 88 82 73 65 60 56 55 52 55 54 52 51 50 50 50 62 63 67 72 79 85 90 96 108 126 144 124 95 63 39 62 92 130 161 177 191 194 192 205 210 216 217 220 225 228 231 232 235 234 234 235 238 240 238 237 242 242 242 242 242 242 242 242 243 242 242 242 241 241 241 240 242 242 242 242 242 242 242 242 242 242 242 242 242 242 242 242 238 237 237 237 237 237 237 237 237 237 237 237 237 237 237 237 236 236 237 237 238 238 238 238 237 236 236 236 235 235 235 234 236 236 237 238 238 237 236 236 236 236 235 235 235 234 234 235 238 238 239 239 240 241 241 242 242 242 242 242 241 240 239 238 238 238 238 237 237 237 236 236 237 236 236 235 234 233 232 232 229 229 230 230 231 231 231 231 233 234 234 235 236 236 237 237 238 237 237 237 238 238 238 238 240 240 240 240 242 242 242 242 242 242 241 241 242 243 244 244 245 245 244 244 244 243 243 243 242 242 243 244 242 243 243 244 241 241 241 241 240 240 240 240 240 240 240 240 240 240 240 240 240 240 240 240 240 240 240 240 239 237 237 237 237 237 237 237 238 238 238 238 238 237 236 237 239 241 241 241 241 241 241 241 239 239 240 241 242 243 244 245 243 243 243 242 242 242 243 243 245 246 249 249 249 247 245 242 236 235 236 234 234 233 233 233 230 230 230 230 230 228 230 228 228 228 228 228 229 229 229 229 231 231 231 231 231 231 231 231 229 229 235 236 238 238 239 238 229 225 223 220 217 218 219 215 207 205 207 206 196 175 148 130 108 96 83 82 95 113 130 138 0 0 0 0 0 0 0 0
0 0 0 0 0 0 0 0 125 124 122 121 123 124 126 129 131 132 134 136 136 138 138 140 142 145 145 145 146 144 145 146 141 143 140 136 127 121 116 115 112 111 109 105 101 97 96 96 93 94 93 91 87 83 77 73 67 63 62 61 61 61 63 67 84 84 81 77 70 69 84 100 114 132 149 151 147 136 113 86 69 49 27 15 11 13 22 26 34 40 56 69 80 88 101 109 119 120 121 120 115 109 102 94 79 74 73 70 69 70 70 68 68 64 61 56 54 52 54 50 41 42 45 43 37 33 30 31 35 33 31 29 30 32 34 36 36 36 36 35 35 33 33 31 30 30 29 28 26 25 25 25 27 27 28 28 30 32 34 35 34 37 40 42 42 41 42 43 47 42 40 39 41 40 36 33 27 26 27 28 28 30 30 32 36 38 36 38 40 45 51 56 62 69 78 84 89 91 92 94 100 102 99 95 88 83 82 81 66 61 53 43 34 25 20 20 27 31 31 30 29 27 25 25 25 27 31 37 44 51 57 62 87 109 132 120 96 68 45 66 91 128 155 175 194 199 195 202 210 216 219 221 226 229 232 234 235 234 234 235 238 240 240 239 241 241 241 241 241 241 241 241 244 243 243 243 242 242 242 241 242 242 242 242 242 242 242 242 242 242 242 242 242 242 242 242 239 239 239 239 239 239 239 239 239 239 239 239 239 239 239 239 238 238 238 239 239 239 240 240 239 238 238 238 237 237 237 237 237 237 238 239 239 238 237 237 237 237 236 236 236 235 235 235 237 237 238 239 240 241 241 242 241 241 241 241 240 239 238 237 236 236 235 235 235 234 234 234 235 235 234 234 233 232 232 232 232 232 232 233 233 233 234 234 234 234 235 236 237 238 238 237 237 237 237 237 237 237 239 239 240 240 242 242 242 242 244 244 242 242 241 241 242 242 243 244 244 244 243 243 242 242 242 242 242 243 241 242 243 244 243 243 243 243 241 241 241 241 241 241 241 241 241 241 241 241 241 241 241 241 241 241 241 241 241 240 238 238 238 238 238 238 238 238 238 238 239 239 238 237 237 237 240 242 242 242 242 242 242 242 240 240 241 243 244 245 246 245 242 242 241 241 243 242 242 242 242 243 247 248 248 246 244 241 239 237 239 237 236 236 234 234 231 231 229 229 229 227 229 227 226 227 227 227 228 228 229 229 228 228 228 228 228 228 228 228 229 230 235 237 238 237 235 233 226 223 221 218 216 216 217 212 202 200 197 189 168 140 111 92 73 73 81 97 119 140 152 159 0 0 0 0 0 0 0 0
0 0 0 0 0 0 0 0 107 109 112 117 120 123 123 126 131 131 132 131 133 134 136 139 138 140 143 144 147 147 149 149 153 153 151 152 153 153 149 149 150 150 148 143 139 136 137 137 138 142 146 147 145 138 132 125 113 110 107 104 103 103 105 107 99 96 89 76 57 45 48 62 94 117 137 146 152 154 140 120 102 75 48 28 15 6 9 9 2 0 3 14 29 45 61 69 83 91 106 117 121 120 115 104 90 83 81 79 76 74 72 67 71 69 63 58 54 50 49 44 40 42 47 47 42 37 36 37 36 33 31 29 30 32 34 36 36 36 36 36 35 35 33 33 32 30 30 28 28 25 25 25 27 27 28 28 30 30 32 34 32 34 38 38 37 36 38 40 42 40 38 38 40 39 33 28 31 32 33 36 36 37 37 40 44 46 46 46 49 55 61 68 72 80 87 95 99 100 99 101 97 97 89 77 62 50 44 41 34 30 22 13 3 0 0 0 0 0 0 0 0 0 0 0 0 0 0 0 5 11 16 23 64 89 118 110 91 66 43 62 88 121 149 172 193 200 195 198 210 215 218 221 226 229 232 234 235 234 234 236 238 240 240 239 241 241 241 241 241 241 241 241 244 244 244 243 243 243 242 242 242 242 242 242 242 242 242 242 242 242 242 242 242 242 242 242 241 239 239 239 239 239 239 239 239 239 239 239 239 239 239 239 238 238 238 239 239 240 240 240 240 240 240 239 239 238 238 238 237 238 238 239 239 238 238 237 237 237 237 236 236 235 235 235 236 237 238 238 239 240 241 241 240 240 240 240 239 238 237 236 234 234 233 233 233 232 232 232 234 234 234 233 233 232 232 232 233 233 233 234 234 235 235 235 233 234 234 235 236 237 238 238 237 237 237 237 237 237 239 239 240 240 242 242 242 242 244 244 242 241 241 241 241 242 243 244 243 243 242 242 242 241 241 241 241 242 240 241 242 243 244 242 242 242 240 240 240 240 240 240 240 240 240 240 240 240 240 240 240 240 240 240 240 240 240 240 238 238 238 238 238 238 238 238 237 237 238 238 237 237 236 236 240 242 242 242 242 242 242 242 239 240 241 242 244 245 246 244 243 241 240 240 240 239 241 239 235 236 240 242 242 241 239 238 238 238 238 235 235 234 233 233 230 230 230 228 226 226 226 226 226 226 226 227 227 228 228 228 226 226 226 226 226 226 226 226 226 227 232 231 231 229 226 224 225 223 218 216 214 214 215 210 199 190 179 162 135 105 81 63 62 74 98 129 157 177 188 191 0 0 0 0 0 0 0 0
0 0 0 0 0 0 0 0 98 101 106 111 114 117 116 117 115 114 112 109 109 111 117 121 126 127 128 128 130 130 131 134 133 131 130 134 138 143 142 145 145 146 146 145 142 141 141 141 142 146 151 155 157 155 153 151 144 145 145 146 147 146 146 146 152 144 134 117 88 58 53 64 77 109 141 150 150 151 149 144 126 113 94 78 65 56 47 36 23 9 5 12 18 20 26 29 36 45 63 78 93 103 106 100 89 81 79 79 75 69 66 64 66 66 64 60 49 34 28 26 32 44 50 51 52 43 34 36 35 33 33 33 33 33 33 33 35 35 34 35 34 35 34 34 32 30 30 28 28 27 25 25 28 29 29 29 31 31 33 33 34 34 35 37 37 37 39 39 43 44 43 41 39 37 37 35 37 38 41 41 43 43 41 43 48 52 55 57 63 65 69 74 86 93 97 96 98 95 86 74 68 62 51 40 26 13 14 22 17 16 13 12 11 12 12 14 16 19 21 22 21 19 16 15 17 16 13 11 9 9 10 13 40 57 75 80 67 48 41 49 78 106 137 157 172 185 194 201 215 219 218 219 223 227 228 230 234 234 235 236 237 239 240 241 242 242 243 243 243 244 244 244 242 243 244 245 245 245 245 244 244 244 244 244 244 244 244 244 243 243 243 243 243 243 243 241 241 241 241 241 241 241 241 241 241 241 241 241 241 241 241 241 242 242 242 241 241 241 240 240 241 241 241 240 240 240 239 239 240 239 239 238 238 237 237 237 237 237 237 237 237 237 237 237 238 238 239 239 239 240 240 240 241 241 242 241 240 238 235 234 236 236 236 235 235 235 234 234 234 234 234 234 234 234 234 234 234 234 234 235 235 236 236 237 236 236 236 237 237 238 238 237 233 233 234 234 236 237 237 237 240 240 242 242 242 242 242 242 241 241 241 241 241 241 241 241 241 241 241 241 241 241 241 241 241 241 242 242 242 241 241 241 240 240 240 240 238 238 238 238 239 239 239 239 239 239 239 239 238 238 238 238 238 238 238 236 236 236 236 236 236 236 236 236 235 235 235 235 235 235 235 236 238 240 240 239 239 239 238 238 237 238 239 240 241 242 243 241 240 237 236 236 236 235 239 238 237 235 233 233 234 233 230 229 231 231 229 230 230 230 230 228 226 224 224 223 222 222 222 222 220 220 220 221 221 221 221 221 220 220 220 220 220 220 220 220 223 223 226 224 223 221 221 222 220 219 219 217 212 205 199 188 181 157 136 117 97 73 56 48 58 79 115 151 172 181 182 179 0 0 0 0 0 0 0 0
0 0 0 0 0 0 0 0 89 92 98 103 108 108 108 109 103 102 99 97 97 101 104 108 112 112 113 113 115 116 117 118 122 123 122 124 129 131 131 133 136 137 138 137 138 139 139 141 149 152 157 158 161 162 164 164 170 170 171 170 172 172 171 173 178 170 154 129 97 63 53 60 75 106 135 148 153 158 155 148 147 142 130 120 108 93 77 60 45 31 26 25 22 13 9 3 7 14 28 46 65 82 93 95 98 89 86 83 78 72 69 65 68 66 65 59 44 25 15 13 28 41 51 55 57 48 38 41 39 37 35 33 33 33 33 33 35 35 34 34 35 35 36 34 34 32 30 29 28 27 25 27 29 29 29 29 31 33 33 35 34 35 35 37 37 39 39 41 44 46 44 44 43 41 41 41 41 41 42 42 43 42 43 45 54 60 62 65 73 77 83 87 89 95 96 92 88 82 67 54 39 27 15 10 6 1 2 6 14 16 18 22 26 31 33 36 49 49 50 51 50 49 47 46 36 34 31 27 23 19 17 19 26 40 54 57 47 29 26 34 64 92 122 138 151 168 184 198 215 220 218 221 222 223 226 228 232 234 235 235 237 238 240 240 241 242 242 242 243 243 243 244 242 242 243 244 245 245 244 244 244 244 244 244 244 244 244 244 243 243 243 243 243 243 243 243 241 241 241 241 241 241 241 241 241 241 241 241 241 241 241 241 242 242 241 241 240 240 240 240 241 241 240 240 239 239 239 239 239 239 238 238 238 237 237 237 237 237 237 237 237 237 237 237 238 238 238 239 239 239 240 240 241 241 241 241 239 237 235 234 235 235 235 234 234 234 233 233 234 234 234 234 234 234 234 234 234 234 234 235 235 235 236 236 235 236 236 236 237 237 238 238 234 233 233 233 236 236 236 237 239 239 241 241 241 241 241 241 240 240 240 240 240 240 240 240 241 241 241 241 241 241 241 241 240 240 241 241 241 242 240 240 241 239 239 239 237 237 237 237 238 238 238 238 238 238 238 238 237 237 237 237 237 237 237 237 236 235 235 235 235 235 235 235 234 234 234 234 234 234 234 235 238 239 239 239 238 238 238 237 237 237 238 239 239 240 240 239 236 235 234 232 233 233 235 236 236 234 230 229 228 228 226 227 227 229 230 228 226 226 224 223 223 221 221 219 217 216 217 217 215 215 215 215 215 215 215 215 209 209 209 209 209 209 209 209 209 210 214 212 211 210 210 209 216 213 210 206 198 185 174 161 144 121 102 88 74 60 52 51 71 91 126 155 172 176 170 165 0 0 0 0 0 0 0 0
0 0 0 0 0 0 0 0 88 90 94 99 103 105 105 105 99 99 97 96 96 99 102 103 105 107 107 107 109 110 111 112 114 113 113 114 118 119 119 122 123 124 125 125 126 125 127 128 126 128 132 133 137 140 144 146 151 153 152 151 148 144 143 143 153 144 130 109 81 54 48 53 79 106 134 149 159 165 166 161 160 160 159 154 145 133 118 105 98 89 83 79 70 52 35 21 6 6 13 28 48 72 98 108 109 104 100 92 85 77 75 73 79 76 74 66 47 24 9 3 18 34 49 59 65 55 45 47 42 39 37 35 33 32 32 32 35 35 35 34 35 35 35 34 34 32 30 29 28 27 27 27 29 31 31 31 33 33 35 36 35 37 37 39 39 41 41 43 46 48 48 48 46 46 46 46 43 43 43 42 42 44 46 49 58 64 68 75 82 85 89 91 83 85 79 68 60 49 34 24 14 5 0 0 10 18 23 25 42 46 52 62 69 77 81 83 85 85 84 84 84 83 83 83 82 80 76 71 65 58 53 54 26 34 40 41 32 17 14 22 46 76 105 117 123 143 172 199 214 221 222 221 221 219 221 226 231 231 234 235 238 239 238 239 240 240 241 241 242 242 242 242 241 242 243 243 244 244 243 243 243 243 243 243 243 243 243 243 242 242 242 242 242 242 242 242 240 240 240 240 240 240 240 240 240 240 240 240 240 240 240 240 241 241 240 240 240 239 239 239 240 240 239 239 239 238 238 238 238 238 238 237 237 237 236 236 237 237 237 237 237 237 237 237 237 237 238 238 238 239 239 239 240 240 240 239 238 237 235 234 234 234 233 233 233 232 232 232 233 233 233 234 234 234 234 234 235 235 236 236 236 237 237 237 237 237 237 237 238 238 238 236 233 233 234 234 235 235 237 237 240 240 240 240 241 241 241 241 239 239 239 239 239 239 239 239 239 239 239 239 239 239 239 239 239 239 240 240 239 240 240 238 239 239 237 237 237 237 237 237 236 236 236 236 236 236 236 236 235 235 235 235 235 235 235 235 233 233 233 233 233 233 233 233 232 232 232 232 232 232 232 232 236 236 236 236 235 235 234 234 234 234 234 234 235 235 235 235 232 230 230 229 230 230 229 230 230 229 227 226 222 221 220 223 223 223 223 221 219 219 217 215 216 214 210 208 208 207 207 207 205 205 205 205 205 205 205 205 208 208 208 208 208 208 208 208 204 206 210 209 210 209 208 210 211 207 203 192 178 161 146 131 104 89 79 71 67 67 70 73 91 106 132 155 166 161 151 145 0 0 0 0 0 0 0 0
0 0 0 0 0 0 0 0 84 84 89 93 95 97 97 97 96 95 94 93 96 97 98 101 101 103 103 103 104 107 108 109 106 105 107 108 109 109 109 110 111 113 113 111 112 110 113 113 116 117 120 123 127 130 132 134 143 141 138 130 123 115 107 106 94 88 80 70 53 37 37 45 65 88 114 127 135 143 153 154 168 167 166 162 156 151 145 139 129 121 116 117 115 99 72 49 19 10 8 14 30 56 87 105 117 116 117 107 99 93 90 86 94 89 85 75 54 28 9 0 10 29 49 64 72 62 51 49 46 42 39 36 34 32 32 31 34 34 35 36 35 35 35 35 34 34 32 29 29 27 27 28 31 31 31 33 33 35 36 38 37 39 41 41 43 43 44 46 50 51 51 51 51 50 51 51 50 50 48 47 50 53 54 59 66 72 78 84 89 87 84 81 70 64 51 36 25 15 7 2 10 8 9 23 42 58 65 67 70 75 84 92 99 105 106 106 106 105 104 104 103 104 104 105 102 101 98 94 88 82 76 77 50 50 48 43 30 15 8 13 37 65 92 100 102 122 159 194 208 218 223 223 219 216 219 222 229 230 233 235 238 238 236 237 239 239 239 240 240 240 241 241 240 240 241 242 243 243 242 242 242 242 242 242 242 242 242 242 241 241 241 241 241 241 241 241 241 239 239 239 239 239 239 239 239 239 239 239 239 239 239 239 240 240 239 239 238 238 238 238 239 239 238 238 237 237 237 237 237 237 237 236 236 236 236 236 236 236 236 236 236 236 236 236 236 237 237 237 238 238 238 238 239 239 238 237 236 235 234 234 232 232 232 231 231 231 230 230 232 233 233 233 233 234 234 234 235 235 235 235 235 236 236 236 236 236 236 236 236 236 236 236 234 232 232 233 233 233 236 236 238 238 238 238 239 239 239 239 237 237 237 237 237 237 237 237 238 238 238 238 238 238 238 238 237 238 238 238 238 238 238 239 237 237 235 235 235 235 235 235 234 234 234 234 234 234 234 234 233 233 233 233 233 233 233 233 231 231 231 231 231 231 231 231 230 230 230 230 230 230 230 230 233 235 234 234 234 233 233 233 233 233 233 232 232 231 231 229 226 226 226 225 226 225 225 222 221 222 222 221 217 214 214 216 217 216 216 213 210 207 204 203 205 200 199 197 195 194 192 192 191 191 191 190 190 190 190 190 188 188 188 188 188 188 188 188 186 188 189 190 188 187 188 187 179 175 168 157 139 120 104 90 76 75 78 84 90 97 107 110 115 120 131 143 147 144 136 129 0 0 0 0 0 0 0 0
0 0 0 0 0 0 0 0 74 74 78 81 83 84 84 84 85 85 86 86 86 87 88 89 91 91 91 92 93 96 97 98 99 99 101 101 100 100 100 102 105 107 108 107 108 108 110 110 115 117 120 121 124 124 124 126 125 121 112 99 84 70 58 54 32 29 23 19 9 4 3 11 45 66 86 94 102 114 131 144 158 161 162 161 157 154 151 151 146 137 132 135 142 131 102 75 46 32 19 15 22 41 74 95 114 121 129 125 117 114 113 109 110 101 92 77 55 29 9 0 4 25 51 69 79 70 54 52 48 44 41 36 34 31 30 30 34 36 35 35 34 35 35 35 34 34 32 29 29 28 27 28 31 33 33 35 35 36 38 40 41 43 44 44 46 48 48 50 55 57 57 57 57 55 57 57 60 62 61 61 63 67 72 77 83 87 91 94 93 85 70 61 48 38 22 7 0 0 1 6 19 28 40 55 71 85 93 96 98 100 106 109 110 111 109 108 106 106 105 105 105 105 106 107 102 102 102 100 97 93 90 92 78 75 67 56 37 17 5 6 33 60 86 93 92 106 143 180 198 212 222 222 219 215 216 221 227 229 233 234 237 237 236 236 239 239 240 240 240 241 241 241 241 241 242 243 243 243 243 243 242 242 242 242 242 242 242 242 241 241 241 241 241 241 241 239 241 241 241 241 241 241 241 241 241 241 241 241 241 241 241 241 240 240 240 240 239 239 238 238 239 239 239 239 238 238 237 237 237 237 237 238 238 238 238 238 238 238 238 238 238 238 238 238 238 238 238 238 239 239 239 240 239 239 238 237 237 236 236 236 233 233 233 233 232 232 232 231 233 234 234 235 235 236 236 236 236 236 236 236 236 235 235 235 235 235 235 235 235 235 235 234 232 230 231 231 233 234 234 234 236 236 237 237 237 237 237 237 236 236 236 236 236 236 236 236 237 237 237 237 237 237 237 237 236 236 237 237 237 238 237 237 235 235 235 235 233 233 233 233 235 235 235 235 235 235 235 235 234 234 234 234 234 234 234 232 229 229 229 229 229 229 229 229 228 228 228 228 228 228 228 228 231 231 231 230 230 230 229 229 230 229 229 228 227 227 226 226 224 224 223 222 221 219 219 215 213 214 213 213 211 207 206 204 204 204 202 199 194 191 188 185 181 179 177 173 171 170 168 168 167 167 166 166 165 165 165 164 163 163 163 163 163 163 163 163 163 163 161 158 153 148 146 144 140 135 128 118 102 85 76 65 54 67 88 107 121 129 137 137 129 124 124 123 126 127 126 126 0 0 0 0 0 0 0 0
0 0 0 0 0 0 0 0 72 73 74 76 77 77 77 77 76 76 79 80 81 81 81 80 84 84 84 85 86 87 91 92 94 95 95 94 91 90 92 93 96 96 99 100 104 105 108 109 103 106 109 112 112 112 110 111 121 117 106 90 71 52 39 33 18 17 16 14 15 13 13 20 30 44 54 60 66 77 97 113 122 130 138 145 149 151 153 155 161 156 150 150 155 149 127 104 79 58 38 24 18 26 54 75 93 112 131 133 131 132 134 129 126 113 96 77 54 29 12 1 0 22 49 70 83 73 60 55 49 44 40 36 33 30 29 30 33 36 34 35 34 35 34 34 34 34 32 31 29 28 27 28 33 33 35 36 36 38 40 42 43 44 46 48 50 51 51 53 58 60 60 60 60 60 60 62 72 73 72 74 76 80 84 88 94 95 94 92 86 70 51 38 21 11 0 0 0 0 11 22 49 63 80 90 96 101 108 109 111 113 113 112 111 106 100 98 98 98 101 99 101 99 102 100 105 103 105 104 105 103 104 104 103 99 92 77 54 30 14 13 36 60 87 96 93 98 123 153 181 199 215 222 220 215 216 222 226 228 232 234 236 236 235 234 238 238 238 238 239 239 240 240 239 240 241 242 242 242 242 241 241 241 241 241 241 241 241 241 240 240 240 240 240 240 240 240 240 240 240 240 240 240 240 240 240 240 240 240 240 240 240 240 239 239 239 238 238 238 237 237 238 238 238 237 237 237 236 236 236 236 236 237 237 237 238 238 237 237 237 237 237 237 237 237 237 237 237 238 238 238 239 239 238 238 237 236 235 235 236 236 233 233 233 233 232 232 231 231 233 233 233 234 235 235 236 236 236 236 235 235 235 234 234 234 234 234 234 234 233 233 233 232 231 229 229 229 232 232 233 233 234 234 235 235 235 235 235 235 234 234 234 234 234 234 234 234 236 236 236 236 236 236 236 236 236 236 236 237 237 237 237 237 234 234 234 234 232 232 232 232 235 235 235 235 235 235 235 235 234 234 234 234 234 234 234 234 230 228 228 228 228 228 228 228 227 227 227 227 227 227 227 227 228 228 229 227 228 226 228 226 228 226 227 225 226 224 225 223 223 221 220 219 218 216 212 209 209 203 200 196 195 192 189 185 184 181 179 174 170 166 162 159 145 142 139 134 132 130 129 129 129 128 128 127 126 126 125 125 129 129 129 129 129 129 129 127 128 126 122 117 109 102 98 92 96 92 87 78 67 61 58 55 47 69 102 123 135 144 147 144 128 119 109 104 105 109 114 116 0 0 0 0 0 0 0 0
0 0 0 0 0 0 0 0 73 73 73 73 73 73 73 72 71 72 76 78 79 79 78 77 81 81 81 82 83 85 87 88 90 91 92 90 86 84 84 86 86 87 88 90 93 97 98 100 103 104 103 105 105 107 108 109 101 97 85 71 54 36 22 15 8 12 14 18 22 27 28 33 42 43 42 42 45 52 62 71 83 92 102 109 117 125 135 144 151 154 150 144 144 142 134 121 105 81 54 32 15 9 25 44 65 92 123 136 140 146 148 144 138 120 96 72 48 24 10 0 0 17 46 69 84 76 62 58 51 46 40 36 33 30 28 28 33 35 34 35 36 34 34 34 34 34 32 31 29 28 28 28 33 35 36 36 38 40 42 44 46 48 50 51 53 53 55 57 62 64 62 62 64 64 66 66 74 76 75 74 77 78 80 85 89 84 78 72 61 45 25 11 6 2 1 6 15 24 39 54 82 96 109 110 110 111 113 111 102 102 102 99 97 92 87 85 93 95 98 97 100 98 99 96 97 95 97 95 98 97 100 100 111 110 108 95 72 44 26 25 44 66 93 106 102 98 108 129 165 188 210 220 218 215 217 224 225 228 232 233 236 235 233 232 236 237 237 237 238 238 238 239 238 239 240 241 241 241 241 241 240 240 240 240 240 240 240 240 239 239 239 239 239 239 239 239 239 239 239 239 239 239 239 239 239 239 239 239 239 239 239 239 238 238 238 238 237 237 236 236 237 237 237 237 236 236 235 235 235 235 236 236 236 237 237 237 237 237 237 237 237 237 237 237 236 236 237 237 237 238 238 238 238 237 235 234 234 234 235 236 234 234 233 233 233 232 232 232 232 232 233 234 235 235 236 236 235 237 237 236 236 236 235 235 236 235 235 235 234 234 233 231 229 228 230 230 231 231 233 234 233 233 234 234 234 234 234 234 233 233 233 233 233 233 233 233 234 234 234 234 234 234 234 234 236 236 236 237 237 237 237 237 236 236 234 234 234 234 232 232 235 235 235 235 235 235 235 235 234 234 234 234 234 234 234 234 229 229 229 229 229 229 229 229 228 228 228 228 228 228 228 226 227 225 226 225 225 224 225 223 225 224 224 223 224 223 224 222 224 222 221 220 216 213 208 204 202 189 175 167 167 166 163 158 152 148 146 141 137 131 127 122 111 108 105 101 98 96 95 93 94 94 93 92 92 91 90 90 85 85 85 85 85 85 85 83 84 81 79 76 69 64 62 57 61 58 54 47 43 44 51 54 67 89 119 134 139 138 136 131 120 111 100 94 96 99 103 105 0 0 0 0 0 0 0 0
0 0 0 0 0 0 0 0 73 72 72 71 71 70 69 69 69 70 73 75 77 76 75 74 77 77 78 79 80 80 81 82 85 87 88 83 79 76 77 81 83 83 85 86 87 87 89 91 94 94 92 92 93 98 101 107 116 114 105 91 77 62 49 44 64 67 72 74 82 86 85 88 91 82 68 64 66 65 65 64 67 70 70 71 75 87 105 119 141 150 150 143 138 141 147 146 147 122 94 67 41 26 34 47 52 84 123 139 148 157 161 156 145 122 93 65 40 17 7 0 0 17 47 71 87 81 66 63 55 48 41 35 32 30 28 27 33 33 34 35 35 36 35 35 36 36 34 33 31 30 30 32 35 35 36 38 40 42 44 47 48 51 53 55 57 58 60 62 66 67 67 69 71 73 74 76 81 81 83 81 81 81 82 82 84 77 65 54 43 27 8 0 12 13 21 35 49 58 70 84 93 103 110 108 108 108 107 102 108 107 108 108 105 102 100 99 92 94 96 98 99 98 96 95 101 100 99 98 98 99 101 104 106 108 111 101 79 49 33 31 52 72 99 114 108 97 97 112 150 176 205 218 217 214 216 223 223 227 230 233 233 232 230 231 234 234 236 235 237 235 238 236 238 237 240 240 241 241 240 240 240 240 240 240 240 240 240 240 239 239 239 239 239 239 239 237 239 239 239 239 239 239 239 239 239 239 239 239 239 239 239 239 238 238 237 237 237 236 236 236 237 237 236 236 236 235 235 235 234 235 235 236 236 237 237 237 237 237 237 237 237 237 237 237 236 236 236 237 237 237 238 238 237 236 235 233 233 234 235 236 234 234 234 233 233 232 232 232 231 232 233 233 234 235 236 237 237 237 237 236 236 235 235 234 235 235 235 234 234 233 233 232 231 231 231 232 232 232 233 233 232 232 233 233 233 233 233 233 232 232 232 232 232 232 232 232 234 234 234 234 234 234 234 234 236 236 236 237 237 238 237 237 236 236 236 236 236 236 234 234 235 235 235 235 235 235 235 235 234 234 236 234 236 234 236 234 231 231 231 231 231 229 229 229 228 228 228 228 228 226 226 226 225 225 224 224 224 223 223 223 223 223 223 223 223 221 223 221 222 221 220 218 214 208 202 196 193 172 150 139 136 137 135 128 119 114 110 106 101 95 90 86 91 89 86 81 79 76 75 75 75 74 74 73 72 71 70 70 70 70 70 70 70 70 70 70 70 69 69 67 65 64 63 60 62 60 59 56 57 63 75 82 91 111 131 137 133 129 122 117 117 108 102 98 101 102 101 100 0 0 0 0 0 0 0 0
0 0 0 0 0 0 0 0 78 78 78 78 76 76 74 74 77 75 75 76 75 76 76 77 81 81 81 82 82 80 81 81 81 81 81 80 80 80 80 80 81 79 81 81 81 81 82 82 86 83 80 82 88 95 99 104 112 114 111 103 92 82 77 76 101 104 112 116 122 125 126 131 120 115 104 96 94 89 78 71 65 59 54 53 53 60 76 94 115 128 139 139 134 139 150 158 162 155 133 100 71 57 51 45 55 71 106 134 153 159 159 156 141 115 84 60 38 18 12 2 0 16 52 75 86 88 79 64 50 44 39 37 34 32 30 30 31 31 31 32 35 36 38 39 38 39 38 38 38 38 36 35 35 35 37 37 42 44 48 52 54 57 61 62 65 66 67 70 70 76 77 77 81 88 87 83 83 81 78 76 79 78 72 72 65 61 48 32 16 9 10 14 21 35 56 72 79 86 93 99 106 104 101 99 100 100 103 104 103 106 106 107 107 106 106 103 104 102 100 98 97 98 100 101 99 100 100 101 101 100 100 101 105 105 112 109 93 75 54 33 50 74 103 125 104 104 78 95 128 158 192 210 215 213 212 212 218 222 226 228 227 226 227 228 230 231 234 233 235 234 235 233 235 234 238 239 240 240 239 240 240 241 240 240 240 240 240 240 236 236 236 236 236 236 236 236 238 238 238 238 238 238 238 238 237 237 237 237 237 237 237 237 237 237 237 236 236 235 235 235 235 235 235 235 235 235 235 235 235 235 235 235 235 235 235 235 237 237 237 237 237 237 237 237 236 236 236 236 236 236 236 236 233 233 234 234 233 233 232 233 233 234 234 234 234 234 234 234 234 234 234 235 235 236 236 236 237 239 239 239 239 239 239 239 238 238 238 237 237 236 236 236 237 237 237 237 235 235 235 233 232 232 231 231 231 231 231 231 231 230 230 230 230 231 232 233 234 234 234 234 234 234 234 234 234 234 234 234 234 234 235 235 236 236 236 236 236 236 236 235 235 233 233 233 235 235 235 235 235 235 236 235 236 235 236 235 234 233 232 231 230 229 230 231 229 228 225 223 221 222 225 229 223 223 223 223 223 223 221 221 223 220 219 221 224 224 224 222 220 218 216 214 208 200 190 180 178 149 127 114 108 111 111 96 94 87 83 79 73 70 67 66 78 76 75 75 73 71 71 71 68 68 67 67 67 66 66 66 68 68 68 68 68 68 68 68 66 62 61 66 73 76 75 69 69 73 77 78 80 86 99 104 116 121 135 134 126 115 109 109 112 111 110 107 107 104 100 99 0 0 0 0 0 0 0 0
0 0 0 0 0 0 0 0 79 79 79 79 78 78 78 76 79 77 77 76 76 75 76 77 81 84 84 82 83 81 81 80 81 81 80 80 78 78 78 78 79 79 79 79 79 79 81 81 82 82 84 86 90 94 98 100 107 108 108 105 99 96 98 100 107 110 114 119 123 126 127 130 132 131 128 128 128 124 115 109 114 105 94 82 71 59 57 64 78 90 101 114 128 141 154 161 162 160 148 131 111 97 81 63 50 58 80 102 121 130 131 128 111 91 68 52 37 24 19 10 0 6 37 60 77 84 80 65 52 47 42 39 36 34 31 30 32 32 33 34 36 38 41 42 42 42 42 40 42 40 40 40 40 40 43 46 47 51 53 57 58 62 66 68 68 69 73 73 83 88 88 88 89 88 86 79 56 54 49 47 43 38 30 26 17 17 14 11 12 21 34 46 58 70 84 92 94 94 100 101 95 93 92 91 91 95 97 100 101 104 104 105 105 106 106 103 103 100 98 96 96 96 98 99 97 98 98 99 99 98 98 99 102 102 113 114 106 95 77 55 54 56 73 105 115 127 90 86 103 134 168 194 207 209 207 206 221 224 227 228 225 224 224 225 227 229 230 231 231 231 231 230 230 232 234 236 239 240 239 239 240 241 240 240 240 240 240 240 236 236 236 236 236 236 234 234 238 238 238 238 238 238 238 238 237 237 237 237 237 237 237 237 237 237 236 236 236 235 235 235 235 235 235 235 235 235 235 235 235 235 235 235 235 235 235 235 237 237 237 237 237 237 237 237 236 236 236 236 236 236 236 236 235 235 236 236 235 234 233 233 234 234 234 234 234 234 234 234 234 234 234 235 235 236 236 236 239 239 239 239 239 239 239 239 238 238 238 237 237 236 236 236 239 239 239 239 237 237 235 235 232 232 231 231 231 231 229 231 231 231 231 231 231 232 233 234 234 234 234 234 234 234 234 234 234 234 234 234 234 234 235 235 236 236 238 238 238 238 238 236 235 233 233 233 235 235 235 235 236 236 236 236 236 236 236 236 234 233 232 230 230 229 231 230 229 227 226 222 219 220 222 225 226 225 224 221 221 218 217 215 220 216 215 217 220 219 218 216 222 219 215 207 200 186 174 161 148 125 112 105 102 110 113 102 106 103 104 103 103 102 101 101 117 115 115 114 114 112 114 112 115 115 115 114 114 114 113 113 115 115 115 115 115 115 115 115 116 113 110 115 121 124 121 117 111 111 112 111 113 116 125 124 113 116 122 122 118 111 109 108 108 108 106 105 103 101 99 98 0 0 0 0 0 0 0 0
0 0 0 0 0 0 0 0 81 81 79 79 79 78 78 76 79 77 77 75 76 76 76 77 82 83 83 83 84 82 82 81 81 80 80 80 78 78 78 78 82 82 81 81 81 81 82 84 84 88 93 95 95 95 97 96 101 103 105 105 106 108 114 118 111 116 117 121 124 127 127 132 139 144 146 148 152 155 155 157 165 156 143 128 111 89 72 66 73 75 82 99 122 140 153 157 167 166 161 155 146 132 108 85 60 53 54 64 78 87 87 83 66 56 43 39 35 33 29 20 0 0 25 53 76 89 84 73 55 50 46 44 40 38 35 32 37 37 38 38 40 40 42 43 45 44 43 42 44 43 44 45 47 49 51 53 55 58 59 62 65 70 74 79 83 85 89 88 91 91 89 80 75 66 58 51 36 38 36 32 23 13 3 0 0 0 0 2 13 32 54 69 86 94 101 104 101 96 98 98 87 85 86 87 88 92 94 98 99 101 102 102 102 104 103 101 101 97 96 94 94 95 96 97 95 96 96 97 97 96 96 99 100 100 112 118 118 113 97 76 54 40 50 89 125 146 104 88 88 114 149 182 203 211 210 209 221 226 227 225 224 222 222 222 227 227 227 227 228 228 228 228 229 231 233 235 237 237 239 238 241 241 241 241 241 241 241 241 237 237 237 237 237 237 237 237 237 237 237 237 237 237 237 237 238 238 238 238 238 238 238 238 237 236 236 236 235 235 235 235 236 236 236 236 236 236 236 236 236 236 236 236 236 236 236 236 238 238 238 238 238 238 238 238 237 237 237 237 237 237 237 237 237 237 237 237 237 236 235 234 234 234 234 234 234 234 234 234 234 234 234 234 235 235 235 235 240 240 240 240 240 240 240 240 238 238 238 237 237 236 236 236 239 239 239 239 237 237 235 235 232 232 231 231 231 231 229 231 233 234 234 234 234 235 236 237 236 236 236 236 236 236 236 234 234 234 234 234 234 234 235 235 236 236 236 236 236 236 238 236 235 233 233 233 235 235 235 235 235 235 235 235 235 235 236 236 232 231 230 229 227 226 228 227 226 224 223 219 216 216 219 222 221 221 219 216 215 211 210 207 212 209 209 208 210 212 211 208 215 208 202 193 182 167 152 139 121 109 112 116 117 126 135 128 128 125 128 133 135 137 137 137 141 139 137 137 137 135 137 135 138 138 137 137 136 136 136 136 136 136 136 136 136 136 136 136 139 136 134 135 139 139 136 133 136 133 131 130 129 128 130 125 113 110 113 112 111 107 106 105 101 100 101 100 100 97 95 92 0 0 0 0 0 0 0 0
0 0 0 0 0 0 0 0 80 80 79 79 79 79 79 79 80 78 79 77 77 76 78 78 81 83 84 82 82 81 81 81 80 80 80 80 78 78 78 80 83 83 83 81 83 83 83 85 84 92 99 102 101 97 96 95 99 101 101 104 106 109 111 113 110 112 115 119 122 124 128 130 139 144 144 146 151 158 172 182 180 176 170 165 155 137 119 109 103 97 91 97 114 130 146 156 176 177 175 169 165 154 136 119 100 82 62 55 58 62 58 50 39 38 37 44 50 53 54 41 10 10 27 54 80 94 92 78 61 55 49 46 43 40 39 36 42 42 41 41 40 42 42 45 48 49 46 46 46 47 50 51 56 57 57 58 60 63 66 70 75 81 87 93 99 99 99 98 88 82 71 57 46 37 30 27 25 30 33 32 23 8 0 0 0 0 7 18 33 50 67 80 92 97 102 101 98 93 93 92 87 83 85 86 88 92 95 96 96 97 98 98 100 100 99 98 97 96 96 94 95 94 96 96 95 95 96 96 97 95 96 97 100 99 106 116 119 117 105 84 55 39 49 83 125 146 113 100 88 104 130 164 193 208 214 214 220 223 225 225 222 222 221 222 224 224 226 226 227 229 230 230 232 233 235 236 237 237 238 237 241 241 241 241 241 241 241 241 237 237 237 237 237 237 237 237 236 236 236 236 236 236 236 236 238 238 238 238 238 238 238 238 236 236 236 235 235 235 234 234 236 236 236 236 236 236 236 236 236 236 236 236 236 236 236 236 238 238 238 238 238 238 238 238 237 237 237 237 237 237 237 237 236 237 237 237 237 236 235 236 234 234 234 234 234 234 234 234 234 234 234 234 234 234 234 235 240 240 240 240 240 240 240 240 238 238 238 237 237 236 236 236 239 239 239 239 237 237 235 235 233 233 232 232 232 232 230 232 234 235 235 235 235 236 237 238 237 237 237 237 237 237 237 235 235 234 234 234 234 234 235 235 235 235 235 235 235 235 235 235 234 232 232 232 234 234 234 234 234 234 234 234 234 234 234 234 234 231 229 227 225 223 223 222 222 220 220 216 213 211 213 216 213 210 209 207 206 205 204 202 204 204 202 202 202 202 202 199 197 192 186 177 165 152 136 123 108 108 123 137 138 146 155 148 141 138 142 145 146 146 146 143 151 149 147 145 145 145 145 145 145 143 145 142 144 142 143 141 143 141 143 141 143 141 143 141 142 138 136 133 133 131 126 121 123 119 115 116 117 117 117 110 107 102 104 103 102 102 102 100 97 96 94 95 94 93 91 90 0 0 0 0 0 0 0 0
0 0 0 0 0 0 0 0 80 80 80 81 79 80 80 79 80 80 80 79 79 77 80 78 81 81 82 80 80 81 81 80 80 80 78 78 78 78 78 80 83 85 85 83 85 85 87 88 87 94 103 107 104 101 100 97 99 98 103 105 106 104 103 103 103 104 109 113 118 124 126 131 140 145 146 147 151 158 172 184 180 181 183 185 188 183 169 160 139 128 111 102 103 113 139 161 181 188 194 189 181 174 166 155 148 124 97 80 73 69 60 51 45 51 59 73 85 93 92 77 26 16 28 53 81 96 94 84 70 62 55 49 46 42 42 40 43 43 41 42 42 43 46 47 50 50 50 51 52 53 57 59 63 64 66 65 69 75 81 87 91 97 101 104 103 96 87 81 71 59 45 33 26 22 24 29 44 54 60 56 43 27 11 1 3 13 32 49 64 78 89 93 99 99 100 100 96 92 93 91 87 83 86 86 87 91 92 93 95 95 96 97 98 97 96 95 95 93 95 92 95 93 95 94 94 93 95 94 96 93 95 95 102 98 104 111 115 117 109 90 63 41 48 73 120 143 123 115 90 94 105 135 167 189 204 210 218 221 224 225 222 221 220 220 219 219 221 222 223 225 227 229 233 233 237 237 237 236 234 233 238 238 238 238 238 238 238 238 239 239 239 239 239 239 239 239 238 238 238 238 238 238 238 238 239 239 239 239 239 239 239 239 238 238 237 237 237 236 236 236 238 238 238 238 238 238 238 238 238 238 238 238 238 238 238 238 239 239 239 239 239 239 239 239 238 238 238 238 238 238 238 238 236 237 237 237 237 236 235 234 234 234 234 234 234 234 234 234 234 234 234 234 234 234 234 233 240 240 240 240 240 240 240 240 238 238 238 237 237 236 236 236 237 237 237 237 237 237 235 235 233 233 233 233 232 232 232 232 234 236 235 235 236 237 238 238 237 237 237 237 237 237 237 235 235 234 234 234 234 234 234 234 234 234 234 234 234 234 234 234 232 232 232 232 232 232 232 232 232 232 232 232 232 232 232 232 231 230 228 224 222 220 218 217 218 218 213 210 207 206 208 208 201 199 200 200 200 199 200 200 201 201 200 199 198 197 196 192 185 178 173 166 156 141 126 113 96 105 131 150 150 153 159 151 147 142 145 144 144 142 138 134 135 133 131 131 131 131 131 131 135 132 134 132 133 131 133 131 132 130 132 130 132 130 132 130 128 126 122 120 118 115 111 107 108 104 100 102 108 109 105 99 96 91 93 94 97 95 93 90 93 91 91 89 89 89 87 87 0 0 0 0 0 0 0 0
0 0 0 0 0 0 0 0 79 79 80 81 79 80 81 81 79 80 80 80 81 79 81 79 80 81 79 79 80 80 79 80 80 80 78 78 78 78 78 80 82 84 84 84 84 84 86 87 89 95 100 105 105 104 106 104 101 101 101 105 106 107 107 106 101 105 109 115 120 125 130 134 139 147 152 159 161 162 165 170 173 180 189 198 212 218 212 206 176 161 137 112 95 97 128 159 174 192 208 208 202 193 188 183 176 161 139 123 113 105 94 86 81 89 100 113 127 132 130 109 38 22 29 52 81 97 100 93 79 68 60 52 47 44 43 44 45 44 43 42 43 43 46 49 52 53 53 56 58 61 62 64 68 70 74 77 82 88 95 101 109 108 107 101 91 79 63 54 40 30 22 20 24 31 42 53 88 97 103 94 74 50 33 20 21 35 59 81 96 101 103 103 103 101 100 97 93 90 90 88 85 83 84 84 85 87 88 88 91 91 94 94 94 94 93 93 92 92 93 93 93 94 94 94 92 93 93 94 94 93 93 94 101 97 102 109 113 118 117 102 79 41 39 53 114 144 136 129 103 94 89 106 136 159 179 195 206 212 217 221 223 220 219 219 218 216 217 216 217 221 223 224 232 232 236 236 236 235 233 232 236 236 236 236 236 236 236 236 238 238 238 238 238 238 238 238 237 237 237 237 237 237 237 237 237 237 237 237 237 237 237 237 237 237 237 237 236 236 236 235 237 237 237 237 237 237 237 237 237 237 237 237 237 237 237 237 237 237 237 237 237 237 237 237 236 236 236 236 236 236 236 236 235 235 236 236 235 234 233 233 234 234 234 234 234 234 234 234 234 234 234 234 233 233 233 233 237 239 239 239 239 239 239 239 238 238 238 237 237 236 236 236 237 237 237 237 237 237 235 235 234 234 234 234 233 233 233 234 236 236 235 235 235 236 237 238 238 238 238 238 238 238 238 238 235 234 234 234 234 234 234 234 233 233 233 233 233 233 233 233 231 231 231 231 231 231 231 231 231 231 231 229 231 229 231 229 229 226 225 222 219 218 216 215 216 213 211 206 203 200 202 200 195 192 193 192 193 192 193 192 196 195 193 191 187 183 183 181 175 167 163 155 145 130 115 102 87 99 129 151 151 150 156 147 139 133 133 131 129 127 123 120 112 110 108 108 108 108 108 110 112 112 111 111 111 110 110 110 110 110 110 110 110 110 110 108 106 105 104 102 100 98 98 96 98 94 92 93 95 95 94 89 84 85 87 89 89 89 87 85 89 87 87 87 87 87 86 86 0 0 0 0 0 0 0 0
0 0 0 0 0 0 0 0 79 79 78 79 79 80 81 81 80 80 81 81 81 81 82 81 79 78 78 78 78 78 78 79 80 80 80 80 80 80 80 80 82 82 82 82 82 84 86 87 91 93 94 98 103 107 113 111 106 103 103 105 108 113 116 117 107 112 116 121 128 132 137 141 144 151 158 163 166 166 165 164 169 181 191 201 215 223 219 212 185 170 146 119 94 93 121 156 178 195 211 213 208 204 200 196 194 190 181 174 163 154 143 137 135 141 149 155 160 158 149 123 50 29 29 48 73 92 102 101 89 74 62 51 46 43 44 44 42 41 42 41 43 43 47 49 53 54 58 62 65 67 69 70 72 77 85 90 93 94 96 97 102 97 89 78 68 55 41 34 23 22 25 36 51 64 76 90 113 122 124 112 85 54 33 19 35 51 79 102 115 115 111 106 105 101 95 90 87 84 85 82 82 82 83 84 85 87 87 87 88 89 91 92 92 91 91 90 89 90 91 91 92 92 92 92 90 91 91 92 92 91 91 94 103 100 103 107 110 119 123 112 89 45 35 39 99 132 140 141 123 104 82 86 105 124 144 162 175 185 199 208 216 219 220 221 223 219 218 216 215 217 218 218 225 226 229 231 234 234 233 233 233 233 235 235 235 235 235 235 237 237 237 237 237 237 238 238 236 236 236 236 236 236 236 236 236 236 236 236 236 236 236 236 237 237 237 236 236 236 235 235 236 236 236 236 236 236 236 236 236 236 236 236 236 236 236 236 236 236 236 236 236 236 236 236 235 235 235 235 235 235 235 235 235 235 235 235 235 234 233 233 234 234 234 234 234 234 234 234 234 234 234 233 233 232 232 232 236 236 236 236 236 236 236 236 236 236 236 235 235 234 234 234 235 235 235 235 235 235 235 235 236 236 234 234 234 234 234 234 235 237 236 236 237 238 239 239 240 240 240 240 240 240 240 238 235 235 235 235 234 234 234 234 233 233 231 231 231 231 231 231 231 231 231 231 229 229 229 229 229 229 229 227 229 227 229 227 222 219 217 218 217 217 216 214 213 210 207 203 199 196 195 192 189 185 184 181 181 179 177 174 171 172 170 167 160 156 156 154 151 145 140 132 122 109 94 82 69 81 110 131 133 137 145 137 127 119 116 114 112 108 105 104 103 101 101 100 100 100 100 101 101 101 101 101 100 100 99 99 101 101 101 101 101 101 101 101 99 98 99 97 96 96 95 94 90 87 85 83 83 82 82 79 80 81 83 84 85 85 85 86 88 86 86 85 86 87 87 88 0 0 0 0 0 0 0 0
0 0 0 0 0 0 0 0 79 77 78 79 79 80 81 81 80 80 80 81 81 82 82 81 79 77 77 78 77 77 78 78 80 80 81 80 81 80 81 81 80 80 82 82 82 82 84 86 92 91 90 94 102 111 117 118 114 109 105 105 110 119 125 130 121 125 128 131 137 143 146 150 159 160 163 166 170 173 173 173 173 184 193 197 202 203 195 187 163 152 134 114 96 94 126 160 188 200 209 208 205 205 203 203 206 210 214 210 202 190 182 175 178 181 185 182 178 170 152 122 60 33 28 42 63 84 97 101 93 78 63 51 45 43 42 45 41 40 42 41 43 44 46 50 52 58 62 66 70 72 74 77 79 88 96 99 100 95 90 87 80 74 61 51 46 39 30 25 34 37 48 70 88 101 112 123 134 142 144 128 98 63 41 25 28 47 78 104 118 118 116 109 105 99 94 88 84 83 84 84 83 83 86 86 89 90 90 90 88 89 89 90 90 89 89 88 89 89 91 91 92 92 92 92 90 91 91 92 92 91 91 94 103 101 103 107 106 117 122 117 89 50 43 33 82 111 134 151 138 111 80 71 80 91 110 128 143 157 178 196 208 218 223 225 229 225 223 218 215 216 215 218 220 221 225 228 232 234 234 234 232 232 234 234 234 234 234 234 236 236 236 236 236 236 237 237 237 236 236 236 236 236 236 236 235 235 235 235 235 235 235 235 237 237 237 236 236 235 235 235 235 235 235 235 235 235 235 235 235 235 235 235 235 235 235 235 235 235 235 235 235 235 235 235 234 234 234 234 234 234 234 234 235 235 236 236 235 235 234 233 234 234 234 234 234 234 234 234 234 234 234 233 233 232 232 232 235 235 235 235 235 235 235 235 236 236 236 235 235 234 234 234 235 235 235 235 235 235 235 235 236 236 234 234 234 234 234 236 237 236 236 236 236 237 238 239 240 240 240 240 240 240 240 238 237 235 235 235 234 234 234 234 233 231 231 231 231 229 231 231 231 231 231 231 229 229 229 229 229 227 227 226 227 226 227 224 214 211 212 211 212 214 213 213 207 205 201 198 194 189 189 185 178 174 172 167 164 160 156 152 143 142 141 135 128 122 122 121 120 116 112 106 97 86 72 60 44 54 82 103 107 115 128 122 121 113 110 103 99 95 93 92 88 87 87 85 87 87 87 87 90 90 91 90 90 89 90 88 92 91 92 91 92 91 92 91 88 87 88 86 84 83 83 82 87 84 83 81 80 80 80 81 80 81 82 81 82 83 86 89 87 87 87 86 86 89 89 90 0 0 0 0 0 0 0 0
0 0 0 0 0 0 0 0 78 77 77 78 78 79 79 79 80 80 80 81 81 82 82 81 79 77 77 78 78 79 79 79 81 81 83 81 83 81 83 81 82 81 82 82 82 84 86 88 89 89 92 99 107 112 115 116 110 111 113 115 120 129 137 146 142 144 146 150 153 153 149 148 153 154 155 159 162 167 172 177 178 177 176 172 165 153 133 121 109 104 95 89 94 110 139 160 193 201 208 210 207 204 204 206 207 213 217 215 210 204 199 194 195 197 198 190 182 170 153 125 61 41 24 42 50 81 90 101 90 81 67 52 43 42 41 41 40 38 38 39 43 47 49 52 62 62 70 74 72 80 91 90 93 98 96 89 85 79 66 52 48 41 33 29 32 41 48 54 71 81 93 105 116 125 130 132 136 137 133 115 81 45 24 16 27 48 81 105 115 113 114 110 98 92 87 85 86 84 82 80 85 85 87 86 88 86 86 86 89 89 89 89 89 89 89 88 92 92 92 92 92 92 92 92 91 91 91 91 91 91 91 95 100 105 106 107 108 110 116 121 96 68 48 41 47 89 134 148 149 131 97 72 63 67 84 98 116 128 147 168 187 202 210 213 220 227 230 225 222 223 221 215 218 221 227 229 231 230 230 230 228 228 230 230 230 230 232 232 234 234 235 235 235 235 237 235 236 236 236 236 236 236 236 236 235 235 235 235 235 235 235 235 235 235 235 235 235 235 235 235 235 235 235 235 235 235 235 235 235 235 235 235 235 235 235 235 236 236 236 236 236 236 236 236 234 234 234 234 234 234 234 234 234 234 234 234 234 234 234 234 233 233 233 233 233 233 233 233 234 233 233 232 232 231 231 230 231 231 231 231 231 231 231 231 230 231 232 233 234 235 234 234 233 233 233 233 233 233 235 235 235 235 235 235 235 235 235 235 237 236 236 236 236 237 238 239 239 239 239 239 239 239 239 237 237 235 235 234 233 232 232 232 231 231 231 229 229 227 229 229 231 231 229 228 228 227 225 225 226 225 225 223 225 223 225 221 211 206 206 208 209 209 203 198 200 190 181 175 171 164 159 150 140 134 131 125 119 113 108 103 95 91 85 80 78 77 79 80 76 73 73 69 61 49 39 28 11 27 50 73 88 98 111 114 108 98 97 93 92 92 94 92 86 86 86 85 86 86 86 86 86 86 88 86 88 86 88 86 89 87 89 88 90 89 91 89 84 82 82 82 84 84 84 82 81 81 81 78 78 77 77 77 80 82 82 83 84 85 85 85 87 89 89 90 90 93 93 93 0 0 0 0 0 0 0 0
0 0 0 0 0 0 0 0 76 76 76 77 77 77 80 80 80 81 81 82 82 83 83 82 78 76 77 77 77 78 80 80 83 85 85 85 85 85 85 83 80 80 80 80 82 82 84 87 91 95 99 105 109 112 113 115 121 123 125 126 128 131 134 138 142 143 147 146 148 145 143 142 133 133 132 131 132 135 140 144 150 148 145 136 124 107 89 79 75 76 79 89 106 131 158 177 199 205 210 210 209 204 204 206 205 212 217 219 216 211 206 202 199 200 200 193 184 175 162 136 85 55 26 33 37 71 86 102 93 82 69 54 45 43 41 40 41 40 41 42 47 50 50 55 60 59 72 86 92 100 103 97 101 98 84 69 58 47 35 26 24 24 26 34 50 68 86 99 109 115 119 125 130 136 142 145 139 139 132 115 81 44 23 15 28 49 83 107 117 117 114 110 99 93 89 87 88 86 84 83 89 91 91 91 92 90 90 90 92 92 92 90 92 90 92 92 91 91 91 91 91 91 91 91 92 91 91 91 91 91 91 94 99 104 106 105 104 104 110 117 102 75 53 38 37 73 120 142 163 145 111 79 63 63 70 82 96 106 119 134 149 166 180 187 206 214 224 226 226 228 226 222 224 225 227 226 227 226 227 227 227 227 229 229 229 230 232 232 234 234 235 235 235 235 237 237 237 235 235 235 235 235 235 235 235 235 235 235 235 235 235 235 234 234 234 234 234 234 234 234 234 234 234 234 234 234 234 234 234 234 234 234 234 234 234 234 234 234 234 234 234 234 234 234 234 234 234 234 234 234 234 234 234 234 234 234 234 234 234 234 233 233 233 233 233 233 233 233 234 233 233 232 231 231 230 230 231 231 231 231 231 231 231 231 230 231 232 233 234 234 234 234 233 233 233 233 233 233 235 235 235 235 235 235 235 235 235 235 237 236 236 236 236 237 238 239 239 239 239 239 239 239 239 239 237 235 235 234 233 232 232 230 231 229 229 227 227 227 227 227 229 231 228 228 228 225 225 224 225 223 223 223 223 221 221 217 212 206 204 202 200 195 187 178 164 156 149 142 137 130 121 112 112 106 104 99 95 91 85 81 74 69 67 62 62 62 62 63 59 59 56 53 45 35 23 15 2 14 33 53 72 86 99 102 97 93 90 88 87 85 86 86 84 82 84 82 84 84 84 84 83 83 83 83 83 83 83 83 83 83 83 84 84 84 85 83 80 80 80 80 82 82 82 82 82 82 82 80 79 79 78 78 81 83 83 84 85 85 86 86 89 89 91 92 92 93 95 95 0 0 0 0 0 0 0 0
0 0 0 0 0 0 0 0 74 74 75 75 75 76 78 78 78 80 81 81 81 82 82 82 78 78 78 79 79 79 82 82 84 86 86 87 87 87 87 87 84 82 82 82 84 86 87 89 94 99 107 111 112 111 111 115 130 134 135 135 133 126 122 120 115 116 117 115 113 109 105 101 92 91 88 86 86 87 90 93 101 101 99 90 77 65 56 53 65 74 89 109 133 157 179 192 207 209 213 212 209 208 209 210 207 212 218 220 218 214 210 206 200 198 196 190 186 182 174 154 107 67 28 25 26 62 80 98 94 84 72 55 46 44 42 42 45 44 46 47 50 54 57 59 73 69 80 93 103 112 111 98 95 80 58 40 28 17 12 16 18 31 47 63 83 101 118 131 143 143 140 139 140 144 153 156 150 146 137 116 83 47 26 16 29 50 84 111 120 119 114 109 101 96 93 91 91 92 90 89 92 93 93 93 93 94 94 92 93 93 93 92 94 92 94 94 91 91 91 91 91 91 91 91 94 94 94 93 93 92 92 94 98 105 107 105 100 100 106 115 109 88 63 38 25 52 100 133 169 156 129 95 72 62 66 76 85 93 99 105 113 125 145 158 176 186 202 211 219 224 222 220 229 229 228 226 227 227 229 228 224 223 225 225 228 229 231 231 233 233 234 234 236 236 238 236 236 236 236 236 236 236 236 236 236 236 236 236 236 236 236 236 235 235 235 235 235 235 235 235 235 235 235 235 235 235 235 235 235 235 235 235 235 235 235 235 235 235 235 235 235 235 235 235 236 236 236 236 236 236 236 236 236 236 236 236 236 236 236 236 233 233 233 233 233 233 233 233 234 234 233 232 231 230 230 229 230 230 230 230 230 230 230 230 230 230 232 233 234 234 234 234 233 233 233 233 234 234 234 234 236 236 238 238 238 238 238 238 239 238 238 238 238 239 240 241 241 241 241 241 241 241 241 239 237 237 235 234 233 232 230 230 231 229 229 227 227 226 226 227 229 230 228 228 225 225 225 224 225 223 223 221 221 219 219 214 206 197 194 190 183 174 161 153 136 125 116 107 99 95 91 85 74 71 72 72 72 72 70 67 71 69 66 65 67 67 66 67 66 67 66 61 54 44 34 25 19 22 32 47 65 79 90 93 92 87 85 83 82 80 80 80 83 81 83 81 83 83 83 83 79 79 79 79 79 79 79 79 78 78 78 79 79 79 80 80 78 78 78 80 82 82 84 84 86 86 85 83 82 82 82 82 83 84 85 85 85 86 86 86 89 89 89 90 92 93 93 93 0 0 0 0 0 0 0 0
0 0 0 0 0 0 0 0 70 70 71 72 73 73 73 75 76 78 78 80 80 81 81 79 81 79 81 81 82 84 85 85 86 87 87 89 89 90 90 90 88 88 88 88 90 92 94 95 96 103 110 113 114 114 116 121 135 135 133 131 124 113 101 96 95 94 93 90 87 82 78 75 71 70 67 64 64 66 69 73 77 83 88 88 83 82 88 93 107 121 138 153 166 178 192 201 213 213 214 213 214 214 216 217 213 216 221 222 220 216 211 205 199 197 195 189 189 191 188 171 119 80 34 28 25 58 76 94 95 87 73 60 51 50 48 48 50 48 49 52 55 59 67 70 81 77 83 92 97 102 103 93 81 59 37 25 14 9 17 30 44 65 91 112 127 133 140 146 151 151 148 144 146 151 159 163 161 156 143 122 89 53 33 21 31 50 84 111 122 123 118 113 106 102 98 98 98 98 95 94 95 95 93 94 95 95 94 94 94 94 93 94 94 94 94 94 94 92 94 92 94 92 94 92 97 95 96 93 95 92 93 94 96 102 106 103 99 99 108 117 115 102 77 46 22 34 78 119 156 162 150 119 87 72 75 85 89 95 99 95 93 100 116 127 142 153 168 182 195 205 210 212 220 221 223 225 227 228 229 227 222 222 223 224 227 227 230 230 232 232 233 233 235 235 237 237 236 236 236 236 236 236 236 236 235 235 235 235 235 235 235 235 234 234 234 234 234 234 234 234 234 234 234 234 234 234 234 234 233 233 233 233 233 233 233 233 234 234 234 234 234 234 234 234 236 236 236 236 236 236 236 236 236 236 236 236 236 236 236 236 233 233 233 233 233 233 233 233 234 234 233 232 231 230 229 228 229 229 229 229 229 229 229 229 229 230 231 233 233 234 234 232 233 233 233 233 234 234 234 234 236 236 238 238 238 238 238 238 239 238 238 238 238 239 240 241 241 241 241 241 241 241 241 239 239 237 235 234 233 232 230 230 228 226 226 225 225 225 225 225 228 230 228 227 225 225 223 221 222 220 220 218 218 216 216 209 199 191 187 179 169 155 142 131 121 110 97 86 81 82 88 86 83 81 85 89 95 99 100 100 101 99 100 99 101 101 101 101 105 105 103 99 94 84 74 68 62 58 57 62 73 85 91 90 86 83 81 79 79 78 78 77 80 78 78 78 78 80 80 80 75 75 75 75 75 75 75 75 75 75 76 76 77 77 77 77 76 78 78 79 81 83 85 85 88 87 85 85 84 82 82 83 82 82 83 83 84 84 84 84 87 87 87 88 88 89 91 89 0 0 0 0 0 0 0 0
0 0 0 0 0 0 0 0 67 67 68 70 71 71 71 72 74 76 76 77 77 77 77 77 82 82 84 84 85 86 87 87 87 88 88 91 91 92 92 94 95 95 97 97 99 99 101 104 105 110 118 121 124 126 127 131 135 130 122 112 106 95 82 74 52 53 52 53 54 52 49 49 47 48 47 48 50 53 60 64 82 91 104 111 115 123 137 148 168 182 194 196 191 189 197 206 209 211 213 214 217 220 223 222 220 218 221 222 223 220 217 212 207 205 198 192 191 193 194 179 131 92 43 31 23 57 78 100 97 90 79 67 60 58 56 55 56 56 56 57 63 68 78 82 82 83 92 93 85 81 81 73 59 44 28 24 24 27 41 60 81 102 128 146 154 155 156 161 154 157 155 154 155 159 162 165 165 159 147 123 89 55 35 22 31 49 80 106 121 124 124 119 113 107 106 105 108 104 101 99 98 98 99 100 99 99 98 98 96 96 97 97 96 96 96 97 95 94 95 94 95 94 95 94 97 96 97 95 96 94 95 95 93 97 101 99 99 100 110 119 119 113 92 58 29 23 55 99 142 164 169 144 106 85 84 91 95 103 109 104 95 89 96 104 110 117 130 147 161 176 191 200 204 210 218 225 226 225 225 222 222 221 222 222 224 226 229 229 232 232 233 235 237 237 237 237 236 236 236 236 236 236 236 236 235 235 235 235 235 235 235 235 234 234 234 234 234 234 234 234 234 234 234 234 234 234 234 234 232 232 232 232 232 232 232 232 234 234 234 234 234 234 234 234 236 236 236 236 236 236 236 236 236 236 236 236 236 236 236 236 233 233 233 233 233 233 233 233 234 234 233 231 230 229 228 227 228 228 228 228 228 228 228 228 228 229 230 231 232 232 232 232 233 231 233 233 233 233 234 234 236 236 238 238 240 240 240 240 239 238 238 238 238 239 240 241 241 241 241 241 241 241 241 239 239 237 235 234 233 232 230 230 228 226 226 225 225 223 223 223 226 228 227 227 225 224 223 221 222 220 218 216 216 215 215 208 196 188 182 172 160 144 131 122 111 103 98 95 97 102 109 111 113 111 115 120 126 131 133 134 137 136 136 137 138 138 137 136 136 135 135 130 126 117 110 105 100 90 84 82 85 91 93 89 84 80 79 77 76 75 74 74 75 75 75 75 75 76 76 75 71 69 69 69 69 69 69 69 71 71 71 71 72 72 73 73 74 74 76 78 81 83 85 85 87 86 86 84 83 83 81 80 79 79 80 80 81 81 81 81 84 84 82 83 83 84 86 84 0 0 0 0 0 0 0 0
0 0 0 0 0 0 0 0 66 66 66 69 69 69 72 72 75 75 76 76 76 77 77 77 83 83 84 85 85 86 88 88 89 89 89 92 93 93 95 97 100 102 103 103 105 105 109 110 116 120 127 133 139 139 135 134 124 114 100 87 83 78 74 71 66 71 73 79 84 88 89 90 99 102 105 108 111 116 123 127 123 132 146 152 160 168 179 194 205 215 221 214 204 197 199 207 206 205 209 212 218 225 227 226 221 218 219 221 225 227 225 222 222 215 209 197 193 194 192 177 146 106 53 34 18 50 80 106 100 92 86 77 69 66 63 60 62 62 63 65 71 76 82 87 92 96 104 97 73 57 51 43 31 29 28 37 52 68 87 104 125 137 149 154 156 156 158 164 165 168 171 171 170 169 167 164 166 157 144 122 90 54 32 19 27 42 70 97 115 123 126 127 120 117 115 114 115 111 109 103 102 100 101 100 102 102 102 101 101 101 102 100 101 100 102 100 98 96 96 96 96 96 96 96 96 96 96 96 96 96 96 98 92 92 96 96 96 101 109 116 119 121 101 66 37 17 35 78 134 166 185 165 127 99 87 86 100 113 125 125 114 104 102 101 92 91 98 109 123 137 157 170 185 196 214 222 225 222 224 224 223 222 222 222 223 223 227 227 231 231 234 234 236 236 236 236 235 235 235 235 235 235 235 235 234 234 234 234 234 234 234 234 234 234 234 234 234 234 234 234 234 234 234 234 234 234 234 234 232 232 232 232 232 232 232 232 233 233 233 233 233 233 233 233 236 236 236 236 236 236 236 236 236 236 236 236 236 236 236 236 233 233 233 233 233 233 233 233 234 234 233 231 230 228 227 226 227 227 227 227 227 227 227 227 228 228 230 231 232 232 232 232 230 230 232 232 232 232 233 233 235 235 237 237 239 239 239 239 239 238 238 238 238 239 240 241 241 241 241 241 241 241 241 239 239 237 235 234 233 232 230 228 227 225 224 224 222 222 220 222 225 227 227 227 224 223 223 220 219 217 215 215 214 214 214 205 191 182 178 169 155 142 133 125 121 122 129 134 140 144 147 144 140 137 138 141 143 143 144 141 147 144 142 142 142 141 140 138 139 137 137 135 131 125 119 114 109 101 94 91 90 91 91 88 80 79 78 77 76 74 74 72 72 70 70 70 72 72 74 72 67 65 65 65 65 65 65 65 68 68 69 69 69 70 70 70 72 73 75 77 80 82 84 86 86 86 86 84 83 81 80 80 76 76 76 77 77 77 78 78 80 78 78 79 79 80 80 80 0 0 0 0 0 0 0 0
0 0 0 0 0 0 0 0 66 66 67 69 69 70 72 72 76 76 77 76 76 77 77 79 81 82 82 85 85 85 88 88 90 90 91 93 94 94 97 99 108 112 112 113 115 115 119 120 128 131 139 147 151 145 131 122 101 88 72 64 69 78 87 92 91 96 99 106 113 117 121 124 138 141 146 150 154 157 161 164 175 182 191 198 203 208 214 224 219 225 223 217 211 205 205 208 206 206 211 216 223 229 233 230 228 223 222 222 226 230 232 231 228 222 214 203 198 196 193 178 152 116 67 43 22 48 74 101 104 100 95 85 77 70 64 59 68 72 74 77 83 82 83 84 84 85 85 72 44 32 30 28 27 39 53 67 88 111 128 137 151 156 159 160 156 156 156 164 177 182 184 184 182 178 172 169 169 161 148 127 96 61 36 22 23 37 62 88 109 121 132 134 129 126 123 125 124 119 115 109 101 98 99 100 102 101 102 100 101 100 101 100 101 99 102 100 96 96 96 96 96 96 96 96 96 96 97 98 98 99 100 100 99 95 96 96 100 106 112 116 120 123 102 70 41 15 20 61 120 158 185 177 148 120 96 81 95 112 133 144 139 128 121 115 100 92 90 93 98 104 120 133 151 169 195 207 211 212 220 225 225 222 224 223 223 223 226 226 230 230 233 233 235 235 237 235 232 232 232 232 232 232 232 232 233 233 233 233 233 233 233 233 235 235 235 235 235 235 235 235 235 235 235 235 235 235 235 235 233 233 233 233 233 233 233 233 232 232 232 232 232 232 232 232 236 236 236 236 236 236 236 236 236 236 236 236 236 236 236 236 233 233 233 233 233 233 233 233 234 234 233 231 229 228 226 226 226 226 226 226 226 226 226 226 227 228 229 231 231 232 232 231 229 229 231 231 231 231 232 232 234 234 236 236 238 238 238 238 239 238 238 238 238 239 240 241 241 241 241 241 241 241 241 239 239 237 237 234 233 232 230 228 227 225 224 224 222 220 220 222 225 227 227 226 224 223 222 220 219 217 215 215 214 214 212 203 183 174 175 170 163 157 154 150 155 157 164 170 174 174 174 171 168 163 163 162 159 157 156 151 141 137 134 132 130 126 124 123 124 122 123 121 118 113 111 106 100 97 94 92 89 86 84 81 76 75 74 73 73 71 69 67 69 69 69 69 71 71 73 69 63 61 61 61 61 61 61 61 63 63 64 64 64 65 65 65 68 70 73 75 79 80 84 86 88 88 85 85 84 82 82 80 76 76 77 77 76 77 77 77 75 75 75 74 74 75 75 75 0 0 0 0 0 0 0 0
0 0 0 0 0 0 0 0 72 72 73 73 73 74 76 76 79 79 79 81 80 81 81 83 80 82 84 85 87 87 88 89 90 91 94 94 99 102 103 108 123 126 126 128 132 134 137 141 140 146 152 163 166 155 132 117 91 78 62 60 72 93 111 124 131 134 137 140 147 153 155 157 162 166 170 173 176 179 180 183 184 191 198 203 208 210 212 217 227 226 222 220 219 219 215 211 217 216 219 223 230 236 236 233 237 230 226 224 227 230 232 231 227 222 214 206 202 202 198 182 152 121 78 57 29 46 65 90 111 106 103 94 86 78 69 65 76 83 90 96 98 95 92 90 64 56 52 38 19 21 34 40 57 77 93 105 121 138 147 147 157 161 166 168 168 168 168 173 181 187 190 190 188 182 176 171 177 169 156 138 108 72 47 33 24 36 60 86 108 125 137 141 137 134 133 132 133 127 123 116 102 99 100 100 101 100 100 99 100 99 99 98 99 99 101 100 99 97 99 97 97 97 97 97 97 97 98 99 101 100 103 103 107 103 100 100 108 113 115 118 120 124 101 70 44 14 14 53 106 143 175 177 162 136 105 83 83 104 130 145 148 141 132 126 125 114 103 97 93 92 101 112 114 136 165 183 189 196 209 221 226 224 225 224 223 222 223 225 230 230 231 233 233 235 235 235 230 230 230 230 230 230 230 230 233 233 233 233 233 233 233 233 235 235 235 235 235 235 235 235 235 235 235 235 237 235 237 235 235 233 235 233 235 233 235 233 232 230 232 230 232 230 232 230 236 236 236 236 236 236 236 236 236 236 236 236 236 236 236 236 233 233 233 233 233 233 233 233 235 234 233 231 229 227 226 225 226 226 226 226 226 226 226 226 227 228 229 230 231 231 231 231 228 228 230 230 230 230 231 231 233 233 235 235 237 237 237 237 239 238 238 238 238 239 240 241 241 241 241 241 241 241 241 239 237 237 237 234 233 232 230 230 227 225 225 224 222 222 222 224 225 225 225 224 224 222 220 216 217 215 214 212 212 210 210 201 180 176 181 180 180 182 183 183 186 183 180 178 173 174 178 178 164 158 158 157 153 150 146 142 138 134 130 128 123 121 119 117 114 112 113 112 110 107 104 100 95 95 94 91 88 82 79 74 73 72 73 72 72 71 69 66 70 69 69 70 70 72 72 70 63 61 61 61 61 61 61 61 62 62 62 63 63 64 64 64 68 70 72 73 75 79 80 82 85 85 85 84 82 81 81 79 77 75 78 76 76 77 77 77 73 73 71 72 72 73 73 73 0 0 0 0 0 0 0 0
0 0 0 0 0 0 0 0 74 74 76 75 77 78 80 80 81 83 85 86 87 88 91 92 89 82 81 86 89 90 94 99 93 95 97 97 101 113 119 120 131 134 135 136 139 142 146 148 159 155 152 153 155 146 123 106 78 73 67 75 97 121 140 152 162 167 171 174 178 180 181 183 185 187 188 190 192 194 197 199 204 208 211 215 217 219 219 220 220 222 224 224 226 227 229 231 232 234 234 234 234 234 234 234 234 233 232 231 231 229 227 225 221 218 212 209 203 200 196 186 161 123 90 60 25 42 53 89 107 120 107 101 96 82 80 76 88 104 111 106 101 96 84 70 57 41 25 24 33 45 55 68 95 108 121 135 148 155 159 161 162 165 169 171 175 177 178 181 189 193 190 189 187 186 184 182 180 174 163 148 125 94 62 38 28 37 58 77 88 104 126 143 138 134 133 130 131 128 127 124 124 120 117 115 112 108 104 99 98 96 95 96 100 101 106 105 104 102 103 101 102 104 105 106 99 101 101 103 104 103 104 103 105 103 101 103 108 110 111 112 111 124 94 71 49 17 19 44 86 120 158 172 167 154 121 81 80 82 119 141 144 146 137 143 141 134 121 110 99 96 96 97 103 113 132 149 158 170 187 203 210 222 230 225 220 219 222 221 223 226 228 231 232 234 231 228 225 224 222 222 224 226 227 228 228 229 230 231 232 233 232 232 233 233 235 235 235 235 237 237 237 237 237 237 239 237 239 237 240 238 239 236 238 235 236 234 235 233 235 233 235 233 235 233 234 234 234 234 234 234 234 234 234 235 235 235 235 234 233 232 232 231 231 231 231 231 231 231 232 231 230 230 229 228 227 227 227 227 227 227 227 227 227 227 228 228 228 228 228 228 228 228 228 228 228 228 229 229 229 229 230 230 232 233 233 234 234 234 235 235 235 236 236 237 237 237 237 237 237 237 237 237 237 237 234 232 232 231 231 231 229 229 231 228 228 225 225 224 224 224 223 222 222 219 219 217 214 211 213 210 208 207 208 206 205 196 177 168 175 183 191 194 198 201 196 191 185 176 168 165 165 165 155 149 148 145 143 139 138 134 133 131 125 122 120 118 118 114 109 105 105 106 105 104 102 100 96 93 90 87 84 83 81 82 82 79 79 76 75 72 70 68 70 70 70 70 72 74 74 72 69 67 67 67 67 67 67 67 68 68 68 69 67 68 68 68 69 69 71 72 73 74 76 78 79 81 81 81 82 82 82 82 79 77 79 77 77 77 77 77 76 76 76 76 76 76 76 76 0 0 0 0 0 0 0 0
0 0 0 0 0 0 0 0 78 78 77 78 80 79 80 81 80 82 84 86 89 92 96 97 94 88 88 95 99 99 103 109 103 107 107 107 115 124 131 132 139 142 141 139 142 142 148 151 151 142 134 125 118 104 84 73 74 78 85 99 121 141 157 166 171 175 180 184 187 189 191 193 194 196 196 198 200 202 205 207 212 215 219 222 224 224 225 225 222 224 226 227 231 233 234 236 239 239 237 237 235 235 234 234 235 234 233 232 231 229 227 225 221 218 212 209 203 200 198 187 162 124 89 59 26 43 57 94 113 128 114 105 99 88 92 92 101 109 111 102 92 78 60 47 40 34 35 46 61 73 86 96 117 127 138 148 158 160 163 164 165 169 172 176 179 180 182 184 191 195 192 191 189 186 184 182 178 171 166 153 131 100 68 43 30 37 52 64 72 82 100 116 113 112 114 115 120 124 128 129 134 135 137 132 125 117 112 107 101 96 96 98 101 105 109 108 111 109 108 107 107 105 106 104 107 107 108 108 108 105 104 106 95 95 95 97 103 110 113 118 118 126 97 72 52 19 21 38 72 102 137 159 164 159 134 95 89 82 112 132 140 146 140 146 148 145 138 129 121 114 110 108 110 112 118 124 132 141 161 178 192 205 219 220 219 222 227 226 224 225 227 229 231 231 230 229 227 225 224 224 225 226 227 227 228 229 230 231 232 232 232 232 233 233 235 235 235 235 237 237 237 237 239 239 239 239 239 239 240 240 239 238 237 237 236 236 235 235 235 235 235 235 235 233 236 234 234 234 234 234 234 234 234 234 235 235 234 234 233 230 231 230 230 230 230 230 230 230 231 231 230 229 228 228 227 227 227 227 227 227 227 227 227 227 228 228 228 228 228 228 228 228 228 228 228 228 229 229 229 229 230 230 232 233 233 233 234 234 235 235 235 236 236 236 237 237 237 237 237 237 237 237 237 235 234 232 231 231 231 231 229 229 230 230 227 227 226 226 226 223 223 222 219 219 217 214 212 211 211 208 205 205 205 203 201 194 170 163 166 176 184 190 198 200 197 192 184 175 166 159 156 153 145 142 139 136 135 132 130 127 131 126 125 120 119 118 116 114 110 109 107 107 107 106 104 102 100 97 93 90 87 84 82 82 80 80 80 78 76 74 75 73 72 70 70 72 74 74 76 74 70 69 70 69 69 69 69 69 70 70 70 71 69 69 70 70 69 69 71 72 72 73 74 74 77 77 79 79 81 81 82 81 79 77 77 77 77 77 77 77 76 76 76 76 76 76 76 76 0 0 0 0 0 0 0 0
0 0 0 0 0 0 0 0 78 79 79 78 79 80 79 80 79 79 82 84 89 93 95 97 98 94 95 100 106 110 114 118 115 117 117 109 105 103 102 104 96 97 94 92 91 91 97 100 117 110 101 90 83 75 68 65 71 84 104 124 142 157 165 172 174 178 181 185 188 190 192 193 195 197 197 199 201 202 204 206 211 214 219 222 223 225 227 226 224 224 226 227 231 233 234 236 239 239 237 237 235 235 234 234 235 234 233 232 231 229 227 225 221 218 212 209 205 202 200 189 164 127 91 60 25 43 58 97 117 132 118 110 107 98 105 107 108 101 92 79 61 37 19 14 17 26 46 69 91 104 114 123 136 144 147 153 158 157 159 160 165 168 170 175 178 180 182 184 191 193 192 191 189 186 184 182 174 169 166 156 135 104 71 46 31 34 43 49 51 53 62 72 69 70 75 80 85 95 108 115 123 130 136 133 123 115 112 111 107 106 107 106 107 109 110 111 110 109 109 109 110 108 108 107 112 109 109 107 106 105 104 105 92 93 95 100 107 117 123 130 124 128 98 76 54 25 27 37 57 82 115 144 163 169 151 115 102 85 102 119 133 147 145 151 155 156 154 151 146 136 129 123 121 112 104 101 104 113 132 147 166 180 198 207 214 220 227 229 227 226 227 227 228 229 231 232 228 228 227 226 225 226 226 227 228 228 230 231 232 232 232 232 233 233 235 235 235 235 237 237 237 237 239 239 239 239 239 239 240 239 239 238 237 236 236 236 235 235 235 235 235 235 235 233 236 234 234 234 234 234 234 234 234 234 235 235 234 233 232 230 230 229 229 229 229 229 229 229 230 230 230 229 228 228 227 227 227 227 227 227 227 227 227 227 228 228 228 228 228 228 228 228 228 228 228 228 229 229 229 229 230 230 232 232 233 233 233 234 235 235 235 235 236 236 236 237 237 237 237 237 237 237 237 235 233 231 231 231 230 230 230 230 229 228 226 226 226 225 225 223 222 221 221 218 216 214 211 210 211 208 205 204 203 202 200 191 162 153 152 162 171 180 192 199 203 199 196 187 179 169 164 159 151 146 144 141 140 136 134 131 132 129 129 125 126 124 123 122 119 116 116 116 114 113 111 108 102 99 95 92 87 85 84 82 79 78 79 78 77 78 77 75 72 72 72 74 74 76 77 76 72 70 72 70 70 70 70 70 71 71 70 70 71 71 71 72 71 71 71 72 73 74 76 76 79 79 81 81 81 81 82 81 79 79 79 79 79 79 79 79 78 78 78 78 78 78 78 78 0 0 0 0 0 0 0 0
0 0 0 0 0 0 0 0 80 81 81 81 82 83 82 82 82 82 85 87 90 93 96 99 98 97 100 105 113 119 121 123 115 118 115 99 77 64 62 65 62 59 55 53 52 54 58 64 63 63 61 57 57 61 67 73 96 115 136 154 164 169 171 174 178 182 185 187 191 192 194 194 196 198 200 200 201 203 205 207 213 215 220 222 224 224 226 226 223 225 227 229 231 233 237 237 239 239 237 237 235 235 234 234 235 234 233 232 231 229 227 225 221 218 214 209 205 202 200 189 167 133 99 66 29 44 56 93 111 130 122 117 122 116 118 112 105 83 60 45 29 8 2 11 28 45 72 100 119 129 135 140 151 155 157 156 157 157 159 158 162 166 171 174 178 180 183 185 191 193 192 189 187 186 184 184 172 171 169 162 145 114 81 54 42 42 49 53 49 41 42 44 38 40 44 47 51 59 73 81 91 97 105 108 108 109 110 114 114 115 118 117 118 112 111 107 106 105 106 108 111 111 112 110 109 106 106 103 102 101 101 103 101 103 108 111 120 124 132 136 129 128 99 78 58 36 42 45 54 70 102 136 164 180 167 134 113 84 92 104 121 143 144 151 157 161 163 162 159 152 145 139 130 119 106 98 98 101 112 122 138 151 172 188 200 210 221 225 229 228 228 225 225 226 229 231 229 229 229 228 226 225 225 226 227 228 229 231 231 232 232 231 232 232 234 234 234 234 236 236 236 236 238 238 238 238 238 238 239 239 238 238 237 236 235 235 234 234 234 234 234 234 234 232 235 233 233 233 233 233 233 233 233 234 234 234 234 233 232 229 228 227 227 227 227 227 227 227 230 229 229 228 228 227 227 227 227 227 227 227 227 227 227 227 228 228 228 228 228 228 228 228 228 228 228 228 229 229 229 229 229 229 232 232 232 233 233 233 234 234 235 235 235 236 236 236 236 236 236 236 236 236 236 234 233 231 231 231 229 229 229 229 227 227 225 225 225 224 224 224 221 220 220 220 217 215 213 210 212 209 206 204 203 201 200 190 156 144 143 146 154 163 175 182 198 198 199 196 190 185 180 176 163 157 155 152 148 147 145 141 136 133 135 132 134 133 132 128 123 121 121 118 118 117 115 112 107 102 98 92 90 86 84 81 81 82 80 79 78 77 77 77 74 74 76 76 77 77 79 77 74 72 74 72 72 72 72 70 70 70 71 70 70 71 71 71 71 71 72 73 73 74 76 76 78 78 80 80 80 80 81 80 80 78 78 78 78 78 78 78 77 77 77 77 77 77 77 77 0 0 0 0 0 0 0 0
0 0 0 0 0 0 0 0 83 83 84 85 86 85 86 86 88 88 91 91 93 95 98 101 101 104 108 116 124 128 129 123 108 109 104 86 63 48 49 57 49 48 44 42 43 48 53 59 66 73 78 84 88 98 108 121 138 152 168 179 182 181 181 184 185 189 191 192 194 196 198 198 200 200 201 203 203 205 208 210 214 216 219 221 224 226 227 227 225 226 226 229 231 234 237 237 237 237 237 237 235 235 234 234 235 234 233 232 231 229 227 225 223 218 214 210 207 203 202 191 173 141 110 78 38 47 51 87 104 129 127 129 139 130 122 104 85 55 26 14 8 6 20 42 63 81 106 124 138 147 148 152 156 158 158 157 159 159 159 160 164 165 171 174 178 180 183 188 189 191 190 189 187 186 184 184 173 173 175 170 154 125 92 66 59 61 71 77 73 60 51 47 45 42 41 37 36 38 44 47 51 52 57 67 78 90 98 101 109 115 123 126 126 119 116 110 105 106 107 111 111 112 111 109 105 104 105 103 104 102 102 104 114 118 124 126 129 129 131 135 132 127 98 78 56 44 58 58 56 65 92 129 163 184 176 147 115 83 84 92 108 131 137 145 154 159 163 166 166 160 156 153 143 134 124 116 112 105 104 105 113 124 143 162 179 193 208 217 227 227 228 224 222 221 224 227 228 230 231 229 226 224 224 226 227 228 229 230 231 231 231 231 232 232 234 234 234 234 236 236 236 236 238 238 238 238 238 238 239 239 238 237 236 236 235 235 234 234 234 234 234 234 234 232 235 233 233 233 233 233 233 233 233 233 234 234 233 233 232 229 227 226 226 226 226 226 226 226 229 228 228 228 228 227 227 227 227 227 227 227 227 227 227 227 228 228 228 228 228 228 228 228 228 228 228 228 229 229 229 229 229 229 231 232 232 232 233 233 234 234 234 235 235 235 236 236 236 236 236 236 236 236 236 234 233 231 230 230 229 229 227 227 225 225 225 225 223 224 224 224 221 220 219 219 216 214 212 210 211 208 207 205 204 202 200 193 158 145 141 139 142 147 153 158 175 177 183 187 187 185 187 185 172 166 165 162 160 159 157 153 149 145 146 143 143 141 138 133 125 121 121 121 121 120 116 114 113 109 105 99 97 92 89 87 86 86 84 82 80 77 75 73 77 77 77 77 79 79 81 79 76 74 76 74 74 74 74 72 72 72 72 71 71 71 72 72 72 72 74 75 75 76 78 78 80 80 80 80 81 81 81 80 80 78 78 78 78 78 78 78 77 77 77 77 77 77 77 77 0 0 0 0 0 0 0 0
0 0 0 0 0 0 0 0 86 86 88 89 90 92 93 93 96 98 98 99 101 103 105 108 111 117 124 130 138 138 130 119 99 93 84 73 60 52 56 64 55 55 55 54 58 62 70 74 75 83 94 104 115 124 139 151 170 181 188 191 192 191 194 197 192 194 196 198 200 200 201 201 203 203 205 205 207 208 210 212 215 218 220 222 225 227 226 227 225 227 228 231 233 235 236 238 237 237 237 237 235 235 234 234 235 234 233 232 231 229 227 225 223 219 214 210 207 205 202 194 179 152 124 92 47 51 52 84 109 139 140 143 144 131 111 85 56 31 8 5 17 32 59 84 102 114 130 139 148 154 157 157 156 157 158 159 160 160 161 163 166 169 174 177 179 183 186 188 189 191 190 187 187 186 184 184 174 177 181 177 163 134 103 78 73 78 93 107 109 99 88 80 74 70 61 54 47 42 38 36 28 25 26 32 45 58 67 70 92 100 114 123 127 126 126 123 112 110 113 114 114 111 109 105 105 104 105 107 107 108 105 108 121 124 128 127 126 124 123 126 123 114 89 71 50 49 74 74 66 67 84 116 151 175 171 148 114 82 80 84 95 116 123 133 147 153 158 162 164 165 164 161 155 148 146 141 133 118 108 104 103 107 120 136 154 170 189 202 218 221 225 224 221 219 220 223 226 229 231 229 225 223 223 225 227 227 229 230 231 231 231 231 231 231 233 233 233 233 235 235 235 235 237 237 237 237 237 237 238 238 238 237 236 235 235 234 233 233 233 233 233 233 233 231 234 232 232 232 232 232 232 232 233 233 233 233 233 232 231 229 227 226 226 226 226 226 226 226 228 228 228 227 227 227 227 227 227 227 227 227 227 227 227 227 228 228 228 228 228 228 228 228 228 228 228 228 229 229 229 229 228 229 231 231 232 232 232 232 233 234 234 234 235 235 235 235 235 235 235 235 235 235 235 235 233 230 230 229 228 228 226 226 225 224 224 224 222 223 223 223 222 220 219 218 218 215 213 211 211 209 208 207 206 205 203 196 172 158 151 147 141 138 137 137 149 151 158 164 166 170 174 173 167 163 163 163 163 164 164 164 163 161 160 157 154 152 147 142 135 132 132 131 132 130 129 125 124 119 116 111 107 105 101 99 94 93 92 88 84 80 77 74 81 81 81 81 83 83 85 83 79 77 77 77 77 76 76 74 73 72 72 72 73 71 71 73 74 74 76 75 77 78 78 78 79 79 79 79 80 80 80 80 79 77 77 77 77 77 77 77 76 76 76 76 76 76 76 76 0 0 0 0 0 0 0 0
0 0 0 0 0 0 0 0 90 91 90 93 95 97 99 100 105 106 109 110 111 113 116 118 122 130 138 142 146 142 125 106 86 71 59 60 70 77 85 89 96 98 100 102 107 112 118 122 125 132 142 151 162 173 182 193 193 198 197 196 198 200 203 208 202 202 204 204 206 206 206 206 208 208 208 209 211 213 215 217 217 220 223 226 226 227 227 228 229 229 230 233 233 235 236 236 235 235 235 235 235 235 235 235 234 233 232 231 231 229 227 226 223 219 216 212 209 205 203 196 186 162 135 101 56 57 57 90 117 151 150 140 129 104 82 56 36 25 16 25 50 76 101 120 128 137 143 144 148 156 158 155 157 159 160 161 162 164 165 166 170 172 175 178 180 183 186 188 189 189 188 187 187 185 184 184 177 178 182 181 169 142 111 88 81 87 109 131 144 141 133 127 120 112 102 95 87 77 66 58 45 40 36 31 30 35 42 46 65 73 88 99 107 114 122 126 117 117 120 121 120 116 112 107 105 107 109 112 112 111 109 109 104 108 107 102 98 95 96 102 98 90 70 58 39 52 92 98 83 74 77 98 124 149 149 132 109 80 81 83 87 103 109 119 132 139 146 155 161 163 164 162 160 158 162 161 153 139 128 123 113 108 110 118 130 143 163 178 206 212 221 223 221 219 219 221 223 227 230 229 225 222 223 225 226 227 228 230 230 231 231 230 231 231 233 233 233 233 235 235 235 235 237 237 237 237 237 237 238 238 237 237 236 235 234 234 233 233 233 233 233 233 233 231 234 232 232 232 232 232 232 232 232 233 233 233 233 232 231 228 228 227 227 227 227 227 227 227 227 227 227 227 227 227 227 227 227 227 227 227 227 227 227 227 228 228 228 228 228 228 228 228 228 228 228 228 229 229 229 229 228 228 231 231 231 232 232 232 233 233 234 234 234 235 235 235 235 235 235 235 235 235 235 235 233 232 232 231 228 227 226 225 224 224 223 223 224 224 224 223 221 219 219 217 217 215 214 212 212 209 209 209 210 208 206 199 189 176 169 161 152 139 130 127 127 128 131 131 133 136 143 142 139 136 139 142 146 151 154 155 159 158 160 159 158 157 154 150 145 142 143 144 145 143 142 138 134 130 127 122 119 115 114 110 104 102 101 95 91 89 83 81 85 85 85 85 85 85 86 85 81 79 79 79 79 77 77 76 75 73 74 74 74 73 73 73 76 76 78 77 79 80 80 80 79 79 80 80 80 80 80 80 79 79 79 79 79 79 79 79 78 78 78 78 78 78 78 78 0 0 0 0 0 0 0 0
0 0 0 0 0 0 0 0 95 96 98 99 103 105 108 109 115 116 119 121 124 127 130 132 133 140 148 152 153 145 121 100 74 52 38 56 90 114 127 130 132 135 137 141 145 151 155 159 168 173 176 179 183 189 193 198 207 207 204 201 202 206 210 213 209 209 209 209 209 209 209 209 211 211 211 211 215 215 217 218 219 222 225 227 227 229 228 230 231 232 233 234 234 235 236 236 235 235 235 235 235 235 235 235 234 233 232 231 231 229 229 226 223 219 216 212 209 207 205 198 191 168 140 109 61 63 65 98 117 153 150 129 105 73 52 29 31 32 35 55 83 112 131 143 146 150 150 147 150 157 156 152 158 161 162 165 167 166 167 168 173 176 178 180 183 183 186 186 188 189 188 187 186 185 184 184 177 180 184 182 172 146 118 94 83 92 115 145 164 168 165 162 162 153 144 137 130 120 105 94 81 78 71 56 41 35 39 43 39 47 59 71 82 94 108 115 122 122 125 128 127 125 120 116 109 111 113 115 116 113 110 110 79 79 74 67 62 61 66 73 75 69 54 45 34 58 107 117 98 79 72 82 102 124 127 112 103 79 83 82 81 94 99 112 119 127 136 148 155 158 158 159 160 162 169 171 168 155 148 146 131 117 110 110 115 123 142 157 197 205 217 222 222 219 220 221 221 226 230 229 224 221 223 226 226 227 228 229 230 230 230 230 231 231 233 233 233 233 235 235 235 235 237 237 237 237 237 237 238 238 237 236 236 235 234 234 233 233 233 233 233 233 233 231 234 232 232 232 232 232 232 232 232 233 233 233 233 232 231 228 228 227 227 227 227 227 227 227 227 227 227 227 227 227 227 227 227 227 227 227 227 227 227 227 228 228 228 228 228 228 228 228 228 228 228 228 229 229 229 229 228 228 230 231 231 232 232 232 233 233 233 234 234 235 235 235 235 235 235 235 235 235 235 235 232 232 231 230 227 227 226 225 223 224 224 223 223 224 224 224 221 221 220 218 218 216 216 214 214 211 211 210 212 211 209 204 203 194 186 176 164 147 133 125 114 110 109 107 105 106 112 113 106 104 109 117 124 131 136 139 142 143 146 151 155 156 157 153 152 149 150 150 151 151 149 146 143 140 136 132 129 126 125 122 114 110 109 106 100 96 93 90 90 88 88 88 88 88 88 88 85 83 83 81 81 79 79 77 76 75 75 74 74 75 75 75 78 78 79 79 80 80 81 80 80 80 80 80 80 80 80 80 79 79 79 79 79 79 79 79 78 78 78 78 78 78 78 78 0 0 0 0 0 0 0 0
0 0 0 0 0 0 0 0 116 117 119 120 125 126 130 131 137 134 135 136 141 145 146 144 145 147 153 157 154 134 107 88 60 40 30 60 106 139 149 149 163 166 168 169 172 176 179 183 185 193 199 202 204 203 202 205 212 212 211 209 208 210 211 212 215 215 215 215 215 215 215 215 214 214 214 215 218 219 221 223 225 226 226 228 228 230 230 232 235 235 235 234 234 235 235 235 236 236 236 236 236 236 236 236 235 234 232 231 230 229 230 226 222 219 217 214 211 210 207 202 200 176 149 113 74 57 73 100 137 148 142 109 73 39 19 21 31 52 76 98 118 136 148 154 157 158 155 154 153 156 158 161 164 165 166 167 170 171 174 176 177 178 179 180 180 183 183 184 185 187 186 185 184 184 183 183 184 179 182 179 167 151 126 94 84 80 116 148 170 191 186 184 177 177 177 172 163 156 148 146 130 127 119 102 83 64 52 43 38 30 27 36 49 66 89 105 104 116 127 130 130 134 132 128 123 127 126 121 115 108 96 85 47 41 35 33 30 28 38 50 52 48 33 29 28 65 119 124 115 93 66 62 73 81 89 96 92 97 101 99 94 90 95 101 105 117 128 138 146 152 157 159 165 163 165 166 172 172 169 165 154 137 126 120 114 109 120 136 178 199 218 220 221 227 227 221 219 218 218 219 223 226 227 228 228 227 227 228 229 230 231 232 228 229 231 233 234 235 238 238 235 235 237 236 236 235 235 235 237 237 237 236 236 236 235 235 233 232 232 231 231 232 232 231 233 231 231 231 231 231 231 231 231 231 231 231 231 231 231 229 228 227 227 227 227 227 227 227 227 227 227 227 227 227 227 227 228 228 228 228 228 228 228 228 228 228 228 228 228 228 228 228 228 228 228 228 229 229 229 229 229 229 231 232 232 233 233 233 234 234 235 236 236 236 235 235 233 233 233 233 233 233 233 233 233 232 231 230 229 227 224 224 223 222 223 223 223 224 222 222 221 220 221 220 220 219 219 216 216 214 214 212 212 212 212 207 213 206 200 193 180 166 152 140 126 116 106 99 96 94 91 82 79 76 82 89 95 99 101 101 110 108 112 121 136 145 149 146 143 140 141 142 144 145 144 141 137 136 137 134 129 126 125 122 117 115 117 115 109 105 104 104 97 95 93 93 93 93 93 91 89 87 86 86 86 83 82 79 81 79 77 76 76 76 76 76 78 78 80 78 80 78 80 78 81 79 79 79 79 79 79 79 78 78 78 78 78 78 78 78 79 79 79 79 79 79 79 79 0 0 0 0 0 0 0 0
0 0 0 0 0 0 0 0 129 130 132 133 134 135 135 138 136 137 140 144 144 140 130 123 122 124 128 130 126 109 87 72 64 53 53 82 122 149 159 163 173 175 177 179 183 185 189 193 196 201 206 209 209 209 210 214 222 222 220 216 215 215 217 216 220 220 218 218 218 218 218 218 217 217 217 218 220 223 225 225 226 228 228 230 230 232 232 233 237 237 237 236 236 235 235 235 236 236 236 236 236 236 236 236 234 233 232 231 231 230 231 227 225 221 218 216 212 210 208 203 204 182 153 115 78 59 72 95 126 135 122 89 60 34 28 39 63 83 108 125 137 146 155 156 162 162 165 165 164 163 164 164 168 169 171 172 175 176 179 179 179 180 181 181 183 183 184 184 185 185 185 186 185 184 184 183 183 177 179 182 173 161 138 105 89 80 110 139 162 184 180 178 176 176 177 175 174 169 168 167 165 162 155 143 124 105 90 81 64 52 42 42 46 53 65 74 83 94 108 117 125 135 140 139 131 129 124 116 108 96 75 58 25 23 23 23 21 23 37 51 54 55 42 34 29 61 121 137 122 101 75 63 62 67 73 83 101 113 125 128 118 107 100 100 96 107 122 133 142 148 153 154 157 158 160 164 171 173 173 171 167 151 140 130 118 107 114 126 162 185 209 218 224 229 228 220 221 220 220 220 221 222 222 222 227 227 227 227 228 229 230 231 230 230 232 233 233 233 235 235 235 235 237 236 236 236 235 235 237 237 236 236 236 235 235 235 233 232 232 231 231 232 232 231 232 230 230 230 230 230 230 230 231 231 231 231 231 231 231 229 228 227 227 227 227 227 227 227 227 227 227 227 227 227 227 227 228 228 228 228 228 228 228 228 228 228 228 228 228 228 228 228 228 228 228 228 229 229 229 229 229 229 231 232 232 232 233 233 234 234 235 235 236 235 234 234 234 234 234 234 234 234 234 234 232 232 231 229 228 226 223 222 223 223 222 222 223 223 221 222 221 222 221 222 222 220 220 218 218 216 216 216 216 214 214 210 209 205 202 196 189 181 173 165 149 141 130 122 115 109 103 94 88 85 87 91 92 94 93 93 89 87 90 98 111 119 123 119 118 114 114 116 117 117 116 112 111 113 117 117 116 113 113 113 109 111 118 121 119 117 112 110 102 99 97 95 95 93 93 92 90 90 88 88 85 84 83 80 82 80 78 76 76 75 75 76 79 80 82 80 82 80 80 81 81 81 79 79 79 79 79 79 78 78 78 78 78 78 78 78 79 79 79 79 79 79 79 79 0 0 0 0 0 0 0 0
0 0 0 0 0 0 0 0 145 145 145 145 144 142 139 140 135 135 137 137 134 125 116 108 103 105 107 105 99 87 73 65 62 67 83 111 141 160 171 177 180 184 185 186 190 195 196 200 203 208 213 214 213 214 215 220 232 229 228 223 222 220 221 221 224 224 222 222 220 220 220 220 221 221 221 222 224 225 226 228 228 230 232 232 232 233 233 235 239 239 240 238 236 236 235 235 235 235 235 235 236 236 238 236 234 233 232 232 232 231 232 228 227 225 220 218 213 210 209 203 208 185 155 115 77 58 67 86 102 108 93 63 43 33 46 68 99 121 140 151 154 156 157 157 166 170 173 175 175 173 171 170 174 174 177 178 178 179 180 181 181 182 182 183 183 184 186 185 186 184 183 184 184 183 184 184 182 176 178 184 180 174 154 122 96 80 103 129 153 179 174 171 175 174 176 177 179 181 182 180 184 185 182 173 161 144 131 123 103 89 75 68 64 60 58 55 54 65 81 98 113 127 135 136 140 135 125 113 99 79 51 28 18 22 29 30 27 31 45 62 65 65 48 41 39 72 128 145 137 118 89 63 48 52 66 83 115 135 159 165 153 129 109 97 88 97 112 129 142 149 153 155 153 156 160 163 168 169 173 173 175 163 154 143 127 111 111 119 149 174 204 222 233 238 233 223 216 216 216 217 218 219 220 221 226 226 227 227 228 229 230 230 231 231 233 232 232 232 233 233 236 236 237 237 236 236 236 236 236 236 236 235 235 235 234 234 233 232 232 231 231 232 232 231 232 230 230 230 230 230 230 230 231 231 231 231 231 231 231 229 228 227 227 227 227 227 227 227 227 227 227 227 227 227 227 227 228 228 228 228 228 228 228 228 228 228 228 228 228 228 228 228 228 228 228 228 229 229 229 229 229 229 231 231 232 232 232 233 233 234 234 235 235 234 233 233 234 234 234 234 234 234 234 234 234 233 232 230 226 225 223 223 222 222 222 223 222 223 223 223 222 222 223 224 224 222 222 220 219 218 218 218 218 216 216 214 209 205 204 203 199 195 191 187 176 170 161 152 144 136 128 119 112 108 106 105 101 99 95 92 86 84 85 88 95 98 99 93 95 93 93 94 94 91 91 87 83 86 92 92 92 91 94 95 94 99 108 116 119 121 121 118 108 104 102 99 97 95 95 93 93 92 92 92 90 87 87 85 83 81 79 77 77 75 75 75 81 81 83 82 84 83 83 83 81 81 81 81 79 79 79 79 79 79 79 79 79 78 78 78 79 79 79 79 79 79 79 79 0 0 0 0 0 0 0 0
0 0 0 0 0 0 0 0 123 123 122 120 116 112 110 109 101 97 93 89 85 82 81 80 71 72 74 71 66 59 56 56 72 89 117 140 159 171 182 190 189 192 193 195 198 201 203 205 212 214 217 218 217 219 221 226 235 233 232 229 228 226 227 226 227 225 225 224 224 224 224 224 223 224 224 225 227 228 230 230 230 232 233 233 233 235 235 237 242 242 242 240 238 236 234 233 234 234 234 234 235 235 237 237 233 233 233 233 233 234 232 230 227 224 221 218 214 213 212 207 213 189 157 117 77 55 57 67 74 79 70 49 43 52 75 105 135 152 167 170 168 164 165 166 174 177 178 181 181 180 179 179 179 179 181 182 182 183 183 183 185 185 184 184 184 184 187 185 184 184 184 183 184 183 185 185 185 176 179 184 186 185 168 141 107 82 97 117 147 179 179 177 179 178 175 176 178 180 181 180 183 184 185 183 175 166 161 155 148 136 123 109 98 83 67 55 37 43 59 77 98 116 125 128 140 136 127 111 89 62 37 19 36 44 54 56 55 57 75 91 87 82 57 52 60 86 130 141 148 133 101 69 48 51 74 99 132 157 185 193 178 151 120 99 83 89 103 121 138 147 154 158 154 159 163 163 164 163 167 170 171 165 161 153 137 121 117 120 139 164 198 222 239 244 237 226 211 211 211 212 213 217 223 227 226 227 228 229 230 230 230 230 230 230 232 231 231 231 233 233 236 235 237 237 236 236 236 236 235 235 235 235 234 234 234 233 233 232 232 231 231 232 232 231 231 229 229 229 229 229 229 229 231 231 231 231 231 231 231 229 228 227 227 227 227 227 227 227 227 227 227 227 227 227 227 227 227 227 227 227 227 227 227 227 227 227 227 227 227 227 227 227 227 227 227 227 228 228 228 228 228 228 231 231 231 232 232 232 233 233 233 234 233 233 232 231 232 232 232 232 232 232 232 232 232 232 230 229 225 224 222 222 222 222 222 222 222 222 223 223 222 223 224 224 225 225 222 222 222 220 220 220 220 219 220 217 216 213 209 206 204 202 199 197 193 189 184 179 174 166 162 154 146 141 139 134 131 126 123 119 113 109 106 104 104 104 100 96 95 92 92 91 89 87 85 81 74 75 76 74 69 68 73 73 83 84 95 104 115 121 125 125 115 109 106 102 100 98 98 96 97 96 96 94 92 91 91 89 85 84 82 80 80 78 78 78 82 82 85 84 84 85 86 84 83 81 81 81 79 79 79 79 79 79 79 78 78 78 78 77 78 78 78 78 78 78 78 78 0 0 0 0 0 0 0 0
0 0 0 0 0 0 0 0 88 88 86 83 79 74 71 71 60 59 57 53 53 57 65 70 61 66 69 71 70 72 79 84 106 128 154 170 179 184 192 199 199 200 202 203 205 210 211 213 220 221 222 223 223 225 228 231 234 231 232 230 230 230 231 230 229 227 227 225 225 225 225 225 226 226 226 227 229 230 232 232 232 233 233 235 235 237 237 239 243 243 242 240 238 236 234 233 234 232 234 234 235 237 239 237 232 231 233 233 233 233 231 229 223 223 220 219 219 215 214 211 224 198 161 118 78 52 46 47 44 58 59 54 64 83 110 139 157 171 180 177 174 174 177 179 181 182 181 181 181 182 183 186 184 184 184 184 184 185 185 185 187 186 186 185 185 186 186 185 184 182 183 182 184 183 184 185 187 178 181 187 190 191 179 156 118 85 90 106 139 178 187 189 184 181 178 177 179 181 181 179 182 182 184 184 180 178 178 176 180 172 161 149 134 114 90 70 55 48 48 57 73 92 108 117 124 126 122 104 73 46 36 34 62 74 85 84 77 77 92 104 100 104 82 74 75 84 116 132 149 145 126 97 76 77 97 116 151 174 198 204 195 170 138 112 87 85 94 112 131 142 151 156 157 161 164 163 162 160 163 166 165 162 163 158 147 132 125 122 128 150 183 212 234 242 238 230 220 219 217 213 212 215 221 226 226 227 229 230 231 231 231 231 226 227 229 230 231 232 235 235 235 235 236 236 236 235 235 235 235 234 234 234 233 233 233 233 233 232 232 231 231 232 232 231 231 229 229 229 229 229 229 229 231 231 231 231 231 231 231 229 228 227 227 227 227 227 227 227 227 227 227 227 227 227 227 227 227 227 227 227 227 227 227 227 227 227 227 227 227 227 227 227 227 227 227 227 228 228 228 228 228 228 230 231 231 231 232 232 232 232 232 232 232 231 230 229 229 229 229 229 229 229 229 229 231 230 229 228 227 226 223 223 224 224 222 223 223 224 223 223 224 225 226 227 225 225 225 224 224 222 222 222 222 220 222 219 221 217 213 210 207 203 203 200 198 196 194 193 190 185 183 178 172 168 166 162 160 157 154 152 146 141 138 133 131 126 123 119 113 111 111 109 108 106 102 97 90 85 80 72 63 60 61 58 69 74 89 107 119 127 127 122 116 110 106 102 98 98 96 96 97 96 96 93 91 91 90 89 87 86 84 82 82 80 80 82 85 85 86 86 86 85 85 83 83 83 81 81 81 81 79 79 79 79 79 78 78 77 77 76 78 78 78 78 78 78 78 78 0 0 0 0 0 0 0 0
0 0 0 0 0 0 0 0 53 51 49 46 42 42 39 40 46 50 57 61 67 71 80 85 90 97 105 111 118 127 135 141 151 168 185 193 195 198 203 204 207 207 210 210 213 214 218 219 223 225 227 227 228 231 233 236 231 231 231 231 230 231 231 232 231 229 229 227 227 227 227 227 228 228 228 229 231 232 233 233 233 235 235 235 237 237 237 239 244 246 243 242 240 236 233 232 231 231 233 233 236 236 238 236 232 231 233 233 233 232 228 226 222 221 221 221 221 220 217 211 224 199 162 116 77 50 37 32 30 48 63 76 99 120 138 158 163 169 172 168 168 172 179 181 185 184 185 182 184 183 185 188 186 186 186 186 186 186 186 186 186 185 185 184 184 185 185 184 183 181 182 181 182 182 184 184 187 181 184 187 189 192 187 168 130 90 86 95 130 172 190 196 188 185 182 182 186 188 188 186 184 184 183 182 182 180 180 179 180 180 178 173 165 152 134 117 102 81 56 44 48 56 70 77 97 103 104 84 51 33 43 58 100 107 111 99 81 70 72 77 94 121 112 98 84 70 93 118 143 154 158 145 129 124 131 141 165 184 198 204 200 186 159 133 100 91 89 102 119 132 142 152 156 159 160 160 163 163 168 168 164 162 163 161 155 142 129 120 122 137 164 194 221 234 235 232 231 230 227 221 215 213 216 220 225 227 229 230 231 231 230 229 225 225 228 229 230 232 235 235 233 233 235 234 234 234 233 233 234 234 233 233 233 232 232 232 233 232 232 231 231 232 232 231 232 230 230 230 230 230 230 230 231 231 231 231 231 231 231 229 228 227 227 227 227 227 227 227 227 227 227 227 227 227 227 227 226 226 226 226 226 226 226 226 226 226 226 226 226 226 226 226 226 226 226 226 227 227 227 227 227 228 230 230 231 231 231 231 231 231 232 231 231 230 228 228 226 226 226 226 226 226 226 226 229 229 229 228 228 227 225 225 225 225 224 224 224 225 224 224 225 225 226 227 226 226 225 225 225 225 225 223 223 223 223 221 218 215 214 211 208 206 206 203 199 197 198 194 193 190 189 187 180 176 176 174 175 172 171 169 166 164 163 159 157 156 155 152 149 149 147 145 143 142 138 135 125 116 105 94 85 78 71 61 58 69 93 118 134 138 131 121 115 108 104 100 96 95 94 93 96 95 94 91 90 89 89 89 90 88 87 85 83 83 81 83 86 87 87 87 86 86 86 84 85 83 83 81 81 81 79 79 79 79 78 78 77 76 76 76 77 77 77 77 77 77 77 77 0 0 0 0 0 0 0 0
0 0 0 0 0 0 0 0 46 45 42 39 37 39 40 42 57 64 77 85 91 99 105 112 124 131 140 148 155 164 170 175 182 191 197 199 203 210 215 213 212 211 213 213 218 218 221 223 226 228 231 232 233 233 235 237 232 230 230 230 228 228 229 228 231 229 229 229 229 227 227 227 228 230 230 231 232 233 235 235 235 237 237 237 239 239 239 241 246 246 244 242 240 235 233 232 231 231 233 233 236 236 238 236 232 231 231 231 231 230 226 222 221 222 225 225 226 220 215 210 205 180 145 104 71 47 35 27 31 55 77 100 131 150 158 167 161 166 165 161 165 171 176 176 184 185 187 186 187 185 184 183 186 187 187 186 186 186 186 186 185 185 183 183 183 183 184 182 180 178 179 180 181 180 183 183 184 181 185 189 187 192 193 177 145 100 87 88 119 163 187 198 189 185 183 185 191 194 193 190 184 186 187 183 181 178 176 176 173 178 181 180 176 174 168 156 145 117 86 69 61 52 51 50 74 79 80 64 35 27 54 84 126 132 131 111 83 66 58 56 83 116 112 108 98 74 81 100 123 143 162 165 160 160 159 161 171 182 190 195 201 197 174 149 123 104 92 99 112 124 136 148 158 158 158 159 164 166 170 168 165 161 162 163 162 151 134 119 117 124 142 168 194 210 216 217 219 223 226 224 219 216 216 218 223 224 227 229 229 229 228 227 226 226 228 229 230 230 232 233 232 232 233 233 233 232 232 232 233 233 233 232 232 232 231 231 233 232 232 231 231 232 232 231 232 230 230 230 230 230 230 230 231 231 231 231 231 231 231 229 228 227 227 227 227 227 227 227 227 227 227 227 227 227 227 227 226 226 226 226 226 226 226 226 226 226 226 226 226 226 226 226 226 226 226 226 227 227 227 227 227 227 230 230 230 231 231 231 231 231 231 231 230 228 227 226 226 226 226 226 226 226 226 226 230 230 230 230 229 229 227 228 226 226 225 225 226 226 226 226 225 226 227 227 228 228 227 227 227 225 225 225 225 225 225 223 217 214 214 212 211 208 207 204 201 198 198 193 191 189 189 189 183 180 181 179 181 178 177 174 177 175 176 173 173 172 173 173 174 172 172 170 169 165 163 160 152 142 131 122 116 105 87 71 55 67 92 119 138 144 137 127 117 112 106 102 98 95 95 95 98 96 94 91 92 92 92 92 89 87 86 84 82 82 82 84 89 91 88 87 87 85 84 82 85 83 83 83 81 81 79 79 79 79 78 78 77 76 75 75 76 76 76 76 76 76 76 76 0 0 0 0 0 0 0 0
0 0 0 0 0 0 0 0 94 92 89 87 87 91 93 97 101 109 119 125 133 141 150 160 163 169 176 181 188 192 194 194 197 200 202 201 209 219 223 218 216 214 217 217 218 221 223 225 225 227 231 233 234 234 235 237 232 232 232 231 228 228 228 225 232 231 231 229 229 229 229 229 228 230 230 231 232 233 235 235 237 237 237 239 239 241 241 241 244 244 243 240 238 235 233 232 233 233 233 234 236 236 238 236 232 231 231 230 229 226 224 220 220 223 225 227 225 220 213 206 180 159 128 95 68 51 41 35 45 70 98 126 161 176 175 175 175 176 173 168 172 178 179 177 183 185 189 191 190 188 184 182 188 188 188 188 186 186 186 186 185 184 183 183 183 183 184 184 181 181 180 181 182 182 182 184 183 181 187 188 186 192 194 183 157 111 91 88 113 160 185 200 189 186 184 186 194 194 194 189 184 188 192 192 190 185 183 181 178 184 187 181 178 178 174 166 158 138 120 110 101 85 71 61 62 66 66 51 28 28 64 100 131 137 137 119 95 80 71 66 76 100 95 101 109 88 78 80 95 119 140 150 157 165 168 168 171 176 181 184 194 198 177 153 142 117 97 98 109 119 132 147 159 159 157 158 163 167 167 166 165 163 162 164 168 160 141 122 110 112 121 141 165 181 189 192 197 206 217 222 222 220 221 223 220 222 225 227 228 227 226 224 228 228 229 229 229 228 230 230 231 231 232 232 232 231 231 231 233 233 232 232 232 231 231 231 233 232 232 231 231 232 232 231 231 231 231 231 231 231 231 231 231 231 231 231 231 231 231 229 228 227 228 227 228 227 228 227 228 227 228 227 228 227 228 227 226 226 226 226 226 226 226 226 226 226 226 226 226 226 226 226 226 226 226 226 226 227 227 227 225 227 227 230 230 231 231 231 231 231 231 230 229 228 226 226 227 227 227 227 227 227 227 227 229 229 230 231 230 230 231 229 229 227 228 228 228 229 229 227 226 226 228 228 229 228 229 227 228 227 227 227 227 227 227 225 220 218 218 217 215 213 211 208 204 202 202 199 195 193 197 198 192 190 189 189 189 187 186 184 184 185 184 183 182 182 180 180 176 174 175 173 171 168 167 164 162 152 144 139 137 124 102 79 68 75 94 116 139 149 149 144 129 122 118 113 109 107 107 106 107 106 104 101 102 102 102 103 95 93 92 90 88 86 88 88 96 97 95 94 92 91 88 88 90 90 88 88 87 87 87 85 85 85 84 83 82 80 79 78 80 80 80 78 78 78 78 78 0 0 0 0 0 0 0 0
0 0 0 0 0 0 0 0 126 126 127 129 132 134 139 141 151 154 160 164 171 176 180 185 197 201 203 203 203 204 205 207 210 211 213 215 218 220 222 222 220 220 220 221 223 223 226 226 229 229 231 230 232 231 231 231 234 236 236 236 234 234 232 232 234 232 232 231 231 231 231 229 229 229 231 231 232 232 234 234 237 239 239 242 243 244 244 244 242 240 240 239 237 236 236 234 234 234 234 236 236 236 236 236 233 233 233 229 226 222 218 217 220 223 224 225 224 218 199 177 148 127 105 88 72 58 52 54 65 82 113 147 176 191 192 188 193 195 193 190 185 181 179 179 177 180 185 190 193 195 194 193 192 192 190 190 188 188 186 186 187 187 187 188 188 189 189 189 186 185 184 184 185 184 183 185 177 181 186 190 192 192 191 192 162 131 100 93 112 145 177 197 193 188 185 186 191 189 192 190 189 188 189 191 194 195 191 188 185 185 185 183 183 184 186 183 179 169 159 149 137 119 92 74 72 65 54 35 33 26 84 113 132 145 139 132 116 95 85 62 67 64 78 101 108 102 85 68 78 88 107 131 155 172 178 174 169 169 170 177 189 191 178 164 152 131 111 104 104 108 120 136 151 157 159 159 163 170 172 170 170 166 170 174 171 169 155 132 113 112 117 131 145 153 158 162 170 181 197 209 214 216 219 222 224 225 227 230 231 231 228 225 227 226 227 227 228 228 229 229 229 230 234 235 236 236 235 235 239 237 234 232 231 232 233 234 232 232 232 232 232 232 232 230 230 228 228 228 228 228 228 228 228 228 228 228 228 228 228 228 228 228 230 228 230 228 230 228 229 227 229 227 229 227 229 227 226 224 224 224 224 224 224 224 224 224 224 224 224 224 224 224 224 224 224 224 224 226 226 226 225 226 226 228 228 228 228 228 228 228 228 228 228 228 228 228 227 227 227 227 227 227 227 229 232 232 232 232 232 232 232 230 232 230 230 230 230 230 230 230 229 227 229 227 229 227 229 227 229 227 227 227 227 227 227 227 225 224 224 222 222 218 217 215 213 209 208 206 206 204 204 202 200 198 198 198 198 198 198 196 196 196 196 196 196 196 196 193 187 186 186 184 182 180 179 173 170 164 163 159 153 137 118 100 82 83 94 112 136 153 161 158 142 136 132 128 125 122 122 120 123 122 122 119 117 116 116 115 111 108 104 101 98 97 99 100 99 99 98 98 98 98 96 95 98 98 97 97 97 95 95 93 95 93 91 90 90 89 90 89 89 87 87 85 84 84 83 83 0 0 0 0 0 0 0 0
0 0 0 0 0 0 0 0 160 161 164 166 169 174 177 181 187 189 196 200 204 207 206 210 210 214 216 215 216 216 216 218 218 219 221 221 223 223 225 225 223 223 223 223 226 226 227 227 229 229 231 230 230 229 229 231 236 237 237 236 236 234 234 232 234 232 232 231 231 231 231 229 229 229 231 231 232 232 234 234 237 239 241 242 243 245 246 244 240 238 237 237 237 236 236 236 236 236 236 236 236 236 236 236 233 235 234 228 223 216 216 215 224 225 227 224 216 203 183 161 121 107 94 85 75 66 63 65 82 95 120 147 170 184 192 195 197 200 201 200 195 189 185 183 182 182 185 189 195 198 199 196 195 194 192 190 190 188 186 186 187 187 188 188 190 189 191 191 189 187 186 185 186 185 185 184 184 185 189 191 191 190 189 188 167 141 109 95 106 133 166 190 193 192 191 191 191 190 192 194 194 190 190 192 196 197 195 193 191 188 188 189 190 189 191 190 193 186 181 175 166 147 122 102 81 72 57 36 35 32 92 122 137 147 140 136 125 106 95 68 61 50 61 91 108 111 93 69 60 70 86 113 144 165 176 178 172 171 168 173 185 192 185 174 171 149 127 112 104 101 110 126 145 152 157 159 163 169 170 168 172 168 172 177 174 173 160 136 109 106 110 122 133 137 138 139 144 156 173 187 196 206 216 224 227 229 232 235 237 235 232 229 226 222 220 221 224 226 228 227 227 229 233 236 237 238 238 238 240 238 235 233 232 232 233 233 232 232 232 232 232 232 232 230 230 228 228 228 228 228 228 228 228 228 228 228 228 228 228 228 229 229 229 229 229 229 229 229 229 229 229 229 229 229 229 227 226 224 224 224 224 224 224 224 224 224 224 224 224 224 224 224 224 224 224 224 224 224 226 226 225 225 226 226 228 228 228 228 228 228 228 228 228 228 228 228 227 227 227 227 227 227 227 229 232 232 232 232 232 232 232 232 232 232 232 232 232 232 232 232 231 229 229 229 229 229 229 229 229 229 229 229 229 229 229 229 227 225 225 224 224 222 220 218 217 215 213 211 211 209 209 208 205 205 205 205 205 205 205 205 204 204 204 204 204 204 204 201 197 193 193 193 192 190 186 183 180 174 171 167 161 146 128 111 89 88 93 110 131 151 162 161 159 153 147 143 143 141 140 138 133 133 133 130 128 126 126 126 123 120 116 113 110 109 110 110 109 110 113 110 110 109 110 109 108 106 106 105 105 105 105 103 101 98 98 96 97 97 99 98 102 99 97 93 91 86 85 84 0 0 0 0 0 0 0 0
0 0 0 0 0 0 0 0 165 166 169 173 176 182 187 189 192 197 203 206 206 206 204 205 211 213 213 213 214 216 218 220 219 220 222 222 224 224 226 226 224 224 226 227 227 227 229 229 229 229 231 230 230 229 229 231 234 236 236 236 236 234 234 232 234 232 232 231 231 229 229 229 229 227 229 229 231 231 232 234 237 237 239 241 242 243 243 243 240 237 237 237 236 236 236 236 236 236 236 236 236 236 236 236 234 236 235 228 221 213 216 217 227 228 229 220 203 182 159 141 103 97 96 96 91 84 81 80 86 97 111 125 137 153 172 184 191 197 202 204 201 196 191 187 185 184 182 186 191 197 200 197 194 193 191 190 190 188 186 186 186 185 186 188 189 189 191 191 188 188 187 186 186 185 186 186 188 189 189 189 189 186 184 182 169 148 117 97 95 115 150 179 189 193 197 195 191 189 192 196 197 195 194 195 197 196 196 195 193 191 191 192 192 192 193 190 193 189 191 191 185 170 147 129 106 91 70 45 43 39 99 128 139 146 138 139 136 122 108 77 58 38 43 76 106 120 103 78 55 59 69 92 124 152 170 180 175 173 169 168 179 190 192 192 192 171 146 122 104 97 105 120 139 149 156 160 164 168 169 168 172 168 173 178 177 176 164 142 116 112 115 126 135 135 131 129 131 140 152 160 167 178 193 205 215 219 226 231 234 234 232 230 228 224 222 221 223 226 228 226 227 228 233 236 238 240 241 242 239 237 235 233 232 231 232 232 232 232 232 232 232 232 232 230 229 229 229 229 229 229 229 229 229 229 229 229 229 229 229 229 226 226 226 226 226 226 226 226 227 227 227 227 227 227 227 227 226 224 224 224 224 224 224 224 224 224 224 224 224 224 224 224 224 224 224 224 226 226 226 226 226 226 226 226 228 228 228 228 230 230 230 230 230 230 230 230 229 229 229 229 229 229 229 229 232 232 232 232 232 232 232 232 232 232 232 232 232 232 232 232 231 231 231 231 231 231 231 231 231 231 231 231 231 231 231 229 225 224 224 224 224 222 220 218 217 215 215 213 213 211 211 209 209 207 207 207 207 207 207 207 205 205 205 205 205 205 205 205 201 201 201 200 198 196 194 191 187 182 178 173 166 153 138 123 98 92 93 102 120 136 149 152 163 156 153 148 149 147 146 146 150 149 149 147 146 145 147 147 138 135 133 130 127 125 125 125 125 128 131 127 123 119 120 121 120 118 118 118 118 116 116 114 112 110 109 110 112 112 113 112 113 109 105 100 97 93 89 88 0 0 0 0 0 0 0 0
0 0 0 0 0 0 0 0 171 172 174 178 184 188 195 198 202 205 210 210 211 210 210 210 210 210 212 213 213 216 216 217 221 223 223 223 225 225 227 227 225 225 227 228 228 229 230 230 229 229 231 230 230 229 229 231 234 234 236 234 234 232 232 230 232 231 231 229 229 229 229 227 227 227 229 229 231 231 232 232 234 236 237 239 239 242 242 240 239 237 237 236 236 236 235 235 235 235 235 235 235 235 235 235 233 235 235 228 221 217 220 224 228 229 225 211 189 162 139 124 106 110 114 118 116 110 103 99 94 99 104 107 109 124 149 168 178 186 195 201 204 200 196 195 190 185 183 184 191 198 199 196 193 193 191 189 189 188 186 186 185 185 186 185 187 189 190 190 187 187 186 186 185 185 187 186 186 186 186 185 184 182 180 181 172 154 127 101 88 99 134 166 180 192 202 199 192 189 193 197 202 198 198 195 198 197 198 196 198 196 195 193 194 193 193 190 184 185 187 191 191 181 165 150 139 122 96 66 58 45 99 125 136 141 132 138 143 135 120 88 57 32 32 60 95 115 111 92 76 67 64 74 98 128 155 176 176 176 171 167 171 185 195 200 201 186 159 130 106 95 101 115 130 143 155 163 167 171 170 168 171 167 172 178 178 178 168 146 127 123 126 138 148 148 142 138 130 135 139 140 141 148 162 174 186 193 204 214 222 227 230 231 229 230 232 229 224 221 223 223 223 224 228 230 232 233 234 235 234 233 232 231 231 231 232 232 231 231 231 231 231 231 231 229 230 228 228 228 228 228 228 228 228 228 228 228 228 228 228 228 225 225 225 225 225 225 225 225 226 226 226 226 226 226 226 225 225 223 223 223 223 223 223 223 223 223 223 223 223 223 223 223 223 223 223 223 225 225 225 225 226 226 226 226 228 228 228 228 230 230 230 230 230 230 230 230 230 230 230 230 230 230 230 230 232 232 232 232 232 232 232 232 232 232 232 232 232 232 232 232 230 230 230 230 230 230 230 230 230 230 230 230 230 230 230 228 224 222 224 222 222 222 220 220 218 217 217 215 215 215 213 213 211 209 211 209 211 209 211 209 209 207 209 207 209 207 209 209 209 209 209 207 206 204 202 200 194 190 188 183 177 167 155 142 122 111 103 102 111 123 132 135 153 147 144 143 142 143 143 142 144 143 142 143 142 144 148 148 147 146 146 146 146 146 148 149 150 152 153 147 140 135 135 135 134 132 133 133 133 131 132 131 128 126 127 126 127 127 128 125 122 119 114 110 107 103 101 98 0 0 0 0 0 0 0 0
0 0 0 0 0 0 0 0 176 177 179 183 190 194 201 204 208 210 212 213 214 216 218 219 217 218 220 221 222 222 223 223 223 225 225 225 227 227 227 227 227 227 228 228 229 229 230 230 231 231 231 230 232 231 231 231 232 232 234 232 232 230 230 228 232 231 231 229 229 227 227 225 225 225 227 227 229 229 231 232 232 234 234 237 237 239 240 238 237 237 236 236 236 235 235 235 235 235 235 235 235 235 235 235 232 233 234 229 225 222 225 230 230 226 216 197 170 140 120 111 119 126 134 138 136 131 123 117 115 115 113 107 102 111 133 151 155 165 177 189 199 202 204 206 202 198 194 193 195 199 198 195 194 192 190 189 189 188 186 186 185 185 185 185 187 186 188 188 189 189 188 188 188 188 189 189 185 185 186 186 185 184 185 184 178 164 139 110 87 89 117 146 168 187 203 202 194 191 194 196 201 201 201 198 199 198 199 198 205 201 200 195 196 193 192 191 185 184 186 189 192 189 181 172 162 146 119 85 68 49 96 118 132 136 128 135 144 139 129 98 62 37 31 48 75 101 117 114 103 85 66 62 74 100 134 163 177 179 176 169 169 180 193 201 203 193 169 139 111 97 98 107 122 138 154 162 170 174 172 173 171 166 171 177 178 179 170 148 126 122 127 141 155 159 155 152 135 135 133 130 128 131 139 147 151 160 173 186 198 209 218 224 225 233 242 239 228 219 220 223 222 222 224 224 224 225 225 225 228 228 228 229 230 231 232 232 231 231 231 231 231 231 231 229 230 228 228 228 228 228 228 228 228 228 228 228 228 228 228 228 225 224 224 224 224 224 224 224 225 225 225 225 225 225 225 225 225 225 225 225 225 225 225 225 225 225 225 225 225 225 225 225 223 223 225 225 225 225 226 226 226 226 228 228 228 228 228 228 230 230 230 230 230 230 230 230 230 230 230 230 230 230 230 230 232 232 232 232 232 232 232 232 232 232 232 232 232 232 232 232 230 230 230 230 230 230 230 230 230 230 230 230 230 230 230 228 224 220 222 220 220 220 220 220 220 218 218 218 218 217 217 217 217 215 217 215 217 215 217 215 215 213 215 213 215 213 215 215 218 218 218 218 216 215 213 209 205 200 198 196 191 185 178 169 152 138 126 115 112 113 116 117 132 129 126 125 127 127 129 128 129 129 129 131 131 134 141 142 143 143 145 148 153 157 161 161 164 166 164 161 157 152 153 153 150 149 149 148 149 148 149 148 145 144 143 143 142 140 141 138 136 133 127 123 119 114 112 111 0 0 0 0 0 0 0 0
0 0 0 0 0 0 0 0 176 179 181 186 191 196 203 206 210 210 211 212 215 218 221 222 226 225 226 226 227 227 228 228 227 227 227 227 227 227 227 227 227 227 227 228 228 229 230 230 231 231 231 230 232 231 231 231 232 232 232 230 230 228 228 227 231 229 229 227 227 225 225 225 225 225 227 227 229 229 231 231 231 232 232 234 235 235 237 235 236 236 236 236 235 235 235 234 234 234 234 234 234 234 234 232 231 231 232 229 227 228 229 231 231 220 202 179 152 125 109 105 131 144 153 157 155 152 146 142 137 134 128 119 111 110 119 130 133 140 153 167 180 193 203 208 212 211 207 204 201 198 196 194 194 192 191 190 189 187 186 186 184 184 185 185 186 186 188 187 189 189 189 189 189 189 191 191 188 189 189 190 190 192 193 193 189 177 154 123 94 85 101 122 154 179 200 202 196 195 195 195 200 201 203 201 200 199 200 200 207 205 203 198 196 195 194 191 188 186 185 187 189 188 186 179 165 152 129 94 72 46 87 108 128 132 126 133 140 137 133 108 73 50 37 40 53 80 113 129 119 100 75 59 59 75 108 141 165 176 177 174 171 178 190 202 206 200 181 153 125 106 99 101 112 131 149 162 169 174 176 176 172 167 172 177 178 180 172 151 124 119 123 140 159 167 167 166 154 150 144 137 131 127 124 122 123 130 140 150 161 173 187 196 215 227 242 243 235 228 229 233 232 231 232 230 229 228 228 228 226 227 228 229 230 231 231 232 230 230 230 230 230 230 230 230 229 227 227 227 227 227 227 227 227 227 227 227 227 227 227 227 224 224 224 224 224 224 224 224 224 224 224 224 224 224 224 224 224 224 224 224 224 224 224 224 224 224 224 224 224 224 224 224 222 222 224 224 224 224 225 225 226 226 228 228 228 228 228 228 230 230 230 230 230 230 230 230 231 231 231 231 231 231 231 231 232 232 232 232 232 232 232 232 232 232 232 232 232 232 232 232 229 229 229 229 229 229 229 229 229 229 229 229 229 229 229 227 222 220 220 220 220 220 220 220 220 220 220 220 220 220 220 220 219 219 219 219 219 219 219 219 218 218 218 218 218 218 218 220 223 225 225 225 225 223 220 218 214 212 207 206 202 199 196 192 177 167 154 139 126 120 115 111 110 106 103 103 101 101 103 100 107 105 107 106 109 113 118 122 121 122 127 132 137 142 146 147 152 151 152 152 155 155 156 156 157 156 157 157 159 159 160 158 155 152 154 152 152 149 147 145 142 139 135 132 129 126 123 123 0 0 0 0 0 0 0 0
0 0 0 0 0 0 0 0 191 192 195 200 205 209 217 218 223 223 225 226 229 232 235 236 231 229 229 230 230 230 228 228 227 227 227 226 226 226 226 226 226 227 228 228 229 229 231 231 231 231 233 232 232 231 231 231 230 230 230 230 230 228 228 227 231 229 227 225 225 225 225 224 225 225 225 225 227 227 229 229 230 230 231 232 232 233 235 235 236 236 236 235 235 235 234 234 234 234 234 234 234 234 234 232 233 230 227 228 229 231 228 227 220 203 180 158 136 117 109 111 145 158 168 169 167 165 163 160 154 152 146 139 132 125 122 119 124 129 137 147 159 173 188 196 207 210 213 211 204 199 198 196 195 191 192 192 191 189 188 186 184 184 185 184 184 184 185 187 190 192 192 192 192 192 193 194 192 194 194 194 195 198 199 200 197 186 165 136 107 90 94 107 143 172 198 204 201 200 197 192 198 200 205 202 202 199 200 201 207 206 204 201 199 199 198 196 193 192 189 186 185 182 180 174 165 154 134 97 70 38 77 99 122 132 127 132 134 133 135 118 93 70 52 41 38 62 102 126 129 111 90 73 58 59 84 115 143 160 174 173 170 176 187 198 207 204 191 168 143 123 108 103 103 123 143 157 166 174 178 177 174 169 174 179 180 182 174 153 125 118 120 138 159 172 176 176 174 168 161 156 151 141 128 118 119 121 124 126 129 139 153 163 189 199 215 225 230 232 236 238 238 237 237 235 233 233 233 233 230 230 231 231 231 231 230 230 230 230 230 230 230 230 230 230 228 228 228 228 228 228 228 228 228 228 228 228 228 228 228 226 225 223 223 223 223 223 223 223 222 222 222 222 222 222 222 222 224 224 224 224 224 224 224 224 224 224 224 224 224 224 224 224 224 224 224 224 225 225 225 225 228 228 228 228 230 230 230 230 232 232 232 232 232 232 232 232 233 233 233 233 233 233 233 233 232 232 232 232 232 232 232 232 232 232 232 232 232 232 232 232 231 231 231 231 231 231 231 231 231 231 231 231 231 231 231 227 220 218 218 218 218 218 220 220 222 222 222 224 224 224 224 224 224 224 224 224 224 224 224 224 224 224 224 224 224 224 224 226 230 231 231 230 230 228 228 224 222 219 217 214 210 208 208 207 198 190 182 169 155 142 132 125 108 104 99 96 94 91 91 88 82 79 80 78 79 82 88 91 100 101 106 110 113 117 118 119 122 119 120 126 135 139 138 136 139 138 140 141 144 144 147 147 143 142 144 142 144 140 137 135 134 133 131 131 132 133 133 134 0 0 0 0 0 0 0 0
0 0 0 0 0 0 0 0 192 193 196 199 205 209 213 218 221 225 227 230 231 232 234 234 236 235 235 235 235 233 233 231 231 229 229 227 227 226 226 226 226 226 227 228 228 228 231 231 231 231 233 232 232 231 231 231 230 230 230 230 228 228 227 227 229 227 227 225 225 225 224 224 225 225 225 225 227 227 229 229 230 230 230 231 232 233 233 233 236 236 236 235 235 234 234 234 234 234 234 234 234 234 234 232 234 230 225 228 230 231 226 221 208 189 165 145 129 115 114 121 151 164 174 172 169 170 168 164 169 166 164 161 157 150 138 129 129 130 133 137 144 159 171 180 195 203 209 210 206 200 201 202 196 193 194 192 192 191 188 186 185 185 185 184 184 183 185 187 193 193 193 193 193 194 195 195 195 195 194 194 197 198 199 199 197 186 168 143 115 96 94 101 136 166 195 203 203 203 198 191 197 201 204 205 202 201 200 201 205 204 203 202 200 200 201 201 200 197 195 189 187 181 176 170 167 158 139 97 65 32 72 93 121 133 130 130 130 128 136 123 111 83 62 42 29 49 87 112 131 122 105 87 63 53 67 95 122 145 165 171 168 171 183 192 205 205 195 177 157 137 119 110 97 117 139 153 163 172 177 178 178 172 175 181 181 184 175 155 125 117 117 134 156 170 176 178 177 172 170 171 172 165 149 136 132 131 127 121 119 125 137 147 159 165 180 197 214 225 231 232 232 231 231 229 228 227 228 228 234 234 234 233 232 231 229 228 230 230 230 230 230 230 230 230 228 228 228 228 228 228 228 228 228 228 228 228 228 228 228 226 225 223 223 223 223 223 223 223 222 222 222 222 222 222 222 222 224 224 224 224 224 224 224 224 224 224 224 224 224 224 224 224 224 224 224 224 225 225 225 225 228 228 228 228 230 230 230 230 232 232 232 232 232 232 232 232 233 233 233 233 233 233 233 233 232 232 232 232 232 232 232 232 232 232 232 232 232 232 232 232 231 231 231 231 231 231 231 231 231 231 231 231 231 231 231 227 220 217 218 218 218 218 220 222 222 224 224 225 225 227 227 227 228 228 228 228 228 228 228 228 228 228 228 228 228 228 228 228 231 233 233 233 231 231 230 228 228 225 222 219 216 213 214 215 212 209 203 193 181 166 155 147 127 122 117 113 109 105 103 98 94 91 90 87 87 88 94 97 92 94 96 100 101 103 102 102 105 99 99 106 116 121 119 114 114 113 116 117 121 123 125 123 124 124 125 126 127 125 121 120 123 122 125 130 136 142 145 146 0 0 0 0 0 0 0 0
0 0 0 0 0 0 0 0 199 200 203 205 208 210 213 217 220 227 232 237 238 236 233 231 234 234 234 234 234 233 233 231 229 227 227 226 226 227 227 227 226 226 226 227 229 230 230 230 231 231 231 232 234 234 235 233 229 229 229 229 227 227 226 226 230 228 228 226 226 226 225 225 225 227 227 227 229 229 229 229 229 229 231 231 231 231 231 232 236 235 235 234 234 233 233 232 235 235 235 235 235 235 235 233 229 230 226 225 224 227 220 213 190 169 142 127 122 123 132 142 166 169 171 169 171 172 174 173 175 173 174 173 169 165 159 155 143 138 135 131 132 141 155 165 172 189 203 203 200 200 202 198 196 196 196 193 189 189 188 188 191 189 187 184 183 182 185 186 193 194 194 195 196 198 199 200 204 200 196 194 195 194 190 187 185 181 172 153 122 96 90 97 121 155 188 202 205 206 200 193 200 203 204 204 203 204 205 203 204 204 203 203 203 203 203 201 199 198 197 194 190 182 173 165 161 164 133 104 68 40 61 89 119 130 135 128 129 126 123 126 114 105 89 58 28 28 58 94 113 124 125 107 78 59 56 67 95 123 152 168 172 174 181 189 193 207 209 196 179 159 134 115 100 105 130 153 160 168 176 175 173 173 172 175 181 182 171 157 125 118 119 133 150 163 170 175 176 179 183 185 183 177 170 166 158 151 140 130 122 120 120 122 129 133 145 163 185 201 211 213 215 217 221 221 220 221 225 229 228 234 235 229 227 231 233 230 230 228 230 235 233 226 226 231 226 226 226 226 226 226 226 226 226 226 226 227 227 228 228 226 224 223 223 223 223 223 223 223 223 223 223 223 223 223 223 223 225 225 225 225 225 225 225 225 225 225 225 225 225 225 225 225 225 225 225 225 225 225 227 227 228 228 230 230 230 230 232 232 232 232 232 232 232 232 232 232 231 231 231 231 231 231 231 231 231 231 231 231 231 231 231 231 233 233 233 233 233 233 233 233 230 230 230 230 230 230 230 230 229 229 229 229 229 229 229 225 222 218 218 218 220 220 222 222 224 225 225 227 227 229 229 229 231 231 231 231 231 231 231 231 233 233 233 233 233 233 233 233 234 234 234 234 234 234 233 231 226 223 219 217 214 214 214 214 216 216 214 211 203 192 181 172 157 152 149 145 139 135 132 126 117 113 112 109 108 107 107 105 105 103 100 98 94 94 93 91 87 88 88 90 91 91 92 91 90 89 89 89 91 90 92 89 85 90 101 104 99 98 101 104 98 105 116 130 137 144 152 155 0 0 0 0 0 0 0 0
0 0 0 0 0 0 0 0 197 199 201 202 204 205 210 212 217 223 228 231 234 234 233 233 235 237 237 237 235 235 234 234 230 228 228 227 227 226 226 226 226 226 226 227 229 230 230 230 231 232 232 232 235 235 235 236 232 230 230 230 230 228 228 227 232 230 228 226 226 226 226 226 227 227 229 229 229 229 229 229 228 228 230 230 230 230 230 230 234 234 234 234 234 233 233 233 236 235 234 233 233 233 234 233 232 231 225 224 226 227 216 205 180 155 128 113 117 132 151 167 172 176 176 175 174 176 175 175 173 174 174 175 176 176 176 176 165 158 148 137 130 132 141 144 160 169 179 187 197 207 208 203 200 199 198 197 194 190 192 192 187 189 191 191 193 191 189 189 192 193 195 196 200 201 201 202 198 195 189 187 184 179 172 167 172 168 159 141 113 91 87 95 123 153 184 198 203 207 206 200 202 204 205 206 205 206 206 205 204 204 203 203 203 203 203 203 199 198 199 196 192 185 177 169 168 171 140 111 76 45 67 92 121 132 136 129 129 124 119 120 121 113 96 63 30 19 41 72 101 122 136 121 95 67 51 44 70 102 141 164 174 175 178 183 192 205 210 201 189 168 141 119 103 105 122 144 155 164 174 174 173 173 172 174 180 181 171 158 138 129 125 134 147 158 166 171 172 175 179 182 183 181 179 177 173 168 159 149 140 132 128 125 118 117 123 133 148 162 172 175 182 184 188 189 190 194 199 204 215 223 227 227 229 232 231 227 230 228 229 233 233 228 228 232 226 226 226 226 226 226 226 226 226 226 226 227 227 228 228 228 224 223 224 223 224 223 224 223 224 223 224 223 224 223 224 224 225 225 225 225 225 225 225 225 225 225 225 225 225 225 225 225 225 225 225 225 225 225 227 227 228 228 230 230 230 230 232 232 232 232 232 232 232 232 232 232 231 231 231 231 231 231 231 231 231 231 231 231 231 231 231 231 233 233 233 233 233 233 233 233 230 230 230 230 230 230 230 230 229 229 229 229 229 229 229 227 222 218 220 220 220 222 222 224 225 225 227 227 229 229 231 231 232 232 232 232 232 232 232 232 234 234 234 234 234 234 234 234 234 233 234 234 234 234 233 233 232 228 226 222 216 213 210 207 209 210 212 212 209 205 196 189 183 180 177 174 171 168 165 161 156 155 154 152 151 151 150 148 144 140 136 131 127 124 122 120 117 117 114 110 109 104 103 99 100 98 96 94 95 94 94 91 81 83 87 86 82 80 82 82 90 99 114 129 141 152 163 169 0 0 0 0 0 0 0 0
0 0 0 0 0 0 0 0 200 200 201 201 204 206 208 210 216 219 223 227 228 231 231 235 236 238 238 238 236 236 235 235 229 227 228 226 226 227 227 227 228 228 228 229 229 230 232 232 232 233 235 235 236 236 238 237 233 233 233 231 231 229 229 228 231 229 229 227 227 225 225 225 228 228 230 230 230 230 230 230 229 229 229 229 229 229 229 229 233 233 233 233 233 234 234 234 236 234 232 230 230 230 232 231 234 227 222 222 226 225 209 190 162 138 114 109 123 145 167 182 179 180 180 179 179 177 177 177 174 174 172 173 177 183 188 191 183 176 164 151 139 133 135 135 145 144 149 161 183 203 209 203 206 207 206 202 199 196 194 193 189 188 189 188 191 191 191 193 197 199 200 200 200 198 196 194 184 181 175 171 165 159 152 147 147 147 143 133 117 104 106 114 137 161 185 196 202 208 209 206 204 204 205 205 206 207 205 205 204 203 203 203 201 201 201 201 199 198 198 197 196 188 180 173 174 176 149 118 81 50 69 91 119 131 137 132 131 121 115 116 125 121 107 76 38 17 26 50 83 116 142 135 113 87 61 40 54 82 120 150 165 170 176 179 186 197 204 206 202 187 156 126 108 103 113 131 144 160 173 174 174 174 173 173 178 180 171 159 148 136 128 131 143 154 165 173 174 174 175 177 179 180 182 183 182 180 176 170 161 151 142 137 127 121 117 116 123 131 139 141 154 155 160 162 164 169 176 180 184 192 203 213 223 231 232 228 232 229 228 231 232 230 230 231 228 228 228 228 228 228 228 228 228 228 228 229 229 230 230 228 226 224 226 224 226 224 226 224 226 224 226 224 226 224 226 226 227 227 227 227 227 227 227 227 227 227 227 227 227 227 227 227 225 225 225 225 227 227 227 227 230 230 232 232 232 232 232 232 233 233 233 233 233 233 233 233 232 232 232 232 232 232 232 232 231 231 231 231 231 231 231 231 233 233 233 233 233 233 233 233 231 231 231 231 231 231 231 231 230 230 230 230 230 230 230 227 224 220 222 222 222 224 224 225 225 227 229 229 231 231 231 231 232 234 234 234 234 234 234 234 236 236 236 236 236 236 236 234 233 231 233 233 233 233 233 233 233 231 229 225 220 214 209 206 206 208 211 214 214 212 206 204 199 197 196 195 193 191 189 186 189 186 186 184 184 184 184 182 179 176 173 169 165 160 158 157 155 153 149 144 140 133 130 125 127 123 121 118 117 116 115 111 106 101 99 94 91 87 85 83 91 96 108 124 138 152 166 173 0 0 0 0 0 0 0 0
0 0 0 0 0 0 0 0 207 207 209 210 210 211 214 214 218 218 220 222 224 227 231 234 236 237 239 237 237 236 236 236 231 231 229 229 229 227 227 227 228 228 228 229 229 230 232 232 233 233 236 236 236 237 239 239 236 234 236 234 234 232 232 230 231 230 230 228 228 226 226 226 229 230 230 230 230 229 230 229 229 228 229 228 228 228 228 229 231 231 231 232 233 233 234 234 236 233 230 227 227 228 230 230 233 225 219 220 225 221 199 176 141 125 112 119 137 155 168 176 180 181 181 181 180 180 180 180 181 179 178 177 180 184 189 192 187 183 177 169 160 154 149 146 139 133 129 139 161 181 195 198 213 212 214 210 205 199 195 193 194 189 185 182 182 187 193 198 207 205 200 192 185 176 168 164 135 132 129 126 124 122 121 120 126 132 139 141 139 138 144 152 161 176 191 197 200 205 207 205 204 204 205 205 206 204 205 204 203 203 203 201 201 201 201 201 200 198 196 198 198 193 183 175 173 178 152 122 84 49 66 88 115 130 137 133 130 120 114 116 124 124 118 91 54 25 23 38 66 107 138 139 131 116 90 61 63 73 93 120 146 163 173 182 181 190 196 201 206 197 169 142 115 103 104 118 135 155 171 174 176 176 173 172 176 178 171 161 144 132 122 124 136 152 168 181 181 179 175 172 171 172 175 177 177 178 179 177 173 166 160 155 152 143 134 127 124 125 129 129 125 125 128 129 132 136 140 143 144 152 166 185 206 223 232 235 235 231 229 230 232 231 230 229 228 228 228 228 228 228 228 228 228 228 228 229 229 230 230 230 228 226 228 226 228 226 228 226 228 226 228 226 228 226 228 226 226 226 226 226 226 226 226 226 227 227 227 227 227 227 227 227 225 225 225 225 227 227 227 227 229 229 231 231 231 231 231 231 232 232 232 232 232 232 232 232 232 232 232 232 232 232 232 232 231 231 231 231 231 231 231 231 232 232 232 232 232 232 232 232 232 232 232 232 232 232 232 232 231 231 231 231 231 231 231 230 225 222 224 224 224 225 225 225 227 227 229 229 231 231 231 231 232 234 234 234 234 234 234 234 235 235 235 235 235 235 235 233 232 230 230 230 232 232 232 232 232 230 226 225 222 218 214 212 213 215 216 218 216 213 210 207 206 204 204 204 205 203 202 199 200 199 200 200 200 198 200 198 199 196 196 193 191 191 190 190 187 187 183 180 178 172 171 167 167 164 162 160 157 154 153 151 151 145 138 136 133 129 121 116 108 109 112 120 130 142 155 161 0 0 0 0 0 0 0 0
0 0 0 0 0 0 0 0 216 216 217 217 217 220 220 220 223 222 221 222 223 226 229 232 236 236 237 236 236 236 236 234 233 233 233 231 231 231 231 231 228 228 228 229 231 232 232 232 235 235 236 236 238 239 239 239 238 236 238 236 236 234 234 232 231 230 230 228 228 228 228 228 230 232 232 232 232 230 232 230 231 229 231 229 229 229 229 229 230 230 231 231 232 233 233 233 234 232 229 226 226 227 230 229 232 226 222 223 224 215 190 164 131 121 116 130 150 163 169 172 177 179 181 181 182 182 183 183 183 183 183 182 183 184 185 184 182 181 182 180 176 170 162 156 140 132 128 128 138 156 176 189 212 212 216 214 211 203 198 196 201 196 192 188 189 192 197 202 204 199 186 170 156 141 131 125 103 102 102 103 109 116 123 129 131 141 154 162 167 172 177 180 181 189 196 199 201 204 206 205 202 202 202 202 203 202 202 202 203 201 201 201 201 199 199 199 199 198 196 198 200 195 187 177 174 180 154 126 87 51 66 84 112 127 137 135 132 122 116 118 120 122 121 104 70 37 23 28 56 95 129 142 144 139 114 84 77 69 72 95 128 153 168 179 181 187 189 192 199 196 177 152 125 107 100 109 124 147 168 175 177 177 174 171 173 176 171 163 138 126 116 118 130 148 168 184 185 181 174 168 165 166 169 171 173 175 176 177 177 175 173 172 169 163 155 145 137 132 131 129 125 124 125 124 125 125 126 126 123 127 139 158 182 205 224 236 234 234 232 231 231 231 229 227 228 228 228 228 228 228 228 228 228 228 228 229 229 230 230 230 230 228 230 228 230 228 230 228 230 228 230 228 230 228 230 228 226 226 226 226 226 226 226 226 227 227 227 227 227 227 227 227 227 227 227 227 227 227 229 229 229 229 231 231 231 231 232 232 232 232 232 232 232 232 232 232 232 232 232 232 232 232 232 232 231 231 231 231 231 231 231 231 232 232 232 232 232 232 232 232 232 232 232 232 232 232 232 232 231 231 231 231 231 231 231 230 227 224 225 225 225 227 227 227 227 227 229 229 229 229 229 231 232 232 232 232 232 232 232 232 233 233 233 233 233 233 233 233 232 230 232 232 233 233 233 233 233 231 228 225 223 222 221 222 222 223 224 223 220 217 214 211 212 212 213 213 215 214 215 213 212 212 212 213 213 211 213 211 211 208 210 208 208 209 210 210 209 209 208 206 206 203 203 200 197 195 193 192 189 187 187 184 182 177 173 172 170 165 156 148 138 132 125 121 124 130 140 146 0 0 0 0 0 0 0 0
0 0 0 0 0 0 0 0 222 222 223 221 223 222 222 222 228 227 225 224 225 225 229 231 234 236 236 236 236 236 234 234 235 235 234 234 232 231 231 231 228 228 228 229 231 232 232 232 234 235 235 235 238 238 238 239 238 238 238 238 238 236 236 234 232 230 230 229 229 227 227 229 231 233 233 233 233 231 231 231 231 231 231 231 229 229 229 229 230 230 230 231 231 231 231 231 231 230 228 226 226 228 230 229 231 230 230 228 221 205 177 152 126 120 121 137 157 168 172 176 175 178 179 181 182 183 183 184 181 183 184 186 185 185 184 181 179 179 181 181 179 172 163 156 147 143 137 129 124 133 154 173 193 198 205 210 209 208 203 200 202 202 205 204 202 198 194 193 179 170 154 136 121 110 103 100 103 105 108 114 124 137 150 158 162 169 179 184 187 191 191 188 192 194 198 201 203 206 207 207 202 202 202 201 201 201 202 200 201 201 201 199 199 199 199 199 200 196 195 198 200 196 187 176 174 184 159 133 93 55 68 85 113 129 139 134 131 122 116 122 122 123 122 112 84 50 26 22 51 83 114 135 147 147 126 101 90 73 66 83 113 137 156 170 187 190 188 183 188 189 176 161 142 119 105 107 115 137 161 170 179 179 174 170 171 174 171 165 139 127 116 116 127 143 164 180 182 178 172 167 165 167 171 174 178 178 178 178 179 179 180 180 178 175 171 163 155 148 145 142 147 145 146 145 144 142 138 135 130 128 131 141 157 178 203 221 228 233 236 233 231 232 231 229 228 228 228 228 228 228 228 228 228 228 228 229 229 230 230 230 230 230 230 230 230 230 230 230 230 230 230 230 230 230 230 230 227 225 225 225 225 225 225 225 227 227 227 227 227 227 227 227 227 227 227 227 227 227 229 229 228 228 230 230 230 230 231 231 231 231 231 231 231 231 231 231 232 232 232 232 232 232 232 232 231 231 231 231 231 231 231 231 231 231 231 231 231 231 231 231 233 233 233 233 233 233 233 233 232 232 232 232 232 232 232 231 227 225 227 227 227 227 227 227 227 227 229 229 229 229 229 229 231 231 232 231 232 231 232 231 232 231 232 231 232 231 232 231 231 231 232 232 234 234 236 234 237 233 230 226 225 224 224 227 228 228 228 227 225 223 220 218 218 218 221 222 224 223 223 223 224 222 224 222 224 222 222 222 223 221 222 219 221 219 222 222 221 221 219 218 218 215 213 212 208 205 204 202 201 199 199 198 192 188 187 186 187 183 176 171 162 153 140 131 129 128 131 131 0 0 0 0 0 0 0 0
0 0 0 0 0 0 0 0 226 226 226 226 227 227 227 227 229 228 227 226 227 227 232 233 233 233 233 233 233 233 233 233 234 234 234 233 233 232 232 230 228 228 228 229 231 232 234 234 233 234 236 236 237 237 237 238 238 238 238 237 237 235 235 233 231 229 229 228 228 228 228 229 232 234 234 234 234 232 232 232 234 234 232 232 232 232 232 232 231 231 231 230 230 230 230 230 228 228 227 228 228 229 231 230 226 231 234 228 211 187 158 136 122 122 131 150 167 174 175 175 175 176 178 179 181 182 182 182 182 184 184 186 185 185 185 182 179 176 177 178 179 175 169 164 160 158 152 141 124 118 131 148 163 171 186 198 205 209 209 209 203 203 204 201 193 181 169 161 139 131 119 106 99 98 102 105 117 122 131 139 147 158 172 178 190 196 199 198 199 201 199 194 200 199 200 203 207 208 207 205 204 203 203 203 203 201 201 200 201 199 199 199 199 197 197 197 200 196 195 197 200 196 187 176 174 183 162 137 97 58 70 85 117 131 140 135 132 122 118 122 123 122 123 119 99 67 40 27 43 61 84 110 133 145 139 128 108 88 71 74 90 110 134 158 185 191 188 180 181 184 182 175 161 135 114 108 108 129 153 164 180 180 174 169 169 173 171 167 143 131 120 120 127 142 161 176 179 177 173 171 171 174 178 180 181 181 181 180 180 180 181 181 182 181 181 176 171 165 164 162 157 156 158 159 159 156 150 145 149 142 135 133 136 149 174 197 218 229 237 235 232 233 235 235 228 228 228 228 228 228 228 228 228 228 228 229 229 230 230 230 231 231 231 231 231 231 231 231 231 231 231 231 231 231 231 230 227 225 225 225 225 225 225 225 227 227 227 227 227 227 227 227 227 227 227 227 227 227 229 229 230 230 230 230 231 231 231 231 233 233 233 233 233 233 233 233 234 234 234 234 234 234 234 232 231 231 231 231 231 231 231 231 231 231 231 231 231 231 231 231 233 235 235 235 235 235 235 235 234 234 234 234 234 234 234 232 229 227 229 229 229 229 229 229 229 229 227 227 227 227 227 229 229 229 231 229 231 229 231 229 231 229 231 229 231 229 231 231 232 232 234 234 236 236 238 238 239 237 234 231 230 229 227 229 231 231 231 230 229 227 228 226 222 222 225 225 227 229 229 229 232 230 231 229 230 228 227 227 231 228 229 227 228 226 229 229 228 228 227 225 226 222 221 217 216 215 211 209 207 205 205 203 200 199 199 198 198 195 191 189 183 175 164 153 146 137 131 125 0 0 0 0 0 0 0 0
0 0 0 0 0 0 0 0 228 228 229 227 229 228 228 228 229 228 228 229 228 231 233 234 233 233 233 233 233 233 233 233 233 233 233 232 232 231 233 231 230 228 230 231 231 232 234 234 233 233 235 236 236 236 237 237 238 238 238 237 237 237 235 235 233 231 231 229 229 228 229 229 232 232 234 232 234 232 232 232 234 234 232 232 232 232 232 232 232 231 231 230 230 229 229 228 226 226 227 227 230 229 232 230 221 229 235 225 200 172 142 122 117 124 140 163 177 177 171 168 177 177 179 179 179 179 180 179 187 186 186 185 184 184 185 183 181 177 177 178 181 182 183 178 173 170 165 151 130 112 117 131 141 152 172 190 204 210 215 216 209 204 196 183 168 152 138 130 111 102 94 88 89 100 112 121 152 158 169 178 184 192 202 208 203 207 207 202 203 207 207 201 204 201 201 204 207 205 203 200 204 204 204 204 202 202 202 202 199 199 199 199 197 197 197 197 200 195 193 195 198 195 185 175 171 182 161 137 96 57 68 83 120 134 142 136 131 120 114 122 122 120 124 124 112 83 51 37 34 40 56 84 116 140 151 156 129 104 78 67 69 84 119 154 177 186 186 179 177 184 187 187 172 144 122 108 106 123 147 159 179 180 175 168 168 174 173 170 146 136 126 123 130 143 161 176 180 179 177 176 177 179 182 185 180 180 181 181 181 181 181 181 182 182 183 181 177 175 175 175 174 174 177 180 182 179 172 166 160 151 139 129 123 130 154 178 210 226 238 237 233 235 239 239 228 228 229 228 229 228 229 228 229 228 229 229 230 230 231 231 231 231 231 231 231 231 231 231 231 231 231 231 231 231 231 231 227 225 227 225 227 225 227 225 229 227 229 227 229 227 229 227 229 227 229 227 229 229 229 229 230 230 230 230 231 231 231 231 233 233 233 233 233 233 233 233 234 234 234 234 234 234 234 232 232 231 232 231 232 231 232 231 232 231 232 231 232 231 232 232 235 235 235 235 235 235 235 235 234 234 234 234 234 234 234 232 231 229 231 229 231 229 231 229 231 229 229 229 229 229 229 229 229 229 231 229 231 229 231 229 231 229 231 229 231 229 231 231 232 234 234 236 236 236 238 238 232 233 235 235 233 232 230 230 235 234 234 231 231 231 231 230 230 230 231 231 232 232 233 232 237 234 235 232 233 230 230 229 230 229 229 229 230 230 232 232 231 231 232 230 229 229 227 226 227 226 224 221 218 218 216 214 210 209 206 205 205 204 206 205 202 195 186 175 165 150 137 127 0 0 0 0 0 0 0 0
0 0 0 0 0 0 0 0 227 227 227 227 228 228 228 228 228 228 229 230 230 231 232 230 232 230 230 230 232 232 232 232 234 234 234 234 234 234 235 234 230 228 230 231 231 232 232 232 234 234 234 234 234 234 234 234 236 236 236 236 236 234 234 234 232 230 230 230 230 228 230 230 229 229 231 230 232 231 231 231 231 231 231 231 231 231 231 231 233 233 231 230 230 228 225 223 226 225 225 226 230 230 230 228 224 224 222 212 188 157 134 125 120 138 159 173 180 181 175 168 174 174 175 176 177 179 181 180 180 179 181 182 183 182 181 180 178 177 180 180 181 182 185 183 178 180 178 166 151 135 125 120 123 127 142 162 186 202 206 201 194 174 154 142 130 114 102 93 93 101 112 120 130 140 154 165 192 194 198 201 205 206 208 208 207 203 199 197 196 198 200 202 203 202 201 200 200 202 203 204 205 205 205 204 202 201 201 201 199 199 199 199 197 197 197 197 197 193 193 193 194 191 184 177 173 172 164 138 97 65 68 78 111 130 139 131 128 122 118 121 121 116 122 123 117 104 77 46 36 30 32 51 85 122 142 151 137 125 99 82 73 68 89 126 159 171 179 172 174 186 195 198 181 163 136 115 108 116 140 159 175 179 177 172 172 176 177 174 153 145 134 125 128 140 154 164 168 169 170 171 172 171 170 169 169 167 170 177 181 179 179 181 178 181 184 184 183 181 182 181 179 181 184 185 183 181 180 181 178 169 157 142 126 122 137 156 188 210 231 237 236 237 238 237 229 229 231 229 231 229 231 229 232 229 231 229 231 230 233 234 233 233 233 233 233 233 233 233 233 233 233 233 233 233 233 231 230 228 230 228 230 228 230 228 231 229 231 229 231 229 231 229 231 229 231 229 231 231 231 231 230 230 230 230 230 230 230 230 231 231 231 231 231 231 231 231 232 232 232 232 232 232 232 232 232 232 234 232 234 232 234 232 234 232 234 232 234 232 234 234 234 234 234 234 234 234 234 234 234 234 234 234 234 234 234 234 232 231 232 231 232 231 232 231 232 231 231 231 231 231 231 231 231 231 232 231 232 231 232 231 232 231 232 231 232 231 232 232 232 232 232 234 234 234 234 234 233 233 233 231 231 231 231 231 231 231 231 231 231 231 231 230 231 231 231 231 231 231 231 231 234 232 234 231 233 230 230 230 229 229 229 229 229 229 229 229 228 228 229 228 229 231 230 231 230 228 228 228 226 226 226 223 215 209 207 203 203 204 206 205 203 200 198 191 184 175 168 162 0 0 0 0 0 0 0 0
0 0 0 0 0 0 0 0 226 226 226 227 227 227 228 228 228 228 229 229 230 231 232 230 232 230 230 230 232 232 232 232 234 234 234 234 235 235 235 234 232 230 230 231 231 231 232 232 234 234 234 234 234 234 234 234 236 236 236 236 234 234 234 234 232 232 230 230 230 230 230 230 229 229 229 230 230 230 231 231 231 231 231 231 231 231 231 231 233 233 231 229 226 224 222 222 223 224 226 229 232 233 230 227 224 218 208 194 171 145 128 123 128 144 163 175 180 180 175 169 175 175 176 177 178 179 179 180 179 180 181 182 183 182 182 181 179 179 182 183 184 184 185 185 184 182 180 174 166 153 138 127 115 119 128 147 167 177 180 174 158 139 118 105 95 89 89 89 103 116 135 153 167 180 192 199 213 213 214 214 215 214 215 212 203 200 198 197 197 197 198 198 201 200 200 199 200 201 203 204 205 205 205 204 202 201 201 201 199 199 199 199 197 197 197 196 197 193 191 191 194 190 184 175 173 170 164 138 99 67 66 77 107 125 138 131 129 123 119 121 121 116 120 125 120 111 90 63 45 26 11 22 55 94 128 151 144 138 117 94 78 64 76 107 140 158 170 173 178 189 196 199 187 168 143 121 111 115 136 154 173 178 178 173 173 177 180 177 157 148 134 126 124 132 143 151 154 155 156 157 157 156 155 154 156 155 159 167 172 173 174 178 177 179 184 186 185 184 185 185 181 184 186 186 184 183 184 183 186 177 166 153 137 127 132 143 171 193 217 230 235 237 236 232 231 231 231 231 231 231 231 231 232 231 231 231 231 232 233 234 233 233 233 233 233 233 233 233 233 233 233 233 233 233 233 231 231 230 230 230 230 230 230 230 231 231 231 231 231 231 231 231 231 231 231 231 231 231 231 231 230 230 230 230 230 230 230 230 231 231 231 231 231 231 231 231 232 232 232 232 232 232 232 232 234 234 234 234 234 234 234 234 234 234 234 234 234 234 234 234 234 234 234 234 234 234 234 234 234 234 234 234 234 234 234 234 232 232 232 232 232 232 232 232 232 232 232 232 232 232 232 232 232 232 232 232 232 232 232 232 232 232 232 232 232 232 232 232 232 232 232 232 232 232 232 232 231 231 231 231 231 231 231 231 231 231 231 231 231 231 231 231 231 231 231 231 231 231 231 231 232 232 232 231 231 230 230 230 230 230 230 230 230 230 230 230 228 228 229 229 230 231 231 232 231 231 231 231 231 231 231 228 222 216 214 212 209 209 209 207 210 207 206 202 198 193 188 186 0 0 0 0 0 0 0 0
0 0 0 0 0 0 0 0 226 226 226 226 227 227 227 228 228 228 228 229 230 231 231 230 231 229 229 229 231 231 231 231 233 233 233 233 234 234 234 233 232 230 230 230 231 231 231 232 233 233 233 233 233 233 233 233 235 235 235 235 233 233 233 233 232 232 230 230 230 230 230 230 229 229 229 229 230 230 230 231 231 231 231 231 231 231 231 231 232 233 231 228 223 221 220 223 223 226 229 234 236 233 227 222 219 206 187 169 150 133 125 124 140 154 170 177 179 178 174 169 176 176 177 177 178 179 179 179 180 180 181 182 183 183 182 182 179 180 182 183 184 184 185 185 188 183 181 180 180 172 154 138 113 113 116 126 137 144 143 137 125 109 94 84 84 90 104 115 134 149 171 189 201 206 210 212 209 208 207 204 203 201 202 200 200 199 200 201 200 199 198 197 199 199 199 199 200 202 203 204 204 204 204 204 203 203 201 201 201 201 199 199 197 197 197 196 197 193 191 191 194 190 184 175 172 169 163 139 101 69 66 74 101 121 136 131 129 124 121 123 121 116 120 125 123 121 107 87 56 25 0 2 28 61 103 139 146 149 137 113 89 64 62 84 114 139 162 176 185 195 200 203 192 178 155 129 115 115 131 147 170 174 178 175 175 179 181 179 159 150 135 124 118 121 126 131 135 136 136 137 137 136 135 135 137 137 141 150 157 161 166 172 174 178 184 187 186 185 187 187 183 184 186 185 183 181 182 181 189 183 176 167 153 139 131 130 146 168 195 217 231 236 232 226 231 231 231 231 231 231 231 231 231 231 231 231 231 232 233 233 233 233 233 233 233 233 233 233 233 233 233 233 233 233 233 231 231 230 230 230 230 230 230 230 231 231 231 231 231 231 231 231 231 231 231 231 231 231 231 231 230 230 230 230 230 230 230 230 231 231 231 231 231 231 231 231 232 232 232 232 232 232 232 232 234 234 234 234 234 234 234 234 234 234 234 234 234 234 234 234 234 234 234 234 234 234 234 234 234 234 234 234 234 234 234 234 232 232 232 232 232 232 232 232 232 232 232 232 232 232 232 232 234 234 234 234 234 234 234 234 234 234 234 234 234 234 234 234 234 234 234 234 234 234 234 234 233 233 233 233 233 233 233 233 233 233 233 233 233 233 233 233 233 233 233 233 233 233 233 233 234 234 233 233 233 233 232 232 233 233 233 233 233 233 233 233 233 233 233 233 233 233 233 233 233 233 233 233 233 233 233 230 228 225 222 220 218 214 212 210 213 211 212 211 212 213 213 213 0 0 0 0 0 0 0 0
0 0 0 0 0 0 0 0 225 225 226 226 226 227 227 227 227 227 228 229 230 230 231 229 230 228 228 228 230 230 230 230 232 232 232 232 233 233 233 233 231 229 230 230 230 231 231 231 232 232 232 232 232 232 232 232 234 234 234 234 232 232 232 232 231 231 229 229 229 229 229 229 228 228 229 229 229 230 230 230 230 230 230 230 230 230 230 230 230 232 231 229 224 223 224 227 229 231 233 235 232 225 214 206 203 186 165 147 134 126 127 132 150 163 175 178 176 175 172 169 178 178 178 178 179 179 179 179 180 181 181 182 182 182 182 182 179 180 182 182 183 184 184 184 186 182 181 181 183 179 167 155 132 125 119 116 117 117 112 109 101 94 94 98 107 121 142 158 174 182 197 207 210 210 206 204 204 202 201 199 199 199 201 200 198 200 203 205 205 203 200 198 199 199 200 201 202 204 205 206 204 203 203 203 203 203 201 201 201 201 199 199 197 197 197 197 197 193 193 193 194 190 184 175 172 168 163 142 105 72 66 71 93 118 134 132 130 125 122 125 121 114 117 123 123 127 120 103 66 32 1 0 16 39 80 118 134 149 149 130 104 73 61 71 89 117 149 172 186 197 204 206 196 185 164 141 121 113 124 139 163 172 178 176 175 178 181 181 163 155 141 129 119 117 117 119 124 124 124 124 123 123 122 122 123 122 125 133 140 145 155 165 172 177 184 186 184 181 181 181 181 182 184 182 179 176 177 175 183 181 180 178 170 154 138 127 128 145 173 201 223 231 228 222 230 230 230 230 230 230 230 230 231 231 230 230 231 231 232 233 233 233 233 233 233 233 233 233 233 233 233 233 233 233 233 231 231 230 230 230 230 230 230 230 231 231 231 231 231 231 231 231 231 231 231 231 231 231 231 231 230 230 230 230 230 230 230 230 231 231 231 231 231 231 231 231 232 232 232 232 232 232 232 232 234 234 234 234 234 234 234 234 234 234 234 234 234 234 234 234 234 234 234 234 234 234 234 234 234 234 234 234 234 234 234 234 232 232 232 232 232 232 232 232 232 232 232 232 232 232 232 232 234 234 234 234 234 234 234 234 234 234 234 234 234 234 234 234 234 234 234 234 234 234 234 234 233 233 233 233 233 233 233 233 233 233 233 233 233 233 233 233 233 233 233 233 233 233 233 233 233 233 233 233 233 233 233 233 234 234 234 234 234 234 234 234 237 237 237 236 236 235 235 235 235 235 235 235 235 235 235 233 234 232 231 229 228 225 222 219 216 215 216 216 220 224 227 229 0 0 0 0 0 0 0 0
0 0 0 0 0 0 0 0 225 225 225 226 226 226 227 227 227 227 228 228 229 230 231 229 230 228 228 228 230 230 230 230 232 232 232 232 233 233 233 233 231 231 231 232 232 232 233 233 234 234 234 234 234 234 234 234 234 234 234 234 232 232 232 232 231 231 229 229 229 229 229 229 228 228 228 229 229 229 230 230 230 230 230 230 230 230 230 230 229 231 231 230 229 229 230 233 234 233 230 226 219 206 193 184 175 161 144 131 123 122 129 139 158 169 177 176 172 171 172 171 180 180 180 180 179 179 179 179 180 180 180 180 181 181 182 182 179 179 181 181 182 182 182 182 181 180 180 179 177 173 172 169 158 147 134 120 112 107 99 95 84 88 104 125 142 158 175 190 199 200 206 208 207 207 206 205 199 198 197 195 197 197 198 199 197 199 202 204 205 203 200 198 200 201 202 204 205 206 207 207 203 204 204 204 203 203 203 203 201 201 199 199 199 199 199 197 197 193 193 193 194 190 184 177 172 167 162 144 109 75 66 67 87 113 133 132 131 126 121 124 122 114 115 118 117 124 122 111 80 47 15 6 10 22 58 95 116 141 150 138 120 91 69 68 75 98 130 156 177 193 202 208 197 191 176 150 128 115 121 134 157 166 176 178 177 180 182 181 173 167 155 145 134 129 125 124 128 127 127 126 125 125 125 125 123 119 119 122 126 132 144 156 170 176 184 184 178 172 171 170 176 179 181 181 177 174 174 172 178 179 182 184 180 167 147 131 123 133 154 183 208 221 223 222 230 230 230 230 230 230 230 230 231 230 230 230 230 231 232 233 233 233 233 233 233 233 233 233 233 233 233 233 233 233 233 231 231 230 230 230 230 230 230 230 231 231 231 231 231 231 231 231 231 231 231 231 231 231 231 231 230 230 230 230 230 230 230 230 231 231 231 231 231 231 231 231 232 232 232 232 232 232 232 232 234 236 236 236 236 236 236 236 236 236 236 236 236 236 236 236 236 236 236 236 236 236 236 236 236 236 236 236 236 236 236 234 232 232 232 232 232 232 232 232 232 232 232 232 232 232 232 232 234 236 236 236 236 236 236 236 236 236 236 236 236 236 236 236 236 236 236 236 236 236 236 236 235 235 235 235 235 235 235 235 235 235 235 235 235 235 235 235 235 235 235 235 235 235 235 235 235 235 235 235 235 235 235 235 236 236 236 236 236 236 236 236 240 240 239 239 238 237 237 236 237 237 237 237 237 237 237 239 239 240 241 239 239 237 236 233 225 224 224 226 229 232 236 238 0 0 0 0 0 0 0 0
0 0 0 0 0 0 0 0 224 225 225 225 226 226 226 226 226 227 227 228 229 230 230 228 229 227 227 227 229 229 229 229 231 231 231 231 232 232 232 232 230 231 231 231 232 232 232 232 233 233 233 233 233 233 233 233 233 233 233 233 231 231 231 231 230 230 228 228 228 228 228 228 227 228 228 228 229 229 229 229 229 229 229 229 229 229 229 229 229 230 230 232 235 236 234 234 233 227 218 208 196 182 169 161 149 140 129 120 114 116 128 142 161 171 177 173 168 169 173 176 182 182 181 181 180 179 179 179 179 179 178 178 179 179 181 181 178 178 180 180 180 180 180 180 178 179 178 175 167 166 172 177 176 165 151 135 122 112 103 98 90 101 124 149 171 185 199 209 211 209 205 201 198 197 197 198 199 198 197 196 197 197 197 197 195 196 198 199 199 199 198 197 202 203 204 206 207 207 207 207 203 203 203 203 203 203 203 203 201 201 201 199 199 199 199 197 198 195 193 193 194 191 186 177 171 168 164 146 113 79 67 64 82 109 132 133 132 126 121 124 125 116 114 113 112 120 121 110 97 67 33 12 4 10 40 71 98 126 143 143 136 115 87 76 72 84 106 130 156 178 194 204 198 196 186 162 134 115 118 128 149 163 173 176 176 178 180 181 184 181 173 166 157 151 146 144 143 142 141 140 139 139 139 139 137 130 122 118 117 122 136 150 169 176 184 182 173 163 160 158 168 172 178 181 180 177 177 174 179 181 185 185 183 174 155 139 130 131 141 163 187 205 217 223 229 229 229 229 229 229 229 229 230 230 229 229 230 231 232 232 233 233 233 233 233 233 233 233 233 233 233 233 233 233 233 233 231 230 230 230 230 230 230 230 231 231 231 231 231 231 231 231 231 231 231 231 231 231 231 231 230 230 230 230 230 230 230 230 231 231 231 231 231 231 231 231 232 232 232 232 232 232 232 234 236 236 236 236 236 236 236 236 236 236 236 236 236 236 236 236 236 236 236 236 236 236 236 236 236 236 236 236 236 236 236 236 234 232 232 232 232 232 232 232 232 232 232 232 232 232 232 234 236 236 236 236 236 236 236 236 236 236 236 236 236 236 236 236 236 236 236 236 236 236 236 236 235 235 235 235 235 235 235 235 235 235 235 235 235 235 235 235 235 235 235 235 235 235 235 235 234 234 235 235 235 235 236 236 236 236 236 236 236 236 236 238 242 241 242 240 241 239 240 239 240 239 240 239 240 239 240 240 244 246 246 246 246 246 244 244 236 236 236 236 238 238 243 242 0 0 0 0 0 0 0 0
0 0 0 0 0 0 0 0 224 224 225 225 225 226 226 226 226 226 227 228 229 229 230 228 228 226 226 226 228 228 228 228 230 230 230 230 231 231 231 231 230 230 231 231 231 232 232 232 232 232 232 232 232 232 232 232 232 232 232 232 230 230 230 230 230 230 228 228 228 228 228 228 227 227 228 228 228 229 229 229 229 229 229 229 229 229 229 229 231 230 229 234 239 240 234 230 222 214 199 185 172 160 151 145 137 132 125 117 110 111 127 143 163 173 177 172 167 170 177 182 183 183 182 181 180 179 179 178 178 177 177 176 177 178 179 180 176 176 176 176 178 178 180 178 177 177 175 171 165 165 170 176 179 174 166 155 144 131 119 112 109 114 131 155 174 189 202 212 211 206 202 198 195 194 194 193 208 208 206 206 206 205 204 203 197 196 195 195 195 197 198 199 202 203 205 206 207 206 206 205 202 202 202 203 203 204 203 203 203 201 201 201 199 199 199 197 198 195 193 193 194 191 186 177 172 168 164 147 116 81 67 63 78 107 132 134 132 125 120 124 128 116 113 110 108 116 118 109 106 86 52 23 7 7 27 48 78 109 130 141 150 140 110 91 72 74 80 101 130 159 184 198 203 202 193 171 140 115 113 124 143 157 172 176 177 178 180 179 186 186 184 182 176 172 168 165 162 161 159 158 157 157 157 158 158 147 133 121 114 117 132 147 168 175 183 180 169 157 153 151 154 161 172 179 181 181 181 178 179 183 185 184 183 179 167 153 143 135 133 146 166 188 209 225 229 229 229 229 229 229 229 229 230 230 229 229 230 230 231 232 233 233 233 233 233 233 233 233 233 233 233 233 233 233 233 233 231 231 231 231 231 231 231 231 232 232 232 232 232 232 232 232 232 232 232 232 232 232 232 232 231 231 231 231 231 231 231 231 233 233 233 233 233 233 233 233 234 234 234 234 234 234 234 234 236 236 236 236 236 236 236 236 236 236 236 236 236 236 236 236 236 236 236 236 236 236 236 236 236 236 236 236 236 236 236 236 234 234 234 234 234 234 234 234 234 234 234 234 234 234 234 234 236 238 238 238 238 238 238 238 238 238 238 238 238 238 238 238 238 238 238 238 238 238 238 238 237 237 237 237 237 237 237 237 237 237 237 237 237 237 237 237 237 237 237 237 237 237 237 237 236 236 236 237 237 238 238 238 237 237 237 237 237 237 237 237 241 241 243 241 242 240 242 240 242 240 242 240 242 240 242 244 247 249 247 247 245 246 247 248 246 246 245 245 244 244 245 244 0 0 0 0 0 0 0 0
0 0 0 0 0 0 0 0 224 224 224 225 225 226 226 226 226 226 227 228 228 229 230 228 228 226 226 226 228 228 228 228 230 230 230 230 231 231 231 231 230 230 230 231 231 232 232 232 232 232 232 232 232 232 232 232 232 232 232 232 230 230 230 230 230 230 228 228 228 228 228 228 227 227 227 228 228 229 229 229 229 229 229 229 229 229 229 229 233 230 228 234 241 241 233 225 213 202 185 169 156 147 141 137 136 133 127 118 108 109 127 146 165 173 178 172 167 171 180 187 184 184 183 182 181 179 179 178 177 177 176 175 175 177 178 179 175 175 175 175 177 177 178 178 178 178 175 171 168 167 170 173 178 177 176 172 162 149 134 126 114 114 123 139 158 173 187 197 204 202 202 205 207 206 207 204 192 193 193 195 196 196 195 194 200 198 196 194 195 197 201 203 202 203 204 206 206 205 204 203 202 202 202 203 203 204 203 203 203 203 201 201 201 199 199 199 198 195 195 195 196 191 186 177 172 167 163 150 118 84 67 62 76 108 134 135 132 125 120 123 130 118 115 111 108 115 118 109 106 94 69 37 16 9 17 29 63 94 118 137 159 157 126 101 73 66 64 79 111 144 173 191 205 207 199 175 142 115 109 118 138 154 169 174 174 176 178 179 185 186 188 188 184 181 178 175 175 174 172 170 169 169 169 170 174 160 142 125 115 116 131 147 166 174 182 179 168 155 150 148 142 151 164 175 180 181 183 180 178 182 184 183 183 184 177 166 152 138 129 135 153 176 204 226 229 229 229 229 229 229 229 229 230 229 229 229 229 230 231 232 233 233 233 233 233 233 233 233 233 233 233 233 233 233 233 233 231 231 231 231 231 231 231 231 232 232 232 232 232 232 232 232 232 232 232 232 232 232 232 232 231 231 231 231 231 231 231 231 233 233 233 233 233 233 233 233 234 234 234 234 234 234 234 234 236 236 236 236 236 236 236 236 236 236 236 236 236 236 236 236 236 236 236 236 236 236 236 236 236 236 236 236 236 236 236 236 236 234 234 234 234 234 234 234 234 234 234 234 234 234 234 236 238 238 238 238 238 238 238 238 238 238 238 238 238 238 238 238 238 238 238 238 238 238 238 238 237 237 237 237 237 237 237 237 237 237 237 237 237 237 237 237 237 237 237 237 237 237 237 237 236 236 236 237 237 238 238 238 237 237 237 237 237 237 237 239 242 242 242 242 242 242 242 242 242 242 242 242 242 242 242 244 248 249 246 245 244 243 247 249 250 249 249 248 246 245 244 244 0 0 0 0 0 0 0 0
0 0 0 0 0 0 0 0 222 222 223 224 225 225 226 226 227 227 228 228 228 228 229 227 227 225 225 225 227 227 227 227 229 229 229 229 230 230 230 230 232 232 232 232 232 232 232 232 232 232 232 232 232 232 232 232 232 232 232 232 230 230 230 230 229 229 226 226 226 226 226 226 225 225 224 224 224 225 226 226 230 227 224 224 226 230 232 232 233 236 233 231 232 230 216 201 188 178 162 150 145 144 144 144 148 143 134 123 116 117 126 133 152 158 165 166 166 169 178 186 182 181 180 179 179 180 181 181 177 176 175 174 173 173 174 174 173 171 174 174 177 178 180 181 177 177 177 173 170 167 170 171 178 177 179 178 175 166 154 145 129 120 116 120 133 148 166 181 190 204 217 219 217 212 209 201 190 190 190 191 191 194 196 197 199 201 203 201 199 199 201 204 202 201 201 201 201 202 203 204 204 205 206 207 205 205 205 204 204 204 204 202 202 202 202 200 198 195 194 194 195 192 185 177 172 170 166 150 122 90 69 56 71 101 130 137 134 124 120 125 123 119 116 113 110 107 109 113 114 101 80 54 27 9 8 18 47 75 103 126 149 163 146 118 87 68 53 67 95 124 157 182 199 207 203 181 146 118 108 116 130 145 158 169 178 180 177 174 183 184 185 186 186 186 184 183 183 182 180 178 177 176 176 175 180 168 151 132 118 118 136 156 167 172 178 176 172 164 152 139 139 144 154 166 176 182 185 183 178 180 184 185 183 179 176 174 164 149 134 131 142 164 193 215 224 226 229 230 229 228 227 228 229 229 230 231 231 231 230 230 231 231 232 232 232 233 233 233 233 233 233 232 232 231 231 231 229 229 229 229 229 229 229 229 231 231 231 231 231 231 231 231 230 230 230 230 230 230 230 230 230 230 230 230 230 230 230 230 233 235 235 235 235 235 235 235 235 235 235 235 235 235 235 235 236 236 237 237 237 238 238 238 237 237 237 237 237 237 237 237 237 237 237 237 237 237 237 237 237 237 237 237 237 237 237 235 235 235 235 235 235 235 235 235 235 235 235 235 235 235 235 235 237 239 239 239 239 239 239 239 239 239 239 239 239 239 239 239 239 239 239 239 239 239 239 239 239 239 239 239 239 239 239 239 239 239 239 239 239 239 239 239 239 239 239 239 239 239 239 239 239 239 239 239 239 239 239 239 239 239 239 239 239 239 239 239 242 244 244 244 244 244 244 244 244 244 244 244 244 244 244 244 246 246 245 244 244 243 244 245 248 247 246 245 243 242 241 240 0 0 0 0 0 0 0 0
0 0 0 0 0 0 0 0 222 222 222 223 224 225 225 226 227 227 227 228 228 228 229 227 227 225 225 225 227 227 227 227 229 229 229 229 230 230 230 230 232 232 232 232 232 232 232 232 232 232 232 232 232 232 232 232 232 232 232 232 230 230 230 230 228 228 226 227 227 227 227 227 224 224 224 224 225 227 228 229 224 222 220 222 226 230 232 233 236 237 232 223 214 203 184 169 150 146 142 144 152 161 168 171 167 161 150 138 129 125 126 128 129 134 140 145 150 158 168 176 183 184 185 186 186 186 186 185 181 179 176 174 173 173 174 173 175 173 175 175 177 177 179 179 180 181 181 177 173 171 173 173 179 179 181 181 177 170 160 151 139 127 117 113 113 121 135 148 175 190 209 217 218 216 208 201 197 195 195 196 195 196 196 197 200 202 203 202 200 199 201 204 202 201 201 201 201 202 203 204 204 205 206 207 205 205 205 204 204 204 204 204 202 202 202 202 200 196 194 194 197 192 185 177 170 170 170 157 131 96 71 54 72 100 128 136 135 126 121 124 123 119 117 112 111 110 113 115 121 111 91 67 39 14 9 13 30 57 83 103 130 148 143 125 109 82 58 57 75 101 139 171 186 197 202 189 160 128 111 106 113 129 146 163 175 179 178 176 181 182 183 184 184 184 182 181 180 179 178 176 175 174 174 174 178 167 149 131 117 118 136 155 164 170 176 176 173 167 157 145 139 142 150 161 173 181 185 183 178 179 181 182 181 179 177 176 175 161 145 137 138 148 168 186 212 217 223 226 226 225 226 227 227 228 230 231 232 231 230 230 231 231 231 232 232 232 233 233 232 232 231 231 230 230 230 230 228 228 228 228 228 228 228 228 229 229 229 229 229 229 229 229 230 230 230 230 230 230 230 230 230 230 230 230 230 230 230 232 234 234 234 234 234 234 234 234 234 234 234 234 234 234 234 234 235 235 236 236 237 237 237 237 237 237 237 237 237 237 237 237 237 237 237 237 237 237 237 237 237 237 237 237 237 237 237 237 235 235 235 235 235 235 235 235 235 235 235 235 235 235 235 237 239 239 239 239 239 239 239 239 239 239 239 239 239 239 239 239 239 239 239 239 239 239 239 239 239 239 239 239 239 239 239 239 239 239 239 239 239 239 239 239 239 239 239 239 239 239 239 239 239 239 239 239 239 239 239 239 239 239 239 239 239 239 239 240 242 244 244 244 244 244 244 244 244 244 244 244 244 244 244 244 244 243 242 241 241 241 241 244 246 245 245 244 243 242 242 241 0 0 0 0 0 0 0 0
0 0 0 0 0 0 0 0 221 221 222 222 223 224 225 225 226 227 227 227 228 228 229 227 227 225 225 225 227 227 227 227 229 229 229 229 230 230 230 230 234 234 234 234 234 234 234 234 234 234 234 234 234 234 234 232 232 232 232 232 230 230 230 230 227 227 225 226 227 227 228 228 227 226 226 226 226 227 228 229 224 223 224 228 232 235 236 235 231 230 219 203 186 170 151 138 131 132 136 146 158 170 178 182 183 177 167 157 148 140 133 129 117 118 121 127 134 143 152 157 168 170 174 178 180 181 181 180 182 180 177 174 173 173 174 173 173 171 174 174 176 177 179 180 184 184 182 179 177 174 174 175 178 179 181 181 182 176 168 162 156 145 131 119 111 110 117 126 150 168 193 208 216 215 208 201 200 200 199 199 197 197 197 197 201 203 203 203 201 201 202 203 202 201 201 201 201 202 203 204 204 207 206 207 207 207 205 204 205 205 204 204 204 204 202 202 200 196 194 194 197 192 185 177 170 171 174 163 138 101 72 54 72 98 123 133 137 130 120 122 120 117 117 114 113 112 114 116 119 112 98 76 47 20 7 8 18 40 62 80 106 129 138 133 129 103 71 53 56 78 117 150 173 186 198 192 170 141 113 103 101 117 137 159 175 180 179 176 179 180 181 182 182 182 179 179 180 179 178 176 175 174 174 174 179 167 150 132 119 120 138 156 162 169 176 176 176 172 164 153 141 140 144 154 168 179 185 184 179 178 178 178 178 179 180 180 183 172 159 147 139 137 146 157 191 202 215 223 224 223 224 225 224 226 229 231 232 232 231 230 230 230 231 231 231 232 232 232 230 230 230 230 229 229 228 228 228 228 228 228 228 228 228 228 229 229 229 229 229 229 229 229 232 232 232 232 232 232 232 232 232 232 232 232 232 232 232 232 233 233 233 233 233 233 233 233 233 233 233 233 233 233 233 233 234 234 235 235 235 236 236 236 237 237 237 237 237 237 237 237 237 237 237 237 237 237 237 237 237 237 237 237 237 237 237 237 235 235 235 235 235 235 235 235 235 235 235 235 235 235 235 237 239 240 240 240 240 240 240 240 240 240 240 240 240 240 240 240 240 240 240 240 240 240 240 240 240 240 240 240 240 240 240 240 240 240 240 240 240 240 240 240 240 240 240 240 240 240 240 240 240 240 240 240 240 240 240 240 241 241 241 241 241 241 241 241 242 244 244 244 244 244 244 244 244 244 244 244 244 244 244 244 242 241 240 239 239 239 239 242 242 242 242 241 243 242 242 242 0 0 0 0 0 0 0 0
0 0 0 0 0 0 0 0 220 220 220 221 222 223 223 224 225 226 226 227 228 228 229 227 227 225 225 225 227 227 227 227 229 229 229 229 230 230 230 230 233 233 233 233 233 233 233 233 233 233 233 233 233 233 233 231 232 231 231 231 229 229 229 229 224 225 223 224 225 226 227 227 230 229 228 227 227 227 227 227 228 230 233 236 237 235 229 225 211 206 191 173 157 145 137 134 138 142 148 157 167 174 178 180 185 181 176 172 167 159 148 140 132 128 124 125 128 133 135 136 144 146 151 156 161 166 169 170 175 175 175 175 175 176 176 174 168 168 171 173 176 178 182 183 185 185 184 182 180 177 176 174 175 176 178 180 182 179 173 168 161 157 150 140 130 121 122 125 127 141 164 184 199 207 210 209 206 203 200 197 197 197 198 198 202 202 203 203 203 202 202 202 202 201 201 201 201 202 203 204 206 207 206 207 207 207 205 204 205 205 204 204 204 204 202 202 200 198 195 196 197 192 185 177 171 172 175 167 141 103 74 53 71 94 118 130 137 132 121 120 121 118 118 113 112 109 111 113 112 110 100 80 53 27 13 6 18 34 51 66 86 110 129 135 137 115 86 61 51 59 90 121 162 180 193 190 170 143 115 104 102 114 133 157 175 179 176 172 177 179 180 181 181 181 179 179 179 179 177 176 175 174 174 175 180 167 149 132 121 123 140 158 164 169 176 177 178 176 169 160 146 141 141 148 162 176 185 184 181 178 176 176 178 181 184 185 181 176 169 160 147 138 138 144 169 185 207 221 225 224 224 224 222 224 228 231 232 232 230 229 229 230 230 230 231 231 231 231 231 230 230 230 229 229 229 228 229 229 229 229 229 229 229 229 228 228 228 228 228 228 228 228 231 231 231 231 231 231 231 231 231 231 231 231 231 231 231 231 232 232 232 232 232 232 232 232 232 232 232 232 232 232 232 232 233 233 233 234 234 235 235 235 236 236 236 236 236 236 236 236 236 236 236 236 236 236 236 236 236 236 236 236 236 236 236 236 237 235 235 235 235 235 235 235 235 235 235 235 235 235 235 237 240 240 240 240 240 240 240 240 240 240 240 240 240 240 240 240 240 240 240 240 240 240 240 240 240 240 240 240 240 240 240 240 240 240 240 240 240 240 240 240 240 240 240 240 240 240 240 240 240 240 240 240 240 240 240 240 241 241 241 241 241 241 241 243 242 244 244 244 244 244 244 244 244 244 244 244 244 244 244 242 240 239 238 237 237 237 239 240 239 239 241 241 241 243 243 243 0 0 0 0 0 0 0 0
0 0 0 0 0 0 0 0 218 219 219 220 221 222 222 222 224 225 225 226 227 228 229 227 227 225 225 225 227 227 227 227 229 229 229 229 230 230 230 230 233 233 233 233 233 233 233 233 233 233 233 233 233 233 233 231 232 231 231 231 229 229 229 229 222 223 221 222 223 224 225 226 227 227 227 227 228 229 230 231 233 235 236 236 232 222 210 201 184 174 157 143 134 134 138 146 149 155 162 171 178 183 186 187 184 183 182 182 180 174 165 157 155 148 139 133 132 130 126 122 126 127 130 135 142 149 156 160 164 167 172 177 179 180 179 176 172 172 175 176 179 180 184 184 185 184 183 181 181 177 175 174 174 174 175 176 179 179 175 171 159 163 166 160 151 139 130 121 111 116 132 152 172 191 207 217 213 209 204 199 197 196 195 197 200 200 201 203 204 204 202 201 202 201 201 201 201 202 203 204 206 207 208 209 207 207 207 206 205 205 205 205 204 204 204 202 200 198 195 196 197 194 187 179 175 173 175 165 140 104 74 54 67 90 114 127 136 132 121 120 119 118 116 113 111 107 107 108 115 115 104 86 61 38 20 11 15 26 40 52 69 92 117 133 140 126 99 67 46 45 68 91 142 168 191 192 176 151 121 105 103 112 128 154 174 178 175 172 177 178 181 182 182 182 182 182 180 179 178 177 176 176 176 177 182 168 149 133 123 126 143 160 167 172 177 178 179 178 172 163 152 146 142 146 157 170 181 183 183 179 177 178 181 185 187 187 180 178 175 170 157 142 134 134 151 170 196 217 226 227 225 224 222 224 226 229 231 231 230 229 229 229 229 229 230 230 230 231 232 231 231 231 230 230 230 229 229 229 229 229 229 229 229 229 229 229 229 229 229 229 229 229 231 231 231 231 231 231 231 231 231 231 231 231 231 231 231 231 232 234 234 234 234 234 234 234 234 234 234 234 234 234 234 234 235 235 235 235 236 236 237 237 238 238 238 238 238 238 238 238 238 238 238 238 238 238 238 238 238 238 238 238 238 238 238 236 237 237 237 237 237 237 237 237 237 237 237 237 237 237 237 237 240 242 242 242 242 242 242 242 242 242 242 242 242 242 242 242 242 242 242 242 242 242 242 242 242 242 242 242 242 242 242 242 242 242 242 242 242 242 242 242 242 242 242 242 242 242 242 242 242 242 242 242 242 242 242 242 243 243 243 243 243 243 243 243 242 242 242 242 242 242 242 242 242 242 242 242 242 242 242 242 240 239 238 237 239 239 239 240 240 240 243 243 243 244 245 245 0 0 0 0 0 0 0 0
0 0 0 0 0 0 0 0 217 217 218 219 220 220 221 221 224 224 225 226 227 228 229 227 227 225 225 225 227 227 227 227 229 229 229 229 230 230 230 230 232 232 232 232 232 232 232 232 232 232 232 232 232 232 232 230 231 230 230 230 228 228 228 228 223 223 222 222 223 224 224 224 222 222 224 226 229 232 234 236 237 235 232 227 217 204 189 179 161 149 134 128 128 135 147 158 167 171 177 182 185 186 187 188 185 186 186 187 186 182 176 172 168 162 153 147 142 137 131 126 121 121 120 122 127 133 140 144 152 157 164 171 176 178 178 175 177 176 179 179 181 183 184 184 184 183 182 183 182 181 176 173 173 172 172 174 175 177 176 173 166 171 176 173 166 154 138 122 109 105 111 125 147 170 194 210 215 211 209 204 201 198 194 193 197 197 198 201 204 205 203 201 202 201 201 201 201 202 203 204 206 207 208 209 207 207 207 206 205 205 205 205 204 204 204 202 202 198 195 196 199 194 187 179 176 173 174 164 141 106 76 54 62 86 111 125 134 130 120 120 118 117 116 113 108 104 104 104 114 116 109 90 67 45 25 13 13 16 26 38 53 75 101 124 148 136 113 78 49 40 53 70 110 144 179 192 190 167 134 109 101 105 117 146 169 176 174 174 178 179 182 183 183 183 183 182 181 180 179 178 178 178 178 178 182 168 149 133 125 128 145 161 168 173 178 178 179 179 175 167 157 152 147 145 151 162 174 178 183 179 178 180 185 188 188 186 183 180 179 176 165 147 132 125 140 156 181 204 219 225 226 225 223 224 226 227 228 229 229 229 228 228 228 229 229 229 230 230 232 232 231 231 230 230 230 230 230 230 230 230 230 230 230 230 230 230 230 230 230 230 230 230 230 230 230 230 230 230 230 230 230 230 230 230 230 230 230 232 234 234 234 234 234 234 234 234 234 234 234 234 234 234 234 234 235 235 235 236 236 237 237 237 237 237 237 237 237 237 237 237 237 237 237 237 237 237 237 237 237 237 237 237 237 237 237 237 237 237 237 237 237 237 237 237 237 237 237 237 237 237 237 239 240 242 242 242 242 242 242 242 242 242 242 242 242 242 242 242 242 242 242 242 242 242 242 242 242 242 242 242 242 242 242 242 242 242 242 242 242 242 242 242 242 242 242 242 242 242 242 242 242 242 242 242 242 242 242 242 242 242 242 242 242 242 242 242 242 242 242 242 242 242 242 242 242 242 242 242 242 242 242 242 240 239 238 239 239 239 239 242 241 243 243 244 244 246 246 246 0 0 0 0 0 0 0 0
0 0 0 0 0 0 0 0 216 217 217 218 219 220 220 220 223 223 224 225 227 228 229 227 227 225 225 225 227 227 227 227 229 229 229 229 230 230 230 230 232 232 232 232 232 232 232 232 232 232 232 232 232 232 232 230 231 230 230 230 228 228 228 228 226 226 224 224 224 225 225 225 223 223 224 225 228 230 233 234 229 223 213 201 189 176 164 156 147 137 129 133 142 151 160 169 183 186 188 187 184 182 181 182 182 184 185 185 183 182 181 182 176 173 169 164 160 154 149 146 134 133 130 128 127 128 129 130 140 143 148 154 160 165 168 168 170 170 174 175 179 182 184 185 184 184 184 185 185 184 179 175 177 175 171 172 172 175 175 173 176 178 177 174 173 169 156 138 123 110 106 112 125 142 162 177 196 197 204 205 206 202 196 192 194 194 196 200 204 206 204 201 202 201 201 201 201 202 203 204 206 207 208 209 209 209 207 206 205 205 205 205 204 204 204 202 202 198 195 196 199 194 187 179 176 174 175 166 144 108 76 54 57 82 109 123 131 127 119 121 116 115 115 113 109 106 105 106 111 115 113 98 77 57 37 22 18 13 14 24 39 59 88 114 146 144 128 101 72 54 55 60 79 109 148 177 194 184 149 121 103 103 111 138 164 173 174 176 178 179 182 182 183 183 182 182 180 180 179 178 178 178 178 179 181 166 147 132 125 129 145 161 167 171 176 177 179 180 178 170 160 156 151 145 145 152 165 172 181 178 178 183 188 190 186 182 181 178 178 181 176 160 143 133 135 145 163 185 206 220 226 227 226 226 225 225 225 227 228 229 227 227 228 228 228 229 229 229 230 230 230 230 229 229 228 228 230 230 230 230 230 230 230 230 232 232 232 232 232 232 232 232 232 232 232 232 232 232 232 232 232 232 232 232 232 232 232 232 235 235 235 235 235 235 235 235 235 235 235 235 235 235 235 235 236 236 236 236 237 237 237 238 237 237 237 237 237 237 237 237 237 237 237 237 237 237 237 237 237 237 237 237 237 237 237 237 237 237 237 237 237 237 237 237 237 237 237 237 237 237 237 239 242 244 244 244 244 244 244 244 244 244 244 244 244 244 244 244 244 244 244 244 244 244 244 244 244 244 244 244 244 244 244 244 244 244 244 244 244 244 244 244 244 244 244 244 244 244 244 244 244 244 244 244 244 244 244 244 243 243 243 243 243 243 243 243 242 242 242 242 242 242 242 242 242 242 242 242 242 242 242 242 242 241 240 241 241 241 241 244 243 244 244 246 246 248 248 248 0 0 0 0 0 0 0 0
0 0 0 0 0 0 0 0 216 216 217 217 218 219 220 220 222 223 224 225 227 228 229 227 225 225 225 225 227 227 227 227 229 229 229 229 230 230 230 230 232 232 232 232 232 232 232 232 232 232 232 232 232 232 232 232 231 231 231 230 230 230 230 228 231 229 228 226 226 226 226 226 228 227 227 226 226 226 227 228 212 202 188 172 159 149 141 136 141 134 132 145 160 168 172 178 185 187 188 186 182 178 181 180 175 178 180 180 178 178 183 187 184 184 183 180 175 171 167 164 155 153 149 143 138 133 130 128 131 131 134 138 144 151 157 161 157 159 164 168 175 181 184 186 184 183 183 186 187 187 181 177 179 176 174 171 174 176 175 175 176 177 174 173 176 180 173 158 144 127 116 114 117 123 137 146 175 181 194 204 208 206 199 194 191 192 194 199 204 206 204 201 202 201 201 201 201 202 203 204 204 205 208 207 209 207 207 206 205 205 205 205 204 204 204 204 202 198 197 197 199 194 187 179 176 174 176 171 147 111 78 52 53 80 106 122 129 125 118 121 114 114 112 111 109 106 104 106 110 118 118 109 91 73 52 35 24 15 9 16 29 48 79 106 134 142 141 123 98 74 59 55 58 81 115 151 185 195 165 133 108 104 108 134 160 170 173 177 175 178 181 182 182 182 182 179 180 177 178 177 177 177 178 178 180 165 145 133 126 130 146 160 167 172 175 176 181 184 180 174 161 159 153 145 140 145 159 167 178 177 178 184 189 190 184 178 176 173 175 184 186 175 159 149 134 139 150 171 195 214 225 228 228 227 225 223 224 225 227 227 227 225 227 226 228 228 229 229 229 229 229 228 228 227 227 227 229 229 229 229 229 229 229 229 231 231 231 231 231 231 231 231 232 232 234 232 234 232 234 232 234 232 234 232 234 232 234 234 235 235 235 235 235 235 235 235 235 235 235 235 235 235 235 235 236 236 237 237 237 238 238 238 237 237 238 238 238 238 238 238 237 237 237 237 237 237 237 237 237 237 237 237 237 237 237 237 239 237 239 237 239 237 239 237 239 237 239 237 239 237 239 239 242 244 244 244 244 244 244 244 244 244 244 244 244 244 244 244 244 244 244 244 244 244 244 244 244 244 244 244 244 244 244 244 244 244 244 244 244 244 244 244 244 244 244 244 244 244 244 244 244 244 246 244 246 244 246 244 244 242 244 242 244 242 244 242 244 242 244 242 244 242 244 242 244 242 244 242 244 242 244 244 244 243 244 243 243 243 244 245 245 247 247 246 248 247 249 249 0 0 0 0 0 0 0 0
0 0 0 0 0 0 0 0 213 213 213 214 215 216 218 219 220 220 221 222 224 225 226 226 223 223 223 223 225 225 227 227 230 230 231 230 230 229 231 231 231 231 231 231 231 231 231 231 230 230 230 231 231 232 232 232 237 236 235 234 234 232 232 232 223 221 222 225 227 229 229 229 236 229 224 226 229 225 211 198 190 175 160 149 140 133 136 143 148 150 155 162 168 173 174 176 183 183 183 180 180 178 180 178 177 176 175 174 175 178 180 182 181 181 179 178 176 174 173 174 178 178 174 168 160 151 144 139 134 134 134 134 134 134 134 132 133 138 145 150 154 162 169 174 181 184 187 187 183 181 181 181 175 178 178 176 175 176 179 181 180 177 173 176 181 187 190 187 165 154 140 127 117 117 117 118 143 154 175 191 204 210 208 204 202 197 194 197 202 203 201 199 201 201 200 200 200 201 202 202 203 203 205 204 206 205 205 205 205 205 205 205 205 205 205 204 202 198 197 197 199 196 189 180 175 174 174 168 150 119 85 52 53 67 97 119 127 126 122 120 118 115 111 108 104 102 101 102 113 116 114 109 99 84 60 41 28 13 2 6 19 36 63 85 117 131 136 127 120 106 79 48 43 33 84 128 178 194 194 141 116 97 104 123 151 171 163 172 175 177 180 181 179 180 181 179 179 177 178 177 177 176 177 177 181 166 147 134 127 133 150 167 171 172 175 180 184 184 182 180 169 164 155 146 142 144 151 157 169 173 178 182 185 184 183 181 174 177 181 184 182 177 171 168 143 141 141 155 175 195 215 228 225 227 225 220 220 224 227 225 226 225 226 225 226 226 226 226 228 228 228 228 230 230 230 230 232 232 232 232 232 232 232 232 232 232 232 232 232 232 232 232 234 234 236 234 236 234 236 234 236 234 236 234 236 234 236 234 235 235 235 235 235 235 235 235 234 234 234 234 234 234 234 234 237 237 237 238 238 239 240 240 239 239 241 241 241 241 241 241 239 239 239 239 239 239 239 239 239 239 239 239 239 239 239 239 241 240 241 240 241 240 241 240 240 239 240 239 240 239 240 240 245 247 247 247 247 247 247 247 247 247 247 247 247 247 247 247 247 247 247 247 247 247 247 247 247 247 247 247 247 247 247 247 247 247 247 247 247 247 247 247 247 247 247 247 247 247 247 247 246 247 248 247 248 246 246 244 246 245 246 245 246 245 246 245 243 241 244 243 245 244 247 245 247 245 247 245 247 245 247 247 247 248 247 246 246 246 246 247 246 248 248 248 248 248 248 248 0 0 0 0 0 0 0 0
0 0 0 0 0 0 0 0 213 213 213 214 215 216 218 219 220 220 221 223 224 225 226 224 223 221 223 223 225 225 227 227 230 230 230 230 230 229 231 231 231 231 231 231 231 231 231 231 231 231 231 231 231 231 231 231 232 232 232 231 231 230 231 230 222 222 221 224 227 231 233 233 235 229 223 221 218 208 189 173 162 150 139 133 130 130 137 146 160 166 174 179 178 179 179 181 179 179 177 177 177 175 175 175 176 175 175 175 175 177 179 180 179 178 178 178 177 177 176 176 188 186 183 178 171 163 156 152 145 144 142 139 137 134 132 131 125 125 128 130 134 140 148 154 169 172 177 180 182 182 182 183 183 184 184 182 180 179 181 183 186 182 178 178 183 189 193 191 179 168 154 138 126 117 112 108 123 133 151 171 187 201 211 214 207 203 200 202 204 204 202 200 200 200 200 200 201 202 201 204 202 203 203 204 204 205 205 205 205 205 205 205 205 205 205 204 202 200 197 197 200 196 189 180 178 177 177 169 151 119 83 51 47 60 93 117 126 126 122 120 118 115 109 106 104 101 99 101 107 111 111 110 104 92 71 54 39 21 3 0 7 26 56 82 110 127 136 133 127 115 86 57 42 25 63 102 155 182 197 157 121 94 96 113 141 163 161 171 175 177 180 181 179 180 179 179 177 177 176 176 177 176 177 177 177 162 145 132 129 136 153 170 173 174 177 180 183 183 182 181 178 172 162 151 143 142 146 150 164 169 176 180 181 181 181 181 179 180 180 179 178 176 174 174 156 148 138 143 159 181 207 226 226 228 226 222 220 224 225 224 223 224 224 224 224 224 226 226 228 228 228 228 230 230 230 230 232 232 232 232 232 232 232 232 232 232 232 232 232 232 232 232 236 236 236 236 236 236 236 236 236 236 236 236 236 236 236 236 235 235 235 235 235 235 235 235 234 234 234 234 234 234 234 234 237 237 237 238 238 238 240 240 241 241 241 241 243 243 243 243 241 239 239 239 239 239 239 239 239 239 239 239 239 239 239 239 241 241 241 241 241 241 241 241 240 240 240 240 240 240 240 242 245 247 247 247 247 247 247 247 247 247 247 247 247 247 247 247 247 247 247 247 247 247 247 247 247 247 247 247 247 247 247 247 247 247 247 247 247 247 247 247 247 247 247 247 247 247 247 247 247 247 248 248 247 247 246 245 245 245 245 245 245 245 245 245 243 243 244 244 245 246 247 247 247 247 247 247 247 247 247 248 249 250 249 248 248 248 248 249 248 248 248 248 248 248 248 248 0 0 0 0 0 0 0 0
0 0 0 0 0 0 0 0 213 213 213 214 215 216 218 219 220 221 222 223 224 225 226 225 223 223 223 223 225 225 227 227 230 229 230 230 229 229 231 231 231 231 231 231 231 231 231 231 231 231 231 231 231 231 231 231 232 233 232 233 233 231 231 230 223 223 222 226 229 233 233 233 222 215 206 199 192 177 158 143 137 131 127 128 133 140 150 160 170 179 188 190 184 180 178 181 178 178 178 176 176 176 176 176 174 174 174 175 176 177 177 178 176 177 177 178 178 179 180 180 188 188 187 185 182 177 174 171 163 161 157 153 147 143 139 137 128 127 125 123 123 128 136 141 150 152 157 164 171 176 177 177 184 185 185 184 182 181 181 183 188 183 179 177 180 186 190 189 184 175 165 153 140 126 115 107 101 109 126 149 168 186 202 211 208 207 206 206 207 207 205 203 199 199 199 200 201 202 204 205 202 202 202 203 203 204 204 204 204 204 204 204 204 204 204 204 202 200 197 197 200 196 189 180 178 179 181 173 153 120 85 55 40 53 88 114 126 127 122 120 118 115 109 106 102 101 99 99 103 108 109 110 108 101 84 69 50 30 10 1 1 17 47 75 104 122 137 138 135 126 102 74 51 32 52 81 129 165 189 165 128 100 93 101 132 158 160 170 174 175 178 179 179 180 179 179 179 179 179 178 179 178 178 177 173 159 142 131 130 138 156 172 176 177 178 179 181 182 183 183 184 179 170 158 148 144 144 146 156 164 174 178 177 177 179 182 185 182 178 175 174 175 177 180 170 156 141 137 146 165 190 211 218 223 224 221 220 224 226 225 222 222 224 224 225 225 228 228 228 228 230 230 230 230 230 230 232 232 232 232 232 232 232 232 232 232 232 232 232 232 232 232 236 236 236 236 236 236 236 236 236 236 236 236 236 236 236 236 235 235 235 235 235 235 235 235 234 234 234 234 234 234 234 234 237 237 237 237 239 239 239 240 242 242 242 242 244 244 244 244 242 242 242 242 242 242 242 242 242 242 242 242 242 242 242 242 243 243 243 243 243 243 243 243 242 242 242 242 242 242 242 242 245 247 247 247 247 247 247 247 247 247 247 247 247 247 247 247 247 247 247 247 247 247 247 247 247 247 247 247 247 247 247 247 247 247 247 247 247 247 247 247 247 247 247 247 247 247 247 247 247 247 248 248 247 246 245 245 244 244 244 244 244 244 244 244 243 243 243 244 245 246 246 247 247 247 247 247 247 247 247 248 249 248 247 246 246 246 246 247 246 246 246 246 246 246 246 246 0 0 0 0 0 0 0 0
0 0 0 0 0 0 0 0 213 213 213 214 215 216 218 219 221 221 222 223 224 226 226 227 225 223 223 223 225 225 227 227 229 229 230 229 229 229 230 230 230 230 230 230 230 230 230 230 232 232 231 231 231 231 230 230 235 236 234 234 232 231 229 228 223 224 223 226 226 224 220 216 204 194 182 171 162 152 141 132 132 132 136 143 152 162 171 177 180 185 189 190 185 181 178 179 179 179 179 179 179 178 178 178 175 173 174 175 176 176 176 175 177 177 177 178 179 179 180 182 179 180 182 184 185 186 186 186 180 178 175 170 165 161 157 155 145 142 137 131 128 127 130 132 131 131 134 142 153 162 169 171 177 179 182 182 181 180 181 182 185 182 179 178 179 182 185 185 178 174 172 166 156 143 132 124 97 101 114 132 148 164 180 194 202 206 209 206 208 207 206 203 201 200 200 200 200 201 203 203 202 202 202 203 203 204 204 204 204 204 204 204 204 204 204 204 202 200 197 197 199 196 189 180 178 180 183 175 154 121 90 61 37 52 85 112 125 127 122 118 118 115 109 106 102 99 99 99 103 106 108 107 109 106 93 80 57 41 24 12 9 18 46 73 100 115 130 135 135 130 111 90 69 48 48 66 101 142 167 160 137 107 91 93 119 152 158 169 172 175 176 179 179 180 179 179 180 180 179 178 179 179 178 178 173 158 142 132 132 140 157 173 179 179 179 179 179 181 183 185 187 183 175 165 155 148 146 146 149 159 171 176 174 174 179 184 187 184 179 175 174 176 180 182 176 166 151 143 143 153 171 189 204 212 219 219 220 224 226 225 222 222 224 225 225 226 228 229 227 227 229 229 229 229 229 229 231 231 231 231 231 231 231 231 231 231 231 231 231 231 231 231 235 235 235 235 235 235 235 235 235 235 235 235 235 235 235 235 236 234 234 234 234 234 234 234 234 234 234 234 234 234 234 234 236 236 237 237 238 239 239 239 242 242 242 242 244 244 244 244 242 242 242 242 242 242 242 242 242 242 242 242 242 242 242 242 242 242 242 242 242 242 242 242 242 242 242 242 242 242 242 242 246 246 246 246 246 246 246 246 246 246 246 246 246 246 246 246 246 246 246 246 246 246 246 246 246 246 246 246 246 246 246 246 246 246 246 246 246 246 246 246 246 246 246 246 246 246 246 246 246 247 247 247 247 246 245 244 243 243 243 243 243 243 243 243 242 242 243 244 245 245 246 246 246 246 246 246 246 246 246 246 249 248 247 246 246 246 246 247 246 246 246 246 246 246 246 246 0 0 0 0 0 0 0 0
0 0 0 0 0 0 0 0 215 215 215 216 217 218 220 221 223 224 224 226 227 228 229 227 225 225 225 225 227 227 227 227 229 229 229 229 229 228 228 228 230 230 230 230 230 230 230 230 231 231 231 231 231 231 231 231 231 232 232 232 230 230 228 228 226 227 225 222 218 209 197 190 183 172 157 144 137 135 135 135 139 145 154 163 172 179 182 182 189 186 184 185 186 187 185 180 178 179 179 179 179 180 180 178 175 176 177 178 178 178 177 177 181 181 180 180 180 180 179 179 174 175 178 181 184 186 188 189 186 185 184 182 180 178 176 175 164 160 154 148 141 135 130 127 125 123 123 127 136 148 158 165 173 176 180 181 180 178 178 179 179 180 180 180 180 179 179 177 173 172 174 174 171 161 153 145 116 110 108 114 122 136 157 177 195 205 212 209 209 208 206 201 205 203 202 201 201 201 201 201 202 202 202 203 203 204 204 204 204 204 204 204 204 204 204 204 202 200 197 197 199 194 187 179 177 178 181 174 153 121 89 59 37 50 82 110 126 127 122 117 118 115 109 106 102 99 99 97 98 100 103 104 108 107 99 89 68 50 33 20 16 24 52 78 99 110 122 125 126 125 113 100 89 69 49 50 69 110 139 149 141 110 92 87 111 145 154 170 170 174 176 177 179 180 179 179 180 182 181 181 180 179 180 180 176 160 143 133 135 143 159 173 180 181 182 180 179 180 183 187 190 187 182 172 161 152 147 144 144 155 167 173 173 174 180 186 186 183 180 178 177 178 180 182 183 172 157 145 136 139 153 169 194 206 218 222 223 225 225 223 224 224 225 225 228 228 229 229 229 229 231 231 231 231 231 231 233 233 233 233 233 233 233 233 233 233 233 233 233 233 233 233 236 236 236 236 236 236 236 236 236 236 236 236 236 236 236 235 236 236 236 236 236 236 236 236 236 236 236 236 236 236 236 236 236 236 237 238 238 238 241 241 242 242 244 244 244 244 246 244 242 242 242 242 242 242 242 242 242 242 242 242 242 242 242 242 242 242 242 242 242 242 242 242 242 242 242 242 242 242 242 242 246 246 246 246 246 246 246 246 246 246 246 246 246 246 246 246 246 246 246 246 246 246 246 246 246 246 246 246 246 246 246 246 246 246 246 246 246 246 246 246 246 246 246 246 246 246 246 246 246 246 247 247 246 246 245 244 243 243 243 243 243 243 243 243 242 242 243 243 244 245 246 246 246 246 246 246 246 246 246 246 249 248 247 246 246 246 246 247 246 246 246 246 246 246 246 246 0 0 0 0 0 0 0 0
0 0 0 0 0 0 0 0 215 215 215 216 217 218 220 221 223 224 225 226 227 228 229 230 227 225 227 227 227 227 227 227 228 228 229 229 228 228 228 227 229 229 229 229 229 229 229 229 230 230 230 231 231 232 232 232 233 233 232 230 230 230 231 230 232 228 222 216 207 194 179 171 157 148 135 124 121 125 133 139 155 164 174 181 186 190 188 184 187 181 176 177 181 185 183 179 176 176 177 177 178 178 178 179 179 177 179 177 179 178 180 178 183 181 182 179 180 177 179 178 179 179 180 181 182 183 184 184 184 184 184 184 184 185 185 185 181 177 172 167 161 153 144 138 129 127 124 122 123 131 142 149 169 173 178 180 179 177 176 176 176 179 182 182 180 178 176 174 173 175 177 178 177 173 166 159 145 128 112 102 100 108 133 158 180 197 210 211 210 209 207 199 205 204 204 201 201 202 201 202 202 202 202 203 203 204 204 204 204 204 204 204 204 204 204 202 202 198 195 196 199 194 187 179 179 177 178 170 154 122 85 55 37 50 80 106 123 128 124 118 118 115 109 106 102 99 97 97 91 93 94 99 105 110 105 97 76 55 36 23 21 31 58 84 99 107 115 116 118 119 113 107 105 88 51 37 40 80 112 141 137 111 95 85 103 136 149 169 168 172 175 177 179 180 179 181 183 182 182 181 180 181 181 181 176 160 142 134 137 146 161 174 181 183 184 182 179 179 183 187 193 192 188 179 166 154 146 141 140 149 161 169 172 175 181 185 184 183 182 181 181 181 181 181 188 178 164 148 133 129 141 156 185 202 219 227 228 227 224 221 225 225 225 227 226 226 226 228 228 228 230 230 230 230 230 230 232 232 232 232 232 232 232 232 232 232 232 232 232 232 232 232 235 235 235 235 235 235 235 235 235 235 235 235 235 235 235 235 235 235 235 235 235 235 235 235 236 236 236 236 236 236 236 236 235 236 237 237 238 238 240 240 241 241 243 243 243 243 245 245 243 241 241 241 241 241 241 241 241 241 241 241 241 241 241 241 241 241 241 241 241 241 241 241 242 242 242 242 242 242 242 244 245 245 245 245 245 245 245 245 245 245 245 245 245 245 245 245 245 245 245 245 245 245 245 245 245 245 245 245 245 245 245 245 245 245 245 245 245 245 245 245 245 245 245 245 245 245 245 245 246 246 246 246 246 245 244 244 243 243 243 243 243 243 243 243 241 242 242 243 244 245 245 245 245 245 245 245 245 245 245 245 247 248 247 246 246 246 246 247 246 246 246 246 246 246 246 246 0 0 0 0 0 0 0 0
0 0 0 0 0 0 0 0 215 215 215 216 217 218 220 221 224 224 225 226 227 229 230 230 229 227 229 229 229 229 229 229 228 228 229 228 228 228 227 227 227 227 227 227 227 227 227 227 226 227 227 228 230 231 231 232 236 233 228 224 222 221 222 221 221 213 201 191 177 166 155 148 134 132 129 126 128 135 144 151 167 176 183 186 188 191 188 182 178 175 173 175 179 181 179 177 178 179 179 178 179 180 180 181 183 181 181 179 180 180 182 182 183 181 182 180 180 178 179 179 184 183 183 182 182 182 182 182 182 182 183 184 185 185 186 185 189 186 184 182 179 174 166 161 148 148 144 135 127 125 132 139 157 162 170 176 178 178 179 179 178 181 184 183 181 179 179 179 177 177 178 178 177 175 171 166 165 147 129 115 102 98 111 132 152 174 196 204 207 212 212 205 203 201 202 202 202 204 205 205 202 200 200 201 201 202 202 202 202 202 202 202 202 202 202 202 202 198 195 196 199 194 187 179 180 176 176 172 161 132 95 62 33 44 73 100 120 127 126 121 118 115 109 104 101 99 97 95 90 91 91 95 102 109 104 98 85 67 54 48 49 54 70 88 100 105 113 114 116 117 116 114 111 103 64 46 32 62 85 121 127 108 94 82 97 129 144 163 167 170 175 176 177 178 179 181 183 185 184 183 182 183 182 182 172 156 139 133 136 146 161 173 183 186 188 186 182 181 184 188 192 192 191 184 173 160 150 143 136 143 154 164 171 176 180 182 184 183 183 183 182 182 182 182 187 181 175 161 142 130 134 143 168 189 213 226 230 229 226 221 226 226 225 226 226 225 224 226 230 230 232 232 232 232 232 232 233 233 233 233 233 233 233 233 233 233 233 233 233 233 233 233 235 235 235 235 235 235 235 235 235 235 235 235 235 235 235 235 235 235 235 235 235 235 235 235 236 236 236 236 236 236 236 236 236 236 237 237 239 240 240 240 242 242 242 242 244 244 244 244 242 242 242 242 242 242 242 242 242 242 242 242 242 242 242 242 243 243 243 243 243 243 243 243 244 244 244 244 244 244 244 244 245 245 245 245 245 245 245 245 245 245 245 245 245 245 245 245 245 245 245 245 245 245 245 245 245 245 245 245 245 245 245 245 245 245 245 245 245 245 245 245 245 245 245 245 245 245 245 245 245 246 246 246 246 245 244 243 244 244 244 244 244 244 244 244 241 241 242 243 244 244 245 245 245 245 245 245 245 245 245 245 247 246 245 244 244 244 244 245 244 244 244 244 244 244 244 244 0 0 0 0 0 0 0 0
0 0 0 0 0 0 0 0 215 215 215 216 217 218 220 221 224 224 225 226 228 229 230 230 229 229 229 229 229 229 229 229 228 228 229 228 228 227 227 227 227 227 227 227 227 227 227 227 225 226 227 228 230 231 232 233 233 229 220 212 206 204 201 202 196 185 171 155 144 135 127 123 129 133 139 145 151 159 168 175 170 177 182 181 183 187 184 178 178 180 183 184 184 183 182 181 181 181 182 183 184 183 185 184 185 184 181 180 180 181 183 184 181 180 180 180 180 179 179 179 182 182 181 181 181 181 182 182 182 182 182 183 183 184 184 184 186 184 182 183 184 182 177 173 170 172 168 155 140 131 133 139 141 149 159 169 175 179 182 183 181 183 185 183 180 179 181 183 180 178 177 177 177 176 175 173 176 162 151 137 117 99 98 111 126 155 184 196 205 213 217 212 202 200 202 202 205 206 208 210 202 200 200 201 201 202 202 202 202 202 202 202 202 202 202 202 200 196 195 196 197 194 187 179 180 175 176 175 168 143 109 75 29 40 68 96 117 127 127 123 118 113 108 104 101 97 95 93 93 93 92 94 99 105 100 94 96 87 82 84 87 84 88 96 98 104 112 116 117 118 117 117 109 113 80 60 38 54 64 96 116 101 92 79 91 121 137 159 165 168 173 176 177 178 179 181 185 185 185 184 184 183 182 182 168 152 136 131 136 147 162 175 183 186 189 188 183 181 184 187 186 188 189 185 176 165 155 150 134 139 149 160 169 175 179 180 185 184 183 182 182 182 183 184 181 184 186 178 159 138 131 134 149 174 204 222 229 230 228 226 225 226 225 224 223 222 223 223 230 230 232 232 232 232 232 233 233 233 233 233 233 233 233 233 233 233 233 233 233 233 233 233 235 235 235 235 235 235 235 235 235 235 235 235 235 235 235 235 236 235 235 235 235 235 235 235 236 236 236 236 236 236 236 236 236 236 236 237 239 240 240 240 241 241 241 241 243 243 243 243 241 241 241 241 241 241 241 241 241 241 241 241 241 241 241 241 243 243 243 243 243 243 243 243 244 244 244 244 244 244 244 244 245 245 245 245 245 245 245 245 245 245 245 245 245 245 245 245 245 245 245 245 245 245 245 245 245 245 245 245 245 245 245 245 245 245 245 245 245 245 245 245 245 245 245 245 245 245 245 245 245 246 246 246 246 245 244 243 244 244 244 244 244 244 244 244 241 241 242 243 243 244 245 245 245 245 245 245 245 245 245 245 247 246 245 244 244 244 244 245 244 244 244 244 244 244 244 244 0 0 0 0 0 0 0 0
0 0 0 0 0 0 0 0 215 215 216 217 219 220 221 221 225 226 227 229 229 230 230 229 228 228 228 229 229 230 230 230 227 227 227 227 226 226 226 226 226 226 226 225 225 224 224 224 224 222 223 228 234 235 231 225 222 213 200 187 179 175 172 172 163 156 148 135 126 121 122 124 133 141 153 164 171 175 177 179 177 177 177 177 177 177 177 177 182 182 183 183 183 183 184 184 186 186 186 187 187 186 188 186 185 185 185 185 185 185 185 185 184 184 184 184 184 184 184 184 182 182 182 182 182 182 182 182 182 182 183 183 183 182 181 180 182 182 183 183 183 184 184 184 179 182 181 171 155 143 138 138 134 139 149 162 174 182 185 186 184 184 183 182 182 183 183 184 181 179 179 178 176 174 172 169 178 172 163 149 131 114 104 101 114 131 154 175 194 209 215 213 203 203 199 197 202 210 210 204 204 201 200 199 200 201 203 204 202 202 202 201 201 200 200 200 198 196 197 196 193 187 183 179 179 172 174 176 170 158 125 75 37 37 59 89 116 126 127 124 114 110 108 106 106 104 99 94 95 94 94 94 94 95 95 97 94 97 98 100 101 102 104 104 101 102 108 110 114 114 116 117 116 109 95 76 56 44 55 75 94 98 91 83 88 110 136 151 161 166 169 173 174 175 176 179 183 186 188 186 187 189 186 180 159 145 132 131 138 149 163 175 180 185 187 188 187 186 186 187 189 189 190 189 185 176 164 154 143 139 142 153 164 171 176 181 185 183 182 182 183 184 183 183 182 186 188 179 167 153 140 130 145 157 181 206 221 225 227 229 233 233 229 225 223 222 226 227 230 230 231 232 232 233 233 235 235 235 235 235 235 235 235 235 236 236 236 236 236 236 236 236 236 236 236 236 236 236 236 236 237 237 237 237 237 237 237 235 235 235 236 236 236 237 237 237 236 236 236 236 236 236 236 236 239 239 239 238 238 237 239 239 239 239 241 241 242 242 242 241 239 239 239 239 239 239 239 239 239 239 239 239 239 239 239 239 240 240 240 241 241 242 242 242 242 242 242 242 242 242 242 242 243 243 243 243 243 243 243 243 243 243 243 243 243 243 243 243 243 243 243 243 243 243 243 243 243 243 243 243 243 243 243 243 243 243 243 243 243 243 243 243 243 243 243 243 243 243 243 243 244 244 244 244 244 244 244 244 244 244 244 244 244 244 244 244 242 242 242 243 243 244 244 244 244 244 244 244 244 244 244 244 245 245 245 245 245 245 245 245 246 246 246 246 246 246 246 246 0 0 0 0 0 0 0 0
0 0 0 0 0 0 0 0 215 215 216 217 218 220 220 221 225 226 227 228 229 229 229 229 228 228 230 229 229 229 230 230 227 227 227 227 226 226 226 226 226 226 225 225 225 224 224 224 224 223 224 230 234 231 221 211 192 183 169 155 147 142 141 140 139 138 133 131 130 134 140 146 154 159 166 172 174 175 176 177 176 176 176 176 177 177 177 177 182 182 182 183 183 183 184 184 186 186 186 187 187 188 188 188 187 185 185 185 185 185 185 185 184 184 184 184 184 184 184 184 184 182 182 182 182 182 182 182 182 183 183 183 183 182 181 180 183 182 182 182 183 183 183 184 180 182 181 176 166 154 146 141 134 138 146 158 170 179 184 185 183 182 182 182 182 183 183 184 182 181 182 180 178 177 174 172 173 170 166 155 144 131 120 113 112 122 139 157 175 190 202 208 207 209 209 205 206 207 209 205 202 199 199 199 200 201 202 203 202 202 201 201 201 200 200 198 196 196 196 194 193 187 183 179 179 172 174 174 170 158 125 76 37 36 58 89 116 126 128 123 114 108 107 105 105 102 97 94 94 94 94 93 94 93 95 95 93 95 96 97 100 101 101 102 100 101 104 108 110 112 113 113 114 107 97 80 61 48 53 70 85 88 80 73 82 103 129 145 159 164 167 171 173 175 176 181 184 188 188 186 186 188 184 178 158 145 133 132 139 150 163 174 180 185 188 188 187 186 186 187 189 189 190 189 185 177 167 157 147 141 140 148 158 165 173 180 185 183 181 180 181 183 184 183 179 183 183 177 167 159 146 136 142 148 166 190 209 218 225 230 235 234 230 227 223 222 225 227 230 231 231 232 232 234 235 235 235 235 237 235 237 235 237 235 238 236 238 236 238 236 238 236 236 236 236 236 236 236 236 236 237 237 237 237 237 237 237 237 237 235 235 236 236 236 237 237 236 236 236 236 236 236 236 236 239 239 239 238 238 237 239 239 239 239 241 241 242 242 242 242 241 239 239 239 239 239 239 239 239 239 239 239 239 239 239 239 240 240 240 241 241 241 242 242 242 242 242 242 242 242 242 242 243 243 243 243 243 243 243 243 243 243 243 243 243 243 243 243 243 243 243 243 243 243 243 243 243 243 243 243 243 243 243 243 243 243 243 243 243 243 243 243 243 243 243 243 243 243 243 243 244 244 244 244 244 244 244 244 244 244 244 244 244 244 244 244 242 242 242 243 243 244 244 244 244 244 244 244 244 244 244 244 245 245 245 245 245 245 245 245 246 246 246 246 246 246 246 246 0 0 0 0 0 0 0 0
0 0 0 0 0 0 0 0 216 217 217 219 220 221 222 222 226 227 228 229 230 230 230 230 230 230 232 230 231 231 231 232 227 227 227 227 226 226 226 226 226 225 225 225 224 224 224 224 225 223 224 230 233 225 207 191 178 170 157 145 137 133 135 135 126 128 130 136 143 154 164 172 181 182 183 181 178 175 174 174 173 174 174 175 175 176 176 177 181 182 182 182 183 183 186 186 186 186 188 189 189 190 190 190 187 187 187 187 187 188 188 188 187 187 187 187 187 187 187 185 185 185 185 185 185 185 185 185 185 185 186 186 185 185 184 181 182 182 182 183 183 184 184 184 183 182 182 183 181 172 158 147 137 138 143 152 164 175 182 185 183 183 183 183 183 184 186 186 184 183 183 182 181 179 177 174 168 167 168 164 161 152 141 133 119 114 120 133 147 160 178 195 203 211 218 214 206 205 206 205 196 195 196 198 199 199 199 199 200 199 199 199 198 198 198 198 195 196 196 194 193 188 184 180 179 172 174 173 170 159 126 78 36 37 59 90 115 125 128 123 113 107 106 104 102 101 97 94 94 92 94 94 93 93 94 94 92 94 95 95 98 99 99 100 98 100 103 106 109 111 113 112 114 111 104 92 74 59 57 67 74 76 71 65 75 98 124 141 155 162 167 171 173 175 178 180 185 189 189 187 187 188 182 175 159 147 134 134 141 151 163 174 181 185 188 189 187 186 186 187 188 189 189 189 187 180 170 162 153 144 139 141 149 157 168 178 185 183 180 178 179 182 186 186 175 177 176 172 170 167 158 146 140 137 145 165 191 208 220 228 234 236 235 231 227 225 226 227 231 233 233 233 234 236 236 237 237 237 239 237 239 237 239 237 240 238 240 238 240 238 240 238 238 238 238 238 238 238 238 238 238 238 238 238 238 238 238 236 236 236 237 237 237 238 238 238 238 238 238 238 238 238 238 238 238 238 238 238 239 239 239 239 241 241 242 242 242 242 242 242 241 241 241 241 241 241 241 241 241 241 241 241 241 241 241 241 242 242 242 242 243 243 243 244 244 244 244 244 244 244 244 244 243 243 243 243 243 243 243 243 243 243 243 243 243 243 243 243 243 243 243 243 243 243 243 243 243 243 243 243 243 243 243 243 243 243 243 243 243 243 243 243 243 243 243 243 243 243 243 243 244 244 244 244 244 244 244 244 244 244 244 244 244 244 244 244 242 242 242 243 243 244 244 244 244 244 244 244 244 244 244 244 244 244 244 244 244 244 244 244 245 245 245 245 245 245 245 245 0 0 0 0 0 0 0 0
0 0 0 0 0 0 0 0 215 216 217 218 219 220 221 222 225 226 227 228 229 229 229 229 231 231 232 232 232 231 231 231 226 226 226 226 225 225 225 225 225 225 225 224 224 224 223 223 225 222 223 227 228 216 194 175 158 153 145 138 133 134 136 140 141 141 146 152 161 172 182 191 197 196 193 187 180 175 174 174 173 173 174 174 175 176 176 177 178 181 181 182 183 183 186 186 186 186 188 189 189 190 192 192 189 187 187 188 188 188 188 189 188 188 188 188 188 188 188 188 186 186 186 186 186 186 186 186 186 186 187 187 186 185 184 184 182 182 182 182 183 183 184 184 184 182 182 189 193 186 167 150 135 135 138 145 157 169 178 183 183 182 182 182 183 184 186 186 185 185 185 184 183 181 180 178 169 167 167 170 171 167 160 152 135 118 112 117 125 131 152 174 191 206 221 219 210 203 202 201 194 194 196 198 199 199 199 198 199 199 199 198 198 198 197 197 195 194 195 194 191 188 184 180 179 172 173 173 168 159 126 80 35 36 57 89 115 126 126 121 113 106 105 103 101 98 96 94 92 92 94 94 94 94 95 94 93 93 96 96 97 97 100 100 97 99 103 105 109 110 110 110 111 112 111 105 90 74 65 67 66 66 61 59 71 94 121 142 153 160 165 168 173 174 177 182 186 191 190 186 185 185 180 171 157 146 134 136 144 153 164 174 181 185 188 189 188 187 187 187 188 189 189 189 188 183 176 168 162 150 140 137 140 149 162 174 183 182 179 177 177 181 187 189 176 174 172 172 175 176 170 160 143 132 129 143 170 194 212 225 233 235 236 233 229 225 226 227 232 232 233 233 235 236 236 236 238 238 238 238 238 238 238 238 239 239 239 239 239 239 239 239 237 237 237 237 237 237 237 237 237 237 237 237 237 237 237 237 235 236 236 236 237 237 237 237 237 237 237 237 237 237 237 237 238 237 237 237 239 239 239 239 241 241 242 242 242 242 242 242 241 241 241 241 241 241 241 241 241 241 241 241 241 241 241 241 241 241 242 242 242 243 243 243 243 243 243 243 243 243 243 243 243 243 243 243 243 243 243 243 243 243 243 243 243 243 243 243 243 243 243 243 243 243 243 243 243 243 243 243 243 243 243 243 243 243 243 243 243 243 243 243 243 243 243 243 243 243 243 243 244 244 244 244 244 244 244 244 244 244 244 244 244 244 244 244 242 242 242 243 243 244 244 244 244 244 244 244 244 244 244 244 243 243 243 243 243 243 243 243 244 244 244 244 244 244 244 244 0 0 0 0 0 0 0 0
0 0 0 0 0 0 0 0 214 215 216 217 218 219 220 221 223 224 226 227 228 228 228 228 231 233 233 232 232 232 231 231 226 226 226 226 225 225 225 225 223 223 222 222 222 221 221 221 223 220 218 220 217 204 182 164 146 147 149 149 149 153 158 163 165 165 167 168 172 177 186 191 194 194 191 186 180 176 175 176 174 174 174 175 175 176 176 176 177 178 180 181 182 183 186 186 188 188 190 191 191 192 193 192 189 189 189 190 190 191 191 192 190 190 190 190 190 190 190 188 186 186 186 186 186 186 186 186 187 187 187 187 187 186 185 185 182 182 182 183 183 184 184 184 186 183 184 191 196 188 168 149 132 132 134 141 153 166 176 181 184 183 183 183 184 184 186 186 187 185 186 184 184 184 182 180 177 174 170 171 175 176 173 166 152 132 118 114 113 111 126 146 171 191 211 216 211 207 204 201 195 194 196 198 199 199 198 197 199 199 198 198 198 197 197 197 194 194 195 194 191 186 184 179 177 169 171 172 168 159 127 82 33 35 56 88 113 124 125 120 112 105 104 101 100 98 96 93 94 94 94 94 94 94 95 96 95 95 95 95 98 98 98 98 97 99 101 105 109 111 111 111 110 113 118 115 107 94 78 72 63 58 52 51 64 88 117 140 151 157 165 168 172 174 177 182 185 190 190 187 185 182 176 169 154 144 135 138 147 156 166 175 183 188 191 191 190 189 189 190 190 190 191 192 191 188 183 177 171 158 145 138 137 142 155 167 179 179 179 178 178 181 187 190 178 173 170 172 180 185 182 172 150 137 126 132 152 177 203 219 227 233 237 236 231 227 229 230 232 232 234 235 235 235 238 238 238 238 238 238 238 238 238 238 239 239 239 239 239 239 239 239 237 237 237 237 237 237 237 237 237 237 237 237 237 237 237 237 235 235 235 235 236 236 236 237 237 237 237 237 237 237 237 237 238 239 239 239 239 239 241 241 241 241 242 242 244 244 244 242 241 241 241 241 241 241 241 241 241 241 241 241 241 241 241 241 241 241 241 242 242 242 243 243 243 243 243 243 243 243 243 243 243 243 243 243 243 243 243 243 243 243 243 243 243 243 243 243 243 243 243 243 243 243 243 243 243 243 243 243 243 243 243 243 243 243 243 243 243 243 243 243 243 243 243 243 243 243 243 243 244 244 244 244 244 244 244 244 244 244 244 244 244 244 244 244 242 242 242 243 243 244 244 244 244 244 244 244 244 244 244 244 243 243 243 243 243 243 243 243 244 244 244 244 244 244 244 244 0 0 0 0 0 0 0 0
0 0 0 0 0 0 0 0 214 214 215 216 217 219 219 220 222 223 224 226 226 227 227 228 232 233 233 233 232 232 232 230 227 225 225 225 224 224 224 224 222 222 222 222 221 221 221 220 222 221 219 217 210 194 172 156 149 156 166 174 177 182 186 189 180 179 176 173 168 169 172 175 176 178 180 180 178 177 177 178 176 176 176 176 176 176 176 176 177 177 180 181 182 183 186 186 188 188 190 191 191 192 193 192 191 189 190 190 191 192 192 192 191 191 191 191 191 191 191 191 189 187 187 187 187 187 187 187 187 188 188 188 188 187 186 185 185 183 184 184 184 185 185 185 188 186 186 190 191 180 161 144 130 130 134 143 156 168 177 182 186 186 185 184 184 185 185 186 188 188 188 186 187 185 184 183 183 179 174 172 174 174 175 172 164 147 133 123 114 107 111 120 148 165 189 199 206 209 209 205 198 197 197 198 198 198 198 198 198 198 198 198 197 197 197 194 193 194 193 192 192 187 184 179 177 169 170 170 168 160 129 84 32 36 57 88 112 123 124 119 111 104 100 99 97 96 94 93 94 94 94 94 95 95 96 96 96 96 96 96 98 98 98 98 98 100 102 106 110 112 112 111 108 115 120 124 123 112 95 82 66 57 45 45 58 81 111 135 149 156 162 167 170 173 177 181 184 191 189 186 184 182 173 165 150 141 135 140 150 160 168 177 184 188 191 192 191 189 190 190 190 190 190 192 193 192 188 183 179 167 154 144 139 139 149 159 173 177 180 181 181 182 187 189 180 175 171 171 181 189 189 181 163 148 135 130 139 159 188 212 219 227 235 236 232 229 231 233 231 232 234 234 235 235 237 237 237 237 237 237 237 237 237 237 238 238 238 238 238 238 238 238 236 236 236 236 236 236 236 236 236 236 236 236 236 236 236 236 234 234 234 235 235 235 236 236 236 236 236 236 236 236 236 236 238 238 238 238 239 239 241 241 241 241 242 242 244 244 244 242 242 241 241 241 241 241 241 241 241 241 241 241 241 241 241 241 240 241 241 241 242 242 242 242 242 242 242 242 242 242 242 242 243 243 243 243 243 243 243 243 243 243 243 243 243 243 243 243 243 243 243 243 243 243 243 243 243 243 243 243 243 243 243 243 243 243 243 243 243 243 243 243 243 243 243 243 243 243 243 243 244 244 244 244 244 244 244 244 244 244 244 244 244 244 244 244 242 242 242 243 243 244 244 244 244 244 244 244 244 244 244 244 242 242 242 242 242 242 242 242 243 243 243 243 243 243 243 243 0 0 0 0 0 0 0 0
0 0 0 0 0 0 0 0 213 214 214 216 217 218 219 219 221 222 224 225 226 226 226 228 232 233 233 233 233 232 232 230 227 227 225 225 224 224 224 224 222 222 222 221 221 221 220 220 221 222 223 219 206 185 162 147 140 152 167 179 185 188 190 191 187 184 177 168 157 151 149 149 155 160 168 174 177 178 179 180 179 179 178 178 177 176 176 175 176 176 179 180 182 183 186 186 188 188 190 191 192 193 193 192 191 189 190 190 191 192 193 193 192 192 192 192 192 192 192 192 190 190 190 190 190 190 190 190 190 190 191 191 190 189 189 186 186 186 187 187 188 188 188 188 191 191 191 189 183 169 152 140 131 134 140 151 164 176 183 187 191 190 189 188 187 187 187 187 190 188 188 187 187 185 185 183 183 180 178 174 171 172 174 174 171 162 152 139 126 115 110 106 122 134 156 172 191 205 212 208 202 197 197 196 196 196 196 196 196 196 196 195 195 195 194 194 192 193 193 192 192 187 184 180 177 169 170 170 168 161 130 86 33 35 56 87 111 122 123 118 111 103 99 97 96 95 94 93 94 95 95 96 96 97 97 97 97 97 97 97 97 97 99 99 96 99 103 106 109 111 112 112 109 115 123 130 135 128 111 95 77 63 47 44 55 76 106 131 149 156 162 165 170 172 176 181 184 190 190 187 183 180 170 161 146 139 134 141 151 161 171 179 184 189 191 192 191 190 190 190 190 190 190 192 194 194 192 188 185 175 163 152 143 138 144 152 167 174 181 185 184 183 186 187 181 175 173 171 179 188 191 186 174 162 148 134 130 142 173 202 212 222 232 236 235 232 233 235 233 233 236 236 236 237 237 237 238 238 238 238 238 238 238 238 239 239 239 239 239 239 239 238 236 236 236 236 236 236 236 236 235 235 235 235 235 235 235 235 233 233 234 234 234 235 235 235 236 236 236 236 236 236 236 236 237 237 237 238 240 241 241 241 242 242 242 242 244 244 244 242 242 241 241 241 241 241 241 241 241 241 241 241 241 241 241 241 240 240 241 241 241 242 242 242 242 242 242 242 242 242 242 242 243 243 243 243 243 243 243 243 243 243 243 243 243 243 243 243 243 243 243 243 243 243 243 243 243 243 243 243 243 243 243 243 243 243 243 243 243 243 243 243 243 243 243 243 243 243 243 243 244 244 244 244 244 244 244 244 244 244 244 244 244 244 244 244 242 242 242 243 243 244 244 244 244 244 244 244 244 244 244 244 242 242 242 242 242 242 242 242 243 243 243 243 243 243 243 243 0 0 0 0 0 0 0 0
0 0 0 0 0 0 0 0 215 213 216 215 219 218 221 219 223 222 225 224 227 225 227 227 232 233 232 233 233 234 232 232 227 227 227 225 225 224 224 224 224 222 224 221 221 220 220 220 219 224 227 222 205 180 155 141 140 155 174 186 194 193 191 192 191 186 176 163 147 137 132 130 142 149 160 170 176 178 179 180 181 181 180 179 178 176 176 175 175 176 179 180 182 185 186 188 188 190 190 191 191 192 192 192 191 189 190 191 192 192 193 194 192 192 192 192 192 192 192 192 190 190 190 190 190 190 190 190 190 191 191 191 191 190 189 188 187 187 188 188 188 189 189 189 191 193 192 187 175 160 145 136 132 135 143 156 169 180 187 189 193 192 191 189 188 187 187 187 188 188 188 187 187 186 185 185 182 182 181 178 172 171 173 173 177 175 171 155 142 129 117 107 104 113 132 151 176 200 212 210 208 204 202 200 199 197 198 199 198 196 196 195 195 196 196 194 192 193 192 192 192 187 185 180 177 169 170 172 168 161 133 87 33 34 56 87 113 124 123 119 110 105 99 97 97 96 96 93 94 94 94 96 96 97 97 97 97 97 97 97 97 97 97 97 97 99 103 106 109 110 110 111 107 114 124 131 142 138 119 104 88 73 52 46 55 74 102 128 145 151 158 164 167 172 174 179 183 190 190 186 182 179 169 160 144 137 134 142 153 163 172 181 184 189 192 192 191 190 190 191 190 189 190 192 194 195 194 191 191 180 170 159 147 140 142 149 165 173 183 187 187 184 186 185 181 178 175 173 177 186 190 187 181 171 157 138 124 132 162 193 207 217 230 235 233 233 234 237 233 233 235 236 236 237 237 237 238 238 238 238 238 238 238 238 239 239 239 239 239 239 239 238 238 236 236 236 236 236 236 236 235 235 235 235 235 235 235 233 233 233 233 234 234 234 235 235 236 236 236 236 236 236 236 236 237 237 237 238 240 241 241 241 241 241 242 242 242 242 242 242 241 241 241 241 241 241 241 241 241 241 241 241 241 241 241 241 240 240 240 241 241 242 242 242 242 242 242 242 242 242 242 242 243 243 243 243 243 243 243 243 243 243 243 243 243 243 243 243 243 243 243 243 243 243 243 243 243 243 243 243 243 243 243 243 243 243 243 243 243 243 243 243 243 243 243 243 243 243 243 244 244 244 244 244 244 244 244 244 244 244 244 244 244 244 244 244 242 242 242 243 243 244 244 244 244 244 244 244 244 244 244 244 242 242 242 242 242 242 242 242 243 243 243 243 243 243 243 243 0 0 0 0 0 0 0 0
0 0 0 0 0 0 0 0 217 215 218 217 221 220 223 222 224 222 225 224 227 225 228 228 229 229 230 231 232 232 231 231 230 228 226 225 225 224 226 226 225 224 225 224 223 223 221 221 224 226 228 220 195 167 148 142 144 161 178 183 186 185 186 183 187 181 170 160 150 139 130 124 127 135 147 159 167 173 177 179 181 180 180 181 182 181 179 178 175 175 176 179 181 185 188 191 190 190 190 191 191 190 190 190 191 192 193 194 194 194 194 193 194 194 194 194 194 194 194 192 190 190 190 190 190 190 190 190 191 191 190 188 188 188 188 188 187 185 185 185 185 185 185 184 188 188 187 179 161 141 132 133 133 140 152 163 172 180 186 189 191 190 188 187 186 186 187 188 187 187 187 185 185 185 184 184 175 177 182 183 182 177 171 165 176 173 173 172 167 154 135 119 114 99 103 126 156 178 198 213 215 215 213 211 206 202 200 199 203 200 198 196 196 197 198 196 193 191 189 189 192 189 185 177 176 170 171 172 170 164 135 89 42 33 56 89 109 120 124 119 111 106 102 99 99 96 97 97 94 94 94 97 98 99 101 101 100 100 98 98 97 95 95 95 98 99 103 104 107 107 106 105 107 109 114 125 138 136 125 119 106 91 66 48 45 62 95 124 138 146 154 162 166 170 175 180 185 189 187 185 183 180 165 150 139 136 135 143 156 169 176 179 184 187 189 191 192 191 189 188 189 189 190 191 192 192 193 194 198 191 184 175 158 145 142 148 158 173 185 185 186 186 189 183 179 179 181 179 176 179 184 192 185 187 172 146 132 130 146 174 190 207 226 233 234 235 234 231 236 237 238 237 236 237 239 240 237 237 237 237 237 237 237 237 238 238 238 238 238 238 238 238 238 238 238 238 238 238 236 236 234 234 232 232 232 232 232 232 232 231 231 231 231 232 233 234 235 235 235 235 235 235 235 235 236 236 237 238 238 239 240 240 240 240 242 242 242 242 242 242 242 242 242 242 242 242 242 242 242 242 242 242 242 242 242 242 239 239 239 239 239 239 239 239 239 239 239 240 240 241 241 241 242 242 242 242 242 242 242 242 243 243 243 243 243 243 243 243 243 243 243 243 243 243 243 243 243 243 243 243 243 243 243 243 242 242 242 242 242 242 244 244 241 241 242 242 242 242 242 242 243 243 243 243 243 243 243 243 243 243 243 243 243 243 243 243 242 242 243 243 243 244 244 244 243 243 243 243 243 243 243 243 242 242 242 241 241 240 240 240 241 241 241 241 241 241 241 241 0 0 0 0 0 0 0 0
0 0 0 0 0 0 0 0 217 217 218 219 221 222 223 223 224 224 225 225 226 227 228 228 229 229 230 230 231 232 231 231 231 230 227 226 226 227 226 227 225 225 225 225 223 223 222 221 221 222 223 214 189 161 143 138 144 162 178 184 183 183 181 181 187 183 176 169 160 150 140 134 133 137 144 150 156 163 171 176 177 177 177 177 179 179 178 177 176 176 178 178 184 185 190 191 191 191 190 191 189 190 188 188 191 191 192 193 194 194 193 193 194 194 194 194 194 194 194 192 192 190 190 190 190 189 189 189 191 190 189 188 188 188 189 187 187 184 184 185 186 186 186 185 179 180 180 172 155 137 131 133 135 145 159 172 180 184 185 186 189 188 188 187 187 187 187 188 187 187 185 185 185 185 184 184 177 179 180 182 180 177 173 169 177 175 176 176 174 164 150 136 120 106 103 118 137 154 176 195 203 210 214 214 210 204 204 206 201 199 199 197 198 197 198 196 193 189 189 189 190 188 185 178 176 169 170 172 171 165 136 89 40 32 56 90 109 119 125 118 111 105 103 100 98 98 98 97 94 92 94 95 98 99 101 101 101 101 99 98 98 96 94 94 96 97 100 102 105 105 105 102 104 104 110 121 132 134 128 125 119 105 81 60 50 59 84 112 135 145 153 158 164 167 172 178 185 189 187 185 183 180 164 150 137 135 135 143 156 169 177 180 184 187 189 191 191 190 189 188 188 189 189 190 191 192 193 193 203 197 190 182 166 152 148 152 155 169 180 184 184 187 188 185 181 181 184 181 177 176 182 186 187 190 177 153 137 129 137 158 175 196 217 227 232 233 234 232 235 234 237 236 236 237 239 240 237 237 237 237 237 237 237 237 238 238 238 238 238 238 238 238 238 238 238 238 238 238 236 236 234 234 232 232 232 232 230 230 232 231 231 231 231 232 233 234 235 235 235 235 235 235 235 235 236 236 237 237 238 239 240 240 240 240 240 240 240 240 240 240 242 242 242 242 242 242 242 242 242 242 242 242 242 242 242 242 239 239 239 239 239 239 239 239 239 239 240 240 240 241 241 241 242 242 242 242 242 242 242 242 243 243 243 243 243 243 243 243 243 243 243 243 243 243 243 243 243 243 243 243 243 243 243 241 242 240 242 242 242 242 244 244 241 241 242 242 242 242 244 244 243 243 243 243 243 243 243 243 243 243 243 243 243 243 243 243 242 242 242 243 243 243 244 244 243 243 243 243 243 243 243 243 242 242 241 241 241 240 240 240 241 241 241 241 241 241 241 241 0 0 0 0 0 0 0 0
0 0 0 0 0 0 0 0 217 217 218 219 220 221 222 222 223 223 224 225 226 226 227 227 228 228 229 230 231 231 230 230 231 230 228 227 227 228 226 227 225 225 225 224 223 223 222 222 219 220 218 207 181 154 139 137 146 165 181 185 181 179 178 179 181 181 179 178 173 164 153 145 138 137 136 136 141 152 166 175 175 175 175 176 177 178 178 178 178 178 180 180 185 185 190 190 191 191 190 191 189 190 188 188 190 191 192 193 193 193 192 192 193 193 193 193 193 193 193 191 191 189 189 189 189 189 189 189 190 189 189 188 189 189 190 189 190 186 185 185 186 186 184 182 175 176 175 166 149 132 129 135 140 152 170 184 190 189 184 181 186 186 187 188 188 188 187 187 187 187 187 187 185 185 184 184 180 180 178 178 178 175 174 173 175 173 174 174 174 170 160 149 131 118 110 110 115 123 145 165 188 200 216 219 211 204 204 206 200 198 199 199 201 200 199 197 192 189 189 189 188 187 184 179 177 167 168 172 172 167 136 87 38 32 57 91 108 117 124 117 110 103 101 99 97 97 98 98 94 92 94 95 98 99 101 101 101 101 99 98 98 96 94 94 93 94 97 101 102 102 102 99 101 100 105 116 127 132 133 134 138 125 99 70 54 57 82 111 136 144 155 159 164 167 172 179 185 189 186 184 183 179 163 150 135 134 135 144 158 171 178 182 184 187 189 191 191 190 189 188 188 188 189 190 190 191 192 192 203 199 193 186 172 158 151 150 149 161 172 179 183 187 189 186 183 183 185 182 177 174 177 179 188 193 184 164 148 133 127 138 164 187 210 223 229 232 233 231 234 233 237 236 236 237 239 239 238 238 238 238 238 238 238 238 238 238 239 239 239 239 239 239 238 238 238 238 238 238 236 236 233 233 231 231 231 231 229 229 231 231 231 231 231 232 233 233 235 235 235 235 235 235 235 235 236 236 236 237 238 239 239 240 240 240 240 240 240 240 240 240 242 242 242 242 242 242 242 242 242 242 242 242 242 242 242 242 239 239 239 239 239 239 239 239 240 240 240 240 241 241 242 242 243 243 243 243 243 243 243 243 244 244 244 244 244 244 244 244 244 244 244 244 244 244 244 244 244 244 244 244 244 244 244 242 242 240 242 242 242 242 244 244 241 241 242 242 242 242 244 244 243 243 243 243 243 243 243 243 242 242 242 242 242 242 242 242 241 241 242 242 242 243 243 243 242 242 242 242 242 242 242 242 242 241 241 241 240 240 240 240 241 241 241 241 241 241 241 241 0 0 0 0 0 0 0 0
0 0 0 0 0 0 0 0 217 217 218 219 220 221 221 222 222 223 223 224 225 226 226 226 227 228 228 229 230 231 229 229 231 230 228 228 228 228 226 227 225 224 224 224 222 223 223 223 220 219 214 200 173 148 138 139 151 169 184 185 178 175 176 178 173 176 179 181 180 173 162 154 142 137 129 124 129 143 161 174 174 175 177 177 177 177 178 179 179 180 181 182 186 186 189 189 191 191 190 191 189 190 188 188 190 190 191 192 193 193 192 192 193 193 193 193 193 193 193 191 190 188 188 189 189 189 189 189 189 189 189 189 189 190 191 190 194 189 186 185 186 184 180 177 176 175 172 163 146 132 132 139 150 162 177 189 193 190 184 180 183 185 186 188 189 188 187 187 188 188 188 188 186 186 185 185 185 181 178 175 175 176 178 178 177 175 174 173 171 167 160 154 147 140 129 117 105 103 118 135 172 192 216 224 217 206 204 204 204 202 201 200 200 201 202 200 191 189 187 186 187 184 182 180 177 167 168 170 171 165 135 89 39 31 55 89 108 117 122 116 109 103 100 98 97 99 100 98 94 92 94 95 98 99 101 101 102 102 100 99 99 97 95 95 92 94 96 98 100 99 99 97 99 96 99 106 118 126 130 135 151 140 111 79 55 56 83 114 133 145 156 160 164 166 169 176 182 188 187 185 182 174 161 147 133 134 137 146 159 172 179 183 185 188 189 190 190 190 189 189 188 189 189 189 190 190 191 193 199 197 193 187 175 163 152 147 146 154 164 174 182 187 190 188 184 183 186 183 179 176 177 177 186 193 188 174 162 141 124 125 158 180 203 217 226 230 231 228 232 232 236 236 236 237 238 238 238 238 238 238 238 238 238 238 238 238 238 238 239 239 239 239 237 237 237 237 237 237 235 235 232 232 230 230 230 230 228 228 231 231 230 230 231 231 232 233 234 234 234 234 234 234 234 234 235 235 236 237 238 238 239 239 239 239 239 239 239 239 239 239 241 241 241 241 241 241 241 241 241 241 241 241 241 241 241 241 238 238 238 238 238 238 238 238 240 240 240 240 241 241 241 242 243 243 243 243 243 243 243 243 244 244 244 244 244 244 244 244 244 244 244 244 244 244 244 244 244 244 244 244 244 244 244 242 241 239 241 241 241 241 243 243 241 241 242 242 242 242 244 244 242 242 242 242 242 242 242 242 241 241 241 241 241 241 241 241 240 241 241 241 242 242 242 242 241 241 241 241 241 241 241 241 241 241 241 240 240 240 239 239 240 240 240 240 240 240 240 240 0 0 0 0 0 0 0 0
0 0 0 0 0 0 0 0 217 217 218 218 219 220 220 221 222 222 222 223 224 225 225 226 227 227 227 228 229 230 228 229 230 230 228 228 228 228 226 226 225 224 223 223 222 223 224 224 219 216 207 189 161 141 137 143 158 173 184 183 177 175 175 178 170 173 177 182 183 179 170 164 152 144 132 122 123 134 151 164 169 172 175 176 175 174 175 176 179 179 181 182 186 186 189 188 191 191 190 191 189 190 188 188 190 191 192 193 193 193 193 192 193 193 193 193 193 193 193 191 190 188 188 189 189 190 190 190 189 189 189 189 190 191 192 191 190 186 184 185 187 185 179 174 169 166 162 155 145 138 142 150 162 170 181 188 190 187 184 181 184 185 187 188 189 189 188 187 188 188 188 188 186 186 186 185 186 184 180 176 176 179 182 183 178 176 174 172 171 168 163 159 163 159 150 135 114 101 104 112 146 171 203 218 218 210 210 211 207 202 199 196 196 198 203 202 192 189 188 186 185 183 182 179 176 166 167 169 169 163 137 94 43 32 51 83 104 116 122 118 111 104 101 98 98 98 99 97 94 92 94 95 98 99 101 101 102 102 100 99 99 97 95 95 90 92 95 96 98 97 97 95 97 94 95 99 108 116 123 131 151 145 123 94 66 58 78 104 129 141 155 162 165 165 168 175 182 189 189 183 178 170 156 141 131 135 140 151 163 173 179 183 187 190 191 191 192 192 192 192 191 191 192 192 192 192 193 193 196 195 192 188 181 171 159 149 146 150 156 169 180 187 191 191 183 182 184 184 182 180 181 181 182 189 188 181 175 154 130 124 148 167 188 205 219 228 230 227 230 230 235 236 236 236 238 238 237 237 237 237 237 237 237 237 236 237 237 237 238 238 239 239 237 237 237 237 237 237 235 235 232 232 230 230 230 230 228 228 231 230 230 230 230 231 232 233 234 234 234 234 234 234 234 234 235 235 236 236 237 238 239 239 239 239 239 239 239 239 239 239 241 241 241 241 241 241 241 241 241 241 241 241 241 241 241 241 238 238 238 238 238 238 238 238 239 239 239 240 240 240 241 241 243 243 243 243 243 243 243 243 243 243 243 243 243 243 243 243 243 243 243 243 243 243 243 243 244 244 244 244 244 244 244 242 241 239 241 241 241 241 243 243 241 241 242 242 242 242 244 244 242 242 242 242 242 242 242 242 241 241 241 241 241 241 241 241 240 240 240 240 241 241 241 242 241 241 241 241 241 241 241 241 241 241 240 240 240 239 239 239 240 240 240 240 240 240 240 240 0 0 0 0 0 0 0 0
0 0 0 0 0 0 0 0 217 217 218 218 219 219 219 220 221 221 222 222 223 224 225 225 226 226 227 227 228 229 228 228 228 229 227 228 228 227 225 224 225 224 223 222 221 223 224 226 217 211 198 176 148 132 135 146 166 177 183 180 176 176 177 179 174 176 178 182 184 182 178 174 166 157 143 130 124 128 138 147 157 162 169 172 171 170 171 173 176 178 180 182 186 186 189 188 191 191 190 191 189 190 188 188 191 192 193 194 194 194 194 193 194 194 194 194 194 194 194 192 190 189 189 190 190 191 192 192 191 190 190 190 190 191 191 190 183 179 180 185 189 188 180 172 155 149 145 144 144 146 155 164 174 177 182 185 185 184 184 185 187 187 188 189 189 189 188 188 189 189 189 189 187 187 187 187 187 184 182 180 181 181 186 186 179 177 177 176 176 174 170 169 169 168 163 149 130 114 105 105 123 144 173 195 208 211 215 216 207 202 198 195 194 196 200 198 191 189 190 187 184 181 181 179 176 168 169 167 162 157 136 98 50 33 47 78 100 116 125 119 113 106 102 99 98 98 99 96 94 92 94 95 98 99 101 101 101 101 99 98 98 96 94 94 91 90 94 96 96 96 96 94 95 91 91 95 102 109 115 125 143 144 134 112 82 62 65 79 121 137 154 162 164 164 166 173 180 187 187 182 175 165 148 135 131 137 145 157 168 176 179 182 188 190 190 191 191 192 192 192 193 193 193 193 193 193 193 193 197 196 194 192 188 183 170 157 148 147 149 163 176 185 190 192 182 180 182 182 182 182 185 185 179 185 185 184 185 168 142 132 135 149 166 186 210 226 231 227 228 229 234 235 236 236 237 237 235 235 235 235 235 235 235 235 234 235 235 236 237 237 238 238 236 236 236 236 236 236 234 234 231 231 229 229 229 229 227 227 230 230 229 229 230 231 232 232 233 233 233 233 233 233 233 233 234 235 235 236 237 238 238 238 238 238 238 238 238 238 238 238 240 240 240 240 240 240 240 240 240 240 240 240 240 240 240 240 237 237 237 237 237 237 237 237 237 237 238 238 238 239 239 239 242 242 242 242 242 242 242 242 241 241 241 241 241 241 241 241 241 241 241 241 241 241 241 241 243 243 243 243 243 243 243 241 238 238 240 240 240 240 242 242 241 241 242 242 242 242 244 244 241 241 241 241 241 241 241 241 240 240 240 240 240 240 240 240 239 239 239 240 240 240 241 241 240 240 240 240 240 240 240 240 240 240 240 240 239 239 239 238 239 239 239 239 239 239 239 239 0 0 0 0 0 0 0 0
0 0 0 0 0 0 0 0 217 217 218 218 218 219 219 219 220 220 221 222 223 223 224 224 225 225 226 227 228 228 227 227 226 227 226 227 227 226 223 222 225 224 222 222 221 223 225 226 218 209 192 167 140 127 136 152 174 180 180 177 176 179 180 180 180 178 177 178 180 182 181 180 174 167 155 141 131 128 130 133 144 153 164 171 172 171 172 174 174 175 179 181 186 186 189 188 191 191 190 191 189 190 188 188 192 193 194 195 195 195 195 195 195 195 195 195 195 195 195 193 191 189 190 191 192 193 193 194 192 192 191 190 190 190 191 189 181 178 180 186 190 186 175 165 146 137 131 135 144 154 165 174 181 183 184 183 182 183 186 188 191 190 189 189 189 189 189 189 189 189 189 189 189 189 189 189 188 186 185 185 185 185 188 188 182 181 181 180 179 178 177 176 171 173 171 164 150 136 120 112 115 127 146 165 184 196 204 206 207 204 203 201 199 198 200 196 193 189 190 187 183 180 181 180 176 170 170 167 158 153 137 105 58 34 41 70 96 117 127 119 116 108 104 103 99 98 98 98 94 92 94 95 98 99 101 101 101 101 99 98 98 96 94 92 91 90 93 95 96 96 96 93 91 89 91 94 100 106 112 120 138 143 136 118 90 64 59 67 115 132 153 164 165 163 165 170 179 186 186 180 170 159 143 130 128 137 150 163 173 178 180 182 188 190 190 190 191 191 192 193 195 194 194 194 194 194 194 194 196 197 195 194 194 193 180 165 151 144 143 156 171 180 187 191 181 178 179 179 180 182 186 186 179 183 182 184 192 179 154 143 131 139 151 172 203 225 231 226 227 228 234 235 236 236 237 236 234 234 234 234 234 234 234 234 232 233 233 234 235 236 237 237 236 236 236 236 236 236 234 234 230 230 228 228 228 228 226 226 230 230 229 229 230 230 231 232 233 233 233 233 233 233 233 233 234 234 235 236 237 237 238 238 238 238 238 238 238 238 238 238 238 238 238 238 238 238 238 238 238 238 238 238 238 238 238 238 237 237 237 237 237 237 237 237 236 236 236 237 237 237 238 238 239 239 239 239 239 239 239 239 238 238 238 238 238 238 238 238 238 238 238 238 238 238 238 238 240 240 240 240 240 240 240 240 238 238 240 240 240 240 242 242 241 241 242 242 242 242 244 244 241 241 241 241 241 241 241 241 239 239 239 239 239 239 239 239 238 238 239 239 239 240 240 240 239 239 239 239 239 239 239 239 240 240 240 239 239 239 238 238 239 239 239 239 239 239 239 239 0 0 0 0 0 0 0 0
0 0 0 0 0 0 0 0 217 217 218 218 218 218 219 219 220 220 221 221 222 223 224 224 225 225 226 226 227 228 227 227 225 226 225 226 226 225 222 221 225 224 222 221 221 223 225 227 221 210 191 165 137 127 140 158 179 181 179 175 176 181 182 181 182 179 174 173 176 179 181 182 175 170 161 149 138 131 128 129 138 149 163 172 174 175 177 179 172 174 178 181 186 186 189 188 191 191 190 191 189 190 188 188 193 194 195 196 196 196 196 195 196 196 196 196 196 196 196 194 192 190 191 192 193 194 194 195 193 193 192 191 190 190 190 188 185 182 183 187 189 182 167 155 146 134 127 133 146 159 170 178 185 185 185 184 182 183 187 189 194 192 190 189 188 189 190 190 189 189 189 189 189 189 189 189 188 188 189 187 190 188 190 188 185 184 185 182 180 177 177 175 172 174 175 173 166 155 137 125 124 124 133 147 166 180 189 188 211 210 211 210 209 204 201 196 194 191 192 189 182 181 181 183 176 171 171 167 155 150 136 109 62 35 37 65 96 118 128 120 118 112 107 103 101 100 100 97 94 92 94 95 98 99 101 101 100 100 98 97 97 95 93 91 91 91 92 93 97 97 94 92 88 87 90 92 100 104 110 118 140 140 131 112 87 65 61 70 109 129 150 162 164 162 162 169 179 184 186 179 169 156 140 127 128 138 153 167 175 179 179 181 189 190 190 190 190 191 192 193 196 196 195 195 195 195 195 195 195 195 194 193 196 197 185 169 152 143 139 152 167 177 185 189 182 177 177 177 178 181 185 185 181 183 180 184 194 185 161 151 136 139 146 167 200 224 230 223 226 227 233 235 236 236 236 236 233 233 233 233 233 233 233 233 231 232 232 233 234 235 236 236 236 236 236 236 236 236 234 234 230 230 228 228 228 228 226 226 230 229 229 229 229 230 231 232 233 233 233 233 233 233 233 233 234 234 235 236 236 237 238 238 238 238 238 238 238 238 238 238 238 238 238 238 238 238 238 238 238 238 238 238 238 238 238 238 237 237 237 237 237 237 237 237 235 235 235 236 236 236 237 237 238 238 238 238 238 238 238 238 237 237 237 237 237 237 237 237 237 237 237 237 237 237 237 237 239 239 239 239 239 239 239 239 238 238 240 240 240 240 242 242 241 241 242 242 242 242 244 244 241 241 241 241 241 241 241 241 239 239 239 239 239 239 239 239 238 238 238 239 239 239 240 240 239 239 239 239 239 239 239 239 240 240 240 239 239 238 238 238 239 239 239 239 239 239 239 239 0 0 0 0 0 0 0 0
0 0 0 0 0 0 0 0 218 218 218 219 219 220 220 220 220 221 222 223 223 223 223 222 224 224 225 226 227 227 226 227 224 225 225 226 225 224 219 218 221 224 223 218 217 223 227 228 217 202 179 156 136 130 140 154 173 181 182 178 177 181 181 178 180 179 176 175 176 179 183 185 176 173 167 161 152 142 131 124 135 142 152 161 171 178 182 181 182 175 170 172 182 187 190 187 191 191 190 191 189 190 188 188 192 193 194 195 196 197 196 196 196 196 196 196 196 196 196 194 190 188 190 191 192 193 193 193 192 192 192 191 190 189 188 185 189 187 190 192 189 176 157 143 134 130 129 138 156 171 179 180 187 185 183 183 185 188 188 188 186 187 188 189 189 189 189 188 189 189 189 189 191 191 191 191 190 190 190 188 190 188 190 188 186 185 185 184 182 179 179 177 175 174 174 176 174 168 156 148 137 126 124 127 133 142 163 185 195 209 220 215 210 205 205 200 193 192 192 192 187 185 183 182 177 170 170 168 159 152 135 108 61 36 40 68 96 116 126 121 118 111 106 102 100 100 101 99 94 92 94 95 98 99 101 101 101 101 99 98 98 96 94 92 90 90 91 93 97 97 95 93 88 88 89 92 99 102 110 118 134 140 133 112 87 68 62 63 104 128 143 153 164 162 160 170 177 185 182 176 172 153 132 126 128 139 155 169 177 180 181 183 189 190 190 190 191 193 195 196 197 197 197 197 197 197 197 197 197 195 195 198 198 195 186 179 160 147 136 141 155 170 183 191 186 181 179 177 177 178 182 182 182 184 185 183 184 185 176 164 143 139 141 158 184 204 218 226 232 231 235 235 234 232 232 234 233 233 233 232 232 232 231 231 230 230 231 232 234 235 236 236 237 237 237 237 237 236 232 232 230 230 228 228 228 228 226 226 231 231 231 231 231 231 231 231 231 231 231 231 231 231 231 231 234 234 234 234 234 234 234 235 234 234 235 235 235 236 236 236 236 236 235 235 235 235 235 235 236 236 236 236 236 236 236 236 237 237 237 237 237 237 237 237 236 236 236 236 236 236 236 236 238 238 238 238 238 238 238 238 238 238 238 237 237 237 236 236 237 237 237 236 236 236 235 235 236 236 236 236 236 236 236 236 234 234 236 236 236 236 238 238 240 240 241 241 241 241 243 243 244 243 242 242 241 240 239 239 239 239 239 239 239 239 239 239 238 238 238 238 238 238 238 238 238 238 238 238 238 238 238 238 238 238 238 238 238 238 238 238 238 238 238 238 238 238 238 238 0 0 0 0 0 0 0 0
0 0 0 0 0 0 0 0 218 218 218 219 219 220 220 220 220 221 222 223 223 223 223 222 224 224 225 225 226 227 226 226 224 225 224 225 225 223 219 217 220 222 222 218 218 223 227 227 214 197 174 152 134 132 144 159 175 182 183 179 178 181 180 178 180 179 176 175 176 179 182 184 179 176 171 166 158 147 136 129 134 139 147 156 166 175 182 184 182 176 171 171 180 185 188 186 191 191 190 191 189 190 188 188 192 193 194 195 196 197 196 196 196 196 196 196 196 196 196 194 190 189 190 192 193 193 193 193 192 192 192 191 190 188 186 183 190 189 191 190 183 168 149 137 130 130 135 147 162 174 180 182 187 185 183 183 186 188 189 188 186 187 188 189 189 189 189 188 189 189 189 189 191 191 191 191 190 190 190 190 192 192 192 190 188 186 188 186 184 182 182 180 176 175 176 176 177 175 167 162 148 132 120 115 115 120 140 160 187 200 215 216 216 212 213 206 194 193 193 192 190 187 184 183 179 170 172 170 160 152 137 109 62 38 41 69 95 117 128 121 118 111 108 103 101 100 101 99 94 92 94 95 98 99 101 101 101 101 99 98 98 96 94 92 90 90 93 95 97 95 95 91 89 88 88 92 97 103 109 117 133 139 131 112 87 65 60 62 101 125 142 150 161 160 159 168 175 185 180 174 169 152 131 126 130 141 157 171 178 181 182 184 190 191 190 190 191 193 195 196 197 197 197 197 197 197 197 197 197 196 195 198 198 196 188 181 164 150 137 139 151 165 180 188 184 180 179 176 176 177 180 181 181 183 184 182 185 187 180 171 149 142 139 152 175 195 214 225 231 231 235 235 233 232 233 234 232 232 232 231 231 231 230 230 230 230 231 232 233 235 235 236 236 237 237 237 237 236 233 232 230 230 228 228 228 228 226 226 231 231 231 231 231 231 231 231 231 231 231 231 231 231 231 231 233 234 234 234 234 234 234 234 233 234 234 234 235 235 235 236 235 234 234 234 234 234 234 234 235 235 235 235 235 235 235 235 237 237 237 237 237 237 237 237 236 236 236 236 236 236 236 236 237 237 237 237 237 237 237 237 237 237 237 237 236 236 235 235 236 236 236 236 235 235 234 234 235 235 235 235 235 235 235 235 233 233 235 235 235 235 237 237 240 240 241 241 241 241 243 243 243 243 242 241 240 239 239 238 239 239 239 239 239 239 239 239 238 238 238 238 238 238 238 238 238 238 238 238 238 238 238 238 238 238 238 238 238 238 238 238 238 238 238 238 238 238 238 238 0 0 0 0 0 0 0 0
0 0 0 0 0 0 0 0 218 218 218 219 219 220 220 220 220 221 222 223 223 223 223 222 224 224 225 225 226 227 225 225 223 224 223 224 223 222 218 217 218 220 220 218 218 224 227 226 210 190 165 144 132 135 151 166 179 183 183 181 179 181 179 178 180 179 176 175 176 178 180 182 182 180 177 172 165 155 144 137 134 135 139 146 157 169 180 187 183 178 174 172 179 182 186 185 191 191 190 191 189 190 188 188 192 193 194 195 196 197 196 196 196 196 196 196 196 196 196 194 191 190 191 192 193 193 193 193 193 192 192 190 188 186 184 181 190 191 192 187 173 155 139 129 126 135 148 161 171 178 182 184 187 184 183 183 186 188 189 189 186 187 188 189 189 189 189 188 191 191 191 191 191 191 193 193 192 192 192 192 194 194 194 194 190 188 190 188 189 187 187 186 181 177 176 176 178 180 181 180 170 149 130 115 108 108 123 139 165 182 201 211 218 217 218 212 200 198 198 193 190 188 186 186 181 172 174 172 163 155 139 112 65 39 40 67 94 116 128 122 119 112 109 104 101 101 101 99 94 92 94 95 98 99 101 101 101 101 99 98 98 96 94 92 90 90 93 95 97 95 95 91 89 89 88 91 96 102 108 116 132 137 131 113 88 66 59 60 97 121 138 149 161 159 158 168 174 183 178 170 165 149 130 126 133 145 162 175 183 184 185 188 191 192 191 191 192 193 195 196 197 197 197 197 197 197 197 197 197 196 196 198 198 197 191 186 171 156 140 138 145 158 174 184 182 179 179 177 176 177 180 180 181 182 183 183 186 188 185 179 160 149 139 143 160 181 205 221 230 232 236 235 232 231 233 234 231 231 230 230 230 229 229 229 229 230 230 232 233 234 235 235 236 236 237 237 237 236 233 232 230 230 228 228 228 228 226 226 230 230 230 230 230 230 230 230 230 230 230 230 230 230 230 230 233 233 233 233 233 233 233 233 232 232 233 233 234 234 234 234 231 231 231 231 231 231 231 231 232 232 232 232 232 232 232 232 236 236 236 236 236 236 236 236 236 236 236 236 236 236 236 236 234 234 234 234 234 234 234 234 234 234 234 233 233 233 232 232 233 233 233 232 232 232 231 231 231 231 231 231 231 231 231 231 231 231 233 233 233 233 235 235 239 239 240 240 240 240 242 242 242 242 241 241 240 239 239 238 239 239 239 239 239 239 239 239 237 237 237 237 237 237 237 237 237 237 237 237 237 237 237 237 237 237 237 237 237 237 237 237 237 237 237 237 237 237 237 237 0 0 0 0 0 0 0 0
0 0 0 0 0 0 0 0 218 218 218 219 219 220 220 220 220 221 222 223 223 223 223 222 224 224 224 225 225 226 224 225 223 223 222 222 222 221 217 216 216 218 218 217 219 225 226 223 208 185 156 138 131 139 156 171 182 184 183 182 181 181 179 178 180 179 177 176 176 177 179 180 183 182 180 178 172 163 153 145 135 132 131 136 146 158 173 184 183 180 177 176 180 181 186 187 191 191 190 191 189 190 188 188 192 193 194 195 196 197 196 196 196 196 196 196 196 196 196 194 192 191 192 193 194 194 193 193 193 192 191 190 188 185 183 179 188 190 191 182 165 145 131 125 128 144 165 178 181 181 182 185 186 184 182 183 186 188 189 189 186 187 188 189 189 189 189 188 191 191 191 191 191 191 193 193 192 192 194 194 194 195 195 195 192 190 191 191 191 190 190 188 185 180 177 174 177 182 188 191 185 167 147 133 122 118 122 130 138 153 177 196 209 216 218 216 207 204 202 199 195 191 190 188 182 172 176 175 165 159 142 114 67 39 39 65 92 115 128 123 120 115 110 104 103 102 103 99 96 92 94 95 98 99 101 101 101 101 99 98 98 96 94 94 92 92 96 98 98 98 96 92 90 89 89 92 98 103 109 118 132 137 132 114 89 66 58 58 93 118 134 147 159 159 156 167 172 182 177 167 161 144 129 128 136 149 167 179 185 186 186 189 192 193 192 192 192 194 195 197 198 198 198 198 198 198 198 198 197 196 196 198 198 197 194 190 178 164 146 139 141 150 165 176 179 178 180 179 178 177 180 182 184 183 184 184 186 188 187 185 172 159 143 138 147 166 193 213 229 234 239 235 232 231 233 232 229 229 229 228 228 228 227 227 228 229 230 231 232 233 234 235 235 236 237 237 237 236 233 233 230 230 228 228 228 228 226 226 229 229 229 229 229 229 229 229 229 229 229 229 229 229 229 229 232 232 232 232 231 231 231 231 231 231 231 232 232 232 233 233 229 229 230 230 230 230 231 231 231 231 231 231 231 231 231 231 235 235 235 235 235 235 235 235 235 235 235 235 235 235 235 235 233 233 233 233 233 233 233 233 233 233 233 232 232 231 231 231 232 232 232 231 231 230 230 230 229 229 229 229 229 229 229 229 229 229 231 231 231 231 233 233 238 238 239 239 239 239 241 241 241 241 240 240 239 239 238 238 238 238 238 238 238 238 238 238 237 237 237 237 236 236 236 236 236 236 236 236 236 236 236 236 236 236 236 236 236 236 236 236 236 236 236 236 236 236 236 236 0 0 0 0 0 0 0 0
0 0 0 0 0 0 0 0 218 218 218 219 219 220 220 220 220 221 222 223 223 223 223 222 224 224 224 225 225 225 223 224 222 222 220 220 220 219 216 216 214 217 217 217 219 224 224 219 205 179 149 134 132 143 160 174 184 183 181 182 183 181 178 178 181 180 178 177 177 177 178 179 182 182 181 179 176 169 161 155 141 133 127 130 137 146 161 175 179 180 181 180 182 182 188 189 191 191 190 191 189 190 188 188 192 193 194 195 196 197 196 196 196 196 196 196 196 196 196 194 194 192 193 194 194 194 194 193 193 192 191 190 188 185 183 179 184 186 187 177 159 141 130 125 135 155 179 191 189 183 182 185 185 183 182 183 186 189 190 190 186 187 188 189 189 189 189 188 191 191 191 191 193 193 193 193 194 194 195 195 195 197 197 195 195 193 193 193 193 191 191 189 189 184 180 177 178 181 188 192 186 176 162 152 141 130 121 115 112 124 147 174 197 212 221 224 212 211 209 203 199 194 191 188 183 174 177 177 168 161 146 117 69 40 39 65 89 113 128 125 123 116 110 105 103 102 103 99 96 92 94 95 98 99 101 101 101 101 99 98 98 96 94 94 94 94 96 98 99 99 96 94 91 90 90 95 99 105 111 120 131 137 133 115 90 66 57 57 87 113 132 145 159 157 155 167 172 180 173 163 157 141 127 127 138 152 171 183 188 187 187 190 195 195 194 194 194 195 197 198 199 199 199 199 199 199 199 199 197 197 197 198 197 197 195 193 185 172 155 146 141 144 156 167 176 176 181 181 179 179 182 184 188 186 186 187 187 186 185 186 183 170 152 140 140 153 179 200 224 233 240 236 231 231 232 230 228 228 228 228 227 227 227 226 227 228 229 230 231 232 233 234 235 235 236 237 237 237 234 233 230 230 228 228 228 228 226 226 229 229 229 229 229 229 229 229 229 229 229 229 229 229 229 229 232 232 231 231 230 230 229 229 229 229 230 230 230 231 231 231 228 229 229 229 230 230 231 231 231 231 231 231 231 231 231 231 235 235 235 235 235 235 235 235 235 235 235 235 235 235 235 235 233 233 233 233 233 233 233 233 233 233 232 232 231 231 231 231 232 232 231 231 230 230 230 230 228 228 228 228 228 228 228 228 228 228 230 230 230 230 232 232 238 238 239 239 239 239 241 241 239 239 239 239 238 238 238 238 238 238 238 238 238 238 238 238 237 237 236 236 235 235 234 234 236 236 236 236 236 236 236 236 236 236 236 236 236 236 236 236 236 236 236 236 236 236 236 236 0 0 0 0 0 0 0 0
0 0 0 0 0 0 0 0 218 218 218 219 219 220 220 220 220 221 222 223 223 223 223 222 224 224 224 224 224 225 223 223 221 221 219 218 218 218 215 215 214 216 216 216 220 224 221 215 200 173 144 132 136 150 165 176 184 180 178 182 183 181 177 178 183 182 180 179 178 178 178 178 181 180 180 179 178 175 169 165 152 140 130 130 132 136 149 163 172 176 182 183 185 183 188 190 191 191 190 191 189 190 188 188 192 193 194 195 196 197 196 196 196 196 196 196 196 196 196 194 195 194 194 195 195 195 194 194 193 192 192 190 188 186 184 181 183 183 183 173 157 142 132 128 142 162 186 196 190 183 182 185 185 183 182 183 186 189 190 190 186 187 188 189 189 189 189 188 191 191 191 191 193 193 193 193 194 194 195 195 197 197 197 197 197 195 193 193 192 192 189 189 191 188 185 180 178 180 185 189 187 183 176 169 161 145 125 110 100 106 124 151 179 200 216 224 212 211 211 209 202 197 193 190 185 176 177 178 171 164 149 121 72 43 40 63 87 112 130 126 124 116 112 107 104 102 103 99 96 92 94 95 98 99 101 101 101 101 99 98 98 96 94 94 95 97 99 100 102 100 99 95 92 91 93 96 100 106 113 119 130 137 134 118 91 68 57 57 81 108 129 144 156 156 155 164 171 180 172 160 154 139 126 128 139 155 175 186 189 187 187 190 197 197 195 195 195 196 197 198 200 200 200 200 200 200 200 200 198 198 197 197 195 195 195 195 189 180 167 156 146 142 148 156 170 172 179 181 180 179 183 186 189 186 188 189 188 184 184 187 191 182 165 149 141 144 165 185 212 225 237 234 230 231 232 228 228 228 228 228 227 227 226 226 227 227 228 229 230 232 232 233 234 235 236 237 237 237 234 234 230 230 228 228 228 228 226 226 228 228 228 228 228 228 228 228 228 228 228 228 228 228 228 228 231 231 230 230 229 228 228 227 228 228 228 228 229 229 230 230 228 228 229 230 230 231 232 232 231 231 231 231 231 231 231 231 234 234 234 234 234 234 234 234 234 234 234 234 234 234 234 234 233 233 233 233 233 233 233 233 233 233 233 232 232 231 231 231 232 232 232 231 231 230 230 230 228 228 228 228 228 228 228 228 228 228 230 230 230 230 232 232 237 237 238 238 238 238 240 240 238 238 238 238 238 238 238 238 237 237 237 237 237 237 237 237 237 236 236 235 234 234 233 233 235 235 235 235 235 235 235 235 235 235 235 235 235 235 235 235 235 235 235 235 235 235 235 235 0 0 0 0 0 0 0 0
0 0 0 0 0 0 0 0 218 218 218 219 219 220 220 220 220 221 222 223 223 223 223 222 224 224 224 224 224 224 222 222 221 220 218 217 217 217 215 215 215 216 216 216 220 223 218 211 192 166 139 132 141 157 171 179 183 177 175 181 184 181 177 179 184 184 182 181 180 179 178 178 180 179 179 179 180 179 177 174 165 150 138 134 132 130 139 152 163 171 181 184 185 183 188 190 191 191 190 191 189 190 188 188 192 193 194 195 196 197 196 196 196 196 196 196 196 196 196 194 196 195 195 196 196 195 194 194 192 192 192 191 190 188 186 183 184 183 180 171 158 144 134 130 145 164 185 194 188 182 182 186 184 183 181 183 186 189 191 191 186 187 188 189 189 189 189 188 191 191 191 191 193 193 195 195 195 195 197 197 199 199 199 197 197 196 195 194 191 190 189 187 189 188 188 186 183 181 183 186 190 188 184 182 177 162 140 120 106 102 109 130 156 178 197 209 206 207 209 210 205 201 196 193 187 178 180 180 173 165 150 122 73 44 39 61 86 111 130 126 125 117 113 108 104 102 103 98 96 92 94 95 98 99 101 101 101 101 99 98 98 96 94 94 97 97 99 100 102 100 99 97 93 91 94 97 103 110 114 121 131 139 137 120 93 68 57 57 79 106 128 143 155 156 153 164 171 178 170 157 149 134 126 129 140 157 177 188 190 186 186 190 198 198 196 195 195 196 197 198 200 200 200 200 200 200 200 200 198 198 197 196 193 192 193 195 191 186 177 167 152 142 142 146 163 167 176 179 178 178 183 186 188 185 187 191 189 184 183 188 196 191 178 161 146 140 154 170 194 212 230 229 227 231 232 227 229 229 228 228 228 227 227 227 226 227 227 229 230 231 232 232 234 235 236 237 237 237 235 234 230 230 228 228 228 228 226 226 227 227 227 227 227 227 227 227 227 227 227 227 227 227 227 227 231 230 230 229 228 227 226 226 226 227 227 227 228 228 228 229 228 227 227 228 229 230 231 231 230 230 230 230 230 230 230 232 233 233 233 233 233 233 233 233 234 234 234 234 234 234 234 234 234 232 232 232 232 232 232 232 232 231 231 231 230 230 230 230 231 230 230 230 229 229 229 229 226 226 226 226 226 226 226 226 228 228 230 230 230 230 232 232 236 236 237 237 237 237 239 239 237 237 237 237 237 237 237 237 237 237 237 237 237 237 237 237 237 236 236 235 234 233 232 232 234 234 234 234 234 234 234 234 234 234 234 234 234 234 234 234 234 234 234 234 234 234 234 234 0 0 0 0 0 0 0 0
0 0 0 0 0 0 0 0 218 218 218 219 219 220 220 220 220 221 222 223 224 223 224 222 224 222 224 224 224 224 224 224 223 220 219 216 216 214 214 215 215 216 216 216 220 223 217 208 187 161 136 133 147 164 177 184 182 174 173 180 184 181 179 181 187 185 184 182 181 180 179 178 180 179 178 179 181 182 181 180 174 157 143 139 133 127 133 145 156 166 179 183 183 182 185 188 190 190 188 189 189 190 188 188 190 193 194 195 196 197 196 196 196 196 196 196 196 196 196 194 195 195 196 196 196 195 194 194 192 192 192 191 190 189 188 185 187 184 179 171 158 146 136 131 145 162 182 190 186 181 183 187 184 183 181 183 186 189 191 191 186 187 188 189 189 189 189 188 189 189 189 189 191 193 193 195 194 195 197 197 199 199 199 197 198 196 195 194 190 189 187 187 187 190 193 190 188 184 185 186 188 187 185 183 182 173 153 134 120 110 107 120 141 159 178 190 201 201 206 209 207 203 197 194 187 179 182 181 176 168 153 125 76 44 39 61 87 112 130 127 125 119 113 108 104 102 103 100 96 94 94 97 98 99 101 101 101 101 99 99 98 96 96 96 99 99 100 100 100 99 97 95 93 93 94 97 104 108 113 119 130 137 138 119 93 69 56 56 77 104 126 141 155 154 153 163 169 178 169 158 148 135 125 132 142 158 178 189 190 186 186 190 198 198 197 196 195 196 197 198 200 200 200 200 200 200 200 200 199 199 198 195 191 191 192 194 192 190 183 173 157 142 139 141 158 163 173 177 177 177 182 185 185 185 187 192 190 185 184 189 198 194 186 169 148 137 146 160 180 201 219 223 224 229 231 226 229 229 229 226 226 225 225 225 224 224 225 226 228 229 230 230 234 234 236 237 237 237 235 235 230 228 228 228 228 226 226 226 227 227 227 227 227 227 227 227 227 227 227 227 227 227 227 227 228 228 227 226 225 224 224 223 224 224 224 225 225 225 226 226 227 227 228 229 230 230 231 232 230 230 230 230 230 230 230 230 231 231 231 231 231 231 231 231 232 232 232 232 232 232 232 232 232 232 232 232 232 232 232 232 232 232 232 231 231 231 230 230 230 230 230 229 229 229 228 228 225 225 225 225 225 225 225 225 226 226 228 228 228 228 230 230 234 236 236 237 237 237 239 237 236 234 236 234 236 234 236 234 236 234 236 234 236 234 236 234 234 234 233 232 231 231 230 229 232 232 232 232 232 232 232 232 232 232 232 232 232 232 232 232 232 232 232 232 232 232 232 232 0 0 0 0 0 0 0 0
0 0 0 0 0 0 0 0 216 216 217 217 219 220 220 220 219 220 221 222 225 224 226 223 222 220 222 224 224 225 225 225 222 222 220 218 215 213 212 212 223 222 219 218 222 225 216 205 191 161 134 132 151 173 186 189 181 173 170 174 185 190 186 181 187 185 185 183 182 182 180 180 181 180 179 178 178 180 181 182 176 169 158 145 134 129 129 130 141 159 174 178 176 181 183 183 184 186 189 190 188 187 186 187 190 191 192 193 194 195 195 196 194 194 194 194 194 194 194 194 193 191 191 192 192 193 193 193 191 190 189 188 187 188 189 190 187 184 180 175 166 155 143 135 142 152 166 176 180 182 185 187 185 184 184 184 185 188 190 192 192 191 189 188 187 188 188 189 186 186 186 186 188 188 190 192 195 195 196 196 198 198 200 198 194 192 192 191 191 190 190 190 192 193 193 192 194 191 191 188 181 183 185 188 185 180 171 165 144 131 121 122 122 130 153 174 179 195 209 209 203 199 198 193 188 178 178 180 179 177 160 128 77 47 40 57 84 114 132 127 130 120 112 107 104 103 103 102 96 95 96 97 97 97 98 98 98 98 98 99 99 98 99 99 101 101 101 99 97 94 92 92 94 94 97 99 108 112 113 118 129 138 140 123 98 71 55 53 74 97 121 139 148 150 152 158 164 170 167 156 142 133 132 134 148 166 183 188 184 184 185 188 202 202 199 197 196 195 196 196 200 200 200 200 200 200 200 200 196 195 194 193 191 193 194 195 194 193 186 175 160 147 139 134 148 155 170 179 184 184 183 183 184 186 187 188 189 192 192 191 197 196 191 177 160 146 140 139 153 177 206 221 222 218 221 225 228 227 226 223 221 221 220 221 220 220 221 222 225 226 229 230 232 234 235 236 235 236 236 237 231 231 231 229 228 228 228 226 225 225 225 225 225 225 225 225 225 225 225 225 225 225 225 225 224 225 226 225 223 223 223 225 223 223 224 225 226 227 228 228 225 226 228 229 230 229 228 227 227 228 228 228 228 228 229 229 227 227 227 227 227 227 227 227 227 227 227 227 228 229 230 231 229 229 229 229 228 228 228 227 230 230 230 231 231 232 232 233 227 227 226 226 225 224 223 223 222 222 222 222 221 221 221 221 225 225 225 226 227 228 230 231 230 232 235 235 235 235 236 236 231 228 229 229 230 229 230 230 232 231 232 231 232 231 232 232 228 228 228 228 228 227 227 227 229 228 228 228 227 227 226 226 226 226 226 226 226 226 226 226 226 226 226 226 226 226 226 226 0 0 0 0 0 0 0 0
0 0 0 0 0 0 0 0 210 210 210 210 211 213 214 214 215 217 218 219 221 221 221 219 216 214 217 217 219 221 223 223 221 219 217 214 213 211 208 208 216 216 216 216 219 219 210 198 179 152 131 133 155 177 189 191 179 172 171 175 186 190 189 185 187 187 185 183 183 182 180 180 182 181 180 179 179 179 180 181 180 175 166 154 141 131 125 122 140 155 169 175 178 181 182 180 180 183 185 185 187 186 187 189 191 191 192 193 193 194 194 195 194 194 194 194 194 194 194 192 193 191 191 192 192 193 193 193 191 190 189 188 187 188 189 189 187 185 182 177 169 157 145 137 139 143 152 164 177 185 189 189 189 188 186 185 185 187 190 191 190 189 188 188 188 189 190 189 187 186 186 185 186 186 190 190 193 195 196 196 198 198 200 198 194 192 192 191 191 190 190 190 192 193 193 194 194 193 193 190 182 184 188 188 184 180 179 178 172 153 132 122 114 117 139 162 173 189 206 210 206 201 198 193 189 179 180 183 181 178 163 132 79 48 40 56 81 111 129 126 128 119 111 105 105 104 104 103 98 96 97 97 97 97 98 98 99 99 99 99 100 100 101 101 103 101 101 97 95 93 91 91 96 96 97 102 108 111 111 116 130 139 140 124 99 72 56 54 73 95 122 139 147 150 150 156 165 170 166 155 140 132 133 136 151 168 183 188 184 184 185 187 200 200 199 197 196 196 197 197 200 200 200 200 200 200 200 200 197 196 195 194 192 192 193 194 194 193 187 178 164 151 142 137 145 152 167 177 183 183 182 184 185 186 187 188 191 191 193 191 197 196 191 180 163 143 132 124 144 163 192 210 219 220 222 222 220 219 218 215 213 211 211 209 207 208 209 210 213 214 217 220 224 225 226 227 227 227 228 228 222 222 221 219 218 218 218 218 216 216 216 216 216 216 216 216 217 217 217 217 217 217 217 217 217 216 216 215 212 211 211 212 211 211 212 213 214 214 215 215 221 222 224 226 227 227 227 227 229 229 229 228 228 228 228 228 224 224 224 224 224 224 224 224 225 225 225 225 225 226 227 228 230 230 230 230 229 229 228 228 226 226 225 225 225 225 224 224 225 224 225 223 224 223 223 222 219 218 219 218 219 218 219 219 215 215 215 217 216 218 218 220 223 225 226 226 227 229 229 227 223 221 221 221 222 222 222 222 223 223 223 223 223 223 223 223 225 225 224 224 223 222 221 221 223 222 222 222 222 222 222 222 221 221 221 221 221 221 221 221 223 223 223 223 223 223 223 223 0 0 0 0 0 0 0 0
0 0 0 0 0 0 0 0 201 201 201 201 202 204 204 205 207 210 210 210 212 212 212 211 209 208 211 211 213 215 217 217 214 214 212 210 207 206 203 203 207 209 211 213 217 214 202 186 162 140 124 129 153 172 182 185 178 173 172 177 186 190 189 186 187 187 185 183 183 182 180 180 183 182 181 180 179 179 179 180 183 181 177 168 156 142 129 122 134 145 157 167 175 180 181 177 178 180 182 182 184 186 189 191 192 192 192 193 193 193 193 193 194 194 194 194 194 194 194 192 193 191 192 192 192 192 193 193 191 190 189 188 187 188 188 188 187 186 184 181 174 162 150 141 140 136 138 149 167 180 185 184 188 188 187 187 187 188 189 190 188 188 188 188 188 190 191 190 187 186 186 186 187 187 191 191 193 195 196 196 198 198 198 196 194 192 191 191 191 191 190 190 192 192 193 193 193 193 192 190 185 189 192 190 184 182 187 190 186 170 146 128 112 108 123 141 157 174 197 205 208 204 201 196 193 183 182 183 179 177 165 135 82 49 40 54 77 107 126 121 124 115 109 104 105 104 103 101 98 96 96 97 97 98 98 98 100 100 100 101 101 101 102 102 103 101 101 98 95 93 92 91 96 97 98 102 108 111 111 116 132 139 141 125 101 74 57 55 74 97 122 139 146 147 149 155 166 169 165 152 138 130 133 137 153 169 182 187 184 184 185 186 198 198 198 197 197 198 198 199 200 200 200 200 200 200 200 200 198 197 196 195 192 192 192 193 193 193 189 182 170 157 147 140 141 148 161 172 181 182 184 183 185 186 188 188 191 190 190 189 195 193 192 187 173 152 132 116 132 147 171 198 217 224 225 222 221 219 217 215 212 210 209 209 205 205 206 207 209 210 213 214 217 218 218 219 220 220 221 221 217 215 215 214 214 213 213 213 213 213 213 213 213 213 213 213 213 213 213 213 213 213 213 211 210 211 212 211 209 208 209 210 208 209 209 210 210 211 212 212 210 212 213 215 217 218 218 218 216 216 215 215 214 213 213 213 210 210 210 210 210 210 210 210 211 211 211 211 211 211 212 212 215 215 215 214 214 213 213 213 219 219 218 217 217 216 215 214 209 207 210 208 211 209 211 209 211 209 211 209 212 210 212 212 215 214 214 214 213 213 214 216 217 219 220 221 222 224 225 223 222 221 221 221 221 221 221 220 221 221 221 221 221 221 221 221 223 223 222 221 220 219 219 218 219 220 220 220 220 220 220 220 220 220 220 220 220 220 220 220 222 222 222 222 222 222 222 222 0 0 0 0 0 0 0 0
0 0 0 0 0 0 0 0 194 194 194 194 195 195 197 197 197 198 200 200 201 203 206 204 203 203 204 204 206 208 210 210 207 207 207 204 201 199 198 198 202 204 205 209 211 205 190 173 149 131 117 124 147 163 174 175 178 175 175 177 184 189 190 189 187 187 185 183 183 182 180 180 184 183 182 181 180 179 179 178 179 181 183 181 173 159 143 132 127 132 141 154 168 177 178 174 177 178 180 180 183 185 189 193 193 193 193 192 192 192 192 192 194 194 194 194 194 194 194 192 192 192 192 192 192 192 192 192 190 190 189 188 188 187 187 187 187 187 186 184 179 169 157 149 144 138 133 138 151 163 169 169 180 182 186 189 191 191 190 189 189 189 189 189 189 189 190 188 187 186 186 186 187 188 192 192 192 192 194 195 197 197 197 195 193 191 191 191 191 191 191 191 191 192 193 193 193 193 192 189 186 188 190 188 187 187 191 194 183 173 162 145 127 114 116 122 135 150 174 193 201 205 205 203 198 188 185 182 176 174 166 142 85 52 40 51 72 102 123 120 120 112 106 102 102 103 102 98 95 95 96 97 97 98 99 99 101 101 101 102 102 103 103 103 104 102 101 98 96 93 92 92 95 97 99 103 107 109 110 116 133 140 141 125 102 77 59 55 75 97 120 137 144 146 149 154 166 169 162 147 134 128 132 139 155 170 182 186 184 184 184 185 195 196 197 197 198 199 200 200 199 199 199 199 199 199 199 199 199 198 197 196 193 192 192 191 190 191 189 184 175 163 152 144 133 140 153 166 178 182 185 185 185 186 187 188 190 190 189 189 189 190 193 195 187 165 138 120 122 131 154 184 212 226 227 219 219 216 216 212 211 208 205 205 200 198 201 202 203 204 206 207 208 208 208 209 209 210 210 210 208 208 207 205 207 206 206 206 207 205 207 205 207 205 207 205 206 204 206 204 206 204 206 204 201 201 204 202 203 201 205 204 204 202 204 203 205 204 206 204 210 208 211 210 213 211 213 211 210 207 208 206 206 204 205 202 204 202 204 202 204 202 204 202 205 203 206 204 205 203 204 202 204 202 203 201 203 200 202 200 201 199 201 199 200 198 200 198 200 198 201 200 204 203 206 204 210 208 210 208 211 209 211 209 207 207 207 206 206 208 210 211 209 211 211 214 215 215 218 218 219 219 220 219 220 219 220 219 219 218 219 218 219 218 219 219 217 217 219 217 218 216 218 216 219 217 220 218 220 219 221 219 220 218 220 218 220 218 220 218 221 219 221 219 221 219 221 219 0 0 0 0 0 0 0 0
0 0 0 0 0 0 0 0 185 185 185 186 186 186 189 189 189 189 191 192 194 197 201 203 201 201 201 203 204 204 206 206 204 202 202 200 200 197 197 195 197 199 199 202 202 196 178 161 144 126 114 119 140 155 165 168 174 175 176 178 183 186 191 192 187 187 185 183 183 182 180 180 184 183 183 182 181 180 179 178 175 178 183 185 181 169 153 141 125 124 130 144 161 172 176 175 175 176 180 180 180 182 186 190 190 190 190 190 190 189 189 189 192 192 192 192 192 192 192 192 192 192 192 192 192 192 192 192 190 190 189 189 188 187 186 185 187 187 188 187 184 176 166 159 149 145 140 137 138 144 151 156 168 174 182 190 195 196 194 193 191 191 191 190 189 188 187 184 186 185 186 187 187 188 192 192 192 192 194 194 195 195 195 194 191 189 189 189 189 189 189 189 189 189 190 191 191 190 189 189 189 185 187 188 194 194 194 189 183 176 170 159 143 129 123 120 119 129 150 172 191 202 208 213 204 195 188 183 172 172 167 145 88 54 40 49 68 97 121 120 114 107 102 100 100 99 98 96 95 95 96 97 97 98 99 99 101 101 102 102 103 103 103 103 104 102 102 98 96 94 92 92 95 98 101 103 106 108 109 116 134 139 140 125 103 78 60 56 76 97 120 136 143 144 147 153 164 165 158 143 131 127 133 140 156 169 181 185 185 186 184 184 191 194 195 197 198 199 200 200 198 198 198 198 198 198 198 198 199 198 198 197 194 193 192 191 188 189 187 185 178 168 157 148 128 133 148 162 174 181 186 187 184 185 187 187 188 188 189 187 185 185 190 195 191 171 145 126 120 124 137 164 193 212 214 206 200 194 195 192 190 187 184 182 178 176 178 179 180 180 182 182 180 180 180 180 181 182 182 182 181 181 180 178 179 179 179 179 180 178 180 178 180 178 180 178 181 179 181 179 181 179 181 179 177 178 179 177 176 174 175 175 175 174 176 175 176 175 177 176 179 177 177 175 176 174 175 174 175 174 174 172 172 170 171 169 170 169 170 169 170 169 170 169 171 170 172 171 171 169 168 167 165 164 165 163 164 163 163 162 161 160 162 162 164 164 165 165 167 166 169 169 173 172 175 174 178 176 178 177 180 178 180 179 179 179 180 181 182 184 185 187 188 191 191 193 194 195 198 198 206 206 208 207 209 207 210 208 209 207 209 207 209 207 209 209 204 204 206 205 207 207 208 208 210 209 210 209 210 209 210 209 209 208 209 208 209 208 209 208 209 208 209 208 209 208 209 208 0 0 0 0 0 0 0 0
0 0 0 0 0 0 0 0 179 179 179 180 180 180 182 182 183 185 185 186 188 193 195 197 197 197 199 199 200 200 200 202 200 200 198 197 196 196 195 193 191 193 191 192 192 186 169 153 134 119 109 119 139 154 161 165 171 176 176 178 179 184 191 195 187 187 185 183 183 182 180 180 182 183 183 183 182 181 180 179 175 176 179 182 181 172 158 147 135 128 128 139 154 165 173 176 177 178 182 182 181 182 184 186 189 189 189 189 189 190 190 190 192 192 192 192 192 192 192 192 193 193 192 192 192 192 191 191 189 189 189 189 188 186 185 184 187 187 188 189 188 183 176 171 157 157 153 145 137 136 141 147 156 162 172 183 191 194 195 195 192 192 192 191 189 187 185 182 184 183 185 186 186 187 189 192 191 191 193 193 193 194 194 193 190 188 189 189 189 189 190 190 189 189 190 190 190 190 189 189 189 186 185 189 198 198 195 187 189 185 178 167 158 145 136 131 119 121 132 150 172 187 204 212 207 198 196 188 174 172 166 144 91 56 41 47 65 95 120 122 114 106 102 100 98 98 97 93 94 95 95 96 98 99 99 100 101 101 101 102 102 103 103 103 105 102 102 99 96 94 93 93 95 99 102 104 106 107 109 118 134 141 138 124 104 79 60 53 76 96 119 134 141 143 146 153 162 163 152 138 126 124 134 144 158 170 181 184 185 186 183 182 191 194 195 197 199 199 199 199 197 197 197 197 197 197 197 197 197 198 198 198 195 194 193 192 188 188 186 185 181 173 163 153 130 132 144 156 169 178 185 186 182 183 185 187 188 188 190 188 182 179 185 186 185 169 149 133 126 125 128 142 163 175 179 174 165 160 161 159 157 151 148 145 143 141 141 142 142 143 145 145 143 143 144 144 146 146 146 146 143 143 142 142 142 141 142 142 142 142 142 142 142 142 142 142 146 146 146 146 146 146 146 146 145 145 144 141 137 134 133 133 134 134 134 134 134 135 135 135 130 129 127 125 123 123 122 122 122 122 121 121 120 119 119 119 118 118 118 118 118 118 118 118 118 119 119 119 118 116 114 113 112 111 111 111 110 110 110 109 112 112 113 115 117 118 119 120 115 115 117 118 120 122 123 123 127 127 128 128 129 130 130 131 139 140 141 142 146 147 151 152 159 159 162 163 166 167 168 171 179 181 182 183 184 185 186 187 186 186 186 186 186 186 186 186 184 184 185 186 186 187 187 188 189 189 188 188 187 187 187 186 185 185 185 185 185 185 185 185 185 185 185 185 185 185 185 185 0 0 0 0 0 0 0 0
0 0 0 0 0 0 0 0 154 155 155 155 156 156 157 158 159 160 159 159 159 163 166 167 168 168 170 170 172 172 172 173 172 172 172 172 171 171 170 169 166 164 163 163 164 160 146 132 116 105 102 118 138 152 158 162 169 174 177 178 178 180 188 194 185 185 185 183 183 182 180 180 181 182 183 183 183 182 181 180 177 176 177 179 180 176 166 158 148 136 127 132 143 153 164 172 179 181 183 182 182 181 182 183 187 188 188 189 189 190 191 191 192 192 192 192 192 192 192 192 193 193 193 192 192 191 191 191 189 189 190 189 188 186 184 182 187 187 188 189 190 188 184 181 174 174 169 158 146 137 137 139 143 147 155 164 174 182 188 191 190 191 191 191 190 188 186 183 182 182 183 184 185 186 189 189 189 189 191 191 191 193 193 193 190 188 188 189 189 190 190 190 188 189 189 190 190 189 189 188 191 189 189 192 199 198 197 192 195 187 182 176 172 166 154 143 131 120 118 128 145 166 185 199 206 202 203 199 182 173 162 139 95 60 43 46 63 94 121 124 115 108 104 102 100 97 95 93 94 93 94 95 97 98 99 99 99 100 100 100 101 101 101 102 105 103 102 99 97 94 93 93 95 99 103 104 105 106 108 119 133 139 137 123 103 79 58 52 75 94 117 134 140 144 147 153 158 158 149 134 124 124 136 147 160 170 180 184 185 186 183 181 191 194 196 198 199 199 199 198 197 197 197 197 197 197 197 197 196 197 198 198 196 195 194 193 189 189 187 187 184 178 169 159 138 138 145 155 166 176 181 182 180 181 183 185 187 188 189 188 178 176 178 179 178 170 159 149 134 128 121 121 123 130 132 130 126 121 123 120 118 112 109 106 103 102 102 102 102 103 103 103 102 102 102 102 102 102 103 103 102 102 104 103 103 102 102 102 102 102 102 102 102 102 102 102 106 106 106 106 106 106 106 104 102 102 102 99 95 93 92 93 93 93 93 93 93 93 93 93 98 96 94 93 91 91 91 92 89 89 88 88 88 88 88 88 91 91 91 91 91 91 91 91 90 91 91 91 90 87 85 83 82 82 82 81 81 81 80 80 75 75 76 77 78 79 80 80 84 85 86 88 89 91 92 92 96 97 97 98 99 100 100 101 102 102 103 104 107 108 110 111 116 117 119 120 123 125 128 130 135 138 140 142 144 146 147 148 147 147 147 147 147 147 147 147 147 147 147 146 146 145 145 145 145 145 144 143 142 141 140 140 138 138 138 138 138 138 138 138 139 139 139 139 139 139 139 139 0 0 0 0 0 0 0 0
0 0 0 0 0 0 0 0 119 119 119 120 120 120 123 123 124 122 120 118 120 121 122 123 127 127 129 129 130 130 130 130 133 133 133 132 132 132 131 131 131 128 126 126 128 126 116 103 97 91 94 114 137 153 157 160 166 172 175 176 176 179 186 194 185 185 185 185 183 182 182 180 180 181 182 184 184 183 182 181 179 177 176 178 182 181 176 170 156 140 128 128 135 143 156 167 181 183 185 184 184 181 180 180 186 187 187 188 189 190 191 192 192 192 192 192 192 192 192 192 193 193 193 192 192 191 191 191 189 189 190 189 188 186 183 182 187 187 187 189 191 191 189 187 190 188 181 169 154 141 134 131 133 135 139 147 157 169 178 184 188 189 190 191 190 189 188 187 181 181 182 183 184 185 188 188 189 189 191 191 191 191 191 191 188 188 188 189 189 190 190 190 188 189 189 190 190 189 189 188 191 192 195 196 196 196 198 199 191 188 185 188 188 182 167 149 141 124 110 114 128 146 168 184 204 203 210 207 190 175 161 136 95 61 44 48 64 95 122 126 117 110 106 102 102 99 96 93 92 93 94 95 97 98 99 100 99 99 99 100 100 100 101 101 103 103 103 99 97 94 93 93 95 99 103 105 105 106 108 119 133 139 136 122 103 79 58 52 72 93 117 131 138 142 146 153 157 155 145 131 121 122 135 148 159 171 180 183 185 186 183 181 191 194 196 198 199 199 198 198 197 197 197 197 197 197 197 197 195 196 197 199 197 196 195 194 191 190 187 188 187 181 173 164 144 143 146 153 164 173 178 179 179 180 182 185 187 188 189 187 174 173 174 176 177 173 169 164 141 131 115 102 95 93 95 94 93 91 91 88 87 81 77 72 71 69 69 68 68 68 68 68 66 65 65 64 64 64 65 65 69 69 70 70 69 69 69 69 69 69 69 69 69 69 69 69 68 68 68 68 68 68 68 66 62 64 65 64 63 62 63 65 63 63 63 63 63 62 62 62 62 61 60 58 58 59 60 60 60 60 60 60 60 61 61 61 69 69 69 69 69 69 69 69 67 68 69 69 67 65 61 59 57 57 57 57 56 56 56 55 56 57 57 57 57 57 58 58 56 56 57 59 60 61 62 63 61 62 62 63 64 65 66 66 70 70 70 71 73 73 75 75 75 75 78 80 82 83 86 87 92 95 97 100 102 105 106 107 107 107 107 107 107 107 107 107 105 105 104 102 101 98 98 96 97 96 96 93 93 90 90 88 88 87 88 87 88 87 88 87 90 89 90 89 90 89 90 89 0 0 0 0 0 0 0 0
0 0 0 0 0 0 0 0 86 85 85 85 86 86 86 86 89 88 87 86 86 85 84 86 89 91 91 91 91 91 91 91 91 93 95 95 96 95 96 97 89 91 92 93 96 97 92 87 75 84 97 117 136 150 157 161 166 171 172 174 176 179 183 186 185 185 185 185 183 182 182 182 183 183 183 182 182 181 181 181 179 176 173 175 178 181 182 180 160 148 132 121 123 134 149 160 176 183 190 189 182 177 178 181 185 186 188 188 188 188 190 191 189 189 189 190 190 191 191 191 192 193 193 193 193 192 191 190 190 191 191 190 189 186 184 182 184 185 187 189 191 192 193 193 194 190 185 180 173 164 153 145 138 136 136 139 145 152 157 160 162 173 186 192 191 189 189 191 187 186 184 183 181 180 182 182 186 187 189 190 190 189 189 188 189 187 187 187 187 187 187 187 186 186 186 187 187 188 188 188 190 189 192 194 198 199 198 194 193 188 184 185 188 187 182 174 158 139 121 113 116 124 144 158 178 196 210 206 196 184 163 140 98 67 38 51 57 98 117 126 121 114 108 103 101 98 97 96 93 91 92 93 95 96 97 97 98 98 98 98 98 98 98 100 103 103 103 99 97 94 93 93 97 99 101 102 103 105 107 118 132 140 138 125 104 80 58 52 67 89 115 132 139 145 147 146 152 147 135 124 118 120 138 156 165 173 182 186 186 184 184 185 193 193 194 195 195 196 197 197 196 196 196 197 197 198 198 198 202 198 195 195 196 198 197 195 190 188 184 186 187 186 182 178 154 148 145 148 153 159 170 180 181 185 187 185 186 189 189 182 177 171 168 168 172 176 177 175 156 134 111 98 91 91 93 95 99 100 104 102 97 91 86 84 80 78 78 76 76 76 76 74 74 74 74 73 73 72 74 74 75 75 75 75 75 75 77 77 74 74 73 72 72 72 73 73 74 74 74 74 74 74 74 74 71 71 71 71 71 71 71 71 74 74 74 74 74 74 74 74 74 73 73 72 72 71 71 70 72 72 72 73 73 73 74 74 80 80 80 80 80 80 80 80 84 84 83 83 82 81 81 81 79 79 79 79 79 79 79 79 77 77 77 76 76 75 75 75 75 76 76 77 77 78 78 78 82 81 79 77 76 75 76 76 76 76 77 76 77 77 78 78 78 78 79 79 81 80 80 80 81 84 87 89 88 85 82 79 83 83 83 82 82 81 81 81 82 81 82 79 80 76 77 75 76 74 75 72 73 71 72 70 75 74 78 77 80 77 78 76 78 76 78 76 78 76 78 76 0 0 0 0 0 0 0 0
0 0 0 0 0 0 0 0 64 64 63 63 64 64 64 64 66 65 65 64 64 64 63 65 70 70 70 70 70 70 70 70 70 71 73 75 74 76 78 77 72 72 74 76 79 83 79 73 76 85 98 118 138 151 158 162 164 170 171 172 174 177 182 185 185 185 185 185 183 183 182 182 183 183 183 182 182 181 181 181 180 176 174 174 177 180 181 179 167 155 140 126 123 130 143 154 173 180 188 188 182 178 178 181 185 187 189 189 188 187 189 190 189 189 189 190 190 191 191 191 192 193 193 193 193 192 191 190 190 191 191 190 189 187 185 183 184 185 187 188 190 191 191 192 194 193 192 190 187 179 168 161 145 141 136 133 135 139 143 145 150 161 173 181 182 182 184 187 186 185 184 183 181 180 181 180 186 187 187 188 190 187 189 186 187 187 187 187 187 187 187 187 186 186 186 187 187 188 188 188 190 190 193 193 196 197 198 198 192 186 184 183 189 191 188 182 171 152 135 121 114 113 124 132 155 175 193 199 196 188 172 149 105 70 41 51 56 99 119 129 123 114 110 105 100 99 97 95 93 91 92 93 95 96 97 97 98 98 98 98 98 98 98 100 103 103 103 99 97 94 93 93 97 99 101 102 103 105 107 118 132 140 138 125 104 80 58 50 67 89 115 130 140 144 145 145 147 142 131 120 116 121 137 157 166 174 182 186 186 184 184 186 193 193 194 194 195 196 197 197 196 196 196 197 197 198 198 198 201 198 196 196 196 198 197 196 192 190 186 187 188 188 186 183 163 155 149 146 148 154 165 176 182 186 188 185 185 186 187 182 178 172 168 168 171 175 175 174 160 137 116 101 95 92 95 99 103 106 111 109 106 99 95 92 94 91 91 89 89 87 87 87 85 85 85 84 84 83 83 83 84 84 84 84 84 84 84 84 85 84 84 83 83 84 85 85 84 84 84 84 84 84 84 82 81 82 82 83 84 85 85 86 85 85 85 85 85 85 85 85 84 84 84 84 84 83 83 83 85 85 86 86 86 87 87 87 93 93 93 93 93 93 93 93 91 91 92 92 93 93 94 94 93 93 93 93 93 93 93 93 92 92 92 92 91 91 91 91 90 90 90 91 91 92 92 92 94 93 91 90 89 89 90 90 84 84 86 86 88 87 89 89 87 87 88 88 90 91 91 89 82 83 85 85 83 80 76 74 71 71 71 70 70 69 69 69 71 71 71 71 71 71 71 71 70 70 70 70 69 69 69 69 70 71 72 73 74 73 73 72 73 73 73 73 73 73 73 73 0 0 0 0 0 0 0 0
0 0 0 0 0 0 0 0 59 59 59 59 60 60 59 59 60 60 60 60 62 62 62 62 66 68 68 68 66 66 66 66 65 67 69 72 74 73 75 74 71 73 74 76 81 83 79 75 79 85 100 119 139 153 160 164 164 167 171 172 173 176 181 184 185 185 185 185 183 183 182 182 183 183 182 182 182 182 181 181 181 178 175 174 176 179 181 180 175 166 152 135 124 124 136 146 166 173 183 185 182 178 180 182 183 185 187 187 186 185 186 187 187 187 187 188 188 189 189 189 192 193 193 193 193 192 191 190 191 191 191 190 189 188 186 185 185 185 186 187 188 189 190 190 191 193 196 199 198 193 185 179 167 160 150 142 138 137 137 137 140 147 156 163 168 172 177 182 183 183 184 184 183 181 179 178 184 185 185 186 188 185 187 184 185 185 185 185 185 185 185 185 184 184 184 185 185 186 186 186 187 189 192 191 191 192 197 201 192 186 184 181 187 192 192 188 180 167 152 136 119 107 106 108 127 145 169 182 188 189 179 160 112 75 43 52 57 98 120 131 125 117 111 105 102 101 98 97 93 91 92 93 95 96 97 97 98 98 98 98 98 98 98 100 103 103 102 99 97 95 93 93 97 99 101 102 103 105 107 118 134 142 139 127 104 80 58 50 68 89 113 128 140 145 145 143 140 136 125 117 117 123 140 159 167 174 183 186 186 184 184 186 193 193 193 194 195 196 196 197 196 196 196 197 197 198 198 198 201 199 197 197 197 198 197 197 195 193 189 188 190 191 191 190 178 165 153 145 142 146 158 171 183 188 187 183 182 185 186 181 180 174 172 170 172 174 175 175 163 144 121 107 99 94 98 103 113 117 123 124 119 113 108 106 108 106 102 101 101 101 101 101 98 98 98 98 97 97 97 97 94 94 92 92 92 92 92 92 93 93 92 93 93 94 95 96 95 95 95 95 95 95 95 95 96 94 94 94 94 94 94 93 92 92 92 92 92 92 92 92 92 92 93 93 93 93 94 94 93 93 93 94 94 95 95 95 97 97 97 97 97 97 97 97 99 99 99 99 99 99 100 100 100 100 100 100 100 100 100 100 100 100 100 100 100 100 101 101 102 102 102 102 103 103 103 103 102 102 101 100 100 101 102 102 96 95 96 96 99 99 101 101 97 98 99 100 102 103 103 101 96 94 93 91 88 85 82 81 81 81 81 80 80 79 79 79 72 73 73 74 76 77 77 78 77 77 77 77 78 78 78 78 77 78 79 80 80 80 79 79 81 81 81 81 81 81 81 81 0 0 0 0 0 0 0 0
0 0 0 0 0 0 0 0 70 70 70 69 70 69 69 69 68 69 69 69 72 72 73 73 77 77 79 77 77 76 77 77 75 77 81 85 87 88 88 87 87 89 90 89 93 95 90 85 78 86 100 120 140 153 159 163 162 165 168 170 170 173 177 182 183 185 185 185 183 183 182 182 182 182 182 182 182 182 182 182 183 180 177 175 176 178 181 181 178 174 163 146 130 125 133 141 158 166 177 182 182 180 181 182 183 185 187 187 186 184 185 185 187 187 187 188 188 189 189 189 192 193 193 193 193 192 191 190 191 191 191 190 190 189 188 188 186 186 186 186 187 187 188 188 187 190 193 197 198 196 192 189 188 181 171 161 153 147 142 139 140 141 143 146 151 159 167 173 176 178 181 183 184 184 183 182 184 185 185 186 186 185 185 184 185 185 185 185 185 185 185 185 184 184 184 185 185 186 186 186 187 190 194 191 189 189 197 203 197 191 187 182 185 189 190 189 181 174 166 151 132 117 107 104 108 121 142 159 174 183 184 172 118 80 45 51 55 98 122 133 127 119 113 106 103 101 100 97 93 91 92 93 95 96 97 97 98 98 98 98 98 98 98 100 102 102 102 99 97 95 94 94 97 99 101 102 103 105 107 118 134 142 139 127 104 80 58 50 66 89 112 129 141 145 144 142 134 127 117 113 115 126 144 160 169 176 184 187 186 184 185 188 190 192 193 194 195 195 196 196 196 196 196 197 197 198 198 198 200 200 199 199 198 198 198 198 197 195 190 189 189 192 194 195 188 175 157 144 137 140 153 167 182 187 187 184 181 183 183 180 182 176 174 171 172 175 177 176 166 148 129 112 100 93 95 100 107 113 119 121 119 113 111 106 108 105 103 101 100 100 100 100 100 102 101 99 99 98 98 98 92 90 90 88 88 88 88 88 88 88 88 89 90 91 93 94 96 96 96 96 96 96 96 96 98 96 94 92 90 87 86 85 87 87 87 87 87 87 87 87 87 88 88 89 89 90 90 91 90 91 91 91 92 92 92 92 91 91 91 91 91 91 91 91 97 96 95 94 92 91 90 89 89 89 89 89 89 89 89 89 90 91 91 91 91 92 92 92 95 95 95 96 96 96 96 96 94 94 94 94 95 95 96 97 96 94 96 97 99 99 102 102 99 99 102 103 104 105 106 105 102 99 96 94 91 89 88 87 83 83 83 82 82 81 81 79 81 82 83 84 85 86 87 87 84 85 85 86 87 88 88 89 87 88 88 88 88 88 88 88 89 89 89 89 89 89 89 89 0 0 0 0 0 0 0 0
0 0 0 0 0 0 0 0 70 70 70 70 71 71 70 70 70 70 71 71 74 75 75 76 79 79 81 79 79 77 79 79 79 81 84 88 94 94 93 90 94 96 97 94 96 95 88 81 73 83 99 117 137 150 157 159 160 165 168 169 169 172 176 180 183 183 185 185 183 183 183 183 182 182 182 182 182 182 182 182 184 183 180 178 177 179 181 182 179 176 170 155 141 131 132 137 148 157 170 178 181 180 180 180 181 184 187 187 186 185 184 185 187 187 187 188 188 189 189 189 192 193 193 193 193 192 191 190 191 191 191 190 190 190 190 190 189 188 187 186 186 186 187 187 187 188 189 190 191 192 193 193 194 190 184 177 170 161 152 147 149 143 136 133 137 145 154 160 168 171 176 181 183 185 186 186 184 185 185 186 185 184 184 183 185 185 185 185 185 185 185 185 184 184 184 185 185 186 186 186 185 188 191 188 186 186 194 200 202 196 191 184 184 185 184 183 177 175 172 160 146 132 120 111 100 104 115 132 154 173 186 181 122 82 46 51 54 97 122 133 130 120 114 107 103 102 101 97 93 89 90 91 93 94 95 95 96 96 96 96 96 96 96 98 102 102 102 99 97 95 94 94 97 99 101 102 103 105 107 118 134 142 139 127 104 80 58 50 67 87 110 128 141 146 144 140 129 121 111 110 117 128 146 163 172 178 185 187 187 186 187 188 190 190 191 191 192 193 194 194 194 194 194 195 195 196 196 198 200 200 201 201 198 198 198 198 197 195 191 189 188 191 194 197 193 181 164 149 137 137 149 164 178 185 187 184 179 180 181 179 182 180 177 174 173 175 177 176 165 151 134 117 99 86 84 88 90 96 103 107 106 101 96 94 96 93 91 89 88 88 88 89 90 92 92 91 89 89 88 86 81 79 79 77 76 76 74 76 75 76 76 76 77 79 80 81 83 83 83 83 83 83 83 82 83 82 80 78 76 73 72 71 73 73 73 73 73 73 73 73 73 73 73 74 75 75 76 76 79 80 80 80 81 81 81 81 80 80 80 80 80 80 80 80 81 80 80 78 77 76 75 75 75 75 75 75 75 75 75 75 77 77 77 77 77 77 77 78 82 82 82 82 81 81 81 81 80 80 81 82 83 83 84 83 81 82 84 85 86 87 89 90 90 90 93 93 96 96 96 95 89 86 84 82 81 80 80 81 81 81 81 81 80 80 80 79 79 78 78 78 78 78 78 78 77 77 78 79 80 82 82 83 83 83 82 82 82 82 82 82 82 82 82 82 82 82 82 82 0 0 0 0 0 0 0 0
0 0 0 0 0 0 0 0 66 66 65 65 65 66 66 66 64 66 67 67 68 70 71 71 72 72 72 72 72 71 71 71 74 75 79 83 89 91 89 87 89 93 94 93 92 88 80 71 66 76 94 116 136 148 153 155 158 162 165 167 167 171 175 179 183 183 185 185 183 183 183 183 181 181 182 182 182 182 183 183 185 185 185 183 180 180 182 182 179 178 176 166 154 142 137 136 139 148 163 174 179 180 179 179 178 182 186 187 187 185 185 185 187 187 187 188 188 189 189 189 192 193 193 193 193 192 191 190 191 191 190 190 190 191 192 193 192 190 188 186 185 185 186 187 188 189 189 188 187 188 191 194 194 193 192 189 185 178 169 163 162 152 140 134 135 140 144 146 156 159 164 171 175 179 182 183 184 185 185 186 185 184 184 183 185 185 185 185 185 185 185 185 184 184 184 185 185 186 186 186 186 187 190 188 188 187 193 196 202 198 193 187 185 182 179 175 172 173 171 164 156 146 133 121 104 97 98 109 132 158 177 179 125 83 45 49 53 96 122 134 133 123 114 108 103 101 100 98 93 89 90 91 93 94 95 95 96 96 96 96 96 96 96 98 101 101 102 99 97 95 95 95 97 99 101 102 103 105 107 118 134 142 139 127 104 78 58 48 68 87 110 129 143 147 142 139 126 116 105 108 116 132 150 165 174 180 187 188 187 186 187 189 189 190 190 191 192 193 193 193 194 194 194 195 195 196 196 196 199 201 203 203 199 198 199 199 197 197 193 190 189 190 193 197 195 184 169 154 140 136 146 159 172 182 187 185 179 179 180 177 183 181 180 177 175 175 176 175 166 155 141 122 99 82 77 79 80 86 96 100 99 93 89 87 86 83 79 77 77 75 75 77 81 81 81 80 78 76 77 74 72 70 68 67 67 65 63 63 65 65 65 65 66 67 68 69 68 68 68 68 68 68 68 68 64 64 64 64 64 64 63 63 62 62 62 62 62 62 62 62 61 61 61 62 62 62 62 62 63 63 63 63 64 64 64 65 67 67 67 67 67 67 67 67 64 64 64 65 66 67 67 68 69 69 69 69 69 69 69 69 71 71 71 70 70 69 69 69 73 73 73 73 72 72 72 72 71 72 73 74 75 75 75 72 69 67 70 70 72 72 74 74 78 78 80 80 81 81 81 81 76 76 75 74 74 74 75 75 79 79 79 78 78 78 77 75 72 69 71 68 70 67 69 66 71 69 72 71 74 73 76 74 78 75 76 74 75 73 76 74 74 72 74 72 74 72 74 72 0 0 0 0 0 0 0 0
0 0 0 0 0 0 0 0 59 59 58 58 58 58 58 58 57 59 59 59 60 62 62 64 65 65 65 63 63 63 63 63 66 65 69 74 81 83 82 77 82 86 90 88 88 82 73 62 58 71 91 113 134 145 147 149 156 162 165 166 167 170 174 178 183 183 185 185 183 183 183 183 181 181 181 182 182 183 183 183 185 187 189 187 184 182 182 182 180 180 180 175 165 152 140 134 131 141 155 168 178 180 179 177 176 180 185 187 187 186 186 186 187 187 187 188 188 189 189 189 192 193 193 193 193 192 191 190 192 191 190 190 191 192 193 194 194 192 190 187 186 185 186 187 186 188 190 189 187 187 190 192 194 194 194 195 194 191 185 181 177 167 155 148 147 146 143 140 144 146 151 157 162 168 172 175 183 184 184 185 185 184 184 183 185 185 185 185 185 185 185 185 184 184 184 185 185 186 186 186 185 185 186 186 188 188 190 190 193 194 193 190 187 183 179 174 174 173 171 167 165 160 148 132 118 101 91 95 115 140 160 165 123 83 45 49 51 96 122 134 135 125 116 108 103 102 101 100 93 89 90 91 93 94 95 95 96 96 96 96 96 96 96 98 101 101 101 99 97 96 95 95 97 99 101 102 103 105 107 118 134 142 139 127 104 78 58 48 68 87 109 127 142 148 143 136 124 114 103 105 118 135 152 167 176 181 187 188 187 186 187 189 189 189 190 191 192 192 193 193 194 194 194 195 195 196 196 196 199 202 204 204 200 198 199 200 198 199 196 193 190 190 193 196 198 190 176 161 144 136 142 152 166 176 185 185 179 178 176 176 182 183 183 180 177 175 175 173 167 160 148 129 104 83 76 75 77 80 91 96 94 89 87 82 79 75 72 70 68 68 68 70 74 77 77 75 74 73 70 68 66 62 60 59 59 57 55 55 59 59 58 58 58 59 59 60 59 59 59 59 59 59 59 59 55 56 56 57 58 59 59 60 59 59 59 59 59 59 59 59 57 57 56 56 56 56 55 55 53 53 54 54 55 55 55 55 58 58 58 58 58 58 58 58 57 58 59 60 62 63 64 65 66 66 66 66 66 66 66 66 68 68 67 66 65 64 63 63 68 68 68 67 67 66 66 66 65 66 67 68 69 68 67 64 63 60 62 62 62 64 64 64 70 70 71 71 72 71 71 70 72 72 72 72 71 71 70 70 64 64 63 63 63 62 62 62 66 64 66 63 65 63 64 62 67 65 68 66 69 68 70 68 73 70 70 67 69 67 70 68 69 67 69 67 69 67 69 67 0 0 0 0 0 0 0 0
0 0 0 0 0 0 0 0 48 47 48 48 47 47 49 49 49 49 51 51 51 51 53 52 54 54 54 54 52 52 52 54 56 54 58 65 71 75 70 68 70 75 80 82 82 78 65 56 52 65 86 112 133 143 146 147 154 161 165 166 167 172 176 179 183 183 183 183 183 183 185 183 182 181 181 182 182 183 183 183 186 189 191 188 186 181 181 182 181 181 183 180 172 157 142 132 127 137 152 166 175 177 178 177 173 178 183 186 187 187 187 187 187 187 187 188 188 189 189 189 192 193 193 193 193 192 191 190 192 191 190 190 191 192 194 196 196 194 191 188 186 186 186 187 183 186 190 190 188 186 188 189 191 190 191 192 194 193 190 188 188 180 170 164 161 156 147 140 136 138 142 147 152 158 163 166 183 184 184 185 185 184 184 183 185 185 185 185 185 185 185 185 184 184 184 185 185 186 186 186 186 185 185 186 188 189 188 186 183 187 191 191 188 185 180 175 175 174 173 169 171 171 160 142 130 110 92 90 105 125 143 147 121 81 44 48 52 95 122 135 138 127 118 108 102 102 101 100 93 89 90 91 93 94 95 93 96 96 96 96 96 96 98 98 101 101 100 99 97 96 95 95 95 97 101 102 103 104 107 118 132 140 138 125 102 78 57 48 66 85 109 127 142 149 143 136 123 113 102 105 119 137 156 167 178 184 188 188 185 184 185 187 187 187 190 191 191 192 193 193 194 194 194 195 195 196 196 196 196 200 203 203 198 196 197 199 197 198 198 193 190 189 191 194 197 191 180 164 147 136 139 147 159 173 185 185 180 178 176 174 180 182 183 181 177 175 174 172 168 163 154 136 110 87 79 77 70 76 85 90 90 84 81 77 77 73 72 68 66 66 66 68 74 75 74 75 73 72 69 68 62 59 59 57 55 53 53 53 54 56 55 54 54 54 55 55 56 56 56 56 56 56 56 56 55 55 55 55 55 55 55 55 59 59 59 59 61 59 61 59 56 56 55 55 54 53 53 53 56 56 57 57 58 58 58 58 58 58 58 58 58 58 58 58 59 59 60 60 61 61 61 62 61 61 61 61 61 61 61 61 64 64 62 61 59 58 57 56 65 64 64 63 63 62 62 62 61 62 63 64 64 63 61 58 62 61 61 60 60 61 61 62 67 69 68 67 66 65 64 64 67 68 68 68 67 66 64 63 68 67 67 67 66 66 66 63 60 59 59 59 60 60 60 60 60 61 61 59 61 60 62 62 64 63 61 60 59 60 61 61 61 61 61 61 61 61 61 61 0 0 0 0 0 0 0 0
0 0 0 0 0 0 0 0 39 39 39 39 40 40 40 40 41 41 41 42 44 45 45 45 43 43 43 43 43 43 45 46 49 52 54 60 64 66 64 61 63 67 72 76 77 72 62 56 54 66 92 118 130 143 151 149 153 158 161 167 171 176 179 180 183 182 182 183 184 187 189 189 184 183 183 184 184 185 183 183 184 185 185 183 184 180 178 177 180 181 183 184 180 168 151 140 129 128 135 152 167 173 177 178 167 172 178 182 185 185 185 186 186 186 186 186 186 187 190 190 191 191 191 191 191 191 191 191 189 190 190 191 191 192 192 193 193 192 191 190 188 187 186 185 191 191 191 190 189 188 187 186 184 185 186 187 189 190 192 192 186 187 186 183 176 167 157 151 147 143 136 135 139 144 147 150 168 172 177 179 179 180 182 184 188 185 182 181 182 184 186 186 183 183 183 183 183 184 185 186 186 187 187 187 186 185 183 182 179 181 183 185 186 185 184 179 178 173 172 169 167 163 163 159 136 123 110 99 100 109 122 124 104 74 50 47 64 91 121 136 133 128 119 107 99 99 101 98 92 90 88 89 88 90 92 92 92 92 94 95 97 98 100 100 101 101 100 98 96 94 93 93 95 98 101 98 97 99 104 114 132 138 136 121 99 73 58 52 66 87 111 130 143 147 137 130 116 110 103 109 123 141 161 175 183 185 186 185 185 184 185 185 185 185 187 188 188 189 189 189 193 193 196 197 197 198 199 197 198 199 197 198 198 197 195 194 193 192 191 190 190 189 186 188 190 188 182 172 159 147 143 142 154 165 176 184 184 180 178 175 176 174 176 177 177 178 178 174 168 165 158 140 116 95 83 77 70 75 85 90 90 88 84 79 79 77 76 76 75 72 71 70 72 72 70 70 68 67 65 63 61 59 59 57 54 52 52 52 54 53 52 52 52 54 56 57 57 57 57 57 57 57 57 57 57 57 57 57 57 57 59 59 59 60 60 60 63 61 63 61 59 59 57 56 57 58 59 60 59 59 59 60 60 61 61 62 61 61 61 62 62 63 63 63 60 61 62 63 62 61 60 59 58 58 59 59 60 60 61 61 64 64 63 61 60 58 57 56 60 61 61 61 62 62 62 62 60 60 60 60 60 60 60 60 60 62 62 62 62 62 62 62 69 70 69 67 65 63 61 60 62 61 60 60 61 62 64 65 62 61 61 61 61 60 60 60 59 60 60 60 58 59 57 57 57 57 57 55 57 55 57 57 56 56 55 54 54 53 52 52 55 55 55 55 55 55 55 55 0 0 0 0 0 0 0 0
0 0 0 0 0 0 0 0 35 35 35 35 37 37 37 37 38 38 38 38 40 40 41 41 39 39 39 39 39 41 43 45 47 50 54 58 63 66 66 65 57 59 62 66 70 66 57 52 56 68 97 122 131 141 151 148 153 159 164 169 175 178 182 181 183 182 180 181 184 187 191 191 184 183 183 184 184 185 183 183 183 184 182 183 182 180 177 176 179 180 181 184 183 173 158 146 132 128 132 145 159 166 170 173 167 170 177 180 181 181 184 185 186 185 186 186 186 187 190 191 191 191 191 191 191 191 191 191 190 190 191 191 191 191 192 192 192 192 191 190 189 187 187 186 190 190 190 190 189 188 186 186 184 184 185 186 187 188 189 189 188 190 192 192 189 183 177 173 164 158 149 143 141 140 138 137 147 152 157 162 166 171 178 183 185 184 183 183 183 184 183 183 182 182 183 183 184 185 186 187 184 185 186 186 185 184 182 181 179 180 182 184 185 184 183 178 176 172 171 170 166 165 162 161 153 144 133 119 109 101 96 87 89 66 54 54 69 96 126 142 144 136 123 108 100 99 99 94 92 91 89 88 87 89 89 90 91 91 92 95 97 97 100 101 101 100 100 96 96 94 93 93 93 96 98 97 95 97 100 110 128 134 132 118 95 71 54 48 64 84 110 129 144 145 135 128 116 110 104 112 128 145 164 178 183 185 186 185 186 184 184 184 185 185 185 186 188 189 189 189 193 193 196 197 197 198 199 197 198 197 195 196 196 195 194 193 192 192 189 188 187 187 184 186 186 188 187 179 166 153 143 138 143 155 168 180 184 184 182 180 172 171 173 173 176 176 175 173 166 163 156 141 122 103 88 78 65 69 78 87 92 92 88 86 82 80 77 76 75 72 72 69 67 67 65 65 65 64 62 60 63 61 60 57 57 55 54 52 54 51 53 50 53 52 55 54 57 55 57 55 57 55 57 55 53 53 53 54 54 57 57 57 56 56 59 59 59 60 60 60 59 56 54 53 53 53 54 54 55 55 55 56 56 57 57 57 57 58 58 58 59 59 59 59 57 57 58 59 59 59 58 58 59 60 60 60 61 61 62 62 65 64 63 62 61 60 59 58 60 61 61 61 62 62 62 62 61 61 61 61 61 61 61 61 61 61 61 61 61 61 61 61 69 68 67 65 63 62 60 60 58 57 56 55 56 57 58 59 56 56 56 56 56 56 56 56 58 58 58 59 57 57 58 56 55 55 55 54 54 54 54 54 55 55 55 55 55 55 56 56 54 54 54 54 54 54 54 54 0 0 0 0 0 0 0 0
0 0 0 0 0 0 0 0 33 33 33 33 35 35 35 35 36 36 36 36 38 38 39 39 39 39 39 39 41 41 43 45 47 50 51 55 61 66 68 69 61 63 64 69 72 67 60 57 56 71 104 126 132 141 148 148 155 160 165 171 176 182 183 182 183 182 180 181 184 187 191 191 184 183 183 184 184 185 183 183 182 183 181 182 181 181 178 177 180 178 179 183 185 179 166 154 138 132 131 139 150 158 165 172 170 172 178 179 179 180 183 185 185 185 186 186 186 187 190 191 191 191 191 191 191 191 191 191 192 192 191 191 191 191 190 190 191 190 190 190 189 189 188 188 189 189 189 189 188 187 186 185 184 184 184 185 185 186 186 186 186 188 191 193 192 190 187 185 181 175 164 156 150 144 137 133 134 137 140 145 151 159 168 174 176 178 181 184 184 183 181 180 181 181 182 183 184 184 185 186 184 185 185 186 186 185 184 183 181 182 183 184 184 184 182 179 176 172 169 169 167 166 164 163 159 154 146 133 118 103 91 76 74 62 60 66 80 102 131 151 152 141 125 112 104 103 103 97 93 90 88 87 86 87 88 89 91 91 92 92 95 97 97 100 101 100 100 96 96 94 93 93 92 95 96 95 94 96 99 109 126 132 129 116 93 69 51 46 62 83 110 128 142 142 132 124 114 109 105 115 132 149 168 182 183 186 186 185 186 185 184 184 186 186 186 186 189 189 189 189 193 193 194 195 197 198 199 197 198 196 195 195 195 195 193 193 192 191 189 188 187 186 184 186 181 187 190 188 176 160 142 133 135 146 161 175 183 185 184 181 172 170 172 172 175 175 173 171 167 162 156 146 133 114 96 81 65 64 70 80 92 97 99 95 89 86 82 80 78 77 76 74 70 70 70 68 68 67 65 63 66 64 63 60 60 60 59 57 59 56 58 56 58 57 60 58 61 59 61 59 61 59 61 59 57 57 57 58 59 61 62 62 60 60 60 61 63 64 64 62 61 60 59 58 57 57 57 58 59 59 60 60 60 61 61 61 62 62 62 63 63 63 64 64 63 63 62 63 63 64 65 66 68 68 68 69 69 69 69 70 72 72 71 70 69 68 67 67 68 68 68 68 69 69 69 70 68 68 68 68 68 68 68 68 68 68 68 68 68 68 68 68 74 74 73 72 70 69 68 67 65 64 63 62 62 62 63 63 62 62 62 62 62 62 62 62 61 61 61 61 61 59 58 58 58 56 56 56 56 56 55 55 56 58 59 60 61 62 62 62 60 60 60 60 60 60 60 60 0 0 0 0 0 0 0 0
0 0 0 0 0 0 0 0 32 32 32 32 34 34 34 34 34 35 35 35 37 37 37 38 38 38 38 38 40 40 42 44 48 50 50 53 58 62 66 69 68 69 72 77 77 72 62 56 54 73 106 129 132 139 147 151 158 163 168 174 180 183 184 183 183 182 180 181 184 187 191 191 184 183 183 184 184 185 183 183 181 182 180 180 181 181 179 178 181 178 176 180 185 182 170 159 146 138 132 136 144 153 164 173 174 175 179 180 179 180 184 186 184 184 185 185 186 187 190 191 191 191 191 191 191 191 191 191 193 192 192 191 191 190 190 189 190 190 190 190 190 190 190 190 188 188 189 189 188 187 186 185 186 186 186 186 186 186 186 185 185 186 187 188 188 187 186 185 188 184 177 171 166 160 152 148 141 140 137 137 140 146 153 158 161 167 174 180 182 182 182 181 182 182 183 183 183 183 183 183 185 185 186 186 186 186 186 186 184 184 185 186 185 184 183 181 176 173 171 170 170 169 169 166 164 158 149 137 127 115 104 94 76 66 66 75 90 113 140 156 154 144 127 113 109 112 110 104 92 89 89 88 87 86 86 87 90 90 92 92 94 95 97 97 99 99 97 95 93 92 90 90 91 95 97 96 94 96 99 109 125 131 129 115 93 68 51 46 61 84 112 130 142 141 129 122 111 107 106 117 135 152 170 183 184 186 187 185 186 185 185 185 186 187 187 187 189 189 189 189 193 193 194 195 197 198 199 197 197 196 195 195 195 195 193 192 191 191 188 188 187 186 183 185 179 186 191 191 182 165 146 134 136 145 157 171 181 183 181 176 172 170 172 172 175 175 173 171 168 161 156 152 143 128 107 89 73 68 69 79 93 104 105 102 97 92 90 85 82 80 80 80 77 75 75 75 75 73 72 70 71 69 66 65 64 62 64 64 65 65 65 65 65 65 65 66 66 66 66 66 66 66 66 66 64 64 64 64 63 63 65 63 64 62 64 65 65 65 66 66 65 63 65 63 65 63 66 64 66 64 66 64 66 64 66 65 68 66 68 67 69 67 70 68 70 67 69 66 70 70 74 73 75 73 75 73 75 73 76 74 77 75 76 74 75 73 74 72 75 73 75 73 76 74 76 75 75 73 75 73 75 73 75 75 74 74 74 74 74 74 74 74 75 75 74 74 73 72 72 71 72 71 71 70 69 69 69 69 68 68 69 69 69 69 69 69 66 64 66 64 63 63 63 60 61 61 61 59 59 59 59 59 61 61 61 61 62 62 63 63 64 64 64 64 64 64 64 64 0 0 0 0 0 0 0 0
0 0 0 0 0 0 0 0 36 36 36 36 36 36 38 38 37 37 39 39 39 40 42 42 44 44 44 44 46 46 48 48 51 54 56 56 57 60 66 70 69 72 76 81 79 70 60 52 53 74 108 130 133 140 149 152 158 163 169 174 180 183 186 185 183 182 180 181 184 187 191 191 184 183 183 184 184 185 183 183 182 181 179 179 180 180 178 179 182 178 175 178 181 179 171 162 153 143 134 133 138 147 160 171 175 177 181 181 180 181 185 186 183 183 184 184 185 187 190 191 191 191 191 191 191 191 191 191 193 192 192 191 191 190 190 189 189 190 190 190 190 191 191 191 188 188 189 189 189 188 187 187 189 189 188 188 188 188 187 187 188 188 188 188 187 187 187 187 192 190 186 185 183 180 174 170 153 149 141 137 135 136 138 140 147 153 163 170 175 178 181 184 185 186 186 187 186 185 184 184 184 184 184 184 184 184 185 185 186 186 187 187 186 186 185 183 178 177 177 175 174 173 172 169 173 167 158 147 138 126 117 109 88 77 69 78 97 122 147 163 156 147 133 120 116 115 114 106 95 89 89 87 86 85 86 86 88 88 90 91 92 92 95 97 99 99 97 95 93 92 90 90 92 94 98 96 95 97 100 110 126 132 130 116 94 69 52 47 61 85 114 132 142 139 127 119 107 106 106 119 138 154 171 184 184 186 187 186 187 185 185 185 187 186 187 187 187 187 189 189 191 191 194 195 195 196 199 197 197 195 194 195 195 194 192 192 191 191 188 187 186 186 183 185 181 184 189 189 183 169 151 141 138 142 152 165 174 179 178 174 176 174 174 174 175 175 173 171 169 161 156 156 154 141 119 101 87 79 72 77 89 102 104 102 96 91 85 81 78 77 78 75 73 71 71 69 69 67 67 66 66 64 63 61 60 59 60 60 63 63 63 63 63 63 62 62 62 62 62 62 62 62 62 62 60 59 58 57 56 55 55 54 55 54 55 56 56 56 57 56 58 56 59 59 62 61 63 61 61 59 60 58 60 58 60 58 61 59 61 60 62 61 63 61 63 61 62 60 63 63 67 67 69 67 69 66 68 66 68 66 69 67 68 66 68 66 68 66 69 67 70 68 70 69 71 69 70 68 70 68 70 68 70 70 70 70 70 70 70 70 70 70 66 66 66 66 65 65 65 65 68 68 68 67 67 66 65 65 65 65 65 64 64 64 63 63 61 60 63 63 64 66 67 66 66 64 64 64 64 64 64 64 62 64 64 63 63 62 62 62 65 65 65 65 65 65 65 65 0 0 0 0 0 0 0 0
0 0 0 0 0 0 0 0 40 40 40 40 42 42 42 42 42 42 42 42 45 45 45 48 49 49 49 49 49 51 51 52 55 57 59 60 61 62 67 71 74 77 80 83 82 71 61 54 55 74 107 129 132 140 150 153 160 165 170 176 180 185 186 185 183 182 180 181 184 187 191 191 184 183 183 184 184 185 183 183 183 182 179 179 178 179 177 178 181 178 176 176 177 176 171 167 159 148 137 133 134 140 152 164 174 176 181 182 181 181 184 186 182 182 183 184 185 187 190 191 191 191 191 191 191 191 191 191 192 192 191 191 191 191 190 190 190 190 190 191 191 191 191 191 189 189 190 190 190 189 189 188 190 190 190 190 190 190 190 189 187 186 185 185 186 187 190 191 196 195 192 193 194 192 187 184 162 157 148 142 139 136 134 132 139 145 152 157 162 167 175 181 185 186 188 189 190 189 188 188 182 182 181 180 180 180 181 182 186 186 186 186 186 186 187 185 181 179 179 178 177 176 174 173 171 169 167 160 151 141 130 123 106 89 78 80 97 121 145 159 157 151 142 130 121 117 113 105 97 91 91 90 88 87 86 86 87 88 90 90 92 92 92 94 96 96 96 92 92 91 89 89 92 94 98 97 95 95 100 110 127 133 131 117 94 70 53 47 60 85 116 133 142 137 124 117 106 105 107 121 141 156 172 183 185 187 187 186 187 186 185 186 187 187 188 188 187 187 189 189 191 191 194 195 195 196 199 197 195 195 194 194 194 194 192 192 190 190 188 187 186 185 183 182 183 184 186 187 182 171 158 150 139 139 144 156 169 178 180 177 176 174 174 174 175 173 173 171 170 163 158 158 159 150 132 115 98 85 74 73 81 91 95 94 88 82 75 68 65 64 66 65 57 55 55 55 55 53 53 51 56 54 54 53 51 51 50 50 50 53 53 53 53 52 51 51 51 51 51 51 51 51 51 49 46 45 44 43 42 41 40 38 41 39 40 40 40 41 41 41 43 43 45 46 48 48 49 48 45 44 44 43 44 42 43 42 43 42 44 43 44 44 45 44 45 44 45 44 46 46 48 48 51 50 51 49 50 49 49 48 49 48 49 48 50 49 50 49 51 50 52 51 53 52 53 52 53 52 53 52 53 52 53 52 53 52 53 52 53 52 53 52 48 47 48 48 49 49 50 50 53 52 54 53 54 52 52 50 52 50 50 48 48 46 46 45 45 46 49 53 56 58 61 62 61 59 59 57 59 57 57 59 58 57 59 56 57 54 56 53 58 56 58 56 58 56 58 56 0 0 0 0 0 0 0 0
0 0 0 0 0 0 0 0 40 40 40 40 41 41 41 41 42 42 42 42 45 45 45 46 48 48 48 48 48 49 49 51 52 55 59 59 60 61 66 73 76 79 79 79 79 74 65 61 64 80 109 130 132 140 152 152 159 164 169 175 181 186 188 186 185 182 180 181 184 187 189 189 184 183 183 184 184 185 183 183 184 183 180 178 177 178 176 177 178 178 178 176 175 174 174 175 169 158 145 137 133 135 145 155 170 173 179 181 181 180 183 183 182 182 183 184 185 187 190 191 191 191 191 191 191 191 191 191 190 190 191 191 191 191 192 192 191 191 191 191 191 191 190 190 189 190 191 191 191 191 190 190 190 190 190 190 191 191 191 191 189 187 185 183 184 186 189 191 197 196 194 195 197 197 193 191 175 170 163 158 155 150 144 140 141 143 145 145 147 154 165 174 177 179 182 186 189 190 190 189 185 184 182 181 180 180 181 181 183 183 183 184 184 185 186 187 184 181 181 178 178 176 173 172 169 167 166 165 160 154 147 143 125 109 93 84 87 103 125 140 151 150 148 137 124 117 113 106 102 96 94 92 89 88 87 86 87 87 88 88 90 91 91 92 96 96 96 92 92 91 89 89 91 93 94 94 92 94 99 109 127 133 130 117 94 70 52 47 58 84 116 133 140 134 121 113 107 107 110 125 144 159 173 184 185 187 188 186 187 186 186 186 188 188 188 187 188 187 187 187 191 191 192 193 195 196 197 197 194 195 193 194 194 193 192 191 190 190 187 187 186 185 182 182 185 185 184 185 183 176 165 156 141 138 135 145 161 174 179 178 176 173 173 173 172 172 171 168 169 162 158 157 159 153 140 127 107 94 79 71 74 82 86 89 85 77 70 63 59 58 60 59 50 49 49 49 49 47 47 45 49 47 47 45 45 44 42 44 43 45 46 47 46 45 43 42 42 42 42 42 42 42 42 40 39 37 37 37 38 38 38 36 39 37 38 38 38 39 39 39 40 39 42 41 43 40 41 38 38 35 37 35 36 34 35 33 34 32 35 33 35 34 36 34 36 34 37 35 37 35 37 34 39 36 38 36 37 35 36 34 35 33 36 34 37 35 38 36 38 36 38 36 39 37 40 38 40 38 40 38 40 38 40 38 39 37 39 37 39 37 39 37 38 36 39 38 41 40 43 41 46 44 48 47 49 47 48 45 47 44 44 41 40 37 37 34 33 34 36 38 40 41 42 43 43 41 41 39 41 39 39 39 42 42 44 42 43 41 43 41 44 42 44 42 44 42 44 42 0 0 0 0 0 0 0 0
0 0 0 0 0 0 0 0 36 36 38 38 38 38 40 40 39 39 41 42 42 42 43 44 46 46 46 46 46 46 48 48 47 51 56 57 58 60 65 71 72 72 70 72 71 69 64 61 71 83 112 130 135 141 151 153 161 165 170 176 183 186 187 186 185 182 182 181 184 187 189 189 184 183 183 184 184 185 183 183 185 184 180 178 177 177 175 176 176 178 179 177 174 174 177 181 178 167 153 143 136 134 142 151 166 170 177 180 180 179 181 181 181 181 183 183 185 187 190 191 191 191 191 191 191 191 191 191 189 190 190 191 191 192 192 193 192 192 192 191 191 190 190 190 190 191 191 192 192 192 191 191 189 189 190 190 190 191 191 191 197 194 191 187 187 188 191 193 195 194 192 194 197 198 195 193 189 185 179 175 171 165 157 150 146 145 143 138 137 143 156 166 166 169 174 180 184 187 188 188 189 188 186 184 183 183 184 184 181 181 181 182 183 184 185 186 183 183 182 179 177 176 173 171 177 173 166 161 159 156 157 154 140 124 106 87 79 85 105 120 143 147 149 140 129 119 118 112 104 99 98 94 92 90 89 88 89 87 87 88 90 91 91 92 96 96 94 92 91 89 87 87 87 91 93 93 91 93 97 107 124 132 129 116 93 69 52 46 56 83 115 132 139 132 118 111 108 109 112 128 147 161 175 185 185 187 188 187 187 186 186 186 188 188 188 187 188 187 187 187 191 191 192 193 195 196 197 197 194 195 193 194 194 193 192 191 190 190 187 186 186 185 182 182 183 185 185 186 186 180 168 160 145 139 132 139 155 170 176 176 174 172 172 171 171 170 168 167 168 161 157 159 160 156 147 137 115 101 84 74 73 79 85 87 88 81 72 65 60 59 62 61 54 51 52 51 51 51 51 49 47 45 44 44 43 43 41 43 45 47 48 49 48 47 45 44 44 44 44 44 44 44 44 42 43 41 42 43 45 45 46 47 47 46 46 44 47 45 45 46 46 46 49 46 47 43 43 39 41 39 41 38 40 37 39 36 37 35 37 35 38 36 39 37 37 36 40 38 40 37 37 34 36 34 36 33 35 32 34 32 32 30 33 32 34 33 36 34 34 32 34 33 35 34 36 34 36 34 36 34 36 34 36 34 34 32 34 32 34 32 34 32 38 37 40 39 42 41 44 43 49 48 52 51 54 52 53 50 51 48 49 44 44 39 39 36 32 29 30 27 27 24 23 21 25 24 24 22 22 22 22 22 27 27 29 29 30 30 31 31 33 32 33 32 33 32 33 32 0 0 0 0 0 0 0 0
0 0 0 0 0 0 0 0 24 24 26 26 26 26 28 28 30 30 30 29 29 30 32 35 36 38 36 36 36 36 35 37 40 42 44 45 46 46 45 46 53 53 55 57 57 50 52 60 69 85 117 135 135 140 150 153 164 169 174 179 183 187 188 188 183 180 180 179 182 184 187 187 183 182 182 182 182 182 180 180 180 180 178 178 178 178 176 176 176 177 177 173 169 170 176 183 182 176 163 149 137 134 138 142 156 163 173 178 179 178 180 181 181 181 182 183 184 185 188 189 190 190 190 190 190 190 190 190 191 191 191 191 191 191 191 191 192 192 192 192 192 192 192 192 191 191 191 191 191 191 191 191 192 192 192 192 192 192 192 192 192 192 191 190 190 189 188 188 191 191 190 191 192 193 191 192 188 188 188 186 182 175 169 165 160 156 149 142 137 137 142 147 148 153 160 165 168 173 180 184 187 191 195 193 186 181 180 182 181 181 180 179 180 182 185 186 186 184 183 180 177 176 175 173 172 172 170 168 166 164 164 159 157 139 122 101 82 74 81 92 117 130 141 136 126 119 119 115 109 102 103 101 98 95 90 86 93 90 89 89 91 92 92 93 93 95 93 91 90 88 86 86 88 90 92 91 92 94 97 105 122 130 128 114 92 69 51 46 60 82 113 131 137 126 110 105 98 107 116 132 150 165 177 183 185 187 188 187 188 186 186 186 186 186 186 185 187 186 187 187 189 189 192 193 193 194 195 195 197 197 195 194 194 193 192 192 190 190 188 187 187 186 184 184 183 182 183 186 185 181 171 162 145 136 132 139 149 160 169 176 171 169 170 171 172 172 168 165 165 165 163 162 158 153 152 151 133 111 92 82 77 79 93 107 107 113 105 92 92 94 92 90 83 79 81 80 82 82 81 79 81 82 83 81 81 81 80 81 82 82 81 81 80 79 78 78 77 77 77 77 77 77 77 77 76 73 72 75 79 82 83 80 81 80 80 79 81 80 80 80 79 79 82 80 81 77 77 74 75 72 73 69 70 67 69 67 72 70 72 71 73 72 74 72 72 72 75 75 76 73 73 69 68 66 67 65 67 64 66 64 64 62 64 62 64 62 63 61 63 62 64 62 65 63 65 64 67 64 64 60 61 60 62 61 63 61 63 61 63 61 63 61 67 66 70 70 75 76 80 79 83 82 85 84 86 84 86 84 81 78 78 73 73 68 68 65 62 62 62 53 44 35 33 33 35 33 33 32 32 32 32 32 33 35 40 42 46 44 45 43 45 43 46 44 47 45 47 45 0 0 0 0 0 0 0 0
0 0 0 0 0 0 0 0 22 22 23 23 23 23 25 25 26 25 27 26 26 26 29 32 36 39 39 37 37 37 37 37 39 41 42 44 44 42 41 43 46 48 51 56 56 49 50 56 67 82 113 134 136 140 151 154 164 170 176 179 185 187 188 188 183 182 181 179 182 185 187 187 183 182 182 182 182 182 180 180 180 180 178 178 178 178 176 176 175 177 176 173 169 170 176 181 183 178 168 155 143 138 138 140 150 158 169 175 175 175 179 183 182 182 183 183 184 185 188 189 190 190 190 190 190 190 190 190 191 191 191 191 191 191 191 191 192 192 192 192 192 192 192 192 191 191 191 191 191 191 191 191 192 192 192 192 192 192 192 192 192 192 191 190 190 189 188 188 187 187 186 187 188 188 187 187 189 190 190 189 186 182 178 176 168 165 160 155 150 146 143 142 138 141 146 150 154 160 167 172 178 183 188 191 189 186 184 183 183 180 178 175 175 177 179 181 183 181 181 179 176 175 175 173 174 172 171 170 169 167 167 163 163 147 132 112 88 72 73 77 98 113 128 129 124 120 116 111 110 107 109 107 105 99 94 89 93 90 89 89 90 91 91 92 93 93 93 90 88 86 86 86 88 90 90 90 92 92 95 105 121 129 127 114 92 68 51 45 60 83 114 132 136 124 108 102 100 110 121 136 153 166 177 182 185 187 188 186 187 186 186 186 186 186 186 185 187 186 187 187 189 189 192 193 193 194 195 195 196 196 193 193 192 192 191 191 190 190 187 187 187 186 184 184 183 182 182 185 185 183 175 167 151 141 135 138 145 154 163 169 168 167 169 171 172 172 169 166 168 165 165 162 160 157 157 156 147 126 103 88 83 89 109 131 147 157 154 144 145 144 139 136 134 130 130 131 132 131 132 129 135 133 134 135 135 134 133 133 137 138 141 139 140 135 133 129 128 126 128 126 128 126 128 126 125 124 125 128 132 133 134 132 133 131 131 130 131 131 132 132 130 131 132 132 131 129 127 126 124 123 121 120 118 118 117 117 122 122 123 123 124 124 124 124 125 125 127 127 126 123 121 119 119 119 118 118 117 117 117 117 115 115 115 115 115 115 116 116 116 116 116 116 117 117 117 118 118 117 115 114 113 113 114 115 115 114 115 114 115 114 115 114 119 119 121 122 125 126 129 129 133 133 135 135 136 135 136 134 132 130 129 125 122 118 117 115 105 104 104 95 84 77 75 74 73 73 73 71 71 70 71 71 75 77 82 83 87 85 87 84 85 83 85 84 86 84 87 85 0 0 0 0 0 0 0 0
0 0 0 0 0 0 0 0 25 25 27 27 27 27 29 29 29 28 29 29 29 30 31 34 40 40 41 41 40 41 41 41 43 43 44 46 44 43 43 45 48 51 54 59 58 51 47 49 64 81 112 131 135 143 154 157 165 170 176 181 186 189 188 187 186 182 181 180 182 184 188 188 184 183 183 183 183 183 181 181 180 180 178 178 178 178 176 176 174 176 176 173 170 170 174 179 184 180 173 163 152 143 138 137 139 150 165 171 171 172 179 184 182 182 184 184 185 186 188 189 190 190 190 190 190 190 190 190 191 191 191 191 191 191 191 191 192 192 192 192 192 192 192 192 191 191 191 191 191 191 191 191 192 192 192 192 192 192 192 192 192 192 191 190 190 189 188 188 186 186 185 185 186 187 185 185 189 189 189 189 188 187 186 185 179 177 174 172 168 160 149 141 135 136 137 138 141 146 152 157 167 170 176 182 187 187 184 181 184 182 179 176 176 178 181 183 179 180 181 179 177 176 176 173 173 171 171 170 169 170 171 166 165 154 143 125 102 80 69 64 69 82 102 113 119 120 119 113 111 109 112 111 108 103 96 92 93 91 91 90 90 90 91 91 93 93 93 90 88 86 86 84 87 89 89 89 89 92 95 106 121 129 127 113 91 67 50 45 61 85 116 132 135 121 103 97 101 113 126 142 157 168 177 181 184 186 187 186 187 185 185 185 185 185 185 185 184 184 186 186 189 189 190 191 193 194 195 195 194 194 192 192 191 191 189 189 190 189 187 187 186 186 184 184 182 180 180 182 184 183 176 171 160 148 137 135 138 145 154 164 164 166 168 171 172 173 170 168 169 168 166 163 162 161 163 164 157 138 117 102 92 99 126 153 178 194 198 192 195 193 187 184 182 180 180 181 181 179 181 179 189 188 188 189 189 188 188 189 188 190 194 193 193 186 184 178 179 177 179 177 179 177 179 177 178 175 176 178 182 186 186 183 182 180 180 179 179 180 180 180 181 182 183 183 182 181 179 178 175 174 172 171 170 169 169 169 175 175 176 176 176 177 177 177 179 179 180 179 178 175 172 171 171 171 171 170 170 169 169 169 167 167 168 168 169 169 170 170 170 170 170 170 171 171 171 172 171 170 169 168 168 168 169 169 168 166 168 166 168 166 168 166 173 172 175 174 177 176 179 177 183 181 184 183 185 183 185 182 184 180 180 175 173 168 168 164 167 167 166 159 151 144 143 142 140 140 140 138 138 136 138 138 139 141 146 146 149 148 149 147 148 146 148 147 149 147 150 148 0 0 0 0 0 0 0 0
0 0 0 0 0 0 0 0 63 63 65 65 65 65 66 66 67 66 68 68 68 69 72 74 77 79 78 79 78 79 80 80 82 84 85 84 85 85 86 88 94 100 102 104 98 86 73 68 69 83 112 133 137 143 154 157 165 172 176 180 186 188 189 187 186 182 182 180 183 184 188 188 184 183 183 183 183 183 181 181 180 180 178 178 178 178 176 176 174 175 175 173 171 171 173 176 182 180 177 169 159 148 138 133 129 142 161 170 172 172 179 184 183 183 185 186 186 187 189 188 191 191 191 191 191 191 191 191 191 191 191 191 191 191 191 191 192 192 192 192 192 192 192 192 191 191 191 191 191 191 191 191 191 191 191 191 191 191 191 191 191 191 191 190 190 189 189 189 189 189 187 188 188 189 187 187 186 185 184 184 184 185 186 186 186 184 184 185 184 176 163 152 149 147 144 141 140 142 145 148 156 156 159 167 176 181 180 177 179 178 179 179 180 182 183 184 180 180 180 181 179 178 175 174 172 170 170 172 171 171 172 168 157 153 151 141 121 99 80 67 58 65 79 92 103 111 117 115 113 113 114 111 108 103 100 96 95 93 95 93 92 90 91 94 93 93 91 90 88 86 84 84 88 89 89 89 88 91 95 107 121 130 127 114 92 68 51 46 63 87 117 132 132 116 99 93 100 113 129 146 161 170 177 182 183 186 186 185 186 185 184 184 185 184 184 184 184 184 186 186 189 189 190 191 193 194 195 195 195 194 192 192 191 191 190 189 189 189 187 186 186 186 183 183 183 181 179 180 181 181 176 173 165 154 140 134 132 137 147 159 160 163 167 170 172 171 171 170 171 169 168 165 164 164 168 168 157 144 128 112 100 102 131 159 192 213 221 219 222 221 216 216 210 207 207 207 206 206 209 208 216 214 217 215 217 217 216 216 213 215 216 216 215 213 210 208 211 211 211 211 211 211 211 211 209 207 208 211 216 217 216 214 211 209 209 208 208 206 207 209 212 213 214 214 214 212 210 209 208 207 205 204 202 202 201 201 208 208 208 209 209 209 210 210 211 211 211 211 210 208 207 206 204 204 204 203 203 203 202 202 201 201 201 202 203 203 204 204 204 204 204 205 205 205 206 206 205 205 205 205 205 205 206 206 205 203 203 203 203 203 203 203 206 206 206 207 207 207 207 207 209 209 210 211 211 211 210 210 210 209 207 205 203 201 200 199 193 192 191 187 182 177 177 178 177 175 175 175 175 173 173 175 176 177 179 181 182 182 182 182 183 183 184 184 184 185 185 185 0 0 0 0 0 0 0 0
0 0 0 0 0 0 0 0 108 108 108 108 110 110 112 112 113 112 114 114 115 115 117 118 126 127 127 128 127 128 129 129 133 133 135 137 139 141 142 147 153 159 159 154 143 123 98 83 79 90 117 135 138 146 155 157 167 173 176 182 187 188 189 188 186 182 181 180 182 184 186 186 184 183 183 183 183 183 181 181 180 180 178 178 178 178 176 176 175 175 176 175 173 172 173 174 178 178 177 172 164 152 139 131 123 137 158 170 173 174 179 182 184 184 186 187 188 187 189 188 191 191 191 191 191 191 191 191 191 191 191 191 191 191 191 191 192 192 192 192 192 192 192 192 191 191 191 191 191 191 191 191 191 191 191 191 191 191 191 191 191 191 190 190 190 190 189 189 191 191 189 190 190 190 188 189 186 185 183 182 182 182 183 184 188 186 186 189 192 188 179 171 171 167 160 154 150 147 145 144 145 141 141 148 161 171 174 174 172 174 177 180 182 182 181 180 179 178 178 179 177 176 173 173 171 170 170 171 170 172 171 169 155 156 159 152 141 122 102 83 69 64 65 71 80 93 110 116 116 114 115 114 110 107 106 105 97 98 99 98 96 93 94 95 93 93 91 90 88 86 84 84 87 89 88 88 89 92 95 104 122 131 128 115 93 69 52 47 64 88 117 130 128 111 95 91 98 113 130 148 162 170 178 183 183 185 185 184 185 184 183 184 183 182 182 182 184 184 186 186 188 188 190 191 191 192 193 193 196 195 193 193 192 192 191 190 189 189 186 186 186 185 183 183 184 182 179 178 175 175 173 172 167 157 144 135 127 129 142 155 156 161 166 171 170 170 171 171 171 169 169 167 166 165 169 170 159 146 130 109 93 95 125 153 192 216 227 226 228 225 221 222 216 215 216 214 212 212 216 217 217 216 219 217 219 219 218 217 218 217 217 216 217 218 219 219 221 221 221 221 221 221 221 221 219 219 219 222 226 227 226 223 221 220 219 217 218 218 218 218 220 223 224 225 225 223 222 221 218 217 215 213 212 212 211 211 216 216 216 217 217 218 218 218 217 218 218 219 219 219 218 218 217 217 217 216 216 216 215 215 214 214 215 215 216 216 216 217 216 216 217 217 217 218 218 218 219 219 220 221 221 222 222 220 219 219 219 219 219 219 219 219 220 220 220 219 219 218 218 217 217 217 218 218 218 217 216 216 216 216 216 215 215 215 215 212 218 219 219 218 216 213 214 215 214 213 213 213 213 211 211 211 216 218 219 220 220 220 221 220 223 223 223 223 224 224 224 225 0 0 0 0 0 0 0 0
0 0 0 0 0 0 0 0 157 157 157 157 157 159 159 159 160 160 159 160 162 163 165 167 172 173 173 172 172 173 173 174 175 177 179 181 184 187 190 195 200 205 205 195 178 148 115 92 85 97 119 136 141 147 155 156 168 173 177 181 187 190 189 187 185 181 180 179 181 182 185 185 183 182 182 182 182 182 180 180 180 180 178 178 178 178 176 176 176 176 177 177 176 174 173 172 175 176 175 173 167 156 143 134 124 135 153 165 172 175 179 181 184 185 188 189 189 188 189 188 192 192 192 192 192 192 192 192 191 191 191 191 191 191 191 191 192 192 192 192 192 192 192 192 191 191 191 191 191 191 191 191 190 190 190 190 190 190 190 190 190 190 190 190 190 190 190 190 191 191 189 189 189 189 187 187 189 188 186 185 184 183 183 183 187 186 186 189 193 193 190 186 186 182 176 170 164 158 151 147 139 135 132 137 148 159 165 166 170 172 177 180 182 182 181 178 178 178 176 173 172 172 171 169 169 169 169 170 169 170 169 167 158 160 162 159 153 139 120 100 74 61 52 54 62 82 106 121 112 114 117 119 117 112 111 108 100 100 102 101 99 95 96 96 93 91 91 88 88 86 84 84 86 88 89 89 91 90 93 103 122 130 128 115 93 69 51 46 66 89 117 127 123 107 93 90 100 116 134 150 163 170 177 183 182 184 185 183 184 183 183 181 183 181 181 181 184 184 186 186 188 188 190 191 191 192 193 193 196 196 193 193 192 192 191 191 188 188 186 186 185 185 183 182 183 182 180 178 174 173 172 172 168 160 150 139 127 125 136 149 153 160 166 171 169 169 169 171 171 172 169 168 166 166 171 169 164 146 127 102 84 82 110 138 170 198 213 213 213 208 202 204 200 200 200 198 196 196 199 203 204 204 205 205 205 206 205 205 206 203 202 201 202 205 208 210 205 205 205 205 205 205 205 205 208 207 208 210 213 213 211 208 210 209 208 206 207 205 205 207 207 208 209 210 210 209 207 206 201 200 198 197 196 195 195 195 198 198 198 199 199 199 200 200 200 200 200 201 202 202 203 203 204 204 204 203 203 203 202 202 202 202 202 202 202 202 202 202 202 202 202 202 203 203 203 204 205 206 207 209 210 210 210 210 210 208 208 208 208 208 208 208 207 207 206 205 205 204 203 203 200 200 201 201 201 200 199 198 198 198 199 200 201 202 202 203 199 197 198 199 200 201 199 200 198 198 197 197 197 197 195 197 200 200 200 200 200 200 200 200 201 201 201 202 202 202 203 203 0 0 0 0 0 0 0 0
0 0 0 0 0 0 0 0 194 194 194 194 194 195 195 195 199 199 199 200 203 204 205 208 212 214 214 212 212 210 210 210 210 211 213 215 217 220 224 228 232 239 239 224 203 170 131 101 87 98 119 136 141 148 155 156 168 173 177 183 187 189 188 187 184 180 179 177 180 181 184 184 182 181 181 181 181 181 179 179 180 180 178 178 178 178 176 176 177 177 178 178 178 176 174 172 174 174 173 173 169 160 148 139 131 135 146 156 166 173 179 181 185 186 189 190 190 189 189 187 192 192 192 192 192 192 192 192 191 191 191 191 191 191 191 191 192 192 192 192 192 192 192 192 191 191 191 191 191 191 191 191 190 190 190 190 190 190 190 190 190 190 190 190 190 190 190 190 192 192 190 190 189 189 187 187 191 190 189 188 187 186 185 185 185 186 187 188 190 191 191 191 190 188 185 183 179 171 162 155 147 143 138 137 141 146 148 149 158 161 165 170 175 179 183 183 184 180 177 174 172 172 172 171 168 169 168 168 167 168 166 166 160 162 163 159 157 152 137 117 91 73 57 50 52 65 90 106 102 106 119 123 121 112 109 103 100 101 102 101 98 95 97 97 93 91 91 88 88 86 84 84 84 87 90 91 91 91 92 101 120 128 126 112 90 67 49 44 67 90 116 124 119 104 92 91 106 122 139 154 164 169 176 182 181 183 184 183 184 182 182 180 182 180 180 181 183 184 184 184 188 188 189 190 191 192 193 193 194 194 192 192 191 191 189 189 188 188 186 185 185 185 182 182 181 181 181 179 176 175 174 174 171 165 154 142 129 122 130 142 151 159 166 171 169 168 169 171 170 171 172 171 168 167 169 167 160 145 129 107 86 75 93 113 141 175 197 202 204 198 192 193 188 189 190 187 182 182 187 191 196 197 197 198 198 199 199 196 196 194 194 194 195 196 197 198 194 194 194 194 194 194 194 196 198 197 196 197 199 198 196 193 195 193 193 191 192 192 190 192 193 195 196 197 197 196 195 194 191 190 188 187 185 185 184 184 187 187 188 188 188 189 189 189 192 192 192 192 192 192 193 193 193 193 193 192 192 192 191 191 192 191 191 190 189 189 188 188 188 188 189 189 190 190 190 190 190 192 194 196 197 198 197 196 197 197 197 197 197 197 197 197 196 196 196 195 194 193 193 192 189 189 190 190 189 188 187 187 187 187 187 188 189 190 191 189 197 196 197 198 197 198 198 198 196 196 196 196 195 195 195 195 194 195 195 194 194 194 195 195 196 196 196 196 197 197 197 198 0 0 0 0 0 0 0 0
0 0 0 0 0 0 0 0 184 182 184 182 184 184 184 184 194 194 194 194 197 199 200 202 209 211 211 209 209 208 208 208 206 205 205 207 208 211 214 217 224 231 230 217 194 159 118 86 87 96 118 135 140 148 155 154 166 170 175 179 183 184 185 184 183 179 178 177 179 179 181 181 180 178 180 178 180 178 178 178 180 180 178 178 178 178 176 178 178 178 181 179 182 178 176 172 176 173 175 173 172 162 154 144 138 138 141 149 160 171 180 182 185 186 189 191 190 189 187 187 192 192 192 192 192 192 192 192 191 191 191 191 191 191 191 191 192 192 192 192 192 192 192 192 191 191 191 191 191 191 191 191 190 190 190 190 190 190 190 190 190 190 190 190 190 190 190 190 194 194 192 191 191 191 189 189 190 190 190 189 190 188 187 186 185 187 188 189 188 188 189 191 189 189 190 190 189 182 172 164 160 155 148 143 139 136 134 132 138 140 144 151 160 169 180 183 189 184 181 176 174 173 174 175 168 168 169 168 168 168 166 166 161 164 162 158 159 160 149 132 122 100 78 59 47 48 67 80 99 107 124 132 128 119 108 100 101 104 105 103 97 94 95 98 95 93 90 88 86 84 82 82 79 85 90 92 94 94 95 101 120 128 126 111 88 64 49 44 68 90 115 122 115 101 91 90 112 126 143 156 162 167 173 180 181 183 184 182 183 182 183 182 182 182 182 183 183 184 184 184 188 188 189 190 191 192 193 195 193 193 193 192 192 189 189 188 188 188 186 185 185 182 182 182 179 180 181 181 178 177 177 178 172 168 158 145 130 121 126 137 151 159 167 171 168 167 169 170 170 171 172 171 168 166 167 164 151 142 138 121 98 79 81 94 134 172 204 213 219 214 207 208 198 199 199 194 189 188 193 198 200 200 201 201 201 203 202 200 203 202 203 204 204 203 202 201 202 202 202 202 202 202 202 204 204 203 202 203 204 204 201 198 198 196 197 195 196 195 195 195 199 202 203 204 204 203 202 201 202 201 199 198 197 196 196 196 197 196 196 197 198 198 199 199 205 205 203 203 202 202 202 202 199 199 198 198 198 197 197 197 198 197 196 195 194 193 192 192 194 195 195 195 196 194 194 195 193 195 197 199 201 202 201 201 202 202 202 202 202 202 202 202 201 201 201 200 199 199 198 198 195 195 196 196 195 194 193 192 193 193 193 193 194 194 194 194 192 191 190 191 192 193 192 191 196 196 196 194 194 192 192 194 194 194 193 192 192 192 192 193 196 194 196 195 195 195 196 196 0 0 0 0 0 0 0 0
0 0 0 0 0 0 0 0 179 177 180 179 182 183 183 184 187 188 190 191 193 196 201 206 206 207 206 203 202 200 202 201 199 196 197 198 205 207 208 208 213 220 225 217 191 152 114 91 86 103 121 135 142 145 148 155 163 167 168 172 174 175 175 177 177 177 176 177 175 176 176 176 176 174 176 175 177 176 176 176 177 177 177 178 178 179 179 179 181 181 183 181 183 179 180 178 177 175 177 174 172 164 161 156 150 148 138 140 159 170 173 181 183 184 186 189 190 189 185 184 194 194 194 194 194 194 194 194 192 192 192 192 192 192 192 192 191 191 191 191 191 191 191 191 191 191 191 191 191 191 191 191 191 191 191 191 191 191 191 191 192 192 192 192 192 192 192 192 192 192 192 192 192 192 192 192 191 191 191 189 191 189 191 189 187 187 187 186 186 185 185 185 187 188 189 189 186 182 178 175 173 169 162 157 152 146 139 133 131 131 132 137 146 155 168 173 179 177 179 178 178 178 174 173 178 176 174 170 168 167 166 165 166 164 163 162 159 155 150 145 136 118 100 84 65 56 61 67 89 108 131 139 137 131 122 111 111 106 103 104 104 104 102 98 100 95 90 85 80 77 76 77 77 77 82 90 101 106 104 105 120 126 127 116 91 64 51 52 72 96 111 113 112 99 87 93 105 130 150 159 160 163 169 175 178 180 180 180 182 184 187 188 185 185 183 183 182 183 183 185 189 188 190 189 190 191 191 193 193 193 193 193 193 191 189 189 187 187 185 183 183 181 181 181 181 181 181 181 179 179 178 178 176 167 157 151 140 128 124 127 144 154 166 171 170 166 167 170 173 171 169 171 172 168 165 157 148 147 146 135 110 88 86 92 131 159 205 229 226 225 221 206 205 206 207 202 193 190 193 199 201 203 206 208 208 206 203 200 204 205 207 208 209 210 210 210 207 207 206 206 206 205 205 205 204 204 204 204 203 203 202 200 203 203 203 203 203 201 201 201 206 206 206 206 206 206 206 206 205 205 205 205 205 205 205 203 196 195 196 197 200 201 202 202 204 204 206 206 205 204 203 202 203 203 202 201 200 199 198 198 196 196 195 194 193 194 194 194 199 200 200 200 201 199 199 200 203 203 201 201 201 201 201 201 202 202 202 202 202 202 202 202 200 200 200 199 198 198 197 197 198 197 195 195 195 196 198 199 195 195 194 194 194 194 193 193 191 191 192 194 196 196 199 199 200 200 201 199 200 199 200 200 202 200 196 194 192 192 192 193 198 197 200 199 199 199 198 197 0 0 0 0 0 0 0 0
0 0 0 0 0 0 0 0 177 178 178 179 180 181 184 184 184 186 188 189 190 192 199 202 200 199 199 198 197 196 198 198 199 200 198 199 200 203 202 202 209 217 222 214 190 151 114 91 89 106 126 136 143 143 147 153 161 165 167 168 170 172 174 174 177 177 176 177 175 176 174 174 174 174 174 175 175 176 176 176 177 177 177 178 178 179 179 181 183 183 183 183 183 182 181 180 177 178 178 177 174 170 165 162 156 152 139 137 154 166 171 180 182 183 184 187 188 187 184 182 194 194 194 194 194 194 194 194 192 192 192 192 192 192 192 192 191 191 191 191 191 191 191 191 191 191 191 191 191 191 191 191 191 191 191 191 191 191 191 191 192 192 192 192 192 192 192 192 192 192 192 192 192 192 192 192 191 191 191 191 191 191 191 189 188 187 187 186 186 186 185 185 186 187 187 187 185 181 178 176 176 173 169 166 163 158 152 147 138 137 136 137 139 146 153 155 161 163 168 172 173 174 172 172 176 175 174 171 169 166 164 161 164 163 162 159 159 155 153 147 139 125 111 98 83 71 70 70 81 96 118 130 135 139 137 129 122 113 106 104 105 107 105 101 104 100 95 89 84 81 78 79 80 81 86 94 104 109 109 111 128 133 131 117 94 67 55 57 77 99 111 111 109 97 86 93 108 132 152 158 159 161 167 172 177 178 180 180 184 186 188 189 188 185 185 184 182 184 184 185 187 187 188 188 188 190 192 191 194 194 194 194 192 190 190 188 187 187 185 183 183 181 181 181 181 181 181 181 179 179 178 178 176 169 160 154 144 131 125 126 141 151 163 170 170 168 167 169 171 171 170 172 172 170 165 158 151 151 151 142 121 99 93 94 118 146 194 222 224 228 227 213 207 209 208 203 197 193 195 198 199 201 204 206 206 204 202 200 202 202 204 205 206 206 205 204 205 205 204 204 203 203 203 203 203 204 204 205 206 207 208 208 208 208 208 208 208 208 208 208 201 201 201 201 201 201 201 201 202 202 202 202 202 202 202 198 192 190 191 192 192 195 195 196 198 199 199 199 201 198 199 198 199 199 200 197 199 196 198 195 200 198 200 198 201 200 203 204 205 205 205 206 206 204 205 203 206 204 204 202 204 202 202 202 203 202 203 202 203 202 203 202 201 200 201 199 200 199 200 199 201 199 199 198 199 198 199 199 201 200 201 201 202 201 203 202 199 199 202 204 207 210 211 213 213 214 214 212 213 211 212 212 207 206 205 201 200 201 202 201 196 196 198 199 199 197 198 196 0 0 0 0 0 0 0 0
0 0 0 0 0 0 0 0 178 178 179 180 180 181 184 184 185 186 187 187 190 192 195 198 197 197 197 197 197 197 199 199 201 204 203 201 198 197 197 200 205 212 217 210 188 149 113 91 92 108 128 138 143 143 147 152 161 165 167 168 170 172 174 174 177 177 176 177 175 176 174 174 176 176 176 177 177 178 178 178 179 179 179 180 180 181 181 181 182 183 183 183 183 182 181 181 179 179 180 180 178 175 171 169 164 157 139 133 147 158 165 177 179 180 182 184 184 184 183 182 193 193 193 193 193 193 193 193 192 192 192 192 192 192 192 192 191 191 191 191 191 191 191 191 191 191 191 191 191 191 191 191 191 191 191 191 191 191 191 191 192 192 192 192 192 192 192 192 192 192 192 192 192 192 192 192 191 191 191 191 191 191 191 189 188 187 187 187 186 186 186 185 186 185 184 183 182 181 180 179 180 179 178 178 177 174 169 165 153 150 144 140 136 136 138 137 140 145 154 161 163 166 169 171 172 172 172 171 169 167 164 163 163 163 162 159 158 155 153 147 142 132 123 115 103 87 74 65 63 73 90 105 120 133 142 142 134 119 105 100 101 106 107 104 101 98 93 89 83 80 76 77 84 83 86 92 101 107 108 111 128 130 123 107 83 59 49 55 84 105 111 108 104 93 83 94 114 134 153 161 161 164 169 174 178 179 181 183 184 186 187 188 187 185 185 184 183 182 184 185 183 183 184 186 187 187 188 190 193 193 191 191 191 189 189 187 187 187 185 183 183 183 183 183 181 181 181 181 179 179 179 179 177 172 166 161 149 136 127 124 137 147 157 166 169 169 168 169 168 170 171 175 176 174 169 161 154 153 154 150 135 112 98 90 98 123 170 206 217 225 227 216 207 206 206 203 199 195 196 196 205 206 209 210 211 208 207 203 201 203 205 207 208 206 203 202 204 204 204 203 203 202 202 202 195 196 197 199 201 202 204 204 204 204 204 204 204 204 204 204 203 203 203 203 203 203 203 203 205 205 205 205 205 205 205 203 195 194 194 194 194 195 195 195 197 199 200 200 202 199 200 199 200 200 202 200 201 199 201 199 192 190 192 192 196 196 200 201 201 203 203 204 204 202 203 201 203 201 201 199 201 199 199 199 199 197 199 197 199 197 199 197 195 194 196 194 196 194 197 195 196 194 196 194 195 192 193 191 192 190 193 192 196 195 198 196 195 195 196 199 201 203 203 205 206 206 206 204 205 203 203 203 199 198 199 196 196 197 198 197 199 197 201 200 201 201 202 201 0 0 0 0 0 0 0 0
0 0 0 0 0 0 0 0 180 180 181 181 182 182 185 185 187 188 189 188 190 191 194 199 196 196 199 200 201 201 202 204 204 206 207 203 197 193 195 198 201 209 213 206 182 147 111 91 93 108 127 137 143 145 147 152 161 167 168 168 172 172 174 174 177 177 176 177 177 176 176 174 176 176 176 177 177 178 178 178 179 179 179 180 180 181 181 181 182 183 183 184 184 183 182 182 180 181 182 182 182 180 178 176 172 163 141 129 139 148 156 169 176 178 181 182 182 182 183 184 192 192 192 192 192 192 192 192 191 191 191 191 191 191 191 191 191 191 191 191 191 191 191 191 191 191 191 191 191 191 191 191 191 191 191 191 191 191 191 191 192 192 192 192 192 192 192 192 192 192 192 192 192 192 192 192 192 192 192 192 192 192 192 190 189 188 187 187 187 186 186 186 185 184 182 181 180 180 181 181 183 184 185 186 186 183 179 177 167 164 156 149 141 136 133 129 129 133 140 145 148 152 158 163 163 165 169 171 173 173 171 171 168 167 166 162 161 156 152 147 143 136 132 131 121 105 84 66 58 59 68 82 101 123 137 142 139 123 107 100 100 103 104 104 100 96 93 89 83 80 77 77 86 86 88 92 102 108 112 120 127 127 116 97 71 49 45 54 92 108 111 105 98 89 82 95 116 137 155 161 162 167 171 176 180 181 183 186 186 187 188 186 185 184 184 183 182 181 181 182 180 182 182 184 186 187 188 188 191 191 191 191 191 189 189 187 188 187 187 185 185 183 185 183 182 182 181 181 179 179 178 178 176 173 170 164 154 141 129 122 132 140 150 161 167 170 168 167 166 169 173 177 178 176 171 166 156 157 158 155 145 126 105 88 88 106 149 188 207 220 227 219 206 207 206 205 202 200 198 197 208 208 211 212 211 211 208 206 203 203 206 209 208 206 202 200 201 201 201 200 200 199 199 199 202 201 201 202 203 204 204 204 207 207 207 207 207 207 207 207 203 203 203 203 203 203 203 203 203 203 203 203 203 203 203 201 199 196 196 196 197 197 196 196 200 200 203 203 203 203 202 201 201 202 202 202 202 202 202 203 196 196 197 198 200 202 203 205 207 207 207 207 208 207 207 208 208 206 206 206 206 204 204 204 204 204 204 204 204 204 204 204 201 201 202 202 203 203 204 204 201 202 202 202 201 199 197 196 193 194 195 197 198 200 201 200 201 200 202 203 203 204 205 204 207 207 205 205 205 205 203 203 207 206 206 205 204 205 206 207 204 205 205 206 205 206 206 207 0 0 0 0 0 0 0 0
0 0 0 0 0 0 0 0 182 182 182 182 183 183 184 184 189 189 190 189 190 192 195 197 198 199 202 203 204 205 206 208 206 208 211 207 201 196 197 200 201 209 211 203 180 144 107 88 91 107 124 137 143 145 148 155 163 167 168 168 172 172 174 175 177 177 177 177 177 176 176 176 176 176 176 177 177 178 178 178 179 179 179 180 180 181 181 181 182 183 183 184 184 184 183 183 181 181 183 184 184 183 183 182 177 168 144 129 134 139 146 158 170 174 179 181 181 182 183 185 192 192 192 192 192 192 192 192 191 191 191 191 191 191 191 191 191 191 191 191 191 191 191 191 191 191 191 191 191 191 191 191 191 191 191 191 191 191 191 191 192 192 192 192 192 192 192 192 192 192 192 192 192 192 192 192 192 192 192 192 192 192 192 190 189 188 188 187 187 187 186 186 185 184 182 180 180 180 182 183 184 188 189 190 186 184 182 181 179 176 169 163 155 149 144 139 130 131 132 131 130 135 142 148 152 155 159 166 172 175 177 180 173 173 170 166 164 158 153 148 142 139 139 137 135 120 99 78 66 58 58 68 86 108 124 133 136 126 115 107 106 106 108 107 106 104 100 97 93 90 86 86 91 92 95 102 108 117 122 132 138 133 116 93 67 51 51 63 100 112 110 100 94 85 82 98 119 140 156 163 166 172 175 179 182 183 186 186 186 186 186 184 182 179 180 179 179 179 179 179 179 180 182 184 186 186 188 190 193 193 193 191 191 191 191 189 188 187 187 187 187 185 187 185 182 182 182 181 181 180 178 178 176 176 172 167 160 149 133 122 128 134 144 156 164 169 169 168 164 168 174 179 179 176 173 168 159 158 159 159 153 136 112 91 84 91 127 167 195 219 232 227 211 207 207 207 204 203 200 196 201 201 205 207 208 210 209 206 204 207 210 212 212 209 206 203 205 205 204 204 204 203 203 201 202 202 201 200 199 198 197 196 199 199 199 199 199 199 199 199 197 197 197 197 197 197 197 197 195 195 195 195 195 195 195 194 198 196 195 195 196 195 195 195 198 198 201 202 202 202 201 201 200 200 200 200 201 201 201 201 198 197 197 197 197 198 199 200 200 200 201 201 201 202 202 200 202 202 202 201 201 201 201 199 199 199 199 199 199 199 199 199 199 199 199 200 200 201 202 202 200 200 201 201 200 198 196 194 197 198 199 200 202 203 204 205 206 206 208 210 210 212 214 214 214 214 214 214 211 211 209 209 215 214 212 212 213 213 213 213 213 213 211 211 211 211 211 211 0 0 0 0 0 0 0 0
0 0 0 0 0 0 0 0 182 181 182 182 182 182 182 184 185 188 189 188 188 189 194 197 200 201 202 203 205 208 209 209 212 213 214 212 210 207 204 205 208 212 213 204 179 144 107 89 91 105 124 136 143 147 150 156 163 167 168 170 172 174 175 175 177 177 177 178 177 178 176 176 176 176 176 177 177 178 178 178 179 179 179 180 180 181 181 181 182 183 183 184 185 184 184 184 181 182 183 184 185 185 185 185 182 174 151 134 134 135 137 147 161 167 175 180 180 181 183 185 191 191 191 191 191 191 191 191 190 190 190 190 190 190 190 190 191 191 191 191 191 191 191 191 191 191 191 191 191 191 191 191 191 191 191 191 191 191 191 191 192 192 192 192 192 192 192 192 192 192 192 192 192 192 192 192 193 193 193 193 193 193 193 193 190 188 188 188 187 187 187 187 186 185 183 181 181 181 182 183 186 187 188 187 183 181 181 182 186 185 183 177 171 165 160 154 142 136 129 124 123 124 129 132 139 143 148 156 164 171 176 178 175 174 172 168 163 158 152 147 142 140 139 138 136 131 116 99 84 71 62 64 74 89 103 113 126 124 124 122 117 114 113 111 112 108 106 103 100 96 92 91 91 94 99 104 112 118 125 133 144 136 114 87 63 50 54 71 105 115 107 95 89 83 86 103 124 142 159 165 167 171 176 177 183 184 185 185 185 184 183 182 176 175 175 177 176 176 174 173 176 178 180 182 184 186 187 188 191 191 191 189 191 191 191 191 188 188 187 187 187 187 187 187 185 183 182 181 181 180 177 177 177 178 175 170 164 155 139 126 127 130 137 149 160 167 169 167 164 169 174 178 177 175 173 170 161 161 161 158 154 142 121 99 82 80 106 146 181 213 234 234 218 211 208 208 207 206 203 198 200 200 203 206 210 211 211 211 211 213 216 218 218 216 214 212 215 215 214 214 213 213 213 211 209 206 205 204 202 201 199 199 200 200 200 200 200 200 200 200 203 203 203 203 203 203 203 203 200 200 200 200 200 200 200 200 204 201 201 200 202 201 201 201 202 203 206 207 207 207 206 206 209 209 209 209 209 209 209 208 205 204 203 202 202 202 202 202 205 205 205 205 206 206 204 205 206 206 204 204 204 204 202 202 203 203 203 203 203 203 203 203 206 206 206 206 206 207 207 207 207 208 208 208 207 206 205 204 208 208 209 209 210 211 211 211 212 212 214 217 221 224 226 226 226 225 225 225 224 223 221 221 221 221 219 218 218 217 217 214 217 216 212 210 208 207 207 207 0 0 0 0 0 0 0 0
0 0 0 0 0 0 0 0 186 184 186 186 186 186 186 188 187 190 190 190 190 192 197 200 204 205 205 207 208 211 211 212 215 215 215 216 217 216 212 212 216 221 221 208 181 145 110 90 94 110 128 140 146 147 150 157 163 167 168 170 172 174 175 175 179 179 177 178 177 178 176 176 178 178 178 179 179 180 180 180 181 181 181 182 182 183 183 183 182 183 184 184 185 185 185 184 181 181 182 183 184 185 185 185 185 180 159 142 139 134 131 139 151 160 171 177 179 179 181 183 190 190 190 190 190 190 190 190 190 190 190 190 190 190 190 190 191 191 191 191 191 191 191 191 191 191 191 191 191 191 191 191 191 191 191 191 191 191 191 191 192 192 192 192 192 192 192 192 192 192 192 192 192 192 192 192 193 193 193 193 193 193 193 193 190 190 189 189 189 188 188 188 188 187 186 184 183 183 183 183 184 186 186 184 181 181 181 184 190 190 190 189 183 178 173 168 160 151 140 131 130 129 126 124 129 132 135 143 149 157 162 166 168 168 166 163 159 155 150 145 140 140 137 133 135 137 132 124 108 91 75 69 66 68 79 86 106 114 128 134 129 123 119 117 112 109 107 105 102 98 95 94 91 96 100 105 112 118 123 132 144 133 109 81 55 44 53 72 107 114 104 90 85 82 89 108 130 147 162 166 168 171 174 174 180 182 183 183 183 181 178 175 171 170 170 172 171 170 170 169 172 172 175 177 179 181 183 186 187 188 188 187 188 188 188 188 188 188 188 188 188 188 188 187 185 185 184 183 181 180 179 179 180 181 179 174 169 162 148 133 129 129 132 143 158 167 168 166 166 171 174 176 175 173 173 173 166 163 162 159 155 148 131 110 87 75 89 126 165 204 232 237 225 215 211 209 210 210 205 201 209 210 210 211 212 211 210 210 207 208 210 212 213 212 211 211 211 211 211 210 210 210 209 209 212 213 213 213 213 214 214 214 214 214 214 214 214 214 214 214 209 209 209 209 209 209 209 209 209 209 209 209 209 209 209 209 206 206 205 205 207 207 207 206 209 209 212 213 214 214 213 213 216 215 215 214 214 213 213 212 218 218 217 216 215 215 216 216 220 220 220 221 221 221 220 220 220 220 219 219 219 219 217 217 217 217 217 217 217 217 217 217 223 223 223 223 222 222 222 222 222 221 220 220 220 220 220 221 221 221 220 220 219 218 218 218 216 216 219 221 222 225 227 227 231 230 228 228 225 225 222 222 221 220 219 218 216 212 210 209 199 197 193 189 184 182 181 180 0 0 0 0 0 0 0 0
0 0 0 0 0 0 0 0 193 193 193 192 194 194 194 194 192 193 195 195 196 198 201 206 209 211 212 213 214 215 216 217 219 218 218 220 226 225 221 219 225 228 226 214 187 149 112 93 98 115 131 143 146 149 150 156 163 168 170 170 174 174 175 175 179 179 179 178 178 178 178 176 178 178 178 179 179 180 180 180 181 181 181 182 182 183 183 183 182 182 184 185 185 185 185 185 181 181 182 183 183 184 185 185 188 184 165 148 143 135 129 134 145 155 168 175 177 177 179 181 190 190 190 190 190 190 190 190 190 190 190 190 190 190 190 190 191 191 191 191 191 191 191 191 191 191 191 191 191 191 191 191 191 191 191 191 191 191 191 191 192 192 192 192 192 192 192 192 192 192 192 192 192 192 192 192 193 193 193 193 193 193 193 193 190 190 190 189 189 188 188 188 188 188 187 186 185 183 182 182 183 184 184 182 180 180 183 187 191 192 193 194 192 186 181 178 177 164 151 143 140 138 130 124 123 125 127 131 138 144 150 154 160 160 159 157 154 150 146 143 137 137 132 128 130 140 142 137 129 110 90 73 62 55 60 67 91 107 130 140 136 128 124 122 116 114 112 110 107 103 100 100 101 103 108 113 119 122 126 134 146 134 109 79 55 44 56 74 107 114 104 87 83 81 88 111 134 150 162 166 166 168 169 168 174 177 178 178 177 173 172 167 166 164 166 166 167 167 166 165 167 168 169 172 176 177 180 180 184 184 184 184 184 184 186 186 187 188 188 188 188 188 188 188 187 185 184 183 181 180 179 179 182 184 181 176 172 167 153 138 129 128 129 140 155 166 169 166 167 171 174 175 173 172 172 173 168 168 164 160 157 152 138 118 95 77 85 116 156 194 225 233 230 220 213 210 212 212 208 202 219 216 215 212 207 204 200 198 193 192 196 195 198 197 199 197 196 194 195 193 195 192 194 192 185 186 188 190 192 195 197 198 199 199 199 199 199 199 199 199 202 202 202 202 202 202 202 202 205 205 205 205 205 205 205 205 205 205 205 205 207 207 207 207 208 208 211 213 213 213 213 213 214 214 213 212 211 210 210 209 207 206 206 205 205 206 206 207 207 207 207 207 208 208 206 207 206 206 204 204 204 204 202 202 199 199 199 199 199 199 199 199 208 208 208 207 206 206 205 205 202 201 199 199 199 200 202 203 202 201 200 199 198 196 195 195 195 195 195 196 195 194 193 192 199 199 198 196 195 194 193 191 192 191 190 188 185 183 178 177 171 166 162 157 152 147 146 145 0 0 0 0 0 0 0 0
0 0 0 0 0 0 0 0 209 209 209 208 209 208 208 208 209 208 207 206 207 208 209 212 215 215 215 215 216 216 216 216 218 217 216 217 220 220 218 217 220 221 220 211 186 150 118 105 105 122 136 142 145 149 151 157 163 166 168 169 173 174 175 177 181 179 179 178 178 178 178 178 179 178 178 178 178 179 180 181 181 181 181 182 182 183 183 183 183 183 183 184 184 185 185 185 184 183 183 182 182 183 183 184 187 181 172 160 149 140 133 129 137 146 159 172 179 182 183 182 188 188 189 189 189 190 190 190 190 190 190 191 191 192 192 192 191 191 191 191 191 191 191 191 193 193 193 192 192 191 191 191 190 190 190 190 190 190 190 190 192 192 192 192 192 192 192 192 193 193 193 193 193 193 193 193 193 193 193 193 193 193 193 193 191 191 190 189 188 188 187 186 183 183 184 184 184 184 184 185 183 185 186 187 185 186 187 187 189 189 189 188 188 188 188 186 182 181 177 172 162 152 141 135 128 121 116 117 119 118 124 134 148 159 150 151 151 151 155 139 139 138 138 133 133 139 145 146 143 124 104 89 71 52 46 48 68 97 120 130 139 135 126 120 120 118 115 115 111 110 111 111 107 112 131 135 119 124 135 132 146 138 100 66 57 44 48 80 110 108 100 86 78 86 102 121 141 154 159 160 164 169 168 163 170 173 175 176 174 170 169 166 168 158 163 166 160 161 165 161 170 169 167 167 171 172 177 176 180 180 183 183 182 181 182 182 185 188 189 186 185 185 188 192 186 186 184 183 182 181 178 177 181 184 183 180 175 169 158 147 136 127 124 136 152 161 166 169 170 170 170 170 169 170 171 171 172 167 162 156 154 151 143 129 105 89 81 96 134 179 215 229 229 223 216 210 210 213 213 210 220 217 213 206 197 188 178 172 169 164 161 155 156 156 160 159 159 156 158 155 157 154 156 154 151 149 150 155 163 168 169 168 168 168 168 168 168 168 168 168 170 172 176 180 181 181 179 177 183 183 184 185 186 187 188 190 193 197 198 200 200 199 200 200 202 201 202 202 201 199 198 196 199 195 191 189 189 188 186 184 185 187 187 184 177 173 172 172 175 178 178 178 177 177 177 178 178 176 173 170 169 168 168 169 166 166 166 166 166 166 166 166 170 170 170 170 170 170 170 170 170 166 164 165 166 164 162 161 161 162 161 158 157 156 153 149 153 150 148 145 143 143 144 144 145 143 143 141 141 139 139 139 137 140 144 144 139 136 134 131 125 124 121 117 114 111 108 107 0 0 0 0 0 0 0 0
0 0 0 0 0 0 0 0 191 191 191 190 191 191 190 190 192 193 193 192 192 190 188 189 188 190 189 189 188 189 189 189 193 191 189 189 190 189 186 185 187 190 191 184 163 131 103 93 109 123 139 143 146 149 153 157 163 166 168 171 173 175 177 177 181 181 179 180 178 179 178 178 179 178 178 178 178 179 180 181 181 181 181 182 182 183 183 183 183 183 183 184 184 185 185 185 184 183 183 182 182 183 183 184 189 184 176 166 156 146 138 133 134 142 154 167 175 179 181 181 188 188 188 189 189 189 190 190 190 190 190 191 191 191 192 192 191 191 191 191 191 191 191 191 193 193 193 192 192 191 191 191 190 190 190 190 190 190 190 190 192 192 192 192 192 192 192 192 193 193 193 193 193 193 193 193 193 193 193 193 193 193 193 193 192 191 191 190 189 188 187 187 185 184 184 184 184 184 184 186 186 186 186 186 185 185 185 185 186 186 186 186 185 185 185 185 186 184 182 177 172 164 156 152 140 130 124 123 119 115 117 123 134 149 144 147 145 142 152 140 138 135 132 130 128 126 127 128 131 126 120 108 89 70 55 50 61 82 101 115 134 143 138 135 131 129 129 128 124 122 117 117 124 128 141 142 130 129 133 136 138 135 104 73 62 56 62 91 107 104 93 81 78 88 107 124 145 155 157 155 158 164 166 164 173 174 173 170 165 162 160 159 158 153 160 161 153 153 160 160 156 158 163 168 173 175 174 173 176 177 180 181 182 182 182 184 180 184 186 187 185 185 187 189 185 186 184 183 182 181 180 177 180 184 183 180 176 171 161 150 141 131 126 134 148 158 162 166 172 170 169 169 167 169 170 171 174 170 164 156 156 154 147 136 118 100 86 95 126 164 201 220 227 222 218 215 215 217 214 208 209 198 187 172 161 155 150 147 139 136 135 130 131 129 131 128 129 127 128 125 126 123 125 122 119 118 119 122 125 128 128 128 126 126 126 126 126 126 126 126 124 126 130 134 137 138 138 138 141 142 142 143 144 144 145 145 166 167 168 169 170 169 170 169 168 167 169 168 166 163 163 162 164 161 158 156 156 155 154 152 150 151 149 144 136 130 128 128 141 141 142 142 140 141 141 141 141 140 136 134 133 133 133 133 129 129 129 129 129 129 129 129 131 131 131 131 131 131 131 131 132 129 127 128 128 125 120 117 113 114 113 112 112 113 113 113 113 114 114 112 115 114 114 114 115 115 115 113 113 112 113 111 116 120 124 126 125 122 121 121 118 118 117 116 112 111 111 110 0 0 0 0 0 0 0 0
0 0 0 0 0 0 0 0 172 172 172 171 170 170 171 171 169 170 173 173 171 167 165 162 160 160 159 158 157 157 157 156 159 157 155 154 155 152 149 148 154 160 165 163 149 125 104 97 109 126 142 146 147 150 154 157 164 167 169 171 174 175 177 179 181 181 181 180 178 179 178 178 180 179 179 179 179 180 181 182 182 182 182 183 183 184 184 184 183 183 184 184 184 184 185 185 184 183 183 182 182 183 183 184 187 184 178 172 164 154 143 136 133 139 150 162 171 178 181 182 187 187 188 188 188 189 189 189 190 190 190 190 191 191 191 192 191 191 191 191 191 191 191 191 192 192 192 192 191 191 191 191 190 190 190 190 190 190 190 190 192 192 192 192 192 192 192 192 193 193 193 193 193 193 193 193 194 194 194 194 194 194 194 194 194 194 193 192 192 191 190 190 188 188 187 187 186 185 185 185 187 189 186 186 186 185 183 183 185 185 183 183 183 183 182 182 185 183 182 179 178 174 170 169 156 147 140 135 126 116 112 113 125 141 138 141 136 130 142 138 134 127 124 125 123 115 114 117 117 126 130 122 104 83 66 53 53 63 73 90 122 141 142 143 143 140 135 132 127 123 120 117 123 128 136 134 125 115 113 122 124 126 101 68 57 60 75 102 106 100 86 76 77 92 112 131 150 154 154 152 153 157 158 158 163 165 164 163 158 154 150 148 145 144 152 149 137 137 145 146 148 151 156 161 167 169 169 167 167 169 172 174 177 178 179 181 179 183 184 186 187 186 186 187 185 185 185 185 184 181 180 179 180 183 184 182 177 174 165 156 144 134 127 133 143 153 163 167 173 172 168 167 167 168 171 170 178 173 164 156 155 157 153 145 131 109 91 91 114 149 187 212 223 220 221 220 221 221 212 202 197 182 165 148 136 131 128 127 116 114 114 113 114 111 109 105 107 105 105 103 102 100 100 98 97 97 98 97 95 93 94 95 92 92 92 92 92 92 92 92 98 99 100 102 104 106 107 108 108 108 108 108 108 108 108 108 133 134 135 136 136 136 138 137 129 130 131 129 127 126 131 133 130 129 128 127 126 125 124 123 120 120 118 113 108 103 101 101 95 95 95 96 94 95 95 95 95 95 92 91 90 90 91 91 85 85 85 85 85 85 85 85 87 87 87 87 87 87 87 87 87 86 85 85 84 80 71 64 74 74 75 75 76 78 81 84 87 87 91 92 96 96 98 100 101 100 101 99 100 98 99 99 103 107 112 114 115 115 114 115 121 121 121 123 124 125 126 127 0 0 0 0 0 0 0 0
0 0 0 0 0 0 0 0 127 126 128 127 126 125 127 126 121 122 124 123 121 119 117 115 112 110 111 110 109 108 107 109 105 103 104 104 104 103 102 100 114 120 129 132 123 104 90 88 107 123 140 146 150 152 155 158 164 170 172 172 175 175 179 179 181 181 181 182 180 179 179 178 180 179 179 179 179 180 181 182 182 182 182 183 183 184 184 184 184 184 184 184 184 184 184 184 184 183 183 182 182 183 183 184 184 182 179 175 170 160 147 139 134 138 146 157 169 178 183 185 186 187 187 187 188 188 188 188 189 189 190 190 190 191 191 191 191 191 191 191 191 191 191 191 192 191 191 191 191 191 191 191 191 191 191 191 191 191 191 191 192 192 192 192 192 192 192 192 192 192 192 192 192 192 192 192 194 194 194 194 194 194 194 194 194 193 193 193 192 192 191 191 189 189 188 187 186 185 185 184 190 190 187 186 185 184 182 181 183 183 181 181 181 181 180 180 181 179 179 177 176 176 177 174 168 162 156 147 136 127 121 115 104 108 99 105 104 98 106 103 106 94 90 95 94 87 86 89 104 120 132 127 112 98 79 61 53 52 52 71 106 126 130 134 144 138 131 120 111 105 103 104 98 106 111 109 97 83 82 93 104 106 85 55 45 56 80 102 107 97 80 71 78 94 115 133 149 152 152 148 148 150 150 149 151 153 158 156 151 146 138 134 132 129 137 132 121 123 129 126 138 142 147 151 154 156 161 162 161 163 167 170 173 174 175 176 181 182 182 184 185 187 188 189 185 185 185 185 185 184 181 180 180 183 184 181 178 177 170 161 144 134 127 130 138 149 162 172 173 171 167 165 165 167 169 171 178 174 165 156 153 158 157 152 139 117 98 94 104 133 176 204 219 221 224 223 223 223 212 201 186 172 154 139 132 129 128 128 139 139 142 143 147 143 140 133 137 135 135 131 132 128 128 128 127 129 129 126 121 118 119 121 118 118 118 118 118 118 118 118 117 116 114 112 111 110 111 111 108 108 107 107 106 106 105 105 113 115 116 116 117 117 119 119 112 111 109 104 101 105 117 126 120 122 124 123 121 119 119 121 118 119 119 119 118 119 120 120 130 133 133 131 132 132 132 131 131 129 129 129 129 129 130 129 125 125 125 125 125 125 125 125 126 126 126 126 126 126 126 126 126 126 126 125 124 119 106 94 94 94 97 103 106 107 111 115 122 124 128 131 137 138 139 140 145 146 144 145 144 143 144 144 142 145 151 154 155 156 156 157 166 167 167 169 172 174 176 177 0 0 0 0 0 0 0 0
0 0 0 0 0 0 0 0 95 95 95 94 94 94 95 95 96 95 94 94 95 95 96 96 89 87 88 88 87 86 85 87 83 83 85 88 91 92 92 91 105 111 120 123 113 94 82 81 104 122 139 146 150 153 157 162 168 170 172 172 175 175 179 179 183 183 181 182 180 179 179 179 180 179 179 179 179 180 181 182 182 182 182 183 183 184 184 184 184 184 184 184 184 184 184 184 184 183 183 182 182 183 183 184 183 182 180 180 177 168 154 144 135 136 141 151 163 175 182 186 186 186 186 186 187 187 187 188 189 189 189 190 190 190 191 191 191 191 191 191 191 191 191 191 190 191 191 191 191 191 191 191 191 191 191 191 191 191 191 191 192 192 192 192 192 192 192 192 192 192 192 192 192 192 192 192 193 193 193 193 193 193 193 193 193 193 192 192 192 192 191 191 190 189 189 188 187 186 185 185 191 191 190 189 185 184 184 183 184 184 184 184 182 182 182 181 178 176 176 174 173 174 176 173 173 171 167 159 151 145 138 131 101 87 72 86 100 100 104 94 100 89 82 84 85 77 73 70 86 102 118 120 119 112 95 73 59 50 42 59 88 102 109 120 134 131 124 109 90 74 68 68 61 69 79 75 60 57 64 70 73 72 64 49 44 59 81 96 105 90 72 65 74 95 116 128 139 139 141 145 147 147 147 148 155 150 143 134 124 120 117 116 115 108 111 110 110 120 124 115 113 126 141 152 153 155 161 165 162 164 168 170 173 174 174 173 178 178 178 177 180 184 185 189 184 185 185 185 185 184 181 180 181 184 183 181 180 180 175 168 150 140 131 130 134 144 157 169 171 170 168 167 166 167 169 171 174 172 164 155 153 157 158 153 145 125 105 98 99 116 154 187 210 219 225 222 219 220 213 201 179 163 142 127 126 133 142 149 162 162 165 168 175 172 169 161 166 163 164 160 160 157 157 157 158 160 161 159 155 152 153 156 153 153 153 153 153 153 153 153 152 150 146 143 140 138 138 138 135 135 134 134 133 132 132 131 121 121 121 121 122 122 124 124 122 118 111 100 93 99 117 131 133 138 143 143 139 137 138 141 142 142 143 146 150 154 156 160 157 157 157 158 158 157 158 158 158 157 157 156 156 156 156 156 155 153 153 153 153 153 153 153 149 149 149 149 149 149 149 149 148 150 150 148 148 143 128 111 111 110 117 131 140 144 147 152 161 165 169 171 175 175 176 176 181 181 182 182 181 179 180 178 176 180 184 186 187 188 188 190 196 197 198 200 200 202 203 204 0 0 0 0 0 0 0 0
0 0 0 0 0 0 0 0 99 97 99 100 100 100 103 103 107 108 108 107 108 110 113 113 113 111 110 110 112 111 111 111 116 116 117 122 126 129 129 130 135 142 149 147 131 106 91 88 104 122 140 149 152 155 160 163 168 171 173 173 175 175 179 179 183 183 181 182 180 181 179 179 180 179 179 179 179 180 181 182 182 182 182 183 183 184 184 184 185 185 184 184 184 184 183 183 184 183 183 182 182 183 183 184 185 183 183 185 185 177 163 152 134 133 134 142 156 170 179 182 185 185 185 186 186 186 187 187 188 189 189 189 190 190 190 190 191 191 191 191 191 191 191 191 190 190 190 190 191 191 191 191 192 192 192 192 192 192 192 192 192 192 192 192 192 192 192 192 191 191 191 191 191 191 191 191 191 191 191 191 191 191 191 191 191 191 191 191 191 191 191 191 189 189 189 188 187 187 186 188 192 191 191 190 187 186 185 185 185 185 185 185 183 183 183 183 180 180 178 178 176 175 175 174 172 172 171 166 161 161 156 146 118 92 75 107 142 148 150 135 132 124 117 114 114 106 96 83 78 81 89 101 113 115 103 86 68 57 48 54 69 76 86 106 125 125 122 102 73 48 40 40 32 31 45 43 32 52 77 68 52 44 46 52 55 67 85 93 93 80 64 61 75 99 118 128 128 129 133 140 145 146 148 152 159 145 125 102 88 87 95 103 93 80 78 88 108 132 132 111 86 112 143 160 163 159 162 166 163 165 170 173 176 176 175 176 173 173 172 173 176 179 182 182 183 185 184 185 185 184 181 181 181 184 182 179 180 181 177 170 161 151 139 133 131 135 147 160 168 168 168 169 168 169 170 171 170 170 166 158 155 156 157 152 148 131 117 104 93 97 128 161 195 212 225 221 217 218 214 205 187 162 130 111 116 135 160 175 170 168 169 174 180 181 176 170 172 172 170 169 168 166 165 167 168 170 171 171 170 170 171 173 172 172 172 172 172 172 172 172 177 175 173 171 169 168 169 169 168 168 167 167 166 166 165 165 157 157 157 156 157 160 161 161 158 152 137 118 106 109 127 143 158 166 175 175 171 167 170 173 177 174 175 175 181 184 187 187 191 191 191 192 192 191 191 191 191 191 192 190 193 190 192 189 190 188 190 188 190 188 190 188 183 181 183 181 183 181 183 181 181 182 184 179 182 177 162 141 113 107 117 136 157 163 170 176 178 180 182 184 186 187 187 188 189 189 189 189 187 185 185 185 182 184 189 188 188 189 191 190 194 192 195 194 195 195 197 196 0 0 0 0 0 0 0 0
0 0 0 0 0 0 0 0 119 118 121 122 123 124 127 127 130 132 133 134 135 135 138 136 138 138 139 139 141 141 142 142 147 146 147 152 155 157 157 157 157 163 169 163 141 113 96 91 111 128 144 152 154 156 160 163 169 172 174 173 176 175 179 179 183 183 181 182 180 181 179 179 182 181 181 181 181 182 183 184 184 184 184 185 185 186 186 184 185 185 185 184 184 183 183 183 184 183 183 182 182 183 183 184 184 183 183 186 187 181 167 156 136 132 131 138 152 167 177 181 184 184 185 185 185 186 186 186 188 188 189 189 189 190 190 190 191 191 191 191 191 191 191 191 189 189 189 190 190 191 191 191 192 192 192 192 192 192 192 192 192 192 192 192 192 192 192 192 191 191 191 191 191 191 191 191 190 190 190 190 190 190 190 190 191 192 192 192 192 192 192 192 190 190 190 190 190 190 190 189 192 192 191 191 190 189 187 187 185 185 185 185 183 183 183 183 183 183 181 181 179 177 176 174 169 170 172 167 165 166 166 154 124 95 82 134 184 197 196 178 172 173 173 169 173 169 152 127 113 91 73 79 99 111 113 109 88 73 58 52 52 48 64 94 124 124 117 90 57 39 43 52 32 17 31 33 28 83 123 96 62 36 32 49 57 71 90 98 84 70 58 64 85 110 129 137 133 130 132 136 141 141 146 152 157 140 117 93 83 88 103 113 93 71 62 81 120 156 154 121 84 114 149 160 154 146 151 160 153 156 162 165 169 168 170 170 170 170 173 177 180 180 180 178 183 185 185 186 185 184 184 183 182 184 181 178 178 180 177 171 168 158 145 136 129 131 142 155 167 169 169 171 173 173 171 171 167 169 167 161 157 157 156 151 150 139 129 113 92 84 110 141 173 198 221 219 213 214 212 205 195 166 129 107 113 138 169 187 189 185 182 185 191 193 188 183 183 183 182 181 180 179 179 180 181 182 182 184 187 189 189 189 190 190 190 190 190 190 190 190 186 186 185 184 184 184 184 185 185 184 184 184 184 184 183 183 186 185 185 184 185 188 189 190 183 177 161 137 119 118 133 149 171 182 194 194 190 184 190 193 198 192 191 189 194 194 197 196 200 200 200 201 201 199 200 200 200 199 200 200 200 198 198 196 198 196 198 196 198 196 198 196 192 190 192 190 192 190 192 190 190 192 194 188 192 189 175 152 129 116 121 142 169 180 189 194 194 194 195 196 197 199 198 200 200 200 199 197 197 194 193 193 191 193 197 196 196 197 199 198 199 197 200 198 198 197 199 197 0 0 0 0 0 0 0 0
0 0 0 0 0 0 0 0 157 158 159 161 164 165 167 167 163 165 170 172 173 171 169 166 166 166 167 167 168 169 171 172 172 171 173 174 176 176 175 175 175 181 189 181 157 127 106 101 118 133 149 156 157 159 160 162 169 172 174 173 176 175 177 179 183 181 181 180 180 179 179 179 180 179 181 179 181 180 183 182 184 182 184 183 185 184 186 184 186 186 186 184 185 183 183 183 184 183 183 182 182 183 183 184 182 180 180 184 186 181 168 156 139 134 132 138 152 167 178 182 182 184 184 185 185 185 186 186 188 188 188 189 189 190 190 190 191 191 191 191 191 191 191 191 189 189 189 190 190 191 191 191 192 192 192 192 192 192 192 192 192 192 192 192 192 192 192 192 191 191 191 191 191 191 191 191 189 189 189 189 189 189 189 189 190 190 191 191 191 191 191 191 189 190 190 190 190 190 191 191 192 192 192 191 191 191 188 188 187 185 185 185 183 183 183 183 183 181 182 183 181 180 177 176 167 170 170 165 165 168 168 157 136 108 102 161 220 235 232 213 219 231 236 237 245 249 229 199 165 119 74 68 89 112 129 135 104 90 70 53 44 32 52 90 132 129 114 82 48 41 63 87 56 26 37 42 47 125 176 136 86 41 26 42 50 67 93 106 77 66 56 67 94 123 140 147 144 137 132 132 132 131 136 144 148 137 120 105 101 111 127 138 105 77 65 89 139 181 175 135 98 124 150 150 134 123 132 147 136 141 147 151 155 157 158 159 166 168 174 180 185 185 179 176 183 184 185 186 185 185 184 182 182 181 180 177 178 179 177 169 168 159 147 137 129 130 141 155 165 168 169 173 175 175 172 172 167 170 170 165 161 160 157 151 152 144 137 123 97 83 103 133 157 190 221 223 215 215 213 207 195 167 130 109 115 138 166 182 187 181 176 177 182 186 183 178 176 176 175 175 174 175 174 174 177 177 177 180 185 188 187 185 187 187 187 187 187 187 187 187 189 189 188 188 188 187 187 186 186 186 186 186 186 186 186 186 185 184 183 183 185 186 189 190 185 180 166 142 123 117 133 149 172 184 196 197 191 187 191 197 199 195 191 190 192 194 194 195 196 196 197 197 197 198 196 196 197 197 196 197 196 195 193 192 192 192 192 192 192 192 192 192 191 191 191 191 191 191 191 191 188 193 192 189 192 192 176 154 131 115 112 134 160 174 181 187 190 191 191 191 190 191 192 194 197 196 195 192 191 190 188 187 190 192 194 195 195 194 198 199 198 198 198 199 197 197 198 198 0 0 0 0 0 0 0 0
0 0 0 0 0 0 0 0 171 171 172 173 174 174 175 175 180 181 181 181 180 178 175 175 180 180 179 179 179 178 179 179 179 177 176 181 186 188 184 181 190 194 198 191 166 132 110 102 127 138 149 152 154 157 159 161 167 172 174 173 176 175 177 177 180 180 180 179 179 178 178 177 177 177 178 178 179 179 180 179 182 181 182 182 183 183 184 185 186 186 186 184 186 184 184 184 183 183 182 182 182 182 182 182 183 182 181 183 184 180 170 161 148 140 132 133 145 162 175 182 181 181 181 182 182 183 183 183 185 185 185 185 185 185 185 185 190 190 189 189 189 189 189 189 188 188 189 189 189 190 190 190 189 189 190 190 190 191 191 191 191 191 191 191 191 191 191 191 191 191 191 191 191 191 191 191 190 190 190 190 190 190 190 190 191 192 192 192 192 191 190 189 190 190 190 190 190 190 190 190 192 194 194 194 192 192 192 190 189 189 187 187 187 187 187 185 183 181 180 179 180 178 177 175 174 174 171 169 167 168 166 152 115 101 99 158 229 212 200 158 150 164 160 169 159 161 209 220 208 155 104 69 75 99 104 113 95 58 54 43 31 26 31 74 107 99 96 65 52 75 101 134 86 48 32 37 49 134 195 140 101 39 13 33 43 49 68 81 56 56 64 76 91 114 128 123 126 113 111 113 108 110 121 122 119 110 93 101 102 144 161 163 128 79 61 64 104 120 134 118 90 117 127 131 117 103 117 122 116 109 128 145 137 142 163 169 178 171 165 168 180 187 180 169 184 187 185 185 184 184 182 182 183 181 181 179 177 174 171 170 165 164 156 145 133 132 138 145 154 163 171 173 171 169 172 174 169 169 169 166 166 164 162 157 156 152 146 132 108 88 96 113 140 173 209 224 228 226 220 211 206 180 135 121 110 137 158 185 183 187 180 173 180 184 180 181 180 179 179 178 176 178 177 177 179 180 181 181 183 183 184 185 184 184 184 184 184 184 184 184 183 183 183 183 183 183 183 183 185 185 185 185 185 185 185 185 190 190 190 190 191 194 196 197 194 188 168 150 143 130 131 144 169 186 201 202 197 194 193 193 201 199 197 194 193 194 195 196 194 194 194 194 194 194 195 195 196 196 196 196 196 196 196 194 191 189 189 189 189 189 189 189 190 190 190 190 190 190 190 190 189 190 190 189 190 188 177 165 134 120 112 124 149 172 187 197 195 193 191 189 189 191 192 195 193 194 195 194 195 195 195 195 191 192 194 196 198 198 199 199 200 200 200 200 200 200 200 200 0 0 0 0 0 0 0 0
0 0 0 0 0 0 0 0 177 175 178 177 180 178 179 179 182 181 183 184 184 184 183 184 186 187 187 186 186 185 185 184 183 181 182 187 193 196 193 191 191 197 200 193 167 135 113 106 125 138 150 154 156 157 159 161 167 170 174 173 176 175 177 177 180 180 178 179 177 178 177 177 177 177 177 178 178 179 179 179 181 181 181 182 182 182 183 184 186 188 186 186 186 186 184 184 183 183 182 182 182 182 182 182 183 181 180 182 183 180 172 165 154 144 133 132 142 158 171 178 180 180 180 181 182 182 183 183 185 185 185 185 185 185 185 185 188 188 188 188 188 188 188 188 187 187 188 188 189 189 189 189 188 188 189 189 190 190 190 190 191 191 191 191 191 191 191 191 191 191 191 191 191 191 191 191 190 190 190 190 190 190 190 190 191 192 192 192 192 191 190 189 190 190 190 190 190 190 190 190 194 194 194 194 192 192 192 192 190 190 188 188 188 188 188 186 183 181 180 180 181 180 177 175 175 175 173 169 169 170 166 151 112 98 98 156 216 178 142 85 73 81 76 66 60 85 162 224 224 184 139 84 66 78 83 95 61 35 40 36 29 24 16 41 72 66 69 56 67 105 137 167 110 59 34 33 45 127 196 150 89 35 17 35 38 38 45 44 53 52 66 78 82 93 103 102 94 90 85 81 82 86 93 95 95 84 71 92 109 165 182 183 130 80 58 52 78 87 100 83 75 101 111 118 103 87 102 106 101 97 105 116 117 127 152 171 178 173 166 167 175 180 174 167 184 187 185 185 184 184 182 182 181 181 179 178 177 174 171 170 169 166 158 147 135 132 136 142 152 161 170 174 172 170 172 175 170 170 169 169 168 166 165 160 159 155 150 138 113 92 95 104 126 161 202 221 228 231 224 214 217 189 142 124 108 134 155 184 184 188 178 171 179 182 181 185 183 184 182 181 180 181 181 181 181 181 182 183 183 184 184 185 184 184 184 184 184 184 184 184 184 184 184 184 184 184 184 184 186 186 186 186 186 186 186 188 191 191 193 191 195 195 199 198 197 190 174 155 149 134 132 143 167 186 201 204 200 198 197 195 201 199 197 194 194 194 195 196 195 193 193 193 194 194 194 194 194 194 194 194 194 195 195 195 191 189 191 189 191 189 191 189 192 190 192 190 192 190 192 190 192 191 193 190 194 191 184 172 146 127 116 123 149 170 189 200 198 195 190 188 191 194 195 195 194 195 196 197 198 198 198 196 195 193 195 196 197 198 199 199 200 200 200 200 200 200 200 200 0 0 0 0 0 0 0 0
0 0 0 0 0 0 0 0 171 170 172 172 174 173 174 174 176 175 176 177 179 180 181 184 186 188 187 186 185 184 183 183 182 181 181 185 190 192 189 188 189 195 196 189 166 134 113 107 126 137 149 153 156 160 162 162 167 170 174 173 176 175 177 179 180 180 180 179 177 178 178 178 178 178 178 179 179 180 180 180 181 181 182 182 182 183 183 183 185 185 185 185 183 183 183 183 181 181 181 181 179 179 179 179 183 180 179 180 181 180 175 170 161 150 136 130 137 151 165 174 177 178 179 179 180 181 182 182 184 184 184 184 184 184 184 184 187 187 187 187 187 187 187 187 186 186 187 187 187 188 188 188 187 187 188 188 188 189 189 189 191 191 191 191 191 191 191 191 191 191 191 191 191 191 191 191 190 190 190 190 190 190 190 190 191 192 192 192 192 191 190 189 190 190 190 190 190 190 190 190 194 194 194 194 192 193 193 193 191 191 189 189 189 189 189 187 184 182 181 180 181 181 178 176 175 175 173 169 169 170 166 152 98 87 96 165 230 185 136 71 47 62 75 58 49 55 93 166 224 203 163 87 39 40 51 70 76 69 87 96 94 82 53 45 35 25 34 43 83 139 174 202 134 77 46 40 42 117 190 154 121 82 76 94 92 83 76 60 54 52 63 75 69 68 80 87 104 119 120 113 119 116 107 100 77 61 49 84 121 190 211 208 144 91 72 63 83 92 108 86 58 81 87 98 94 90 112 120 134 136 129 121 118 113 126 149 171 172 168 167 170 175 174 173 182 185 185 185 184 184 182 182 180 181 181 180 177 174 172 170 172 169 161 150 138 133 134 138 149 158 170 176 173 171 172 174 173 173 172 170 170 167 166 164 159 158 156 147 123 97 91 94 107 139 184 213 228 232 226 216 225 199 149 127 105 127 151 179 183 187 178 170 179 182 181 185 185 185 184 184 183 184 184 184 184 184 184 184 184 184 185 185 185 185 185 185 185 185 185 185 186 186 186 186 186 186 186 186 186 186 186 186 186 186 186 186 192 192 194 192 195 195 199 198 197 192 179 163 157 139 133 140 164 183 200 206 204 202 200 198 199 198 196 195 194 194 195 194 193 193 193 194 194 195 195 195 195 195 196 196 197 197 198 196 194 192 194 192 194 192 194 192 192 190 192 190 192 190 192 190 192 191 193 190 194 194 191 181 161 136 119 120 143 167 189 200 198 193 186 185 190 195 196 195 196 196 198 199 200 200 200 198 198 196 196 197 197 197 198 198 199 199 199 199 199 199 199 199 0 0 0 0 0 0 0 0
0 0 0 0 0 0 0 0 167 168 168 169 170 171 171 171 172 172 172 173 175 177 179 182 185 187 186 185 184 183 182 182 183 181 180 181 183 183 180 179 186 192 193 185 163 132 111 104 126 138 150 153 158 162 163 164 169 172 174 173 176 175 179 179 180 180 180 181 179 178 178 178 178 178 178 179 179 180 180 180 181 181 181 181 181 182 182 182 184 184 184 184 182 182 182 181 180 180 180 178 178 178 178 178 182 180 178 178 179 180 178 176 167 154 139 130 133 146 161 170 174 175 176 177 179 180 181 182 183 183 183 183 183 183 183 183 185 185 185 185 185 186 186 186 185 185 185 186 186 187 187 187 186 186 186 187 187 188 188 188 190 190 190 190 190 190 190 190 190 190 190 190 190 190 190 190 190 190 190 190 190 190 190 190 191 192 192 192 192 191 190 189 190 190 190 190 190 190 190 190 194 194 194 195 193 193 193 194 193 193 191 191 191 191 191 189 185 182 182 181 182 181 179 179 176 175 174 170 171 170 167 151 98 84 94 166 232 181 128 57 47 58 70 49 47 42 47 118 220 213 180 93 32 33 56 86 97 108 133 152 155 134 87 50 35 17 21 41 96 163 199 224 153 94 65 55 45 109 184 157 134 107 111 133 131 121 106 81 62 49 53 60 53 56 79 98 111 142 155 154 158 143 112 90 74 52 37 77 130 208 230 223 158 102 84 83 107 123 136 102 45 57 62 86 107 123 156 170 170 170 148 127 117 99 99 127 151 161 166 168 169 174 176 179 182 185 185 185 184 184 182 182 180 180 181 180 177 175 172 171 175 172 165 155 143 135 133 133 145 154 167 174 173 172 172 173 173 173 173 173 171 171 169 166 160 160 161 153 134 107 92 87 91 121 167 203 225 235 230 221 231 205 157 131 104 121 144 175 183 188 180 172 180 183 183 187 186 188 186 187 186 187 187 188 188 188 187 187 187 187 187 187 187 187 187 187 187 187 187 187 187 187 187 187 187 187 187 187 186 186 186 186 186 186 186 186 192 192 194 193 195 195 197 197 195 193 182 170 164 145 132 136 161 178 198 204 207 204 203 198 200 197 198 194 196 194 197 195 195 193 196 194 197 196 198 197 201 199 201 200 203 201 204 202 200 199 200 199 200 199 200 199 193 192 193 192 193 192 193 192 192 192 193 190 194 197 196 190 172 146 122 118 137 162 186 201 197 192 184 184 189 195 196 195 197 198 199 201 202 202 203 201 201 199 198 197 197 197 197 197 198 198 198 198 198 198 198 198 0 0 0 0 0 0 0 0
0 0 0 0 0 0 0 0 173 174 174 175 176 177 177 178 182 181 181 181 182 183 184 187 190 189 189 188 187 186 185 185 186 185 184 184 185 184 183 182 187 192 192 185 163 132 112 105 127 139 151 155 159 164 165 166 170 172 174 173 176 175 179 179 182 182 180 181 179 180 178 178 180 180 180 181 181 182 182 182 183 183 183 183 183 182 182 182 180 180 180 180 180 180 179 179 180 178 178 178 178 176 176 178 181 179 177 177 178 180 180 180 170 158 142 132 132 143 156 166 171 172 173 175 177 179 180 181 181 181 181 181 181 181 181 181 183 183 184 184 185 185 186 186 185 185 185 185 186 186 187 187 188 188 188 188 189 189 190 190 192 192 192 192 192 192 192 192 192 192 192 192 192 192 192 192 192 192 192 192 192 192 192 192 191 192 192 192 192 191 190 189 190 190 190 190 190 190 190 190 194 194 194 195 193 194 194 195 194 194 192 192 192 192 192 190 185 183 185 184 183 182 182 179 176 178 176 170 171 169 167 150 103 87 97 172 238 184 128 57 50 61 75 52 46 39 38 100 206 202 172 90 38 53 90 128 159 171 184 201 209 193 156 114 74 38 29 44 102 171 203 226 157 104 75 61 45 110 195 175 168 145 153 178 179 175 166 146 85 56 40 42 46 66 104 130 162 189 206 205 201 185 154 125 89 57 33 71 129 214 236 228 163 98 83 91 123 146 150 97 33 46 62 105 146 169 195 203 231 232 208 181 161 128 110 128 130 149 165 171 171 172 176 180 182 184 184 184 184 184 182 182 181 182 180 180 179 177 173 172 176 174 169 161 151 142 134 131 142 151 162 171 174 174 172 172 173 173 173 173 173 172 170 169 163 161 164 157 144 119 99 87 84 108 149 190 218 234 235 229 229 208 164 139 107 119 138 168 181 190 184 177 184 185 185 191 188 189 188 189 188 190 190 190 191 191 191 191 191 191 190 190 191 191 191 191 191 191 191 191 189 189 189 189 189 189 189 189 188 188 188 188 188 188 188 189 192 193 196 194 197 196 198 196 194 193 186 177 172 151 135 135 158 175 194 202 206 206 204 200 201 199 200 198 199 198 199 198 199 197 200 198 201 200 203 201 205 203 205 204 206 205 207 205 203 201 203 201 203 201 203 201 197 195 197 195 197 195 197 195 193 193 195 191 195 198 201 196 182 155 130 120 134 155 183 201 198 192 185 185 190 194 196 195 198 199 200 202 203 204 204 202 204 201 199 198 197 197 197 197 198 198 198 198 198 198 198 198 0 0 0 0 0 0 0 0
0 0 0 0 0 0 0 0 180 178 181 182 183 183 184 184 188 188 188 188 187 187 187 187 186 186 188 186 187 185 187 185 185 184 186 185 188 187 190 190 194 197 197 189 166 135 116 109 130 142 153 157 161 164 166 166 170 172 174 175 176 177 179 179 182 182 180 181 179 180 178 178 180 180 180 181 181 182 182 182 183 183 182 182 182 181 181 181 179 179 179 179 179 179 178 178 177 177 177 177 175 175 175 177 180 179 178 178 178 180 181 182 172 162 148 137 134 141 151 159 168 169 171 173 175 177 179 180 180 180 180 180 180 180 180 180 182 183 183 184 185 185 186 186 185 185 185 186 186 187 187 187 188 188 188 189 189 190 190 190 191 191 191 191 191 191 191 191 191 191 191 191 191 191 191 191 192 192 192 192 192 192 192 192 191 192 192 192 192 191 190 189 190 190 190 190 190 190 190 190 194 194 195 195 194 195 195 195 194 194 192 192 192 192 192 190 186 184 185 185 184 183 182 180 179 178 176 171 171 171 166 150 109 90 101 177 243 187 130 62 47 68 79 58 46 46 72 128 201 184 149 84 56 86 125 166 166 167 151 157 169 174 176 156 124 73 43 45 95 160 192 215 149 97 64 48 36 118 213 200 170 134 133 155 163 169 183 183 118 71 37 35 54 95 139 160 171 170 176 173 160 163 164 147 115 74 37 65 118 203 227 220 152 80 69 88 133 166 168 100 25 50 86 146 186 187 188 179 183 199 211 220 203 156 113 101 120 145 166 173 171 170 175 177 182 184 184 184 184 184 182 182 181 181 180 180 179 177 173 172 177 176 172 167 158 148 137 131 139 146 157 166 171 173 171 172 172 172 173 173 173 174 172 170 166 163 163 161 151 132 111 93 83 100 132 172 206 228 233 233 228 213 176 152 113 118 131 162 179 191 187 182 186 189 186 192 189 190 189 190 189 190 191 191 194 192 195 193 195 193 195 193 195 193 195 193 195 193 195 193 193 191 193 191 193 191 193 191 191 189 191 189 191 189 191 191 194 195 198 197 199 197 199 197 196 196 191 184 182 159 140 138 156 172 191 199 205 205 206 200 202 200 202 200 202 200 202 200 201 200 202 202 204 205 206 206 205 204 205 204 205 204 205 204 203 201 203 201 203 201 203 201 200 198 200 198 200 198 200 198 196 197 199 194 197 200 203 199 189 166 142 127 132 147 175 196 196 193 190 189 190 193 195 195 197 199 200 202 204 205 205 203 205 202 200 198 197 197 198 199 198 198 198 198 198 198 198 198 0 0 0 0 0 0 0 0
0 0 0 0 0 0 0 0 180 179 181 182 182 183 184 184 184 185 188 189 189 188 187 186 184 184 187 185 187 185 188 186 186 185 188 186 189 188 192 194 199 202 201 192 168 137 118 110 133 144 156 159 161 165 165 167 170 172 174 175 176 177 179 181 182 182 182 181 179 180 180 180 182 182 182 183 183 184 184 184 184 184 184 183 183 183 182 180 178 178 178 178 178 178 177 177 176 176 176 176 174 174 174 176 180 181 180 180 180 180 182 184 177 169 156 144 138 139 146 152 166 167 169 171 174 176 178 179 179 179 179 179 179 179 179 179 182 183 183 184 185 186 187 187 186 186 186 186 187 187 187 188 189 189 189 189 190 190 190 191 191 191 191 191 191 191 191 191 191 191 191 191 191 191 191 191 192 192 192 192 192 192 192 192 191 192 192 192 192 191 190 189 190 190 190 190 190 190 190 190 194 194 195 195 194 195 196 196 193 193 191 191 191 191 191 189 189 187 186 185 186 186 183 181 179 179 176 171 171 171 166 149 118 96 96 165 227 173 124 64 59 75 65 52 49 76 143 188 208 171 126 78 70 108 143 178 139 126 88 86 104 132 177 186 172 107 55 38 76 135 171 198 131 81 46 33 34 130 225 203 159 105 85 100 108 128 168 190 153 95 45 42 76 129 164 167 151 118 109 104 89 119 163 163 138 90 40 55 97 176 202 199 131 58 50 78 130 175 182 109 25 65 119 182 200 169 143 118 96 121 173 219 223 191 151 120 118 142 164 171 171 171 176 179 180 182 182 182 182 182 182 182 180 181 182 182 179 178 176 174 178 178 177 173 164 154 143 135 136 143 153 162 168 171 173 173 173 173 174 174 175 173 171 170 168 163 162 161 156 145 123 104 86 94 118 154 190 218 229 233 227 220 189 166 123 121 128 153 177 189 188 185 189 189 186 191 189 191 191 190 190 192 192 192 194 193 195 194 196 195 198 196 198 196 198 196 198 196 198 196 195 193 195 193 195 193 195 193 195 193 195 193 195 193 195 195 197 197 201 200 202 200 201 198 200 200 197 192 191 168 148 144 157 171 189 196 203 205 206 201 203 201 204 202 204 202 204 201 203 202 205 204 207 206 209 208 207 205 207 204 205 202 204 202 202 200 202 200 202 200 202 200 202 200 202 200 202 200 202 200 199 200 203 198 200 201 204 200 197 177 156 136 132 140 166 186 194 195 195 193 191 191 193 196 197 198 200 202 204 205 206 204 206 202 200 198 197 198 199 200 199 199 199 199 199 199 199 199 0 0 0 0 0 0 0 0
0 0 0 0 0 0 0 0 181 182 182 183 186 187 187 187 184 186 190 192 193 192 190 189 189 189 190 191 191 192 193 193 192 193 193 192 191 191 193 196 199 201 202 191 166 137 116 110 134 146 156 161 161 164 166 166 172 174 176 175 178 177 181 181 182 182 182 183 181 180 180 180 182 182 182 183 183 184 184 184 184 184 184 183 183 182 182 181 180 178 178 178 178 178 178 177 178 176 176 176 176 174 174 176 179 181 181 181 180 180 182 183 180 173 160 148 139 138 142 146 165 166 168 170 173 176 178 179 179 179 179 179 179 179 179 179 183 183 184 185 186 186 187 188 186 186 187 187 187 188 188 188 189 189 190 190 190 191 191 191 191 191 191 191 191 191 191 191 191 191 191 191 191 191 191 191 192 192 192 192 192 192 192 192 191 192 192 192 192 191 190 189 190 190 190 190 190 190 190 190 194 194 195 196 195 195 196 197 193 193 191 191 191 191 191 189 189 187 186 186 187 186 183 183 179 179 177 173 172 171 168 151 112 87 86 159 234 199 171 126 123 141 136 143 143 156 199 196 192 138 87 46 54 91 118 146 110 88 40 37 60 102 171 198 201 127 63 33 62 117 153 183 116 68 36 28 39 140 227 190 142 74 39 47 56 84 139 178 173 111 57 49 90 148 174 162 126 70 55 51 36 87 158 170 151 98 39 43 76 151 178 175 115 39 34 62 114 160 170 99 28 77 138 196 195 142 101 72 76 83 125 166 170 155 134 108 116 139 161 170 170 173 179 183 180 182 182 182 182 182 182 182 180 181 182 182 179 178 176 175 178 178 178 176 167 157 145 137 135 141 150 159 165 170 172 173 172 173 173 174 174 175 173 171 169 166 161 160 160 152 132 112 91 91 109 142 179 210 225 232 230 224 197 175 129 121 124 149 176 189 189 185 190 188 185 191 190 191 192 191 191 193 194 194 192 193 194 194 196 196 197 198 197 197 197 197 197 197 197 197 196 196 196 196 196 196 196 196 196 196 196 196 196 196 196 198 199 200 202 203 204 202 202 200 203 205 201 198 197 175 154 149 159 172 186 195 201 205 205 202 202 202 203 204 204 204 203 203 203 203 204 205 207 208 209 210 209 209 208 207 205 204 203 203 203 202 203 202 203 202 203 202 202 201 202 201 202 201 202 201 200 204 206 201 201 203 204 201 201 185 165 143 132 135 159 180 193 196 199 197 192 190 192 196 197 198 200 202 204 205 205 204 206 202 200 198 197 198 200 201 199 199 199 199 199 199 199 199 0 0 0 0 0 0 0 0
0 0 0 0 0 0 0 0 181 181 182 183 185 186 187 187 191 191 192 192 193 195 197 198 197 197 197 197 197 197 197 197 197 197 197 197 196 196 195 196 197 201 203 191 164 135 116 112 130 144 158 160 160 163 166 167 170 172 174 174 177 177 181 181 185 185 183 183 181 181 179 179 182 184 184 185 185 186 186 186 183 183 183 183 183 183 183 181 179 179 179 179 179 177 177 177 177 176 176 176 176 174 174 174 177 178 179 179 181 183 185 186 179 175 166 155 145 138 136 137 162 166 170 172 172 173 176 179 177 179 180 179 176 175 178 181 182 182 183 184 186 187 188 188 187 187 187 187 187 187 187 187 189 191 191 191 191 191 191 191 193 193 193 193 193 193 193 193 193 193 193 193 193 193 193 193 194 194 194 194 194 194 194 194 192 192 192 191 191 190 190 190 190 190 190 190 190 190 190 190 193 193 194 195 193 194 195 195 192 192 190 190 190 190 190 188 186 187 188 189 188 187 185 182 180 180 179 173 171 170 167 151 105 86 83 159 245 222 204 178 188 212 214 208 232 251 235 206 167 108 55 34 41 66 95 104 80 58 43 30 34 96 170 200 213 133 66 29 46 107 153 181 110 61 34 32 48 143 223 180 119 48 14 12 17 33 119 153 189 142 55 64 102 167 194 160 105 47 29 32 21 64 142 177 167 112 55 35 50 124 151 164 97 40 18 33 118 145 155 80 18 90 149 198 172 101 75 50 50 71 62 103 115 119 109 112 112 138 159 164 171 181 182 175 177 179 180 180 182 181 180 179 181 182 182 183 182 181 179 178 178 179 178 178 173 164 150 141 133 138 146 157 167 172 172 170 171 173 174 176 176 174 173 171 173 167 163 165 169 161 141 119 96 88 96 125 163 197 218 227 221 225 212 183 149 120 119 142 168 185 193 188 187 192 195 190 191 193 193 195 195 197 197 197 196 196 197 198 200 201 202 202 202 202 202 202 202 202 202 202 200 200 200 200 200 200 200 200 200 200 200 200 200 200 200 200 202 202 204 201 203 200 202 200 202 204 206 200 196 183 167 151 160 170 181 192 202 206 204 199 199 200 202 204 205 205 205 202 202 203 203 205 206 207 208 208 206 206 206 206 206 206 206 206 206 204 206 204 206 204 206 204 206 204 206 203 205 202 204 202 204 202 204 202 204 202 204 202 206 195 179 154 135 128 147 166 190 202 202 193 192 190 189 197 196 197 198 200 202 204 205 204 203 201 201 200 200 199 199 199 199 199 199 199 199 199 199 199 0 0 0 0 0 0 0 0
0 0 0 0 0 0 0 0 180 180 181 182 183 184 185 187 188 190 191 191 192 194 196 197 195 195 195 195 195 195 195 195 193 193 193 192 192 192 191 192 196 200 202 190 163 134 115 111 130 144 157 160 159 162 166 168 170 172 174 175 177 179 181 181 185 185 183 183 183 181 181 181 184 184 184 185 185 185 186 186 183 183 183 183 183 183 183 183 181 181 181 181 181 179 179 179 179 177 177 176 177 176 176 176 178 178 178 179 181 182 184 185 180 176 169 158 147 139 135 135 157 162 168 171 172 174 176 178 177 179 180 178 176 175 178 180 182 182 183 184 185 187 188 188 187 187 187 187 187 187 187 187 191 191 191 191 191 191 191 191 193 193 193 193 193 193 193 193 193 193 193 193 193 193 193 193 194 194 194 194 194 194 194 194 192 192 192 191 191 190 190 190 190 190 190 190 190 190 190 190 193 193 194 195 193 194 195 195 192 192 190 190 190 190 190 188 188 187 188 189 188 187 186 185 182 180 179 173 172 173 167 151 115 92 80 151 238 216 199 170 162 177 174 167 187 198 176 147 119 81 52 42 41 58 78 84 92 100 126 135 128 156 195 205 213 132 65 29 51 116 167 199 122 67 48 45 48 140 223 172 119 50 24 27 26 31 115 153 198 144 48 54 94 166 207 185 155 117 112 122 111 127 168 187 184 128 64 32 41 122 155 174 107 47 26 45 128 155 164 92 30 101 156 193 150 75 65 61 101 116 84 94 91 88 84 102 120 143 160 161 162 169 168 163 175 177 178 179 182 182 182 182 181 181 182 183 182 181 179 178 177 178 177 177 173 164 153 143 135 136 139 150 162 170 172 171 172 172 173 174 174 174 174 173 175 170 166 169 170 162 146 129 102 91 95 119 154 187 213 228 222 227 217 189 156 125 120 139 162 181 192 188 186 189 194 191 193 193 195 195 197 197 197 197 197 198 199 200 201 202 203 203 203 203 203 203 203 203 203 203 201 201 201 201 201 201 201 201 201 201 201 201 201 201 201 201 204 204 204 203 203 203 202 202 202 205 206 203 198 188 171 156 165 171 180 190 200 205 204 200 200 201 202 204 205 204 204 201 201 202 203 204 205 206 207 208 210 210 210 210 210 210 210 210 209 209 209 209 209 209 209 209 206 206 206 205 205 204 204 204 204 204 204 204 204 204 204 204 207 200 185 162 138 130 146 165 195 207 206 197 195 191 189 196 197 197 199 200 202 203 205 203 203 201 201 200 200 199 199 199 199 199 199 199 199 199 199 199 0 0 0 0 0 0 0 0
0 0 0 0 0 0 0 0 178 178 179 180 182 183 184 185 187 187 189 189 192 193 194 195 193 193 193 193 193 193 193 193 191 191 191 190 190 190 189 190 195 199 200 189 162 132 112 108 129 144 155 160 159 162 165 167 172 174 175 175 177 179 181 183 185 185 185 183 183 181 181 181 184 186 186 186 187 187 187 188 185 185 185 185 185 185 185 185 183 183 183 183 183 181 181 181 181 179 179 177 179 177 177 177 180 180 180 181 182 183 185 186 184 181 175 164 152 142 136 134 151 157 165 171 174 176 177 178 177 178 179 178 176 176 178 180 181 182 183 184 185 186 187 188 187 187 187 187 187 188 188 188 191 191 191 191 191 191 191 191 193 193 193 193 193 193 193 193 193 193 193 193 193 193 193 193 194 194 194 194 194 194 194 194 192 192 192 191 191 190 190 190 190 190 190 190 190 190 190 190 193 193 194 195 193 194 195 195 192 192 190 190 190 190 190 188 188 188 189 189 189 188 186 185 183 183 180 175 174 173 168 153 122 94 82 152 240 208 178 136 126 134 126 123 138 139 116 94 83 66 56 55 56 77 103 114 141 155 186 191 166 173 202 213 209 125 58 28 58 130 181 213 126 68 56 56 44 138 224 160 112 49 34 46 37 27 110 156 199 141 43 49 93 171 215 193 174 158 165 183 176 165 165 166 179 132 73 38 44 127 162 177 115 53 31 54 136 155 162 92 37 108 164 194 136 55 64 84 114 128 85 77 76 74 78 108 126 148 166 172 168 163 156 149 172 174 177 179 180 181 183 183 181 181 184 184 184 183 182 181 179 180 181 181 179 169 159 152 138 134 133 142 155 167 172 172 175 174 173 173 173 175 176 175 175 172 169 170 168 162 152 140 115 102 97 108 132 166 200 225 224 232 224 199 165 132 121 134 155 176 190 188 184 186 191 192 193 193 195 195 197 197 197 197 199 199 200 201 202 203 204 205 204 204 204 204 204 204 204 204 202 202 202 202 202 202 202 202 202 202 202 202 202 202 202 202 204 204 204 204 203 203 203 202 202 205 206 203 200 193 178 164 165 166 172 183 193 199 198 197 199 200 201 201 202 201 201 200 200 201 202 203 204 205 206 207 211 211 211 211 211 211 211 211 210 210 210 210 210 210 210 210 206 206 206 205 205 204 204 204 204 204 204 204 204 204 204 204 208 204 193 170 143 131 143 161 191 204 205 198 196 192 190 196 197 198 199 200 202 203 204 203 203 201 200 200 200 200 199 199 199 199 199 199 199 199 199 199 0 0 0 0 0 0 0 0
0 0 0 0 0 0 0 0 174 174 175 176 178 179 182 184 186 186 188 188 191 192 192 195 192 192 192 192 192 192 192 192 193 193 193 192 192 192 191 192 193 197 197 186 161 129 111 106 129 141 155 158 159 162 165 167 172 174 175 175 179 179 183 183 185 185 185 185 183 183 181 183 185 185 186 186 186 187 187 187 186 186 186 186 186 186 186 186 186 186 187 186 186 186 186 184 184 182 182 182 182 180 182 180 181 180 180 180 181 182 183 184 185 183 178 169 156 144 136 132 146 152 162 171 177 179 180 180 178 178 177 177 176 176 177 178 181 182 182 184 185 186 187 187 187 187 187 188 188 188 188 191 192 192 192 192 192 192 192 192 193 193 193 193 193 193 193 193 193 193 193 193 193 193 193 193 193 193 193 193 193 193 193 193 192 192 192 191 191 190 190 190 190 190 190 190 190 190 190 190 193 193 194 195 193 194 195 195 193 193 191 191 191 191 191 191 189 188 189 189 188 188 186 186 183 183 181 176 174 173 170 153 118 96 92 171 254 206 150 93 78 84 79 78 89 88 77 70 85 71 67 67 80 118 161 180 179 171 170 150 115 127 172 199 200 115 49 26 65 140 185 208 113 55 51 56 39 138 226 156 103 42 38 54 43 23 110 167 192 135 42 60 105 174 202 168 138 129 136 152 155 139 126 124 134 106 67 43 52 132 160 172 116 51 33 58 140 152 156 85 32 105 166 202 142 57 67 93 123 132 87 71 84 73 70 87 123 141 162 173 175 169 157 150 170 174 177 179 179 180 182 182 181 181 183 183 183 183 183 182 183 184 185 186 184 178 168 162 144 135 128 134 148 164 172 173 176 174 172 171 171 173 176 178 173 173 170 169 164 160 156 152 134 116 100 96 110 143 186 219 230 240 232 205 173 138 121 128 151 173 189 189 184 182 188 191 190 192 195 195 197 197 198 198 198 199 200 201 202 203 204 205 204 204 204 204 204 204 204 204 204 204 204 204 204 204 204 204 204 204 204 204 204 204 204 204 203 205 204 204 204 203 203 203 202 205 205 204 202 198 186 174 158 157 162 175 187 193 194 194 200 201 201 201 200 200 200 197 200 200 201 202 203 205 205 206 209 209 209 209 209 209 209 209 207 207 207 207 207 207 207 207 206 206 206 205 205 204 204 204 204 204 204 204 204 204 204 204 207 207 199 177 148 132 139 154 177 192 197 193 195 192 190 197 198 198 199 200 202 203 204 202 202 200 200 200 200 200 200 200 200 200 200 200 200 200 200 200 0 0 0 0 0 0 0 0
0 0 0 0 0 0 0 0 171 171 173 174 176 177 180 180 185 187 189 189 191 191 191 193 193 193 193 193 193 193 193 193 195 195 194 194 193 193 193 193 190 194 196 185 158 126 108 103 127 141 154 157 158 159 163 166 172 174 175 175 179 179 183 183 186 186 185 185 183 183 181 183 185 186 186 187 187 187 188 188 187 187 187 187 187 187 187 187 187 187 189 187 187 187 187 186 186 184 184 184 184 182 184 182 181 181 180 180 180 181 181 182 184 183 180 171 159 146 137 133 142 148 159 170 178 182 182 181 178 177 176 176 176 177 177 177 181 181 182 183 184 186 186 187 187 187 187 188 188 189 189 192 192 194 194 194 194 194 194 194 195 195 195 195 195 195 195 195 195 195 195 195 195 195 195 195 195 195 195 195 195 195 195 193 192 192 192 191 191 190 190 190 190 190 190 190 190 190 190 190 193 193 194 195 193 194 195 195 193 193 191 191 191 191 191 191 189 189 188 188 187 187 187 186 183 184 181 176 175 174 171 156 115 99 104 188 255 207 141 74 61 74 78 78 84 86 89 96 106 91 84 88 110 155 196 206 177 144 121 98 73 98 154 188 191 108 43 24 66 137 176 191 101 44 42 48 36 140 231 160 97 38 38 57 46 27 120 183 194 135 44 67 115 174 187 144 114 94 88 93 101 101 105 113 93 74 51 41 54 130 157 168 110 49 34 60 143 160 164 92 35 103 163 209 160 71 63 71 94 99 71 76 114 112 106 102 108 114 123 137 149 155 159 168 172 176 176 177 179 178 177 177 181 181 183 183 184 184 184 185 186 186 186 187 185 181 172 167 153 141 128 131 146 163 173 176 176 174 174 172 172 175 178 179 170 171 171 167 161 158 158 157 147 126 100 87 94 126 176 214 235 243 235 208 177 144 124 124 149 168 188 191 186 181 185 188 190 190 192 193 195 196 196 196 197 198 199 200 201 202 203 204 202 202 202 202 202 202 202 202 205 205 205 205 205 205 205 205 205 205 205 205 205 205 205 205 203 203 203 202 202 202 201 201 200 203 203 201 201 200 190 180 153 148 152 167 182 189 191 193 199 198 198 198 197 197 197 198 200 198 199 200 201 203 203 204 205 205 205 205 205 205 205 205 203 203 203 203 203 203 203 203 204 204 204 203 203 202 202 202 202 202 202 202 202 202 202 202 203 204 200 182 153 133 134 146 167 184 192 191 194 192 190 196 198 199 199 200 202 203 203 202 202 200 200 200 200 200 200 200 200 200 200 200 200 200 200 200 0 0 0 0 0 0 0 0
0 0 0 0 0 0 0 0 169 169 170 173 173 175 176 178 184 186 187 190 191 190 190 191 192 194 194 194 194 194 194 194 194 194 193 193 192 192 192 192 190 192 194 183 157 126 108 103 126 140 152 155 157 159 162 164 170 174 175 177 179 181 183 183 186 186 185 185 183 183 181 183 184 186 186 186 187 187 187 187 188 188 188 188 188 188 188 190 190 190 192 190 190 190 190 188 188 187 187 187 187 185 187 185 183 181 180 179 179 179 180 180 182 182 179 171 160 148 140 136 140 145 155 167 177 183 183 182 178 176 175 175 176 177 177 176 180 181 182 183 184 185 186 187 187 187 188 188 189 190 190 192 193 195 195 195 195 195 195 195 195 195 195 195 195 195 195 195 195 195 195 195 195 195 195 195 194 194 194 194 194 194 194 192 194 192 192 191 191 190 190 190 190 190 190 190 190 190 190 190 193 193 194 195 193 194 195 195 194 194 192 192 192 192 192 192 190 189 188 187 187 187 187 187 186 184 182 176 175 175 171 156 117 106 112 195 255 212 146 85 80 103 113 109 113 116 126 140 128 111 104 109 136 178 197 188 118 69 41 28 28 65 129 165 195 116 53 29 61 126 161 179 108 54 43 42 40 144 231 164 97 40 37 57 47 35 129 193 207 143 47 63 107 163 182 144 81 45 27 21 25 44 74 90 92 66 42 37 52 127 157 176 108 51 33 52 139 165 175 101 40 98 152 204 175 93 67 52 45 50 58 93 154 166 166 138 94 90 89 97 110 125 150 176 171 176 176 176 178 177 176 175 181 181 182 182 183 184 185 186 186 185 184 184 183 179 172 168 157 145 131 130 142 158 169 174 177 175 175 173 174 176 179 181 172 171 171 165 160 159 160 158 152 131 104 85 87 116 165 203 231 241 237 212 183 150 126 122 145 162 184 191 188 182 184 186 189 189 192 193 195 196 197 197 197 198 199 200 201 202 203 203 202 202 202 202 202 202 202 202 205 205 205 205 205 205 205 205 205 205 205 205 205 205 205 205 204 203 203 203 202 202 202 202 201 203 202 201 202 202 195 186 158 148 148 162 178 186 192 198 198 197 197 196 197 197 198 197 198 199 200 201 202 203 204 205 206 206 206 206 206 206 206 206 204 204 204 204 204 204 204 204 204 204 204 203 203 202 202 202 202 202 202 202 202 202 202 202 201 203 201 187 161 139 134 140 162 182 192 192 196 194 190 196 199 199 200 201 201 202 203 201 201 199 200 200 200 200 201 201 201 201 201 201 201 201 201 201 0 0 0 0 0 0 0 0
0 0 0 0 0 0 0 0 167 167 168 171 171 174 175 176 181 184 187 188 189 189 187 188 192 192 192 192 192 192 192 192 192 191 191 191 190 190 190 190 190 193 194 184 157 126 106 103 124 139 152 154 157 158 160 164 170 174 175 177 179 181 183 183 186 186 186 185 183 183 181 183 185 187 188 188 188 189 189 189 190 190 190 190 190 190 190 190 192 192 194 192 192 192 192 190 190 188 188 188 188 187 188 187 183 183 182 181 180 180 180 181 182 181 179 172 162 152 145 139 137 141 150 162 174 180 181 180 179 176 174 174 176 178 177 175 180 180 181 183 184 185 186 186 187 187 188 188 189 190 191 193 193 195 195 195 195 195 195 195 195 195 195 195 195 195 195 195 195 195 195 195 195 195 195 195 194 194 194 194 194 194 194 192 194 192 192 191 191 190 190 190 190 190 190 190 190 190 190 190 193 193 194 195 193 194 195 195 194 194 192 192 192 192 192 192 190 189 188 187 188 189 188 187 186 184 182 177 175 175 171 156 120 110 119 196 255 208 150 94 85 116 130 124 126 132 140 148 139 119 107 110 142 188 203 184 134 80 53 54 68 109 169 201 208 135 72 36 51 108 151 180 141 88 58 44 49 148 226 163 100 44 38 54 46 39 132 190 213 147 46 50 87 147 185 163 128 81 63 54 47 78 126 140 115 76 43 39 55 130 167 198 134 76 47 49 130 164 177 100 34 82 127 186 185 129 103 72 67 74 110 150 190 182 170 112 83 90 102 111 109 106 125 154 169 173 175 176 176 176 177 177 181 181 182 181 183 184 188 189 187 185 184 184 182 179 174 171 159 149 135 132 139 152 163 170 177 176 176 175 177 179 179 181 174 172 171 167 163 160 161 160 156 134 111 92 90 111 151 183 219 234 235 215 189 158 130 120 139 154 174 186 187 182 182 184 188 188 190 191 193 194 197 197 197 197 198 199 200 201 202 203 201 201 201 201 201 201 201 201 202 202 202 202 202 202 202 202 202 202 202 202 202 202 202 202 203 203 202 202 202 201 201 201 201 202 201 199 201 202 197 189 166 149 141 151 167 178 189 200 195 194 194 193 194 196 197 198 199 199 200 201 202 203 204 205 205 205 205 205 205 205 205 205 204 204 204 204 204 204 204 204 203 203 203 202 202 201 201 201 201 201 201 201 201 201 201 201 199 201 200 190 168 146 136 137 156 177 189 192 198 196 193 198 199 199 200 201 201 202 203 201 201 199 199 200 200 201 201 201 201 201 201 201 201 201 201 201 0 0 0 0 0 0 0 0
0 0 0 0 0 0 0 0 165 165 168 169 171 172 175 176 180 183 186 187 189 187 186 186 189 191 191 191 191 191 191 191 193 193 193 192 192 192 191 191 190 193 194 184 158 127 108 103 124 139 152 154 156 158 160 163 170 174 175 177 179 181 181 183 185 186 186 185 185 183 183 183 185 187 187 188 188 189 189 189 190 190 190 190 190 190 190 190 192 192 192 192 192 190 192 190 190 190 188 188 188 188 188 187 186 183 182 180 180 180 180 178 180 178 175 169 160 151 144 142 135 138 146 159 171 178 180 178 179 176 173 174 177 178 177 175 180 180 181 182 184 185 186 186 187 187 190 191 192 192 193 194 193 195 195 195 195 195 195 195 195 195 195 195 195 195 195 195 195 195 195 195 195 195 195 195 194 194 194 194 194 194 194 194 194 192 194 191 193 190 192 190 192 190 192 190 192 190 192 192 191 191 194 193 193 194 195 195 194 194 192 192 192 192 192 192 193 192 190 189 188 189 188 188 184 184 182 179 176 175 172 160 121 115 125 201 255 205 148 96 99 133 148 142 144 151 154 155 141 117 95 96 135 193 219 207 154 108 91 104 120 152 194 214 224 153 92 46 46 100 152 191 175 121 79 55 60 154 225 165 104 49 41 54 47 43 132 185 215 151 47 45 76 138 190 182 172 123 109 104 88 123 179 188 138 91 53 51 70 141 183 218 176 115 74 59 132 166 179 98 21 66 106 172 192 159 143 110 106 119 172 210 223 189 162 84 79 105 141 155 135 104 100 121 164 171 173 175 176 177 179 179 181 180 182 181 183 184 188 189 191 188 186 185 183 180 176 173 158 150 139 132 137 147 159 166 177 176 175 176 177 178 180 179 176 173 171 167 164 162 162 160 159 139 117 100 93 107 138 165 210 232 235 219 197 164 133 122 134 147 170 185 188 184 183 184 188 188 190 191 193 194 197 197 198 198 201 200 204 203 206 204 204 202 204 202 204 202 204 202 204 202 204 202 204 202 204 202 204 202 204 202 204 202 204 204 203 203 203 202 202 201 201 201 201 202 200 198 200 202 198 191 173 151 136 143 158 171 186 200 194 193 193 193 194 196 198 199 199 200 200 202 203 204 205 205 203 203 203 203 203 203 203 203 203 203 203 203 203 203 203 203 203 203 203 202 202 201 201 201 201 201 201 201 201 201 201 201 200 201 201 193 174 151 138 136 149 170 186 190 200 198 199 202 201 200 202 201 203 202 204 203 201 199 201 200 200 201 201 201 201 201 201 201 201 201 201 201 0 0 0 0 0 0 0 0
0 0 0 0 0 0 0 0 168 168 168 168 171 174 176 177 179 181 184 187 188 189 190 192 193 193 193 193 193 193 193 193 194 194 193 192 192 191 190 192 192 196 196 186 160 129 110 103 125 139 153 156 157 159 163 166 172 174 175 177 177 179 179 181 183 185 185 185 185 185 185 185 186 185 185 185 185 186 187 188 188 188 188 188 188 188 188 188 190 190 190 190 190 188 190 188 188 188 188 188 188 188 188 187 185 183 180 179 178 178 177 174 180 176 173 169 165 159 151 146 137 136 142 155 166 172 177 182 177 174 172 173 176 178 177 176 180 180 181 182 184 185 188 188 189 189 191 192 192 193 193 193 195 195 195 195 195 195 195 195 195 195 195 195 195 195 195 195 195 195 195 195 195 195 195 195 195 195 195 195 195 195 195 195 195 193 195 193 195 193 195 193 194 192 194 192 194 192 194 192 192 190 192 191 191 192 192 192 192 192 192 192 192 192 192 192 192 192 192 190 190 190 188 187 185 182 179 180 181 178 173 160 133 116 121 189 231 190 139 106 114 138 157 151 142 145 151 153 152 130 106 102 126 165 204 227 198 169 180 183 160 174 207 201 204 147 82 48 53 90 153 204 204 167 102 81 84 144 207 151 106 54 46 60 43 54 113 160 195 136 54 37 47 105 145 178 172 176 169 158 164 182 183 168 125 87 50 45 72 116 173 216 182 146 87 85 134 171 161 106 36 43 79 133 170 174 167 169 168 183 200 208 184 138 96 78 87 145 197 217 175 116 108 120 160 169 172 176 177 177 178 177 180 180 182 184 186 187 189 187 188 188 186 185 184 181 177 176 165 154 145 140 138 141 151 164 167 171 174 176 174 173 175 177 177 175 174 168 165 164 164 160 151 141 121 105 95 94 115 148 198 229 232 226 206 169 145 125 133 145 163 177 185 188 188 184 189 189 190 191 193 194 195 197 200 200 202 202 205 205 207 207 207 206 207 206 207 206 207 206 207 206 206 204 205 205 206 206 207 206 206 205 206 205 205 205 202 202 202 202 202 202 202 202 203 202 202 203 205 205 203 201 179 155 133 132 148 170 189 200 196 191 188 191 197 199 199 198 201 201 202 203 204 204 205 205 206 206 205 204 203 203 203 203 203 203 203 204 204 205 205 205 205 205 205 204 204 203 203 203 202 203 203 204 203 202 200 199 199 198 199 197 187 166 144 130 141 155 184 197 195 198 206 203 204 203 204 204 205 205 206 206 204 202 205 203 203 204 204 204 200 200 201 201 200 201 201 201 0 0 0 0 0 0 0 0
0 0 0 0 0 0 0 0 168 167 167 168 172 174 176 177 181 181 186 187 188 189 192 192 193 193 193 193 193 193 193 193 194 194 193 192 192 191 190 192 192 196 198 188 160 129 110 105 125 139 153 156 158 159 165 166 172 174 175 175 177 177 179 179 183 183 185 185 186 186 186 186 186 185 185 185 185 186 187 188 188 188 188 188 188 188 188 188 188 188 188 188 188 188 188 188 188 188 188 188 188 188 188 187 185 183 180 180 179 178 175 175 178 176 172 169 166 160 153 148 136 135 140 151 162 168 174 179 176 174 172 173 175 177 177 175 180 180 181 182 184 185 188 188 191 191 191 192 194 195 195 195 195 195 195 195 195 195 195 195 195 195 195 195 195 195 195 195 195 195 195 195 195 195 195 195 195 195 195 195 195 195 195 195 195 195 195 195 195 195 195 195 194 194 194 194 194 194 194 192 192 190 190 191 191 192 192 192 192 192 192 192 192 192 192 192 194 194 192 192 190 190 188 187 185 184 181 181 182 180 176 165 132 116 117 175 211 176 134 109 122 144 160 156 148 150 155 155 152 137 118 107 116 142 178 202 215 201 212 207 177 168 178 170 169 122 74 51 55 85 141 190 203 172 110 85 79 129 187 137 98 52 49 63 47 54 103 144 166 123 61 47 45 86 111 138 170 182 189 185 188 189 173 147 104 78 56 53 71 102 148 184 182 159 111 105 134 158 150 107 48 46 63 102 133 148 161 179 196 197 192 176 146 106 75 60 93 148 200 222 183 127 118 128 161 167 172 174 177 177 178 177 180 180 183 184 186 187 189 189 188 188 186 185 184 181 178 177 169 161 149 142 137 138 146 157 165 169 174 174 174 173 174 176 175 174 173 168 165 163 164 160 153 144 125 108 97 91 108 136 189 224 231 230 215 179 154 131 132 143 159 173 183 187 188 185 189 189 190 191 193 194 195 197 199 201 202 203 204 206 207 207 207 207 207 207 207 207 207 207 207 206 206 205 205 205 206 206 207 207 206 206 206 205 205 205 202 202 202 202 202 202 202 202 203 202 202 203 205 205 203 201 182 158 135 130 144 165 186 200 196 193 190 193 197 199 199 198 201 201 202 202 203 204 205 205 206 205 204 203 203 203 203 203 203 203 203 204 204 205 205 205 205 205 205 204 204 204 203 203 202 203 203 204 203 202 201 200 200 200 202 201 192 172 148 133 139 152 180 197 195 199 206 203 204 204 204 205 205 205 206 205 206 204 204 204 203 203 204 204 200 200 200 201 200 200 201 201 0 0 0 0 0 0 0 0
0 0 0 0 0 0 0 0 167 167 167 167 172 173 176 176 181 181 186 187 188 189 192 192 193 193 193 193 193 193 193 193 194 194 193 192 192 191 190 192 192 196 198 188 160 129 110 105 125 139 153 156 158 159 165 166 172 174 175 175 177 177 179 179 183 183 185 185 186 186 186 186 186 185 185 185 185 186 187 188 188 188 188 188 188 188 188 188 188 188 188 188 188 188 188 188 188 188 188 188 188 188 188 187 185 183 180 180 179 178 176 176 177 175 172 171 169 164 158 154 137 134 136 146 156 163 170 176 176 174 172 173 175 176 176 175 180 180 181 182 184 185 188 188 191 191 191 192 194 195 195 195 195 195 195 195 195 195 195 195 195 195 195 195 195 195 195 195 195 195 195 195 195 195 195 195 195 195 195 195 195 195 195 195 195 195 195 195 195 195 195 195 194 194 194 194 194 194 194 192 192 190 190 191 191 192 192 192 192 192 192 192 192 192 192 192 194 194 192 192 190 190 188 187 185 184 182 181 182 179 176 167 137 118 109 151 179 150 124 110 127 146 161 158 152 153 157 157 158 153 140 121 109 115 139 160 166 168 172 162 136 112 103 102 113 89 64 52 51 66 105 143 165 148 106 86 74 107 151 109 83 49 51 68 55 56 92 123 135 112 78 68 57 70 78 91 108 125 141 144 148 139 116 87 87 78 74 72 75 84 113 137 138 135 105 95 102 114 115 88 49 40 39 57 76 93 116 144 144 139 123 102 87 79 72 66 82 123 157 172 146 109 114 129 162 170 172 174 176 177 178 178 180 180 183 183 186 186 188 188 189 189 186 185 184 182 179 178 174 166 154 145 136 133 138 148 161 166 172 174 174 173 174 175 174 173 172 168 166 163 164 159 155 149 131 113 100 88 96 117 174 211 225 233 225 191 163 137 129 137 151 167 182 188 188 186 189 189 190 191 193 194 195 197 199 201 202 203 204 205 206 206 206 206 206 206 206 206 206 206 206 205 205 204 204 205 206 206 207 207 206 206 205 205 205 204 202 202 202 202 202 202 202 202 203 202 202 203 204 204 202 200 187 163 138 129 138 157 181 198 197 196 195 195 197 199 198 197 200 200 201 202 203 203 204 204 205 204 203 203 202 202 203 203 203 203 203 204 204 205 205 205 205 205 205 205 204 204 204 203 202 203 203 203 203 202 201 201 201 203 205 206 199 181 155 136 135 146 173 193 195 199 205 201 203 203 204 204 204 205 205 204 205 203 203 204 204 204 203 203 199 199 200 200 199 200 200 200 0 0 0 0 0 0 0 0
0 0 0 0 0 0 0 0 167 167 167 167 172 173 175 176 181 181 186 187 188 189 192 192 194 194 194 194 194 194 194 194 194 194 193 192 192 191 190 192 192 196 198 188 160 129 110 105 125 139 153 156 158 159 165 166 172 174 175 175 177 177 179 179 183 183 185 185 186 186 186 186 186 185 185 185 185 186 187 188 188 188 188 188 188 188 188 188 188 188 188 188 188 188 188 188 188 188 188 188 188 188 188 187 185 183 181 180 180 179 177 176 176 175 173 173 172 169 164 161 141 136 135 142 150 158 166 174 174 174 173 173 174 175 176 176 180 180 181 182 184 185 188 188 191 191 191 192 194 195 195 195 195 195 195 195 195 195 195 195 195 195 195 195 195 195 195 195 195 195 195 195 195 195 195 195 195 195 195 195 195 195 195 195 195 195 195 195 195 195 195 195 194 194 194 194 194 194 194 192 192 190 190 191 191 192 192 192 191 191 191 191 191 191 191 191 194 194 192 192 190 190 188 188 186 184 185 183 183 180 178 170 148 130 112 137 156 135 124 121 138 151 162 161 157 156 157 156 156 162 161 143 118 105 111 122 131 139 132 121 114 96 88 99 96 90 87 82 73 69 86 108 103 103 90 81 68 86 112 79 72 54 61 79 73 70 91 111 118 113 101 96 86 83 76 76 88 98 108 114 120 120 108 92 94 99 105 102 88 80 90 107 106 117 102 91 92 99 112 99 80 72 66 68 68 71 85 109 116 113 95 78 77 91 102 101 98 115 116 122 112 104 129 148 165 171 172 176 177 177 178 178 180 182 183 183 185 185 187 188 189 188 186 185 183 182 180 179 176 170 159 149 137 130 133 141 155 161 169 173 174 173 173 174 174 172 171 167 167 164 164 160 157 154 141 123 108 92 89 104 156 198 217 236 238 207 175 143 128 131 142 161 179 186 188 188 189 189 190 191 193 194 195 197 199 200 201 202 203 204 204 205 205 205 205 205 205 205 205 205 204 204 204 203 204 204 205 206 207 207 206 206 205 204 204 203 202 202 202 202 202 202 202 202 203 202 202 202 204 204 202 199 192 171 146 132 133 148 173 193 196 199 200 198 198 199 198 196 199 200 200 201 202 203 203 203 204 203 202 202 202 202 202 203 203 203 203 204 204 205 205 205 206 206 205 205 205 204 204 204 203 203 203 203 203 203 202 202 201 204 207 209 206 190 163 139 132 139 165 189 195 200 204 200 203 203 203 203 203 204 204 204 204 202 202 202 203 203 202 202 198 199 199 199 199 199 199 199 0 0 0 0 0 0 0 0
0 0 0 0 0 0 0 0 167 166 166 167 171 173 175 176 181 181 186 187 188 189 192 192 194 194 194 194 194 194 194 194 194 194 193 192 192 191 190 192 192 196 198 188 160 129 110 105 125 139 153 156 158 159 165 166 172 174 175 175 177 177 179 179 183 183 185 185 186 186 186 186 186 185 185 185 185 186 187 188 188 188 188 188 188 188 188 188 188 188 188 188 188 188 188 188 188 188 188 188 188 188 188 187 185 183 181 180 180 180 178 177 177 176 175 176 176 174 170 167 148 141 136 139 145 153 163 172 173 173 173 173 173 174 175 176 180 180 181 182 184 185 188 188 191 191 191 192 194 195 195 195 195 195 195 195 195 195 195 195 195 195 195 195 195 195 195 195 195 195 195 195 195 195 195 195 195 195 195 195 195 195 195 195 195 195 195 195 195 195 195 195 194 194 194 194 194 194 194 192 192 190 190 191 191 192 192 192 191 191 191 191 191 191 191 191 192 192 192 192 190 190 188 188 186 185 185 183 182 180 179 174 164 152 129 142 154 139 139 142 153 161 166 166 163 161 160 157 147 157 167 159 138 119 110 109 101 107 92 85 97 88 80 96 104 110 118 119 106 90 89 97 79 84 84 79 65 72 86 67 68 64 78 97 99 96 105 116 112 113 118 119 122 115 108 99 83 82 83 86 93 100 102 101 115 125 133 127 108 94 95 104 107 119 108 102 100 105 123 117 116 114 113 109 94 84 90 105 107 110 103 99 108 129 143 144 122 124 110 115 118 120 143 156 168 174 175 177 177 177 179 180 182 182 183 183 185 185 185 184 188 187 184 183 182 181 179 179 176 172 163 153 140 130 130 138 149 157 167 173 175 173 172 172 173 170 169 167 167 166 164 158 154 156 149 134 119 100 90 99 140 183 209 237 246 218 185 151 129 127 138 158 177 185 188 190 189 189 192 193 193 194 197 197 199 200 201 201 202 203 203 203 203 203 203 203 203 203 203 203 203 203 202 203 203 204 205 206 207 207 206 205 204 203 203 202 202 202 202 202 202 202 202 202 203 202 201 202 203 203 201 198 196 179 156 138 131 140 163 184 193 201 204 200 197 198 198 195 199 199 199 200 201 202 202 203 202 202 201 201 201 201 202 203 203 203 203 204 204 205 205 205 206 206 206 205 205 205 204 204 203 203 203 203 203 203 204 204 200 204 207 210 210 198 169 143 132 134 157 184 194 200 204 200 203 203 203 203 203 202 202 202 202 202 201 201 202 202 200 200 200 200 198 198 199 199 199 200 0 0 0 0 0 0 0 0
0 0 0 0 0 0 0 0 166 166 166 166 171 172 175 175 181 181 186 187 188 189 192 192 195 195 195 195 195 195 195 195 194 194 193 192 192 191 190 192 192 196 198 188 160 129 110 105 125 139 153 156 158 159 165 166 172 174 175 175 177 177 179 179 183 183 185 185 186 186 186 186 186 185 185 185 185 186 187 188 188 188 188 188 188 188 188 188 188 188 188 188 188 188 188 188 188 188 188 188 188 188 188 187 185 183 181 181 181 180 178 178 178 178 177 179 180 178 175 172 156 145 137 136 141 148 159 169 172 173 174 173 172 172 174 176 180 180 181 182 184 185 188 188 191 191 191 192 194 195 195 195 195 195 195 195 195 195 195 195 195 195 195 195 195 195 195 195 195 195 195 195 195 195 195 195 195 195 195 195 195 195 195 195 195 195 195 195 195 195 195 195 194 194 194 194 194 194 194 192 192 190 190 191 191 192 192 192 190 190 190 190 190 190 190 190 192 192 192 192 190 190 188 188 186 187 186 185 184 181 182 179 177 168 145 152 161 150 154 159 164 165 166 166 165 165 163 162 147 159 173 176 164 149 137 132 135 134 123 119 134 125 114 124 126 133 142 146 137 122 116 117 105 102 97 83 67 69 77 72 75 82 96 114 124 124 125 131 113 115 126 126 141 138 140 130 123 117 113 114 118 121 125 130 133 139 143 138 127 118 117 121 125 134 121 114 109 112 127 121 130 132 137 134 121 108 113 122 108 113 118 122 133 143 151 152 134 139 131 141 147 142 150 147 171 176 176 176 177 179 181 181 182 182 183 183 184 184 184 184 186 186 182 181 180 180 179 179 176 173 167 158 143 131 129 137 143 152 164 172 175 173 171 171 172 169 168 166 168 167 164 157 153 159 156 142 130 108 95 97 124 166 197 234 251 230 198 160 134 127 134 155 175 184 187 190 189 189 192 193 193 194 197 197 200 200 200 201 201 202 202 202 202 202 202 202 202 202 202 202 202 202 201 202 202 204 205 205 207 207 206 205 204 203 202 202 202 202 202 202 202 202 202 202 204 202 201 202 203 202 200 198 198 186 168 148 133 134 152 173 189 201 207 201 196 198 198 195 198 198 199 199 200 201 202 202 201 200 200 200 200 201 202 202 203 203 203 204 204 205 205 205 207 206 206 206 205 205 205 205 204 203 203 203 203 204 205 205 201 204 207 209 213 205 176 146 134 131 150 179 193 200 204 200 203 203 202 202 202 201 201 201 201 201 200 200 200 201 201 199 199 199 197 198 198 198 199 199 0 0 0 0 0 0 0 0
0 0 0 0 0 0 0 0 166 166 166 166 171 172 174 175 181 181 186 187 188 189 192 192 195 195 195 195 195 195 195 195 194 194 193 192 192 191 190 192 192 196 198 188 160 129 110 105 125 139 153 156 158 159 165 166 172 174 175 175 177 177 179 179 183 183 185 185 186 186 186 186 186 185 185 185 185 186 187 188 188 188 188 188 188 188 188 188 188 188 188 188 188 188 188 188 188 188 188 188 188 188 188 187 185 183 181 181 181 181 179 179 180 179 179 181 182 181 178 175 161 149 137 133 136 143 155 165 171 173 174 173 171 171 174 177 180 180 181 182 184 185 188 188 191 191 191 192 194 195 195 195 195 195 195 195 195 195 195 195 195 195 195 195 195 195 195 195 195 195 195 195 195 195 195 195 195 195 195 195 195 195 195 195 195 195 195 195 195 195 195 195 194 194 194 194 194 194 194 192 192 190 190 191 191 192 192 192 190 190 190 190 190 190 190 190 192 192 192 192 190 190 188 188 186 187 189 185 183 183 185 183 181 180 160 166 175 165 169 172 174 170 167 169 171 172 172 172 159 167 179 181 177 168 163 163 163 159 153 151 157 148 139 143 159 159 161 165 164 159 157 157 139 128 118 98 82 81 81 84 85 96 111 126 142 144 141 144 130 131 143 132 148 146 157 151 149 141 137 140 141 138 140 146 147 146 144 142 142 144 144 141 149 157 144 139 135 134 145 137 138 146 158 160 152 140 143 150 147 147 150 151 148 141 138 140 149 160 159 170 173 164 167 160 175 179 179 178 178 181 181 181 182 182 183 182 182 181 183 183 185 184 180 179 178 178 178 178 177 176 171 162 145 131 128 134 138 149 163 172 175 173 170 169 171 168 167 166 169 167 164 156 151 161 159 147 136 115 99 96 109 152 185 227 255 239 210 173 142 131 133 154 176 184 187 190 191 191 192 193 195 196 197 197 199 200 200 200 200 201 201 201 201 201 201 201 201 201 201 201 201 201 201 201 202 203 204 205 207 207 206 205 203 202 201 201 202 202 202 202 202 202 202 202 204 202 201 202 202 202 199 197 199 192 179 159 137 130 143 162 185 200 208 201 195 197 198 195 197 197 198 199 200 200 201 201 200 200 199 199 200 201 202 202 203 203 203 204 204 205 205 205 207 207 206 206 206 205 205 205 204 203 203 202 203 204 205 206 203 206 207 210 215 210 182 151 138 129 145 176 192 200 204 201 202 202 202 201 201 201 200 200 200 200 201 201 202 200 200 200 198 198 199 199 197 198 198 198 0 0 0 0 0 0 0 0
0 0 0 0 0 0 0 0 166 166 165 166 171 172 174 175 181 181 186 187 188 189 192 192 195 195 195 195 195 195 195 195 194 194 193 192 192 191 190 192 192 196 198 188 160 129 110 105 125 139 153 156 158 159 165 166 172 174 175 175 177 177 179 179 183 183 185 185 186 186 186 186 186 185 185 185 185 186 187 188 188 188 188 188 188 188 188 188 188 188 188 188 188 188 188 188 188 188 188 188 188 188 188 187 185 183 181 181 181 181 179 179 181 181 180 182 183 182 179 176 163 150 136 131 133 140 151 162 171 173 174 173 171 171 174 177 180 180 181 182 184 185 188 188 191 191 191 192 194 195 195 195 195 195 195 195 195 195 195 195 195 195 195 195 195 195 195 195 195 195 195 195 195 195 195 195 195 195 195 195 195 195 195 195 195 195 195 195 195 195 195 195 194 194 194 194 194 194 194 192 192 190 190 191 191 192 192 192 190 190 190 190 190 190 190 190 192 192 192 192 190 190 188 188 186 187 189 188 185 183 185 186 183 184 167 173 182 173 176 176 177 171 167 169 174 177 178 179 165 172 178 176 171 168 170 174 168 164 161 160 157 154 153 159 158 151 148 147 154 155 160 161 152 137 130 110 99 93 88 93 94 110 121 133 152 157 152 154 152 152 161 141 151 145 164 161 158 149 146 151 151 148 151 159 158 152 145 145 152 160 160 154 151 159 149 147 143 141 151 143 130 144 162 168 163 151 149 152 144 143 152 161 159 148 148 157 150 164 161 165 163 158 172 174 177 180 179 178 180 180 181 181 182 182 183 182 182 181 183 183 184 183 179 178 177 177 177 178 179 179 174 165 146 131 127 133 136 147 162 171 175 173 170 169 171 167 166 166 169 168 164 156 151 164 162 151 139 119 99 96 99 143 176 224 255 246 218 181 147 133 132 154 176 184 186 189 191 191 192 193 195 196 197 199 199 199 200 200 200 200 200 201 201 201 201 201 201 201 201 201 200 200 200 201 202 203 204 205 207 207 206 205 203 202 201 200 202 202 202 202 202 202 202 202 204 202 201 201 202 201 199 197 199 195 185 165 140 128 138 155 182 199 208 201 195 197 198 195 197 197 198 198 199 200 201 201 199 199 199 199 199 200 201 202 203 203 203 204 204 205 205 205 207 207 207 206 206 205 205 205 204 203 203 202 203 204 206 207 205 208 208 210 217 214 186 154 140 129 143 174 191 200 204 201 202 202 202 201 201 200 200 199 200 200 200 201 201 201 200 200 200 198 198 199 197 197 198 198 0 0 0 0 0 0 0 0
0 0 0 0 0 0 0 0 160 164 167 167 169 169 173 177 181 179 181 183 189 192 193 192 194 194 194 194 194 194 194 194 193 193 193 192 192 191 191 193 196 198 198 188 161 131 111 105 123 138 152 156 158 158 163 165 172 174 175 176 178 179 181 181 184 184 186 186 187 187 187 187 188 188 188 188 188 188 188 188 188 188 188 188 188 188 188 188 188 188 188 188 188 188 188 188 188 188 188 188 188 188 188 187 184 182 180 181 181 181 180 180 181 181 180 180 180 180 180 180 165 156 146 137 132 134 146 159 162 172 178 176 172 172 173 172 182 182 182 183 183 184 186 186 190 191 191 192 194 195 195 196 195 195 195 195 195 195 195 195 195 195 195 195 195 195 195 195 195 195 195 195 195 195 195 195 194 194 194 194 194 194 194 194 194 194 194 194 194 194 194 194 194 194 194 194 194 194 194 192 192 190 190 190 190 190 190 190 190 190 190 190 190 190 190 190 189 189 189 190 190 191 191 189 188 188 188 188 188 187 187 185 181 180 180 180 180 180 180 180 179 178 176 175 176 179 183 185 180 176 173 168 167 168 171 171 171 169 167 165 165 163 163 163 160 154 150 145 148 154 164 168 155 146 137 123 109 97 99 103 112 121 131 140 152 162 164 160 168 165 162 157 154 154 154 155 157 158 158 159 159 160 160 160 162 158 155 156 161 165 167 164 160 157 155 156 157 158 158 157 146 153 162 167 167 161 159 157 153 156 159 162 164 163 161 161 165 165 163 163 164 168 174 180 178 182 182 182 184 184 184 184 183 183 183 183 183 183 183 183 185 185 182 181 179 178 176 176 176 177 173 166 154 142 131 127 129 139 153 166 174 174 171 169 167 166 167 166 167 165 163 157 159 163 166 161 151 137 115 97 95 122 170 216 245 254 233 192 161 130 134 147 179 183 199 190 192 191 192 192 197 199 200 201 202 201 200 199 199 199 199 200 200 200 200 200 200 200 200 200 200 200 201 202 202 203 204 204 206 206 206 205 205 204 204 204 202 202 202 202 202 202 202 202 203 203 203 202 202 201 201 201 200 200 194 175 147 129 133 146 173 194 208 204 199 200 199 194 197 197 198 198 198 198 199 199 199 199 199 200 200 201 201 201 201 202 203 204 204 204 204 203 205 205 205 205 205 205 205 205 204 204 204 205 205 206 206 206 202 205 209 211 213 207 189 172 147 135 134 157 187 203 200 192 198 199 202 204 206 204 200 196 198 200 203 203 201 201 202 201 200 200 198 198 198 198 198 198 0 0 0 0 0 0 0 0
0 0 0 0 0 0 0 0 161 164 167 167 169 169 172 175 180 177 180 182 188 192 193 192 194 194 194 194 194 194 194 194 193 193 193 192 192 191 191 193 196 198 198 188 161 131 111 105 123 138 152 156 158 158 163 165 172 174 175 176 178 179 181 181 184 184 186 186 187 187 187 187 188 188 188 188 188 188 188 188 188 188 188 188 188 188 188 188 188 188 188 188 188 188 188 188 188 188 188 188 188 188 188 187 184 183 181 181 182 182 180 181 181 181 180 180 180 180 180 180 174 164 152 141 132 130 138 149 162 172 179 177 174 174 175 174 182 182 182 183 183 183 186 186 190 190 191 191 194 195 195 196 195 195 195 195 195 195 195 195 195 195 195 195 195 195 195 195 195 195 195 195 195 195 195 195 194 194 194 194 194 194 194 194 194 194 194 194 194 194 194 194 194 194 194 194 194 194 194 192 192 190 190 190 190 190 190 190 190 190 190 190 190 190 190 190 189 189 189 190 190 190 191 191 188 188 188 188 188 188 188 187 183 183 183 183 183 183 183 183 182 181 180 180 180 182 184 186 184 182 177 175 173 174 175 176 175 173 171 170 170 168 168 168 163 161 157 155 156 159 163 166 161 154 143 130 115 104 105 109 125 134 145 150 155 160 163 161 170 167 166 163 161 162 163 164 164 165 165 165 166 166 167 167 167 165 164 166 169 171 170 167 167 163 164 161 165 167 169 170 161 166 173 175 172 169 168 167 161 163 166 169 170 169 169 167 171 170 169 168 169 171 176 180 180 182 184 184 184 184 184 184 184 184 184 184 184 184 184 184 185 185 182 181 179 178 176 176 175 176 173 168 158 147 136 131 126 135 149 162 171 173 171 170 168 167 168 166 167 165 163 159 159 163 167 164 156 144 124 107 91 107 142 183 217 242 239 211 176 138 134 141 174 183 201 193 194 192 192 192 196 198 200 201 202 201 200 199 199 199 199 200 200 200 200 200 200 200 200 200 200 200 201 202 202 203 204 204 206 206 206 205 205 204 204 204 202 202 202 202 202 202 202 202 203 203 203 202 202 201 201 201 193 198 201 189 162 137 130 134 165 188 205 204 199 199 199 196 197 197 198 198 198 199 199 199 199 199 199 200 200 201 201 201 201 202 203 204 204 204 204 203 205 205 205 205 205 205 205 205 204 204 204 205 205 206 206 206 203 204 205 205 208 206 194 181 164 143 129 142 170 191 198 197 195 195 198 202 206 205 200 196 198 200 203 203 202 201 202 204 201 201 201 199 199 199 199 199 0 0 0 0 0 0 0 0
0 0 0 0 0 0 0 0 161 164 168 168 169 168 171 174 178 176 178 181 187 191 193 192 194 194 194 194 194 194 194 194 193 193 192 192 192 192 191 193 196 198 199 189 162 131 111 104 123 138 152 156 158 158 163 165 172 174 175 176 178 179 181 181 184 184 186 186 187 187 187 187 188 188 188 188 188 188 188 188 188 188 188 188 188 188 188 188 188 188 188 188 188 188 188 188 188 188 188 188 188 188 188 187 185 184 182 182 183 183 181 182 181 181 180 180 180 180 180 180 180 170 157 145 133 128 133 142 161 172 180 179 175 176 177 177 182 182 182 182 183 183 185 186 189 190 190 191 194 195 196 196 195 195 195 195 195 195 195 195 195 195 195 195 195 195 195 195 195 195 195 195 195 195 195 195 194 194 194 194 194 194 194 194 194 194 194 194 194 194 194 194 194 194 194 194 194 194 194 192 192 190 190 190 190 190 190 190 190 190 190 190 190 190 190 190 189 189 189 189 190 190 190 191 190 190 190 190 190 190 190 188 187 185 185 185 185 185 185 185 184 184 184 184 184 184 184 186 186 185 183 182 180 180 178 179 177 176 176 174 174 172 172 170 167 166 165 165 164 163 163 163 167 160 150 137 121 110 111 116 134 144 156 157 159 160 164 164 168 167 167 165 167 169 171 173 169 169 169 169 170 170 170 170 171 171 171 172 172 170 165 161 160 157 156 154 157 161 165 168 168 170 173 173 172 172 175 176 167 169 171 174 174 174 174 173 176 175 176 176 176 177 178 179 182 184 185 185 185 185 185 185 185 185 185 185 185 185 185 185 185 185 182 181 179 178 176 176 173 175 174 171 164 154 141 134 123 131 144 157 168 172 172 171 168 167 168 167 167 165 164 160 160 164 169 166 162 151 133 119 93 98 122 158 197 234 247 231 193 148 133 133 168 182 204 197 197 195 195 194 194 197 200 202 202 201 200 199 199 199 199 200 200 200 200 200 200 200 200 200 200 200 201 202 202 203 204 204 206 206 206 205 205 204 204 204 202 202 202 202 202 202 202 202 203 203 202 202 202 202 201 201 192 199 206 199 174 145 130 128 156 180 202 205 199 198 199 198 197 197 198 198 199 199 199 200 199 199 199 200 200 201 201 201 201 202 203 204 204 204 204 203 205 205 205 205 205 205 205 205 204 204 204 204 205 205 205 205 204 203 200 199 202 205 200 191 176 149 126 131 154 178 192 197 193 192 195 201 207 207 201 195 198 201 203 204 203 203 203 204 204 202 202 202 202 202 200 200 0 0 0 0 0 0 0 0
0 0 0 0 0 0 0 0 160 164 168 168 169 168 170 173 177 175 177 180 187 191 193 191 193 193 193 193 193 193 193 193 192 192 192 192 192 192 192 194 196 199 199 190 163 132 111 104 123 138 152 156 158 158 163 165 172 174 175 176 178 179 181 181 184 184 186 186 187 187 187 187 188 188 188 188 188 188 188 188 188 188 188 188 188 188 188 188 188 188 188 188 188 188 188 188 188 188 188 188 188 188 188 187 186 184 183 183 183 184 182 182 180 180 179 179 179 179 179 179 179 170 160 149 137 131 134 142 158 169 178 178 175 176 177 177 181 181 182 182 182 183 185 185 188 189 190 191 194 195 196 196 195 195 195 195 195 195 195 195 195 195 195 195 195 195 195 195 195 195 195 195 195 195 195 195 194 194 194 194 194 194 194 194 194 194 194 194 194 194 194 194 194 194 194 194 194 194 194 192 192 190 190 190 190 190 190 190 190 190 190 190 190 190 190 190 188 188 189 189 189 190 190 190 189 189 189 189 189 189 189 189 187 186 187 186 187 186 187 186 187 187 188 188 188 186 185 184 187 188 188 186 185 184 183 180 180 178 178 176 176 176 175 173 169 168 170 167 168 165 165 162 169 162 154 139 124 110 114 120 134 146 160 161 160 162 167 171 169 170 169 170 170 173 175 175 174 172 174 172 174 172 174 172 179 177 178 174 170 159 152 144 143 142 141 139 140 145 153 158 161 162 165 167 170 175 179 181 175 175 179 178 181 178 177 176 179 179 181 181 180 180 179 180 184 185 185 185 185 185 185 185 186 186 186 186 186 186 186 186 185 185 182 181 179 178 176 176 174 174 174 173 169 158 143 134 122 128 139 152 165 172 174 174 168 167 168 167 168 166 164 160 160 166 170 168 164 154 140 125 97 95 115 150 189 229 247 236 205 157 135 127 159 177 202 198 198 197 197 195 194 196 200 203 202 201 200 199 199 199 199 200 200 200 200 200 200 200 200 200 200 200 201 202 202 203 204 204 206 206 206 205 205 204 204 204 202 202 202 202 202 202 202 202 202 202 202 202 202 202 202 202 199 202 204 197 175 150 134 131 150 175 200 207 202 198 198 199 197 197 198 198 199 200 200 201 199 199 199 200 200 201 201 201 201 202 203 204 204 204 204 203 205 205 205 205 205 205 205 205 204 204 204 204 204 204 204 205 205 203 199 196 199 203 201 195 174 150 129 131 150 171 185 193 196 194 195 201 207 207 200 193 199 201 203 204 203 203 203 204 205 205 203 203 203 203 201 201 0 0 0 0 0 0 0 0
0 0 0 0 0 0 0 0 159 163 167 168 170 168 170 172 178 175 178 180 187 190 192 191 193 193 193 193 193 193 193 193 192 192 192 192 192 192 192 194 195 199 200 191 164 133 111 104 123 138 152 156 158 158 163 165 172 174 175 176 178 179 181 181 184 184 186 186 187 187 187 187 188 188 188 188 188 188 188 188 188 188 188 188 188 188 188 188 188 188 188 188 188 188 188 188 188 188 188 188 188 188 188 187 186 184 183 183 183 184 182 182 180 180 179 179 179 179 179 179 178 171 163 153 141 133 134 141 152 164 174 175 174 175 176 176 181 181 181 182 182 182 185 185 187 188 189 190 193 195 196 196 195 195 195 195 195 195 195 195 195 195 195 195 195 195 195 195 195 195 195 195 195 195 195 195 194 194 194 194 194 194 194 194 194 194 194 194 194 194 194 194 194 194 194 194 194 194 194 192 192 190 190 190 190 190 190 190 190 190 190 190 190 190 190 190 188 188 188 189 189 189 190 190 191 191 191 191 191 191 191 189 189 187 189 187 189 187 189 187 189 188 191 189 191 187 187 185 189 190 190 189 188 187 186 183 183 182 182 180 180 178 178 176 172 169 170 168 169 168 170 168 170 163 156 141 125 111 115 122 134 147 162 163 160 162 169 172 171 173 172 172 172 174 175 176 175 174 175 174 175 174 175 174 184 181 178 169 158 144 135 128 129 130 131 130 130 133 141 146 147 149 156 162 170 179 184 187 182 182 184 184 186 184 183 183 185 185 184 184 183 181 180 181 185 187 187 187 187 187 185 185 186 186 186 186 186 186 186 186 185 185 182 181 179 178 176 176 176 175 173 174 172 162 144 132 124 128 136 148 163 172 175 176 169 168 169 167 168 166 164 161 162 168 170 167 163 157 143 128 99 92 106 135 171 213 239 237 213 167 144 127 150 167 198 196 198 198 199 196 195 196 200 203 202 201 200 199 199 199 199 200 200 200 200 200 200 200 200 200 200 200 201 202 202 203 204 204 206 206 206 205 205 204 204 204 202 202 202 202 202 202 202 202 202 202 202 202 202 202 202 202 200 201 202 197 180 156 138 132 148 172 198 208 204 199 198 199 197 197 198 199 200 201 201 202 199 199 199 200 200 201 201 201 201 202 203 204 204 204 204 203 205 205 205 205 205 205 205 205 204 204 204 204 204 204 204 203 204 204 201 197 198 202 199 194 173 153 133 131 144 163 182 195 202 200 199 202 206 205 199 193 201 203 206 206 204 203 204 206 205 205 203 203 203 203 203 203 0 0 0 0 0 0 0 0
0 0 0 0 0 0 0 0 156 161 166 168 170 169 171 173 180 177 179 181 187 190 192 190 192 192 192 192 192 192 192 192 191 191 192 192 192 192 193 195 195 199 201 192 165 133 111 104 123 138 152 156 158 158 163 165 172 174 175 176 178 179 181 181 184 184 186 186 187 187 187 187 188 188 188 188 188 188 188 188 188 188 188 188 188 188 188 188 188 188 188 188 188 188 188 188 188 188 188 188 188 188 188 187 185 184 182 182 183 183 181 182 179 179 178 178 178 178 178 178 181 175 167 158 145 133 132 136 147 159 171 173 173 174 176 175 180 181 181 181 182 182 184 184 186 187 188 190 193 195 196 196 195 195 195 195 195 195 195 195 195 195 195 195 195 195 195 195 195 195 195 195 195 195 195 195 194 194 194 194 194 194 194 194 194 194 194 194 194 194 194 194 194 194 194 194 194 194 194 192 192 190 190 190 190 190 190 190 190 190 190 190 190 190 190 190 187 188 188 188 189 189 189 189 190 190 190 190 190 190 190 190 188 188 188 188 188 188 188 188 189 190 190 191 190 189 187 186 191 192 190 190 190 189 188 185 185 183 183 182 182 180 180 178 174 171 170 169 169 170 172 173 168 164 156 142 123 111 114 122 136 149 163 163 160 160 166 169 174 173 173 172 174 174 177 177 177 175 175 175 174 174 174 174 182 179 170 157 143 131 123 120 123 128 131 130 130 130 133 139 138 140 145 156 168 181 189 193 188 188 189 189 189 187 186 186 188 186 186 185 184 183 182 183 187 187 187 187 187 187 185 185 186 186 186 186 186 186 186 186 185 185 182 181 179 178 176 176 179 176 172 174 174 166 148 134 127 128 134 144 159 169 174 174 169 168 169 168 169 166 165 161 164 169 171 168 164 157 145 131 107 93 97 117 150 196 236 246 219 179 155 129 139 152 188 191 197 199 202 199 196 195 198 202 202 201 200 199 199 199 199 200 200 200 200 200 200 200 200 200 200 200 201 202 202 203 204 204 206 206 206 205 205 204 204 204 202 202 202 202 202 202 202 202 201 201 202 202 202 202 203 203 195 197 203 204 191 166 142 131 147 167 192 206 206 202 199 199 197 197 198 199 200 201 202 202 199 199 199 200 200 201 201 201 201 202 203 204 204 204 204 203 205 205 205 205 205 205 205 205 204 204 204 204 203 203 203 203 202 204 202 199 199 200 197 192 178 160 139 128 132 151 178 200 206 205 203 203 202 200 197 194 202 204 206 207 204 204 205 206 205 205 203 203 203 203 203 203 0 0 0 0 0 0 0 0
0 0 0 0 0 0 0 0 154 159 165 168 171 169 172 173 182 179 181 183 188 190 191 189 192 192 192 192 192 192 192 192 191 191 191 192 192 193 193 195 195 199 201 192 165 134 112 104 123 138 152 156 158 158 163 165 172 174 175 176 178 179 181 181 184 184 186 186 187 187 187 187 188 188 188 188 188 188 188 188 188 188 188 188 188 188 188 188 188 188 188 188 188 188 188 188 188 188 188 188 188 188 188 187 184 183 181 181 182 182 180 181 179 179 178 178 178 178 178 178 182 176 170 161 147 135 131 134 144 157 169 172 172 174 176 176 180 180 181 181 181 182 184 184 186 186 188 189 193 195 196 196 195 195 195 195 195 195 195 195 195 195 195 195 195 195 195 195 195 195 195 195 195 195 195 195 194 194 194 194 194 194 194 194 194 194 194 194 194 194 194 194 194 194 194 194 194 194 194 192 192 190 190 190 190 190 190 190 190 190 190 190 190 190 190 190 187 187 188 188 188 189 189 189 190 190 190 190 192 192 192 190 188 188 188 188 188 188 188 188 189 189 190 190 190 189 188 188 192 191 191 190 190 188 188 186 186 184 184 184 184 183 183 181 173 171 171 171 171 171 171 171 168 165 157 143 123 110 114 123 139 149 162 163 161 162 167 168 172 172 173 175 177 177 177 178 177 177 176 176 175 175 175 174 178 172 161 147 133 125 123 124 132 139 144 145 143 139 139 141 137 137 138 148 161 177 187 193 191 191 191 191 191 189 189 188 190 188 187 185 185 185 185 185 187 189 187 187 187 187 187 187 185 185 185 185 185 185 184 185 185 185 182 181 179 178 176 176 180 176 171 175 178 171 154 140 129 128 131 140 155 166 170 171 169 168 169 168 169 167 165 161 164 169 170 168 165 161 151 138 116 98 94 104 130 177 228 251 229 194 169 131 130 138 177 188 198 201 204 202 198 195 197 200 202 201 200 199 199 199 199 200 200 200 200 200 200 200 200 200 200 200 201 202 202 203 204 204 206 206 206 205 205 204 204 204 202 202 202 202 202 202 202 202 201 201 201 202 202 203 203 203 195 196 202 206 197 174 149 135 144 160 184 201 207 204 201 200 197 197 198 199 201 202 203 203 199 199 199 200 200 201 201 201 201 202 203 204 204 204 204 203 205 205 205 205 205 205 205 205 204 204 204 203 203 202 202 202 201 203 202 198 198 200 198 194 182 168 148 131 125 137 167 194 205 206 205 201 197 195 195 197 202 204 206 207 204 204 205 206 204 204 204 204 202 202 202 202 0 0 0 0 0 0 0 0
0 0 0 0 0 0 0 0 154 160 167 170 171 170 172 174 182 181 180 184 188 190 191 189 192 192 192 190 190 190 188 188 187 187 187 188 188 189 191 193 195 201 201 193 168 134 112 102 123 138 150 156 157 158 161 165 172 175 177 178 180 181 181 179 180 182 182 184 186 187 191 191 190 188 190 188 190 188 190 188 190 188 190 188 190 188 190 188 190 188 190 188 190 188 190 188 190 188 190 188 190 188 190 188 184 182 182 181 181 181 182 180 179 179 178 178 178 178 178 178 179 175 169 162 149 137 133 136 143 156 169 173 173 175 177 177 180 180 180 181 181 182 184 184 185 186 187 189 193 195 196 197 195 195 195 195 195 195 195 195 195 195 195 195 195 195 195 195 195 195 195 195 195 195 195 195 194 194 194 192 194 192 192 192 192 192 194 192 194 192 194 192 194 192 194 192 194 192 194 192 190 190 190 190 190 190 190 190 190 190 190 190 190 190 190 190 187 187 187 188 188 189 189 189 188 188 190 190 190 190 190 190 190 188 188 188 188 188 188 188 189 189 189 189 189 189 189 191 192 191 190 189 189 189 187 188 188 186 186 186 186 186 184 183 176 175 176 176 176 174 172 170 171 168 162 146 126 113 117 126 139 150 161 163 165 170 172 174 171 173 176 177 179 180 181 181 178 176 178 175 177 174 176 173 174 166 155 139 129 123 128 132 149 157 165 165 161 155 153 153 140 136 135 139 152 169 182 188 193 193 193 193 191 191 191 189 190 187 187 184 184 184 184 186 187 187 187 187 187 187 187 187 185 185 185 185 185 185 184 185 183 185 182 181 179 178 176 176 181 175 171 175 180 176 159 146 132 128 129 137 152 163 165 166 169 168 168 168 168 167 163 161 161 166 169 168 166 163 155 144 116 99 91 99 118 164 215 240 240 207 180 135 123 128 171 186 197 202 205 203 199 195 196 201 204 205 202 201 201 201 199 200 200 200 200 200 202 202 202 202 202 200 201 202 202 203 204 204 206 206 206 205 205 204 204 204 202 202 202 202 202 202 202 202 201 201 201 202 202 203 203 203 200 198 200 203 197 177 156 144 141 155 177 197 207 206 203 201 197 197 198 199 201 202 203 204 199 199 199 200 200 201 201 201 201 201 203 203 204 204 204 203 205 205 205 205 205 205 205 205 204 204 204 203 203 202 202 202 200 202 200 196 196 200 200 197 181 172 156 138 124 130 156 183 203 205 205 200 193 191 195 199 200 202 207 205 204 204 205 206 204 204 204 204 202 202 202 202 0 0 0 0 0 0 0 0
0 0 0 0 0 0 0 0 144 166 171 162 170 172 165 180 176 188 182 181 186 187 193 187 184 202 194 184 188 189 184 175 187 181 184 182 187 184 163 200 196 198 210 188 169 138 104 115 111 140 154 144 149 159 155 165 178 177 175 187 178 175 188 173 178 185 179 179 191 189 184 204 194 190 192 190 192 190 192 190 192 190 192 190 192 190 192 190 192 190 192 190 192 190 192 190 192 190 192 190 192 190 192 190 187 183 183 182 182 180 179 179 178 178 177 177 175 175 175 175 179 178 174 164 152 142 137 136 144 152 164 173 176 176 176 176 179 179 179 180 180 181 183 183 189 187 187 189 193 195 194 193 196 196 196 196 196 196 196 196 197 197 197 197 197 197 197 197 197 197 196 196 196 196 194 194 192 192 192 190 192 190 190 190 190 190 192 190 192 190 192 190 192 190 192 190 192 190 192 190 190 190 190 190 190 190 190 190 190 190 190 190 190 190 190 190 189 187 187 187 187 187 187 187 188 188 190 190 190 190 190 190 191 191 191 191 191 191 191 191 191 191 191 191 191 191 191 191 192 192 192 191 191 190 190 190 189 187 187 188 188 189 189 187 186 184 184 183 182 181 181 181 177 170 163 149 132 120 123 129 145 155 167 168 168 169 173 175 179 180 181 183 185 186 187 186 186 182 181 175 177 176 172 162 163 154 147 134 127 123 137 150 167 178 185 182 178 173 169 165 146 134 125 130 144 162 177 188 191 192 193 192 190 190 188 189 187 185 185 184 182 182 182 182 185 185 185 185 185 185 185 185 185 185 185 185 185 185 185 185 182 182 181 180 178 177 177 176 177 178 178 178 177 175 165 153 138 129 126 135 147 157 162 164 167 164 162 164 168 168 164 162 161 163 166 165 165 163 158 155 127 112 99 86 107 151 189 237 239 228 181 146 130 125 156 182 193 203 209 204 199 198 200 203 209 210 207 204 204 203 202 203 200 200 202 202 204 206 207 206 204 202 203 204 204 205 206 206 207 207 206 206 206 205 205 205 202 202 202 202 202 202 202 202 200 201 201 202 202 203 203 204 195 200 204 205 201 189 167 147 143 151 169 191 203 203 200 199 198 198 199 200 200 201 202 202 200 200 200 200 200 200 200 200 201 199 201 200 202 202 203 203 204 204 204 204 206 206 206 206 205 205 205 204 204 203 203 203 202 201 199 198 198 199 201 202 186 181 167 145 125 125 152 180 203 208 207 201 196 197 199 197 203 202 204 204 204 204 203 203 204 204 204 205 205 206 206 206 0 0 0 0 0 0 0 0
0 0 0 0 0 0 0 0 135 140 148 178 241 251 197 167 164 177 167 174 189 178 178 202 197 185 174 189 190 175 212 255 255 255 252 220 243 247 197 174 193 206 204 191 170 130 97 84 123 124 129 157 158 147 158 158 148 179 180 165 180 179 162 172 157 166 168 168 188 200 190 198 194 190 192 190 192 190 192 190 192 190 192 190 192 190 192 190 192 190 192 190 192 190 192 190 192 190 192 190 192 190 192 190 188 184 183 183 183 180 180 178 178 177 177 177 175 175 173 175 176 177 175 167 156 146 139 136 142 151 163 173 177 177 177 177 179 179 179 180 180 181 183 183 187 186 186 188 193 195 194 193 195 195 195 195 195 195 195 195 196 196 196 196 196 196 196 196 196 196 195 195 195 195 193 193 192 192 190 190 190 190 188 188 190 190 190 190 190 190 190 190 190 190 190 190 190 190 190 190 190 190 190 190 190 190 190 190 190 190 190 190 190 190 190 188 186 186 186 186 186 186 186 186 187 187 187 187 187 187 187 187 189 189 191 189 191 189 191 189 191 189 191 189 191 189 191 191 190 192 192 191 191 190 190 190 189 189 189 190 190 191 191 189 188 188 188 185 185 184 184 182 180 175 166 151 134 122 125 132 145 156 166 168 169 172 176 179 181 181 183 185 185 188 189 188 185 184 181 177 177 176 168 159 153 145 137 132 131 137 151 165 178 187 195 192 189 183 178 170 151 135 125 126 140 153 171 182 191 191 192 192 191 189 189 187 185 184 184 182 180 180 180 180 184 185 185 185 185 185 185 185 184 184 184 184 184 184 184 184 183 182 182 181 179 178 178 177 177 178 179 178 178 176 167 156 146 135 127 133 142 151 159 162 165 162 162 164 166 168 164 162 160 161 163 164 165 163 160 158 140 120 103 81 96 135 177 227 237 233 193 159 135 123 148 168 187 199 207 203 195 196 199 206 213 213 210 206 204 203 202 200 200 200 200 202 206 207 207 207 204 202 203 204 204 205 206 206 207 207 207 207 206 206 206 203 202 202 202 202 202 202 202 202 201 201 202 202 202 202 203 203 198 201 203 205 204 194 172 151 143 146 160 181 197 203 202 202 199 199 199 200 200 201 201 201 201 201 201 201 201 201 201 200 199 200 200 200 201 201 203 203 204 204 204 204 206 206 206 206 205 205 205 204 204 203 203 203 203 201 199 198 198 199 201 203 191 186 172 151 129 127 149 175 195 202 205 200 195 196 199 199 201 202 203 204 204 204 203 203 204 204 204 205 205 206 206 206 0 0 0 0 0 0 0 0
0 0 0 0 0 0 0 0 113 146 166 153 161 159 150 184 175 178 168 173 192 178 159 175 162 182 180 181 171 164 209 253 200 242 255 179 176 160 164 179 181 204 191 181 156 123 109 103 92 136 139 144 140 136 152 130 153 141 149 153 159 160 146 153 148 162 176 157 178 200 194 191 192 188 190 188 190 188 190 188 190 188 190 188 190 188 190 188 190 188 190 188 190 188 190 188 190 188 190 188 190 188 190 188 186 184 183 181 181 180 180 178 178 177 177 175 175 175 173 175 174 176 176 172 162 150 140 135 138 147 160 171 176 178 177 176 177 177 177 178 180 181 183 183 183 182 185 187 191 193 193 192 194 194 194 194 194 194 194 194 193 193 193 193 193 193 193 193 193 193 193 193 193 193 191 191 190 190 190 190 188 188 188 188 190 190 190 190 190 190 190 190 190 190 190 190 190 190 190 190 190 190 190 190 190 190 190 190 190 190 190 190 190 190 190 188 186 185 185 185 185 185 185 185 186 186 186 186 186 186 186 187 187 187 189 187 189 187 189 187 189 187 189 187 189 187 189 189 190 190 190 189 189 188 188 188 187 187 187 188 188 189 189 189 188 186 186 183 183 182 182 181 182 176 166 149 131 120 123 130 144 153 164 165 166 171 175 178 181 181 181 183 183 186 187 186 182 181 179 175 173 170 160 150 141 132 125 128 137 149 165 179 183 188 192 191 191 188 181 171 152 135 122 121 134 149 167 179 189 189 190 189 190 188 187 185 184 182 182 180 180 178 178 178 182 184 184 184 184 184 184 184 183 183 183 183 183 183 183 183 183 183 183 182 180 179 179 179 176 179 177 176 177 178 171 162 151 138 127 129 135 145 155 160 164 161 162 164 165 167 166 163 161 162 164 165 166 164 162 162 150 133 113 85 88 117 155 207 227 236 205 173 145 122 139 153 177 192 204 200 192 191 196 205 212 211 209 206 201 199 200 199 199 199 200 202 202 204 206 206 202 200 201 202 202 203 204 204 206 206 206 205 205 204 204 204 202 201 201 201 201 201 201 201 202 202 201 201 201 201 200 200 201 200 200 203 206 200 179 158 145 142 148 167 188 199 201 200 198 198 199 199 199 199 200 200 200 200 200 200 200 200 200 200 200 198 198 199 201 202 202 202 203 203 203 203 204 204 204 204 203 203 203 202 202 201 201 201 202 200 197 194 194 197 200 202 196 191 178 157 134 127 143 163 181 193 201 198 192 192 197 200 201 199 200 201 202 202 201 201 202 202 202 203 203 204 204 204 0 0 0 0 0 0 0 0
0 0 0 0 0 0 0 0 121 127 134 150 220 250 220 236 230 255 255 222 224 255 255 177 232 255 255 255 248 233 255 255 254 244 234 188 252 231 242 253 255 255 255 214 144 102 84 130 255 255 255 214 126 184 255 255 255 169 178 255 255 255 255 242 255 255 255 183 158 177 188 196 188 187 187 187 187 187 187 187 187 187 187 187 187 187 187 187 187 187 187 187 187 187 187 187 187 187 187 187 187 187 187 185 183 180 180 178 179 177 177 175 176 174 174 174 174 174 172 172 173 178 180 177 168 154 141 132 136 144 157 169 176 178 177 176 177 177 177 178 178 181 181 183 183 182 183 188 192 194 195 194 195 195 195 195 195 195 195 195 194 194 194 194 194 194 194 194 194 194 194 194 194 192 192 190 190 190 190 188 188 188 188 188 190 190 190 190 190 190 190 190 190 190 190 190 190 190 190 190 190 188 190 188 190 188 190 188 190 188 190 188 190 188 190 188 184 184 184 184 184 184 184 184 185 185 185 185 185 185 185 185 186 186 187 186 187 186 187 186 187 186 187 186 187 186 187 187 188 188 188 187 187 186 186 186 185 185 185 186 186 187 187 187 184 184 184 182 182 181 181 179 181 174 163 146 128 117 120 127 143 153 162 164 163 167 171 174 179 178 180 180 181 182 185 184 181 181 179 175 172 167 156 144 136 126 121 130 145 160 172 180 181 182 181 180 183 185 179 170 151 135 119 119 130 146 164 179 183 187 186 188 188 186 186 184 182 180 180 178 178 177 177 178 182 184 184 184 184 184 184 184 184 184 184 184 184 184 184 184 183 183 183 181 181 180 180 178 177 177 177 175 177 178 174 167 156 141 127 123 130 139 150 160 162 161 161 164 164 166 166 166 164 162 163 163 164 166 166 165 159 143 127 96 89 104 135 186 216 237 217 189 154 125 132 144 167 186 200 197 188 186 193 200 210 208 206 202 199 198 197 197 195 197 199 199 200 202 204 202 200 199 201 201 202 202 204 203 206 205 206 205 205 204 204 203 201 199 201 199 201 199 201 199 203 200 202 199 201 198 200 197 205 199 199 200 209 204 187 165 150 138 140 156 182 194 198 194 199 197 199 197 199 197 199 197 201 199 201 199 201 199 201 199 198 198 199 199 200 202 202 202 202 202 202 202 203 203 203 203 203 202 203 201 202 200 201 200 204 200 197 193 194 196 201 203 201 195 185 164 142 128 137 150 172 187 200 198 193 191 196 199 198 196 200 199 201 200 201 199 202 200 202 201 203 202 204 202 0 0 0 0 0 0 0 0
0 0 0 0 0 0 0 0 98 118 143 159 222 243 203 230 253 169 216 255 226 228 237 213 248 220 188 234 239 186 207 243 194 218 239 203 252 199 230 255 225 221 255 229 144 119 103 229 255 141 225 255 216 255 245 120 218 242 187 255 255 174 240 255 204 243 255 210 175 179 180 177 185 183 183 183 183 183 183 183 183 183 183 183 183 183 183 183 183 183 183 183 183 183 183 183 183 183 183 183 183 183 183 183 179 177 177 175 176 175 174 172 174 174 174 172 172 172 172 172 176 178 180 178 169 155 139 129 133 139 151 162 171 175 175 174 176 176 176 177 177 179 179 181 182 181 182 187 191 193 194 193 194 194 194 194 194 194 194 194 192 192 192 192 192 192 192 192 192 192 192 192 192 192 192 190 190 188 188 188 188 186 186 186 188 188 188 188 188 188 188 188 188 188 188 188 188 188 188 188 188 186 188 186 188 186 188 186 188 186 188 186 188 186 188 186 184 182 182 182 182 182 182 182 183 183 183 183 183 183 183 183 184 184 186 184 186 184 186 184 186 184 186 184 186 184 186 186 185 185 185 184 184 183 183 183 182 182 182 183 183 184 184 184 183 183 183 180 180 179 179 177 178 172 161 144 126 114 117 125 141 152 160 162 161 165 168 169 175 176 178 178 180 181 182 183 178 178 177 173 170 164 152 140 129 121 119 132 151 165 173 178 178 176 171 169 174 180 178 171 155 138 122 120 130 145 161 175 178 181 183 184 185 183 182 179 180 178 177 177 177 175 175 177 180 182 182 182 182 182 182 182 183 183 183 183 183 183 183 183 182 182 182 181 181 179 179 178 177 177 177 172 173 176 174 169 157 142 126 122 126 136 149 161 160 160 161 164 163 165 166 167 164 164 163 162 163 166 166 166 165 148 133 102 86 92 119 169 210 238 226 199 161 127 128 133 161 181 197 195 186 181 186 193 204 204 202 199 196 194 193 193 193 193 195 195 197 199 200 200 199 197 200 199 201 200 203 201 205 203 205 202 204 201 203 201 199 197 199 197 199 197 199 197 201 198 200 197 199 196 198 195 205 198 196 197 207 205 192 172 150 134 132 147 176 191 196 192 199 196 198 195 197 194 196 193 199 197 199 197 199 197 199 197 198 196 196 197 197 200 200 200 200 200 200 200 202 202 202 202 202 200 202 199 201 198 200 198 203 198 196 191 193 194 200 201 201 195 189 170 149 130 131 137 163 179 198 198 194 191 196 196 195 193 197 196 199 197 199 197 200 198 200 199 201 200 202 200 0 0 0 0 0 0 0 0
0 0 0 0 0 0 0 0 96 106 125 136 213 246 205 245 219 137 213 243 168 204 252 217 255 202 149 222 244 177 202 250 187 227 238 195 252 206 226 247 170 169 255 238 136 110 78 242 230 84 114 123 165 255 202 106 190 252 184 247 232 122 211 255 174 219 255 199 156 164 182 188 179 179 179 179 179 179 179 179 179 179 179 179 179 179 179 179 179 179 179 179 179 179 179 179 179 179 179 179 179 179 179 179 176 176 174 174 173 173 172 170 171 171 171 169 171 169 171 171 176 177 180 176 171 155 142 130 133 136 146 155 167 171 174 173 174 174 174 175 175 178 178 178 180 180 180 182 188 190 190 190 191 191 191 191 191 191 191 191 191 191 191 191 191 191 191 191 191 191 193 191 191 191 191 189 188 186 188 186 186 185 186 186 186 186 186 186 186 186 186 186 186 186 186 186 186 186 186 186 186 185 186 185 186 185 186 185 186 185 186 185 186 185 186 185 183 181 183 181 183 181 183 181 184 182 184 182 184 182 184 182 182 182 182 182 182 182 182 182 182 182 182 182 182 182 182 182 181 181 181 180 180 179 179 179 178 178 178 179 179 180 180 180 179 179 179 178 176 175 175 175 173 168 159 146 126 114 115 121 136 148 158 159 160 161 165 164 174 173 174 174 176 177 178 179 174 176 175 171 169 164 152 140 126 118 117 132 151 166 173 177 171 167 161 158 162 168 168 163 156 140 125 123 130 142 155 165 172 176 179 179 180 180 177 176 177 177 175 173 173 173 171 175 178 180 182 180 182 180 182 180 182 180 182 180 182 180 182 182 179 179 179 179 178 176 176 176 175 176 175 170 170 173 173 171 159 144 128 122 125 131 146 156 156 158 162 162 163 164 166 166 164 163 162 162 163 162 164 163 169 150 134 101 82 84 108 158 200 234 232 208 171 132 125 122 153 172 189 190 184 180 184 188 197 196 195 191 190 191 190 191 190 192 192 193 195 195 197 197 197 195 198 197 199 198 201 199 202 200 201 199 201 198 200 198 197 195 195 195 195 195 195 195 196 196 195 195 195 195 194 194 201 197 192 193 200 203 192 178 147 131 124 139 165 185 192 192 196 195 197 194 194 191 193 190 196 194 196 194 196 194 196 194 195 194 195 196 196 196 197 199 197 197 199 199 199 199 201 199 200 198 200 197 199 196 198 196 201 196 195 191 193 193 198 199 197 194 188 175 153 133 126 129 151 170 188 195 194 193 194 194 192 192 194 195 197 196 198 196 198 197 198 198 199 199 200 199 0 0 0 0 0 0 0 0
0 0 0 0 0 0 0 0 87 105 134 144 215 239 187 233 229 133 212 247 171 200 248 229 246 208 157 218 239 182 208 235 190 237 226 181 237 206 225 241 170 180 255 250 144 113 80 236 222 109 108 102 175 255 203 111 170 243 188 250 229 117 216 255 158 205 255 206 162 163 171 171 174 174 174 174 174 174 174 174 174 174 174 174 174 174 174 174 174 174 174 174 174 174 174 174 174 174 174 174 174 174 174 174 174 174 174 173 173 171 170 170 169 169 169 168 169 168 169 169 173 173 174 171 168 156 145 133 132 132 140 148 161 166 170 170 172 172 172 173 173 176 176 176 179 178 177 179 183 185 185 184 187 187 187 187 187 187 187 187 187 187 187 187 187 187 187 187 187 187 189 187 187 187 187 185 186 185 186 185 185 183 185 185 185 185 185 185 185 185 185 185 185 185 185 185 185 185 185 185 185 183 185 183 185 183 185 183 185 183 185 183 185 183 185 183 181 179 181 179 181 179 181 179 182 180 182 180 182 180 182 180 179 179 179 179 179 179 179 179 179 179 179 179 179 179 179 179 178 178 178 177 177 176 176 176 175 175 175 176 176 177 177 177 177 177 176 175 175 174 172 172 171 167 158 146 128 116 114 121 129 143 155 159 160 161 162 161 170 169 171 171 173 174 175 176 173 174 173 170 168 165 154 143 130 121 118 129 147 161 170 174 165 164 159 155 155 158 156 151 146 132 121 122 131 142 153 163 166 169 172 175 176 174 172 171 173 173 171 171 170 170 170 171 177 178 180 178 180 178 180 178 178 176 178 176 178 176 178 178 175 175 175 175 176 174 174 174 174 175 173 166 167 168 171 170 160 146 131 122 121 127 139 149 155 158 162 162 162 161 164 166 163 161 160 160 160 161 161 160 166 150 138 110 92 85 99 141 181 221 228 211 177 137 125 116 141 160 179 184 180 178 179 181 189 189 188 185 185 186 188 189 188 190 190 190 192 192 193 193 193 193 196 195 197 196 199 197 199 197 198 196 197 195 197 195 194 194 194 194 194 194 194 194 193 193 194 194 194 194 195 195 199 196 192 191 196 199 192 182 156 136 122 131 154 174 185 188 195 195 195 193 192 190 190 189 194 193 194 193 194 193 194 193 193 191 193 193 194 194 195 196 195 195 197 197 197 197 199 197 198 196 198 195 197 194 196 194 197 194 194 190 192 192 196 195 194 192 189 180 160 138 126 125 139 157 178 190 194 195 194 191 190 189 193 192 196 194 197 195 197 195 197 196 198 197 199 197 0 0 0 0 0 0 0 0
0 0 0 0 0 0 0 0 88 93 111 121 206 238 186 234 212 135 204 225 174 214 239 206 247 217 168 229 240 180 213 244 190 242 230 198 246 207 225 253 201 211 255 245 138 107 85 218 254 128 218 255 219 255 231 112 234 230 177 255 229 129 217 255 180 208 255 192 152 158 171 174 171 171 171 171 171 171 171 171 171 171 171 171 171 171 171 171 171 171 171 171 171 171 171 171 171 171 171 171 171 171 171 171 173 171 173 172 172 172 169 169 166 166 166 166 166 166 166 166 170 169 169 168 165 157 146 137 130 131 135 144 155 163 166 166 169 169 169 170 171 172 172 172 173 172 172 173 178 180 179 178 182 182 182 182 182 182 182 182 183 183 183 183 183 183 183 183 184 184 184 184 183 183 183 183 183 183 183 183 181 181 181 181 181 181 181 181 181 181 181 181 181 181 181 181 181 181 181 181 181 181 181 181 181 181 181 181 181 181 181 181 181 181 181 179 179 179 179 179 179 179 179 179 180 180 180 180 180 180 180 178 177 175 175 175 175 175 175 175 175 175 175 175 175 175 175 175 174 174 174 173 173 172 172 172 171 171 171 172 172 173 173 173 174 174 172 171 171 170 168 168 167 164 157 146 129 116 114 120 122 135 149 155 158 160 161 160 167 166 167 167 169 170 171 172 169 170 169 166 165 162 153 143 134 123 117 124 138 152 162 168 169 169 167 162 160 159 154 148 133 122 115 119 131 143 155 163 159 163 167 168 170 169 167 166 170 170 168 168 166 166 166 170 175 177 177 177 177 177 177 177 173 173 173 173 173 173 173 173 171 172 172 172 172 172 170 170 172 173 169 163 161 165 166 166 159 146 131 123 119 123 133 143 151 155 160 160 160 159 164 165 160 160 160 160 160 158 157 156 157 147 147 126 106 92 91 126 162 207 222 212 183 144 128 115 133 149 170 177 177 176 178 179 181 181 180 180 181 182 184 187 186 186 188 188 188 190 190 190 192 192 193 194 194 195 196 196 195 195 194 194 194 193 193 193 192 190 190 190 190 190 190 190 188 189 189 190 190 191 191 192 194 192 188 186 189 193 188 180 163 140 120 122 141 160 172 178 194 193 192 191 189 188 187 186 190 190 190 190 190 190 190 190 190 188 190 191 191 191 194 194 194 195 195 195 195 195 197 195 196 195 195 194 194 193 193 193 194 193 191 190 190 191 193 194 192 190 188 181 162 140 126 122 128 147 169 184 192 195 194 189 188 187 188 190 191 192 193 193 193 193 193 194 194 195 195 195 0 0 0 0 0 0 0 0
0 0 0 0 0 0 0 0 65 95 81 93 200 227 184 228 207 101 181 247 157 185 255 186 199 255 250 247 229 173 203 255 189 222 237 200 255 204 231 254 255 255 243 189 206 242 158 51 249 255 255 206 133 182 255 255 255 168 164 255 246 163 210 255 178 237 255 210 156 148 163 167 165 165 165 165 165 165 165 165 165 165 165 165 165 165 165 165 165 165 165 165 165 165 165 165 165 165 165 165 165 165 165 165 165 165 166 167 167 166 166 165 165 165 165 164 164 163 163 163 164 164 164 163 160 152 143 136 127 127 129 135 144 154 161 165 165 165 165 166 166 167 169 169 168 168 170 171 171 172 173 173 172 173 174 175 175 175 175 174 176 176 176 176 176 176 176 178 180 180 180 180 180 180 178 178 179 179 179 179 178 178 178 178 181 181 180 180 180 180 180 180 179 179 179 179 179 179 179 178 178 176 176 176 176 176 176 176 176 176 176 176 176 176 176 176 176 176 176 176 176 176 176 176 176 176 176 176 176 176 176 174 175 174 174 174 174 174 174 174 173 173 173 173 173 173 173 173 171 171 171 170 170 169 169 169 168 168 168 168 168 168 168 168 170 170 170 169 168 167 167 167 164 161 154 147 137 128 120 114 123 131 143 155 163 163 159 156 161 161 163 163 163 163 163 163 167 165 164 165 166 160 150 141 130 123 118 122 131 140 152 160 166 166 165 158 152 148 141 134 117 112 109 113 124 139 150 156 155 157 160 163 165 164 163 163 164 164 162 163 163 164 164 166 170 172 172 171 171 170 170 170 170 169 168 167 167 167 167 168 170 170 170 170 168 168 168 168 166 165 163 163 163 163 164 165 157 146 133 123 116 115 120 130 141 149 158 161 161 157 159 157 156 156 158 159 159 158 158 156 152 153 151 132 103 84 87 98 137 183 209 219 191 169 126 112 127 139 156 171 178 177 174 171 171 176 179 180 182 182 184 186 185 185 187 187 187 189 189 189 191 191 192 192 192 193 193 193 193 193 192 191 191 192 193 191 190 190 190 190 190 190 190 190 191 191 191 192 193 194 196 196 199 193 187 186 189 189 186 183 162 144 125 120 129 145 164 178 190 191 190 188 187 187 189 191 190 189 189 188 188 187 187 187 188 186 188 188 188 188 190 190 191 193 193 193 193 193 194 193 191 191 191 191 191 191 191 191 194 194 194 193 193 193 192 190 188 188 188 183 172 153 132 118 119 134 157 179 191 192 186 178 184 186 189 192 193 194 193 192 193 193 194 194 194 195 195 195 0 0 0 0 0 0 0 0
0 0 0 0 0 0 0 0 42 53 51 39 67 68 38 64 56 50 59 81 97 106 131 161 157 127 140 248 248 132 102 117 118 117 127 106 148 153 231 255 205 182 179 164 143 115 74 68 75 84 117 134 118 122 131 119 132 135 136 146 131 136 163 139 127 140 145 141 146 160 164 155 160 160 162 160 162 160 162 160 162 160 162 160 162 160 162 160 162 160 162 160 162 160 162 160 162 160 162 160 162 160 162 160 160 159 161 162 162 161 163 162 162 162 162 161 161 160 160 160 161 161 161 161 158 151 142 136 127 126 128 133 142 152 158 162 162 162 162 163 163 164 165 165 164 164 166 167 167 168 170 170 169 170 171 172 172 172 172 171 173 173 173 173 173 173 173 173 175 176 176 176 176 175 175 175 175 175 175 175 173 173 173 173 177 176 176 176 176 176 176 176 176 176 176 176 176 176 176 174 172 172 172 172 172 172 172 172 172 172 172 172 172 172 172 172 172 172 172 172 172 172 172 172 172 172 172 172 172 172 172 172 171 169 169 169 169 169 169 169 168 168 168 168 168 168 168 168 167 167 167 166 166 165 165 165 164 164 164 164 164 164 164 164 167 167 167 166 164 163 163 163 161 159 154 146 137 128 121 116 123 129 141 151 157 158 155 153 157 157 159 159 159 159 159 159 163 161 160 161 162 157 148 140 129 121 116 119 126 135 145 153 153 155 154 147 140 136 128 121 110 106 104 110 122 137 147 152 151 153 156 159 159 160 159 158 160 160 159 160 160 161 161 162 167 169 169 168 168 167 167 167 167 166 165 164 164 164 164 165 166 166 166 166 165 165 165 163 162 162 160 160 160 161 162 161 156 145 132 121 113 110 114 123 137 144 153 157 156 155 154 155 155 154 157 157 158 156 156 153 157 156 150 133 105 81 77 81 115 164 196 219 202 179 131 114 119 128 146 157 166 166 164 161 167 169 173 175 175 176 177 181 181 181 181 181 181 181 183 183 183 183 186 184 187 185 187 185 187 185 186 183 185 184 187 185 186 185 185 185 185 185 185 185 185 185 185 185 186 188 189 190 191 185 180 179 181 182 179 176 161 144 125 118 122 135 153 169 182 183 184 180 180 178 183 183 182 180 183 182 184 182 184 182 183 183 183 183 183 185 185 185 186 188 188 188 190 190 190 188 186 184 186 184 186 184 186 184 187 185 187 184 186 184 185 183 182 180 179 176 167 150 131 117 112 123 140 158 172 178 177 175 178 178 182 183 186 185 186 184 187 186 188 187 188 188 189 188 0 0 0 0 0 0 0 0
0 0 0 0 0 0 0 0 50 46 62 57 44 45 41 44 35 50 50 56 81 93 119 162 246 255 255 253 153 83 101 83 101 80 95 102 111 145 230 238 179 162 159 148 127 98 74 84 78 81 107 138 144 134 130 139 145 145 146 167 165 148 153 152 153 141 134 141 149 150 151 151 156 155 156 155 156 155 156 155 156 155 156 155 156 155 156 155 156 155 156 155 156 155 156 155 156 155 156 155 156 155 156 155 155 154 156 157 157 156 157 156 156 156 158 157 157 156 156 156 157 157 158 159 157 151 142 136 127 126 127 131 140 148 154 157 156 156 156 157 157 158 160 160 159 159 161 162 162 163 165 165 164 165 166 167 167 167 167 166 168 168 168 168 168 168 168 169 171 173 171 171 171 171 171 169 170 170 169 169 169 169 169 169 170 170 170 170 170 170 170 170 171 171 171 171 171 171 171 171 169 167 167 167 167 167 167 167 167 167 167 167 167 167 167 167 167 167 167 167 167 167 167 167 167 167 167 167 167 167 167 167 166 166 166 166 166 166 166 166 165 165 165 165 165 165 165 165 163 163 163 162 162 161 161 161 160 160 160 160 160 160 160 160 163 163 163 162 162 161 159 159 160 158 155 149 140 132 125 121 123 129 139 148 154 155 154 153 156 156 156 156 156 156 156 156 156 155 155 156 157 153 146 140 130 122 116 117 122 128 137 145 144 147 145 138 132 128 121 113 106 104 105 112 125 138 147 151 148 150 152 154 156 156 156 155 157 157 157 158 158 159 159 161 163 165 165 164 164 163 163 163 163 162 161 160 160 160 160 161 161 161 161 161 161 161 159 159 158 156 156 157 157 159 160 161 158 144 131 119 110 106 111 119 134 141 149 153 153 151 152 151 151 152 154 155 156 153 151 150 154 153 148 136 112 85 72 69 95 143 176 207 200 186 138 119 124 131 147 156 164 166 165 165 176 177 181 181 180 181 183 186 188 188 188 188 188 187 188 188 188 188 190 188 191 189 191 190 191 189 190 188 190 188 191 189 191 191 191 191 191 191 191 191 191 190 190 190 191 192 194 194 194 189 185 184 185 186 184 182 166 151 134 123 121 130 148 164 181 181 182 179 178 177 180 181 182 183 186 187 190 189 190 188 188 188 188 188 188 190 190 190 191 193 193 193 195 195 195 195 191 189 191 189 191 189 191 189 190 188 190 188 189 187 188 186 185 185 185 184 179 165 148 135 123 128 138 152 167 178 184 186 184 183 187 186 189 188 189 187 192 190 193 191 193 192 194 192 0 0 0 0 0 0 0 0
0 0 0 0 0 0 0 0 51 43 52 54 47 49 47 40 45 36 59 69 55 76 110 109 105 86 74 77 59 72 100 63 65 54 65 84 74 92 139 131 132 133 126 112 107 105 82 61 79 112 129 130 134 129 128 144 144 160 156 156 167 161 155 156 155 150 151 149 145 139 148 161 151 151 151 151 151 151 151 151 151 151 151 151 151 151 151 151 151 151 151 151 151 151 151 151 151 151 151 151 151 151 151 151 149 150 150 151 153 152 152 151 153 153 155 154 154 153 153 153 153 154 155 157 155 150 142 136 126 125 126 130 137 145 151 152 153 151 153 154 154 155 156 156 155 155 157 158 158 159 161 161 160 161 162 163 163 163 163 162 164 164 164 164 164 164 164 166 168 169 168 168 168 168 166 166 165 165 163 163 163 163 163 163 164 164 165 165 165 165 166 166 167 167 167 167 167 167 167 165 163 163 163 163 163 163 163 163 163 163 163 163 163 163 163 163 162 162 162 162 162 162 162 162 161 161 161 161 161 161 161 161 161 161 161 161 161 161 161 161 161 161 161 161 161 161 161 161 162 160 160 159 159 158 158 158 157 157 157 157 157 157 157 159 160 160 161 159 159 158 158 156 158 158 156 150 144 135 130 126 124 128 137 142 147 150 150 150 152 152 152 152 152 152 152 152 151 151 151 152 153 151 146 141 134 125 118 118 121 125 132 139 139 143 142 136 132 128 122 115 109 108 109 117 129 140 147 149 146 147 149 150 151 152 152 151 153 153 153 154 154 155 155 157 160 161 161 160 160 159 159 159 159 158 157 156 156 156 156 157 157 157 157 157 157 157 156 156 153 153 154 155 155 157 159 160 155 144 131 120 111 107 112 120 132 138 146 150 149 148 148 150 149 150 150 151 151 151 149 147 141 139 140 136 123 100 81 71 92 127 153 184 185 177 137 119 120 128 139 148 154 157 158 159 169 172 173 174 173 172 176 176 180 180 180 180 179 179 179 179 179 179 181 180 182 181 182 181 182 181 181 179 180 180 182 181 182 180 182 180 182 180 182 180 182 180 182 180 182 181 184 183 185 179 178 175 178 177 178 174 160 146 133 119 115 118 138 156 172 172 173 169 169 167 170 171 174 173 178 178 181 178 179 178 181 181 181 182 182 182 182 184 184 184 186 186 186 186 186 186 182 181 182 181 182 181 182 181 182 181 181 180 180 179 180 179 177 174 177 177 177 166 153 139 126 125 132 140 157 169 179 181 179 177 179 177 179 178 180 179 182 181 183 181 184 182 184 183 0 0 0 0 0 0 0 0
0 0 0 0 0 0 0 0 73 78 68 67 78 70 61 60 58 71 74 75 86 93 96 106 95 87 80 92 86 68 71 73 76 83 71 82 79 84 102 105 117 116 116 126 117 93 90 96 92 128 133 125 141 149 140 142 144 170 165 149 165 173 159 156 142 140 137 136 139 149 152 147 148 148 148 148 148 148 148 148 148 148 148 148 148 148 148 148 148 148 148 148 148 148 148 148 148 148 148 148 148 148 148 148 146 145 145 146 148 147 149 148 149 149 149 148 150 149 149 149 151 152 153 155 154 149 142 136 126 124 124 128 135 142 148 148 149 147 147 148 148 149 151 151 152 152 152 153 155 156 156 156 156 157 158 159 159 159 159 158 160 160 160 160 160 160 160 162 164 164 164 164 164 164 162 162 160 160 158 158 158 158 157 157 159 160 160 160 161 161 162 162 163 163 163 163 163 163 163 162 160 158 158 158 158 158 158 158 158 158 158 158 158 158 158 158 159 159 159 159 159 159 159 159 157 157 157 157 157 157 157 157 158 158 158 158 158 158 158 158 159 159 159 159 159 159 159 157 158 158 158 157 157 156 156 156 155 155 155 155 155 155 155 155 158 158 160 157 157 154 154 154 156 154 154 151 146 138 132 128 125 128 135 139 144 147 148 148 150 150 150 150 149 149 149 149 146 146 146 147 148 146 144 141 135 126 119 118 119 122 127 133 138 142 143 139 137 135 131 125 118 117 119 126 137 146 151 152 145 146 147 147 148 148 150 150 152 152 152 153 153 154 154 155 156 158 158 157 157 156 156 156 156 155 154 153 153 153 153 154 154 154 154 154 152 152 152 152 149 150 149 151 153 155 157 158 153 143 131 122 114 110 116 124 132 138 147 150 149 148 149 150 148 149 149 150 150 147 144 142 125 128 133 139 134 113 93 81 92 120 138 167 170 162 124 107 97 102 111 119 124 127 130 132 138 140 142 142 143 141 144 145 149 149 149 149 148 148 146 146 146 146 148 147 149 148 150 148 150 147 149 146 148 147 149 148 148 147 148 147 148 147 148 147 149 148 148 147 148 148 150 150 152 149 148 146 147 147 148 147 139 128 116 103 97 101 120 138 151 152 153 148 148 145 149 149 147 145 148 147 148 145 145 144 148 148 148 150 150 150 150 151 150 150 152 152 152 152 152 152 149 147 149 147 149 147 149 147 151 149 150 148 150 147 149 147 145 142 145 147 151 143 132 119 108 105 109 117 133 143 152 153 150 147 148 145 146 145 148 146 149 147 149 148 150 148 151 149 0 0 0 0 0 0 0 0
0 0 0 0 0 0 0 0 65 93 77 77 92 79 74 89 77 87 79 77 98 96 92 102 67 81 68 54 76 86 80 82 77 95 75 76 89 85 90 107 105 105 100 111 102 84 94 103 113 131 129 129 143 145 143 158 152 146 149 158 175 158 138 161 152 155 151 138 139 148 149 137 148 146 146 146 146 146 146 146 146 146 146 146 146 146 146 146 146 146 146 146 146 146 146 146 146 146 146 146 146 146 146 144 144 143 143 144 146 145 147 146 148 148 148 147 148 147 147 147 149 150 152 154 153 148 141 135 124 123 123 127 133 141 146 147 147 146 146 147 147 148 149 149 150 150 150 151 153 154 154 154 155 156 157 158 158 158 158 157 159 159 159 159 159 159 159 159 162 162 162 162 162 162 160 160 158 158 157 157 157 157 155 155 158 158 159 160 160 161 162 162 162 162 162 162 162 162 162 160 158 156 156 156 156 156 156 156 156 156 156 156 156 156 156 156 157 157 157 157 157 157 157 157 155 155 155 155 155 155 155 155 156 156 156 156 156 156 156 156 157 157 157 157 157 157 157 157 156 156 156 155 155 154 154 154 153 153 153 153 153 153 153 153 158 158 158 157 155 154 152 152 153 154 153 151 146 140 133 129 126 129 134 139 143 145 146 146 149 149 149 149 147 147 147 147 145 145 146 146 145 145 144 143 136 127 119 118 119 121 126 131 135 139 141 139 137 137 134 128 124 122 124 130 140 148 152 153 145 145 145 145 146 146 148 148 150 150 150 151 151 152 152 154 154 156 156 155 155 154 154 154 154 153 152 151 151 151 151 152 152 152 152 152 150 150 150 150 149 149 148 149 151 153 155 156 151 141 131 123 116 113 118 127 132 137 146 148 148 146 148 149 146 147 147 147 147 144 143 139 121 123 131 141 139 121 101 88 90 116 134 164 165 152 109 90 82 86 94 101 106 110 113 115 118 119 123 123 123 121 124 124 129 129 129 129 128 128 126 126 126 126 126 127 127 127 128 128 128 127 126 126 126 126 127 126 126 125 125 125 125 125 125 125 127 127 126 126 126 126 127 128 131 130 129 128 128 128 130 131 125 115 103 93 88 93 110 127 140 140 139 136 133 133 134 136 133 132 131 129 127 126 125 124 128 128 128 128 130 130 130 130 129 129 131 131 131 131 131 129 128 126 126 126 126 126 126 126 129 129 129 128 128 127 127 125 126 122 122 127 132 129 117 106 95 94 95 105 119 130 135 135 132 130 127 124 123 124 126 127 126 126 127 127 127 128 128 128 0 0 0 0 0 0 0 0
