0 0 0 0 0 0 0 0 0 0 0 0 0 0 0 0 0 0 0 0 0 0 0 0 0 0 0 0 0 0 0 0 0 0 0 0 0 0 0 0 0 0 0 0 0 0 0 0 0 0 0 0 0 0 0 0 0 0 0 0 0 0 0 0 0 0 0 0 0 0 0 0 0 0 0 0 0 0 0 0 0 0 0 0 0 0 0 0 0 0 0 0 0 0 0 0 0 0 0 0 0 0 0 0 0 0 0 0 0 0 0 0 0 0 0 0 0 0 0 0 0 0 0 0 0 0 0 0 0 0 0 0 0 0 0 0 0 0 0 0 0 0 0 0 0 0 0 0 0 0 0 0 0 0 0 0 0 0 0 0 0 0 0 0 0 0 0 0 0 0 0 0 0 0 0 0 0 0 0 0 0 0 0 0 0 0 0 0 0 0 0 0 0 0 0 0 0 0 0 0 0 0 0 0 0 0 0 0 0 0 0 0 0 0 0 0 0 0 0 0 0 0 0 0 0 0 0 0 0 0 0 0 0 0 0 0 0 0 0 0 0 0 0 0 0 0 0 0 0 0 0 0 0 0 0 0 0 0 0 0 0 0 0 0 0 0 0 0 0 0 0 0 0 0 0 0 0 0 0 0 0 0 0 0 0 0 0 0 0 0 0 0 0 0 0 0 0 0 0 0 0 0 0 0 0 0 0 0 0 0 0 0 0 0 0 0 0 0 0 0 0 0 0 0 0 0 0 0 0 0 0 0 0 0 0 0 0 0 0 0 0 0 0 0 0 0 0 0 0 0 0 0 0 0 0 0 0 0 0 0 0 0 0 0 0 0 0 0 0 0 0 0 0 0 0 0 0 0 0 0 0 0 0 0 0 0 0 0 0 0 0 0 0 0 0 0 0 0 0 0 0 0 0 0 0 0 0 0 0 0 0 0 0 0 0 0 0 0 0 0 0 0 0 0 0 0 0 0 0 0 0 0 0 0 0 0 0 0 0 0 0 0 0 0 0 0 0 0 0 0 0 0 0 0 0 0 0 0 0 0 0 0 0 0 0 0 0 0 0 0 0 0 0 0 0 0 0 0 0 0 0 0 0 0 0 0 0 0 0 0 0 0 0 0 0 0 0 0 0 0 0 0 0 0 0 0 0 0 0 0 0 0 0 0 0 0 0 0 0 0 0 0 0 0 0 0 0 0 0 0 0 0 0 0 0 0 0 0 0 0 0 0 0 0 0 0 0 0 0 0 0 0 0 0 0 0 0 0 0 0 0 0 0 0 0 0 0 0 0 0 0 0 0 0 0 0
0 0 0 0 0 0 0 0 0 0 0 0 0 0 0 0 0 0 0 0 0 0 0 0 0 0 0 0 0 0 0 0 0 0 0 0 0 0 0 0 0 0 0 0 0 0 0 0 0 0 0 0 0 0 0 0 0 0 0 0 0 0 0 0 0 0 0 0 0 0 0 0 0 0 0 0 0 0 0 0 0 0 0 0 0 0 0 0 0 0 0 0 0 0 0 0 0 0 0 0 0 0 0 0 0 0 0 0 0 0 0 0 0 0 0 0 0 0 0 0 0 0 0 0 0 0 0 0 0 0 0 0 0 0 0 0 0 0 0 0 0 0 0 0 0 0 0 0 0 0 0 0 0 0 0 0 0 0 0 0 0 0 0 0 0 0 0 0 0 0 0 0 0 0 0 0 0 0 0 0 0 0 0 0 0 0 0 0 0 0 0 0 0 0 0 0 0 0 0 0 0 0 0 0 0 0 0 0 0 0 0 0 0 0 0 0 0 0 0 0 0 0 0 0 0 0 0 0 0 0 0 0 0 0 0 0 0 0 0 0 0 0 0 0 0 0 0 0 0 0 0 0 0 0 0 0 0 0 0 0 0 0 0 0 0 0 0 0 0 0 0 0 0 0 0 0 0 0 0 0 0 0 0 0 0 0 0 0 0 0 0 0 0 0 0 0 0 0 0 0 0 0 0 0 0 0 0 0 0 0 0 0 0 0 0 0 0 0 0 0 0 0 0 0 0 0 0 0 0 0 0 0 0 0 0 0 0 0 0 0 0 0 0 0 0 0 0 0 0 0 0 0 0 0 0 0 0 0 0 0 0 0 0 0 0 0 0 0 0 0 0 0 0 0 0 0 0 0 0 0 0 0 0 0 0 0 0 0 0 0 0 0 0 0 0 0 0 0 0 0 0 0 0 0 0 0 0 0 0 0 0 0 0 0 0 0 0 0 0 0 0 0 0 0 0 0 0 0 0 0 0 0 0 0 0 0 0 0 0 0 0 0 0 0 0 0 0 0 0 0 0 0 0 0 0 0 0 0 0 0 0 0 0 0 0 0 0 0 0 0 0 0 0 0 0 0 0 0 0 0 0 0 0 0 0 0 0 0 0 0 0 0 0 0 0 0 0 0 0 0 0 0 0 0 0 0 0 0 0 0 0 0 0 0 0 0 0 0 0 0 0 0 0 0 0 0 0 0 0 0 0 0 0 0 0 0 0 0 0 0 0 0 0 0 0 0 0 0 0 0 0 0 0 0 0 0 0 0 0 0 0 0 0 0 0 0 0 0 0 0 0 0 0 0 0 0
0 0 0 0 0 0 0 0 0 0 0 0 0 0 0 0 0 0 0 0 0 0 0 0 0 0 0 0 0 0 0 0 0 0 0 0 0 0 0 0 0 0 0 0 0 0 0 0 0 0 0 0 0 0 0 0 0 0 0 0 0 0 0 0 0 0 0 0 0 0 0 0 0 0 0 0 0 0 0 0 0 0 0 0 0 0 0 0 0 0 0 0 0 0 0 0 0 0 0 0 0 0 0 0 0 0 0 0 0 0 0 0 0 0 0 0 0 0 0 0 0 0 0 0 0 0 0 0 0 0 0 0 0 0 0 0 0 0 0 0 0 0 0 0 0 0 0 0 0 0 0 0 0 0 0 0 0 0 0 0 0 0 0 0 0 0 0 0 0 0 0 0 0 0 0 0 0 0 0 0 0 0 0 0 0 0 0 0 0 0 0 0 0 0 0 0 0 0 0 0 0 0 0 0 0 0 0 0 0 0 0 0 0 0 0 0 0 0 0 0 0 0 0 0 0 0 0 0 0 0 0 0 0 0 0 0 0 0 0 0 0 0 0 0 0 0 0 0 0 0 0 0 0 0 0 0 0 0 0 0 0 0 0 0 0 0 0 0 0 0 0 0 0 0 0 0 0 0 0 0 0 0 0 0 0 0 0 0 0 0 0 0 0 0 0 0 0 0 0 0 0 0 0 0 0 0 0 0 0 0 0 0 0 0 0 0 0 0 0 0 0 0 0 0 0 0 0 0 0 0 0 0 0 0 0 0 0 0 0 0 0 0 0 0 0 0 0 0 0 0 0 0 0 0 0 0 0 0 0 0 0 0 0 0 0 0 0 0 0 0 0 0 0 0 0 0 0 0 0 0 0 0 0 0 0 0 0 0 0 0 0 0 0 0 0 0 0 0 0 0 0 0 0 0 0 0 0 0 0 0 0 0 0 0 0 0 0 0 0 0 0 0 0 0 0 0 0 0 0 0 0 0 0 0 0 0 0 0 0 0 0 0 0 0 0 0 0 0 0 0 0 0 0 0 0 0 0 0 0 0 0 0 0 0 0 0 0 0 0 0 0 0 0 0 0 0 0 0 0 0 0 0 0 0 0 0 0 0 0 0 0 0 0 0 0 0 0 0 0 0 0 0 0 0 0 0 0 0 0 0 0 0 0 0 0 0 0 0 0 0 0 0 0 0 0 0 0 0 0 0 0 0 0 0 0 0 0 0 0 0 0 0 0 0 0 0 0 0 0 0 0 0 0 0 0 0 0 0 0 0 0 0 0 0 0 0 0 0 0 0 0 0 0 0 0 0
0 0 0 0 0 0 0 0 0 0 0 0 0 0 0 0 0 0 0 0 0 0 0 0 0 0 0 0 0 0 0 0 0 0 0 0 0 0 0 0 0 0 0 0 0 0 0 0 0 0 0 0 0 0 0 0 0 0 0 0 0 0 0 0 0 0 0 0 0 0 0 0 0 0 0 0 0 0 0 0 0 0 0 0 0 0 0 0 0 0 0 0 0 0 0 0 0 0 0 0 0 0 0 0 0 0 0 0 0 0 0 0 0 0 0 0 0 0 0 0 0 0 0 0 0 0 0 0 0 0 0 0 0 0 0 0 0 0 0 0 0 0 0 0 0 0 0 0 0 0 0 0 0 0 0 0 0 0 0 0 0 0 0 0 0 0 0 0 0 0 0 0 0 0 0 0 0 0 0 0 0 0 0 0 0 0 0 0 0 0 0 0 0 0 0 0 0 0 0 0 0 0 0 0 0 0 0 0 0 0 0 0 0 0 0 0 0 0 0 0 0 0 0 0 0 0 0 0 0 0 0 0 0 0 0 0 0 0 0 0 0 0 0 0 0 0 0 0 0 0 0 0 0 0 0 0 0 0 0 0 0 0 0 0 0 0 0 0 0 0 0 0 0 0 0 0 0 0 0 0 0 0 0 0 0 0 0 0 0 0 0 0 0 0 0 0 0 0 0 0 0 0 0 0 0 0 0 0 0 0 0 0 0 0 0 0 0 0 0 0 0 0 0 0 0 0 0 0 0 0 0 0 0 0 0 0 0 0 0 0 0 0 0 0 0 0 0 0 0 0 0 0 0 0 0 0 0 0 0 0 0 0 0 0 0 0 0 0 0 0 0 0 0 0 0 0 0 0 0 0 0 0 0 0 0 0 0 0 0 0 0 0 0 0 0 0 0 0 0 0 0 0 0 0 0 0 0 0 0 0 0 0 0 0 0 0 0 0 0 0 0 0 0 0 0 0 0 0 0 0 0 0 0 0 0 0 0 0 0 0 0 0 0 0 0 0 0 0 0 0 0 0 0 0 0 0 0 0 0 0 0 0 0 0 0 0 0 0 0 0 0 0 0 0 0 0 0 0 0 0 0 0 0 0 0 0 0 0 0 0 0 0 0 0 0 0 0 0 0 0 0 0 0 0 0 0 0 0 0 0 0 0 0 0 0 0 0 0 0 0 0 0 0 0 0 0 0 0 0 0 0 0 0 0 0 0 0 0 0 0 0 0 0 0 0 0 0 0 0 0 0 0 0 0 0 0 0 0 0 0 0 0 0 0 0 0 0 0 0 0 0 0 0 0 0 0
0 0 0 0 0 0 0 0 0 0 0 0 0 0 0 0 0 0 0 0 0 0 0 0 0 0 0 0 0 0 0 0 0 0 0 0 0 0 0 0 0 0 0 0 0 0 0 0 0 0 0 0 0 0 0 0 0 0 0 0 0 0 0 0 0 0 0 0 0 0 0 0 0 0 0 0 0 0 0 0 0 0 0 0 0 0 0 0 0 0 0 0 0 0 0 0 0 0 0 0 0 0 0 0 0 0 0 0 0 0 0 0 0 0 0 0 0 0 0 0 0 0 0 0 0 0 0 0 0 0 0 0 0 0 0 0 0 0 0 0 0 0 0 0 0 0 0 0 0 0 0 0 0 0 0 0 0 0 0 0 0 0 0 0 0 0 0 0 0 0 0 0 0 0 0 0 0 0 0 0 0 0 0 0 0 0 0 0 0 0 0 0 0 0 0 0 0 0 0 0 0 0 0 0 0 0 0 0 0 0 0 0 0 0 0 0 0 0 0 0 0 0 0 0 0 0 0 0 0 0 0 0 0 0 0 0 0 0 0 0 0 0 0 0 0 0 0 0 0 0 0 0 0 0 0 0 0 0 0 0 0 0 0 0 0 0 0 0 0 0 0 0 0 0 0 0 0 0 0 0 0 0 0 0 0 0 0 0 0 0 0 0 0 0 0 0 0 0 0 0 0 0 0 0 0 0 0 0 0 0 0 0 0 0 0 0 0 0 0 0 0 0 0 0 0 0 0 0 0 0 0 0 0 0 0 0 0 0 0 0 0 0 0 0 0 0 0 0 0 0 0 0 0 0 0 0 0 0 0 0 0 0 0 0 0 0 0 0 0 0 0 0 0 0 0 0 0 0 0 0 0 0 0 0 0 0 0 0 0 0 0 0 0 0 0 0 0 0 0 0 0 0 0 0 0 0 0 0 0 0 0 0 0 0 0 0 0 0 0 0 0 0 0 0 0 0 0 0 0 0 0 0 0 0 0 0 0 0 0 0 0 0 0 0 0 0 0 0 0 0 0 0 0 0 0 0 0 0 0 0 0 0 0 0 0 0 0 0 0 0 0 0 0 0 0 0 0 0 0 0 0 0 0 0 0 0 0 0 0 0 0 0 0 0 0 0 0 0 0 0 0 0 0 0 0 0 0 0 0 0 0 0 0 0 0 0 0 0 0 0 0 0 0 0 0 0 0 0 0 0 0 0 0 0 0 0 0 0 0 0 0 0 0 0 0 0 0 0 0 0 0 0 0 0 0 0 0 0 0 0 0 0 0 0 0 0 0 0 0 0 0 0 0 0 0 0
0 0 0 0 0 0 0 0 0 0 0 0 0 0 0 0 0 0 0 0 0 0 0 0 0 0 0 0 0 0 0 0 0 0 0 0 0 0 0 0 0 0 0 0 0 0 0 0 0 0 0 0 0 0 0 0 0 0 0 0 0 0 0 0 0 0 0 0 0 0 0 0 0 0 0 0 0 0 0 0 0 0 0 0 0 0 0 0 0 0 0 0 0 0 0 0 0 0 0 0 0 0 0 0 0 0 0 0 0 0 0 0 0 0 0 0 0 0 0 0 0 0 0 0 0 0 0 0 0 0 0 0 0 0 0 0 0 0 0 0 0 0 0 0 0 0 0 0 0 0 0 0 0 0 0 0 0 0 0 0 0 0 0 0 0 0 0 0 0 0 0 0 0 0 0 0 0 0 0 0 0 0 0 0 0 0 0 0 0 0 0 0 0 0 0 0 0 0 0 0 0 0 0 0 0 0 0 0 0 0 0 0 0 0 0 0 0 0 0 0 0 0 0 0 0 0 0 0 0 0 0 0 0 0 0 0 0 0 0 0 0 0 0 0 0 0 0 0 0 0 0 0 0 0 0 0 0 0 0 0 0 0 0 0 0 0 0 0 0 0 0 0 0 0 0 0 0 0 0 0 0 0 0 0 0 0 0 0 0 0 0 0 0 0 0 0 0 0 0 0 0 0 0 0 0 0 0 0 0 0 0 0 0 0 0 0 0 0 0 0 0 0 0 0 0 0 0 0 0 0 0 0 0 0 0 0 0 0 0 0 0 0 0 0 0 0 0 0 0 0 0 0 0 0 0 0 0 0 0 0 0 0 0 0 0 0 0 0 0 0 0 0 0 0 0 0 0 0 0 0 0 0 0 0 0 0 0 0 0 0 0 0 0 0 0 0 0 0 0 0 0 0 0 0 0 0 0 0 0 0 0 0 0 0 0 0 0 0 0 0 0 0 0 0 0 0 0 0 0 0 0 0 0 0 0 0 0 0 0 0 0 0 0 0 0 0 0 0 0 0 0 0 0 0 0 0 0 0 0 0 0 0 0 0 0 0 0 0 0 0 0 0 0 0 0 0 0 0 0 0 0 0 0 0 0 0 0 0 0 0 0 0 0 0 0 0 0 0 0 0 0 0 0 0 0 0 0 0 0 0 0 0 0 0 0 0 0 0 0 0 0 0 0 0 0 0 0 0 0 0 0 0 0 0 0 0 0 0 0 0 0 0 0 0 0 0 0 0 0 0 0 0 0 0 0 0 0 0 0 0 0 0 0 0 0 0 0 0 0 0 0 0 0 0 0 0
0 0 0 0 0 0 0 0 0 0 0 0 0 0 0 0 0 0 0 0 0 0 0 0 0 0 0 0 0 0 0 0 0 0 0 0 0 0 0 0 0 0 0 0 0 0 0 0 0 0 0 0 0 0 0 0 0 0 0 0 0 0 0 0 0 0 0 0 0 0 0 0 0 0 0 0 0 0 0 0 0 0 0 0 0 0 0 0 0 0 0 0 0 0 0 0 0 0 0 0 0 0 0 0 0 0 0 0 0 0 0 0 0 0 0 0 0 0 0 0 0 0 0 0 0 0 0 0 0 0 0 0 0 0 0 0 0 0 0 0 0 0 0 0 0 0 0 0 0 0 0 0 0 0 0 0 0 0 0 0 0 0 0 0 0 0 0 0 0 0 0 0 0 0 0 0 0 0 0 0 0 0 0 0 0 0 0 0 0 0 0 0 0 0 0 0 0 0 0 0 0 0 0 0 0 0 0 0 0 0 0 0 0 0 0 0 0 0 0 0 0 0 0 0 0 0 0 0 0 0 0 0 0 0 0 0 0 0 0 0 0 0 0 0 0 0 0 0 0 0 0 0 0 0 0 0 0 0 0 0 0 0 0 0 0 0 0 0 0 0 0 0 0 0 0 0 0 0 0 0 0 0 0 0 0 0 0 0 0 0 0 0 0 0 0 0 0 0 0 0 0 0 0 0 0 0 0 0 0 0 0 0 0 0 0 0 0 0 0 0 0 0 0 0 0 0 0 0 0 0 0 0 0 0 0 0 0 0 0 0 0 0 0 0 0 0 0 0 0 0 0 0 0 0 0 0 0 0 0 0 0 0 0 0 0 0 0 0 0 0 0 0 0 0 0 0 0 0 0 0 0 0 0 0 0 0 0 0 0 0 0 0 0 0 0 0 0 0 0 0 0 0 0 0 0 0 0 0 0 0 0 0 0 0 0 0 0 0 0 0 0 0 0 0 0 0 0 0 0 0 0 0 0 0 0 0 0 0 0 0 0 0 0 0 0 0 0 0 0 0 0 0 0 0 0 0 0 0 0 0 0 0 0 0 0 0 0 0 0 0 0 0 0 0 0 0 0 0 0 0 0 0 0 0 0 0 0 0 0 0 0 0 0 0 0 0 0 0 0 0 0 0 0 0 0 0 0 0 0 0 0 0 0 0 0 0 0 0 0 0 0 0 0 0 0 0 0 0 0 0 0 0 0 0 0 0 0 0 0 0 0 0 0 0 0 0 0 0 0 0 0 0 0 0 0 0 0 0 0 0 0 0 0 0 0 0 0 0 0 0 0 0 0 0 0 0
0 0 0 0 0 0 0 0 0 0 0 0 0 0 0 0 0 0 0 0 0 0 0 0 0 0 0 0 0 0 0 0 0 0 0 0 0 0 0 0 0 0 0 0 0 0 0 0 0 0 0 0 0 0 0 0 0 0 0 0 0 0 0 0 0 0 0 0 0 0 0 0 0 0 0 0 0 0 0 0 0 0 0 0 0 0 0 0 0 0 0 0 0 0 0 0 0 0 0 0 0 0 0 0 0 0 0 0 0 0 0 0 0 0 0 0 0 0 0 0 0 0 0 0 0 0 0 0 0 0 0 0 0 0 0 0 0 0 0 0 0 0 0 0 0 0 0 0 0 0 0 0 0 0 0 0 0 0 0 0 0 0 0 0 0 0 0 0 0 0 0 0 0 0 0 0 0 0 0 0 0 0 0 0 0 0 0 0 0 0 0 0 0 0 0 0 0 0 0 0 0 0 0 0 0 0 0 0 0 0 0 0 0 0 0 0 0 0 0 0 0 0 0 0 0 0 0 0 0 0 0 0 0 0 0 0 0 0 0 0 0 0 0 0 0 0 0 0 0 0 0 0 0 0 0 0 0 0 0 0 0 0 0 0 0 0 0 0 0 0 0 0 0 0 0 0 0 0 0 0 0 0 0 0 0 0 0 0 0 0 0 0 0 0 0 0 0 0 0 0 0 0 0 0 0 0 0 0 0 0 0 0 0 0 0 0 0 0 0 0 0 0 0 0 0 0 0 0 0 0 0 0 0 0 0 0 0 0 0 0 0 0 0 0 0 0 0 0 0 0 0 0 0 0 0 0 0 0 0 0 0 0 0 0 0 0 0 0 0 0 0 0 0 0 0 0 0 0 0 0 0 0 0 0 0 0 0 0 0 0 0 0 0 0 0 0 0 0 0 0 0 0 0 0 0 0 0 0 0 0 0 0 0 0 0 0 0 0 0 0 0 0 0 0 0 0 0 0 0 0 0 0 0 0 0 0 0 0 0 0 0 0 0 0 0 0 0 0 0 0 0 0 0 0 0 0 0 0 0 0 0 0 0 0 0 0 0 0 0 0 0 0 0 0 0 0 0 0 0 0 0 0 0 0 0 0 0 0 0 0 0 0 0 0 0 0 0 0 0 0 0 0 0 0 0 0 0 0 0 0 0 0 0 0 0 0 0 0 0 0 0 0 0 0 0 0 0 0 0 0 0 0 0 0 0 0 0 0 0 0 0 0 0 0 0 0 0 0 0 0 0 0 0 0 0 0 0 0 0 0 0 0 0 0 0 0 0 0 0 0 0 0 0 0 0 0
0 0 0 0 0 0 0 0 0 0 0 0 0 0 0 0 0 0 0 0 0 0 0 0 0 0 0 0 0 0 0 0 0 0 0 0 0 0 0 0 0 0 0 0 0 0 0 0 0 0 0 0 0 0 0 0 0 0 0 0 0 0 0 0 0 0 0 0 0 0 0 0 3 0 3 0 0 16 0 11 0 5 6 0 10 0 5 1 0 7 4 0 2 0 2 5 12 0 3 1 0 11 0 1 4 0 2 15 0 3 6 0 0 0 8 0 0 11 1 0 0 0 3 7 2 9 0 3 0 13 8 0 3 9 0 0 0 0 9 0 0 0 0 2 7 0 0 13 0 4 0 2 0 17 9 0 0 10 0 3 0 15 2 0 7 8 0 4 0 16 0 5 0 2 8 0 0 1 2 5 0 13 5 0 8 0 0 2 0 0 0 8 0 0 14 11 0 1 0 2 1 10 0 4 2 4 4 0 0 1 2 5 0 13 5 0 1 0 10 0 3 5 0 3 5 0 6 0 1 0 0 3 9 0 0 8 7 0 9 0 5 13 3 0 7 4 0 0 0 12 0 0 13 0 0 12 3 6 0 2 0 0 2 5 2 0 0 10 0 2 3 0 4 14 0 5 0 0 16 0 0 10 0 0 2 8 2 0 0 0 4 0 4 2 6 0 5 0 2 14 0 10 0 0 7 2 0 14 4 0 0 6 19 0 6 9 0 3 4 6 12 0 4 8 0 8 1 0 6 0 0 0 8 0 0 1 7 0 1 0 0 13 3 2 8 0 3 0 1 11 0 2 7 0 0 3 0 0 0 3 2 0 0 10 0 2 3 0 1 6 0 0 12 4 0 7 4 0 4 14 2 1 11 0 0 11 0 3 5 0 14 0 15 0 15 0 0 0 0 5 2 0 0 11 0 0 9 0 10 0 3 0 10 0 0 10 2 8 0 7 5 4 0 9 0 4 0 1 3 0 0 4 0 6 0 1 3 0 12 0 0 2 6 0 13 0 0 5 1 0 18 2 4 0 6 0 1 0 2 19 0 4 3 0 0 16 0 5 0 2 8 0 4 0 0 0 5 0 0 3 0 8 1 0 8 1 2 0 0 0 0 0 7 0 15 0 0 0 0 0 0 0 0 0 0 0 0 0 0 0 0 0 0 0 0 0 0 0 0 0 0 0 0 0 0 0 0 0 0 0 0 0 0 0 0 0 0 0 0 0 0 0 0 0 0 0 0 0 0 0 0 0 0 0 0 0 0 0 0 0 0 0 0 0 0 0 0 0 0 0 0 0 0 0 0 0
0 0 0 0 0 0 0 0 0 0 0 0 0 0 0 0 0 0 0 0 0 0 0 0 0 0 0 0 0 0 0 0 0 0 0 0 0 0 0 0 0 0 0 0 0 0 0 0 0 0 0 0 0 0 0 0 0 0 0 0 0 0 0 0 0 0 0 0 0 0 0 0 0 0 12 15 0 6 29 158 255 255 255 244 255 251 255 253 255 242 0 246 255 246 255 246 236 255 254 125 15 201 255 253 255 255 247 244 255 182 18 222 255 254 255 255 255 252 253 255 255 221 167 0 0 0 166 255 250 250 244 245 254 252 253 255 239 0 188 255 255 255 251 243 242 243 244 255 238 201 88 0 0 120 235 255 255 252 242 252 252 255 236 247 238 130 22 5 13 194 255 255 255 246 248 255 252 255 251 218 127 217 255 255 244 254 255 255 255 255 238 213 160 3 0 0 6 6 1 1 7 201 255 255 246 255 255 252 252 255 251 218 127 217 255 255 255 249 173 24 108 237 255 246 255 255 156 0 9 13 59 200 238 255 255 237 242 255 186 31 4 0 20 163 250 255 255 255 255 233 146 161 244 255 255 251 250 139 0 156 255 255 249 240 243 136 127 239 255 255 250 255 242 253 255 255 225 134 201 253 255 255 250 254 249 248 245 255 210 0 205 255 248 254 255 253 255 250 228 252 231 143 22 0 0 0 50 178 226 255 255 252 229 255 222 125 5 4 0 0 0 0 17 197 255 255 251 255 255 192 28 110 229 255 255 251 248 255 196 29 153 233 255 250 255 244 234 220 249 255 248 250 255 209 131 237 255 255 250 248 243 136 127 239 255 255 250 255 248 255 255 255 222 135 157 247 245 255 255 234 136 5 149 255 255 255 255 242 139 12 0 2 0 17 164 242 255 255 255 255 253 144 17 0 3 15 6 0 0 137 215 255 255 244 255 246 236 189 73 7 0 226 255 247 255 255 255 239 247 255 255 245 244 255 192 1 3 71 174 243 255 255 255 242 243 176 79 0 0 25 191 243 255 253 255 250 250 255 245 229 243 180 12 0 13 194 255 255 255 246 248 255 250 255 254 204 30 0 0 5 0 0 4 195 255 252 249 255 254 255 255 255 178 0 0 3 0 0 0 0 0 0 0 0 0 0 0 0 0 0 0 0 0 0 0 0 0 0 0 0 0 0 0 0 0 0 0 0 0 0 0 0 0 0 0 0 0 0 0 0 0 0 0 0 0 0 0 0 0 0 0 0 0 0 0 0 0 0 0 0 0 0 0 0 0 0 0 0 0 0 0 0 0 0 0 0
0 0 0 0 0 0 0 0 0 0 0 0 0 0 0 0 0 0 0 0 0 0 0 0 0 0 0 0 0 0 0 0 0 0 0 0 0 0 0 0 0 0 0 0 0 0 0 0 0 0 0 0 0 0 0 0 0 0 0 0 0 0 0 0 0 0 0 0 0 0 0 0 5 0 3 9 0 0 7 171 246 249 254 248 255 251 250 254 255 198 12 202 255 246 249 255 255 254 249 168 0 201 253 255 248 249 255 255 254 194 0 236 255 255 250 255 252 244 251 251 246 255 228 213 0 16 155 235 255 255 255 255 255 251 249 253 221 25 218 233 254 251 249 255 255 255 246 242 248 255 207 124 9 131 253 255 238 246 255 255 252 255 255 255 254 254 179 0 0 206 250 238 255 255 244 254 255 248 240 210 102 247 255 226 255 255 250 240 253 255 255 248 241 186 7 8 0 2 3 0 0 207 248 236 255 255 245 254 255 248 240 210 102 247 255 226 250 255 197 2 105 243 255 245 241 239 162 0 1 122 235 255 240 244 249 255 254 255 255 229 145 16 0 165 251 247 255 250 255 235 108 135 248 255 255 246 253 192 0 160 240 241 255 255 246 115 110 236 255 253 248 250 255 237 248 253 255 125 202 255 241 249 250 255 255 255 240 253 198 24 229 237 253 255 250 255 242 255 255 255 250 253 158 3 0 113 213 255 255 250 255 255 255 244 255 253 221 35 0 19 10 9 0 174 244 247 248 249 255 228 0 137 255 251 248 246 255 246 187 0 184 240 250 255 255 249 216 195 255 255 254 254 255 214 78 249 255 252 255 255 246 115 110 236 255 253 248 250 255 244 241 255 247 128 150 250 255 252 237 254 211 0 144 245 245 248 252 254 145 4 0 17 0 21 173 254 255 247 250 252 241 124 0 0 16 8 0 8 192 255 247 255 241 244 255 250 252 255 228 158 0 236 253 253 255 241 240 255 255 248 241 255 250 255 194 0 130 230 254 255 243 246 246 238 255 255 218 148 4 4 210 255 250 250 255 255 252 246 255 255 245 255 173 3 0 206 250 238 255 255 244 254 255 253 241 224 0 3 6 0 2 14 0 235 255 255 244 249 253 247 244 255 224 7 11 0 0 0 0 0 0 0 0 0 0 0 0 0 0 0 0 0 0 0 0 0 0 0 0 0 0 0 0 0 0 0 0 0 0 0 0 0 0 0 0 0 0 0 0 0 0 0 0 0 0 0 0 0 0 0 0 0 0 0 0 0 0 0 0 0 0 0 0 0 0 0 0 0 0 0 0 0 0 0 0 0
0 0 0 0 0 0 0 0 0 0 0 0 0 0 0 0 0 0 0 0 0 0 0 0 0 0 0 0 0 0 0 0 0 0 0 0 0 0 0 0 0 0 0 0 0 0 0 0 0 0 0 0 0 0 0 0 0 0 0 0 0 0 0 0 0 0 0 0 0 0 0 0 0 0 0 0 7 6 4 148 243 252 255 255 255 254 246 255 255 239 9 218 254 255 255 241 255 249 247 182 0 234 255 244 250 254 249 255 232 190 17 209 255 255 249 248 255 255 255 252 253 255 255 243 139 0 149 250 235 246 255 254 254 255 255 244 234 0 187 252 255 251 255 242 241 252 255 251 255 255 255 213 0 91 230 255 255 255 255 241 250 254 255 255 234 254 255 135 6 210 255 251 255 255 244 255 250 255 255 207 99 247 255 255 248 254 254 252 255 245 248 255 255 255 160 0 0 4 0 7 12 210 249 255 255 250 243 255 250 255 255 207 99 247 255 255 251 255 242 75 116 231 247 255 254 255 158 0 104 234 255 237 255 255 248 255 245 243 255 255 237 105 0 147 241 253 255 245 245 249 109 141 255 247 254 250 254 228 3 122 234 255 255 233 229 114 125 238 243 254 255 252 255 254 255 253 242 104 188 244 255 255 249 235 237 255 253 255 196 0 219 255 255 247 255 244 255 247 255 250 245 255 248 103 0 199 255 251 251 246 239 255 232 254 241 255 255 183 19 0 0 18 0 139 238 255 255 248 255 244 0 161 255 245 254 252 255 252 215 2 181 255 255 251 253 253 196 178 255 254 254 255 248 231 88 250 241 245 255 254 229 114 125 238 243 254 255 252 251 255 255 255 240 110 143 239 239 255 255 255 219 0 134 244 255 255 247 231 126 8 0 0 3 0 143 241 252 251 255 255 251 136 6 0 0 0 16 164 249 242 255 255 255 255 251 253 247 255 255 238 65 219 241 255 243 253 255 255 251 255 255 254 255 240 186 71 218 255 253 248 255 255 255 250 245 251 248 220 73 0 195 250 246 253 252 255 255 255 233 255 254 249 255 133 6 210 255 251 255 255 244 255 253 255 254 233 0 0 8 6 0 10 0 219 235 255 255 255 255 255 250 247 215 0 3 0 0 0 0 0 0 0 0 0 0 0 0 0 0 0 0 0 0 0 0 0 0 0 0 0 0 0 0 0 0 0 0 0 0 0 0 0 0 0 0 0 0 0 0 0 0 0 0 0 0 0 0 0 0 0 0 0 0 0 0 0 0 0 0 0 0 0 0 0 0 0 0 0 0 0 0 0 0 0 0 0
0 0 0 0 0 0 0 0 0 0 0 0 0 0 0 0 0 0 0 0 0 0 0 0 0 0 0 0 0 0 0 0 0 0 0 0 0 0 0 0 0 0 0 0 0 0 0 0 0 0 0 0 0 0 0 0 0 0 0 0 0 0 0 0 0 0 0 0 0 0 0 0 0 13 10 0 0 4 7 159 255 255 251 238 249 255 249 254 244 237 0 231 235 246 255 255 246 255 254 168 2 230 248 255 252 255 236 246 250 161 0 206 246 255 251 250 255 244 236 255 248 248 245 251 206 0 133 250 255 255 252 248 250 251 254 255 250 0 196 255 238 255 253 251 255 235 255 247 251 248 255 232 93 125 241 255 249 247 252 254 246 255 242 243 255 251 242 182 0 184 253 255 252 247 245 253 251 255 255 174 121 230 236 255 255 255 255 239 255 255 253 255 255 227 212 8 2 1 0 2 0 199 255 255 247 248 255 244 251 255 255 174 121 230 236 255 252 255 246 120 84 239 255 255 250 255 126 0 191 255 244 255 233 255 255 255 255 252 255 251 255 186 14 137 243 255 255 245 250 248 86 122 252 247 255 255 247 245 99 136 247 255 255 255 241 91 99 240 254 251 255 253 255 255 247 253 229 120 208 255 237 254 255 255 255 247 255 255 217 0 223 255 229 255 255 255 255 242 255 252 255 244 225 164 97 245 249 248 255 255 246 246 255 255 240 255 254 223 0 3 0 2 9 98 246 252 246 254 250 220 14 162 250 245 255 252 255 251 216 0 193 251 253 253 250 254 176 175 255 249 252 254 248 211 84 227 244 255 255 243 241 91 99 240 254 251 255 253 255 255 252 250 237 118 165 248 255 255 249 251 242 105 137 234 244 255 255 240 121 10 6 3 12 0 151 255 255 255 255 242 235 122 5 2 4 0 0 193 255 248 255 240 255 239 246 252 255 255 245 233 160 211 254 255 255 255 253 255 251 248 255 242 254 232 190 199 255 242 247 255 255 231 246 255 254 245 249 244 183 8 201 255 255 254 243 249 254 255 248 253 255 234 251 191 0 184 253 255 252 247 245 253 247 255 247 203 19 0 0 0 15 0 40 232 254 255 245 255 249 252 250 255 241 1 0 20 0 0 0 0 0 0 0 0 0 0 0 0 0 0 0 0 0 0 0 0 0 0 0 0 0 0 0 0 0 0 0 0 0 0 0 0 0 0 0 0 0 0 0 0 0 0 0 0 0 0 0 0 0 0 0 0 0 0 0 0 0 0 0 0 0 0 0 0 0 0 0 0 0 0 0 0 0 0 0 0
0 0 0 0 0 0 0 0 0 0 0 0 0 0 0 0 0 0 0 0 0 0 0 0 0 0 0 0 0 0 0 0 0 0 0 0 0 0 0 0 0 0 0 0 0 0 0 0 0 0 0 0 0 0 0 0 0 0 0 0 0 0 0 0 0 0 0 0 0 0 0 0 1 5 3 0 2 0 0 147 239 246 255 255 255 226 88 4 0 0 10 205 255 255 242 255 255 255 255 214 91 234 233 255 245 255 255 242 255 171 0 227 247 255 251 254 252 173 141 245 255 242 255 254 213 0 154 244 247 246 252 255 227 105 6 0 0 4 197 246 255 255 248 255 193 135 234 254 255 253 255 247 111 104 227 255 255 253 253 251 110 212 255 250 255 243 255 213 18 187 247 251 244 255 252 208 0 0 0 2 111 248 252 255 252 248 231 128 180 249 249 249 249 255 195 8 1 0 0 3 15 202 246 254 244 255 255 203 0 0 0 2 111 248 252 255 253 255 255 197 92 242 255 249 255 226 140 32 206 254 255 246 255 233 157 159 255 255 250 247 254 218 3 128 246 251 251 255 255 247 90 126 253 249 255 255 255 248 161 110 246 255 243 249 250 97 101 243 255 250 254 250 237 128 0 0 10 2 167 253 253 255 255 255 190 15 0 0 0 4 213 241 255 255 247 252 166 168 255 245 249 255 255 185 120 234 252 255 242 249 204 87 222 243 255 242 255 239 1 6 13 0 0 15 222 248 247 255 250 228 83 200 253 246 255 245 255 255 212 0 245 244 241 255 255 255 155 185 255 253 255 255 255 195 86 229 255 255 251 254 250 97 101 243 255 250 254 250 238 124 2 0 18 0 124 241 238 248 254 255 249 168 114 243 255 255 255 244 119 0 0 3 6 0 145 243 246 240 255 255 244 115 0 0 0 3 4 222 249 252 252 248 253 142 195 237 243 255 255 242 165 14 11 0 115 233 255 247 246 255 209 17 0 1 9 200 255 255 255 245 254 172 171 246 252 254 255 255 209 0 177 245 253 248 255 255 199 124 255 255 237 255 255 198 18 187 247 251 244 255 252 208 0 4 4 10 0 9 10 2 9 0 109 246 255 255 243 255 255 255 244 247 255 93 8 0 0 0 0 0 0 0 0 0 0 0 0 0 0 0 0 0 0 0 0 0 0 0 0 0 0 0 0 0 0 0 0 0 0 0 0 0 0 0 0 0 0 0 0 0 0 0 0 0 0 0 0 0 0 0 0 0 0 0 0 0 0 0 0 0 0 0 0 0 0 0 0 0 0 0 0 0 0 0 0 0
0 0 0 0 0 0 0 0 0 0 0 0 0 0 0 0 0 0 0 0 0 0 0 0 0 0 0 0 0 0 0 0 0 0 0 0 0 0 0 0 0 0 0 0 0 0 0 0 0 0 0 0 0 0 0 0 0 0 0 0 0 0 0 0 0 0 0 0 0 0 0 0 0 0 0 5 18 9 4 150 252 253 255 251 255 244 96 0 0 1 0 202 246 255 255 250 251 255 250 210 112 250 246 248 249 244 255 244 235 164 0 200 255 255 255 253 254 144 76 230 240 255 251 243 225 9 116 253 255 255 243 255 230 96 0 9 0 21 175 255 255 228 255 250 182 89 232 247 247 241 250 253 139 104 224 251 255 253 251 239 114 152 250 255 255 246 255 193 0 184 255 255 251 255 248 204 7 13 0 0 108 234 255 255 251 248 245 104 169 255 255 254 253 255 249 0 13 7 0 12 0 192 250 255 255 248 252 208 7 13 0 0 108 234 255 255 255 253 248 230 98 216 242 255 251 247 133 0 214 255 252 252 250 245 164 108 233 252 255 255 246 232 3 145 255 252 241 247 250 238 103 136 250 245 248 249 249 252 214 104 241 255 255 255 220 97 105 231 249 255 255 255 252 131 2 6 4 2 190 255 254 255 252 255 210 0 10 15 0 28 213 255 254 224 252 255 164 102 243 255 246 246 255 186 140 245 255 255 237 255 191 0 234 255 239 255 243 246 0 4 4 5 13 0 224 255 255 247 255 230 75 187 249 255 255 249 241 255 217 0 215 248 255 245 255 242 122 186 255 252 254 253 255 198 84 238 254 248 246 255 220 97 105 231 249 255 255 255 249 129 0 2 6 0 146 255 255 255 253 251 245 208 107 248 255 248 244 236 117 2 4 4 0 0 153 249 255 248 255 255 243 115 10 9 0 4 0 218 255 255 254 254 223 72 141 255 249 246 250 255 200 0 0 3 138 251 250 253 255 255 216 2 6 5 2 225 242 253 255 250 248 140 138 245 255 255 252 245 215 3 188 255 255 247 249 250 199 62 230 254 255 255 225 221 0 184 255 255 251 255 248 204 0 0 4 0 0 0 0 0 0 7 165 249 238 247 249 248 226 255 255 241 237 150 12 2 0 0 0 0 0 0 0 0 0 0 0 0 0 0 0 0 0 0 0 0 0 0 0 0 0 0 0 0 0 0 0 0 0 0 0 0 0 0 0 0 0 0 0 0 0 0 0 0 0 0 0 0 0 0 0 0 0 0 0 0 0 0 0 0 0 0 0 0 0 0 0 0 0 0 0 0 0 0 0 0
0 0 0 0 0 0 0 0 0 0 0 0 0 0 0 0 0 0 0 0 0 0 0 0 0 0 0 0 0 0 0 0 0 0 0 0 0 0 0 0 0 0 0 0 0 0 0 0 0 0 0 0 0 0 0 0 0 0 0 0 0 0 0 0 0 0 0 0 0 0 0 0 7 2 3 0 0 0 3 144 243 255 255 250 246 241 94 0 5 0 4 229 252 249 251 255 252 255 250 242 132 249 253 255 255 255 242 255 255 165 2 217 254 254 254 242 255 169 74 234 255 240 255 255 211 0 139 243 248 255 249 253 235 106 0 5 0 0 195 245 255 247 251 255 201 78 239 254 255 255 254 241 122 97 235 255 255 249 255 246 109 167 255 247 255 252 255 210 9 195 246 245 254 255 241 216 0 11 0 9 104 233 255 252 255 248 255 102 159 255 240 255 251 255 198 23 0 0 13 0 2 217 246 248 252 255 255 208 0 11 0 9 104 233 255 252 252 255 252 239 128 243 255 249 255 244 133 4 232 254 242 255 254 243 156 102 255 255 250 246 255 239 0 132 242 255 255 254 255 229 92 126 248 255 255 252 255 255 236 128 254 250 251 255 240 102 99 232 255 253 250 251 238 123 6 0 0 2 197 246 253 255 245 252 220 0 14 0 5 0 215 245 255 255 241 255 159 109 240 241 255 255 244 193 126 246 254 255 249 255 230 108 212 255 255 248 255 227 13 0 0 7 1 0 213 247 254 255 245 253 98 217 255 255 248 255 255 255 223 106 235 250 255 251 255 235 100 187 251 255 255 253 251 207 68 235 251 255 255 251 240 102 99 232 255 253 250 251 244 133 3 4 0 3 144 233 244 255 249 247 255 245 122 247 252 254 255 247 118 5 5 0 3 2 144 240 255 255 255 250 243 106 3 2 0 10 0 218 255 248 252 255 255 180 155 247 255 255 255 255 179 6 0 1 125 255 251 255 252 255 228 0 0 0 0 234 248 255 250 255 252 144 147 255 255 252 254 255 222 10 180 240 255 250 255 253 195 78 238 248 253 255 252 215 9 195 246 245 254 255 241 216 5 0 1 3 4 0 2 0 1 3 157 255 255 255 252 232 232 242 255 255 248 172 0 5 0 0 0 0 0 0 0 0 0 0 0 0 0 0 0 0 0 0 0 0 0 0 0 0 0 0 0 0 0 0 0 0 0 0 0 0 0 0 0 0 0 0 0 0 0 0 0 0 0 0 0 0 0 0 0 0 0 0 0 0 0 0 0 0 0 0 0 0 0 0 0 0 0 0 0 0 0 0 0 0
0 0 0 0 0 0 0 0 0 0 0 0 0 0 0 0 0 0 0 0 0 0 0 0 0 0 0 0 0 0 0 0 0 0 0 0 0 0 0 0 0 0 0 0 0 0 0 0 0 0 0 0 0 0 0 0 0 0 0 0 0 0 0 0 0 0 0 0 0 0 0 0 0 0 0 0 2 0 0 145 249 255 255 255 243 247 90 3 0 0 1 213 253 255 250 254 244 255 252 242 175 238 255 252 251 255 254 255 252 164 0 212 255 250 255 255 250 166 127 248 248 255 254 245 189 6 141 245 254 250 255 246 239 95 10 0 8 0 195 255 251 253 255 249 199 82 230 255 254 254 255 246 126 99 236 255 254 255 255 246 109 173 253 255 254 255 255 210 1 178 255 255 250 255 255 202 0 2 0 1 112 235 255 255 254 255 241 112 171 255 254 255 253 255 215 1 2 0 0 0 0 192 253 255 249 255 252 203 0 2 0 1 112 235 255 255 254 251 255 255 186 236 255 250 255 246 129 0 232 254 254 255 255 255 147 118 242 255 252 246 249 240 0 132 253 255 251 255 255 237 99 125 247 255 255 254 255 250 255 182 228 255 255 251 239 98 100 236 255 255 255 254 252 120 6 0 4 0 197 255 246 255 254 246 218 0 4 0 1 3 204 255 255 253 246 255 170 154 245 252 255 255 246 177 103 230 255 255 255 248 255 243 170 0 13 8 3 0 0 2 0 2 10 0 203 250 252 255 253 246 119 224 255 246 254 253 252 255 228 106 234 255 247 255 255 243 60 173 255 254 255 255 251 198 75 229 255 249 255 251 239 98 100 236 255 255 255 254 245 127 0 0 1 1 143 249 255 251 250 255 247 243 182 241 255 253 254 240 118 0 0 0 0 0 143 252 254 255 255 255 241 121 0 4 0 0 1 205 255 253 255 243 255 248 218 78 0 0 0 0 6 2 9 0 142 248 255 253 255 254 230 2 1 0 3 231 255 253 255 253 250 149 149 248 255 254 254 255 228 0 183 255 251 255 254 255 193 129 247 255 252 255 248 199 0 182 255 254 252 255 251 203 2 4 0 0 6 0 3 6 0 1 188 255 254 248 255 220 198 255 250 255 255 175 0 0 0 0 0 0 0 0 0 0 0 0 0 0 0 0 0 0 0 0 0 0 0 0 0 0 0 0 0 0 0 0 0 0 0 0 0 0 0 0 0 0 0 0 0 0 0 0 0 0 0 0 0 0 0 0 0 0 0 0 0 0 0 0 0 0 0 0 0 0 0 0 0 0 0 0 0 0 0 0 0 0
0 0 0 0 0 0 0 0 0 0 0 0 0 0 0 0 0 0 0 0 0 0 0 0 0 0 0 0 0 0 0 0 0 0 0 0 0 0 0 0 0 0 0 0 0 0 0 0 0 0 0 0 0 0 0 0 0 0 0 0 0 0 0 0 0 0 0 0 0 0 0 0 0 0 0 0 2 0 0 145 250 254 252 255 255 239 96 8 4 13 0 220 255 253 250 255 238 255 253 251 201 250 255 246 247 255 254 255 252 164 0 211 249 251 255 251 255 255 243 255 255 233 247 255 105 0 138 240 255 245 255 255 242 91 2 0 0 0 197 239 255 255 251 255 199 82 230 255 254 254 255 246 126 99 236 255 254 255 255 246 109 173 253 255 254 255 255 210 1 181 255 254 252 255 255 219 0 1 4 5 100 243 255 244 254 255 241 112 171 255 254 255 253 255 215 1 2 0 0 0 0 195 252 255 251 255 253 220 0 1 4 5 100 243 255 244 255 250 254 255 215 242 255 254 255 246 129 0 232 254 254 255 242 255 151 11 13 3 0 0 10 3 0 134 242 245 255 255 255 237 99 125 247 255 255 254 255 251 255 211 246 255 253 255 239 98 100 236 255 255 255 254 248 127 0 9 7 0 184 251 253 252 255 255 202 1 0 12 1 0 225 255 244 255 255 252 246 255 252 246 255 251 252 134 6 202 255 243 253 255 246 255 255 207 60 0 0 5 18 1 0 7 0 7 170 255 244 255 255 253 137 235 255 253 255 255 251 255 234 121 241 255 248 255 250 223 27 171 255 247 253 253 255 197 77 233 244 255 244 255 239 98 100 236 255 255 255 254 243 132 0 8 7 0 131 243 253 255 253 255 253 254 212 251 255 253 254 240 118 0 0 0 0 0 143 252 254 255 255 255 235 115 0 11 5 3 8 161 251 246 255 255 235 255 255 247 155 0 13 9 0 0 3 4 142 248 255 253 255 254 230 2 1 0 3 231 255 253 255 253 250 149 149 248 255 254 254 255 228 0 183 255 251 255 254 255 253 255 255 247 247 247 255 170 0 185 255 251 255 255 251 220 0 0 7 11 0 5 2 0 10 0 205 255 247 246 255 226 191 255 247 243 253 210 14 2 0 0 0 0 0 0 0 0 0 0 0 0 0 0 0 0 0 0 0 0 0 0 0 0 0 0 0 0 0 0 0 0 0 0 0 0 0 0 0 0 0 0 0 0 0 0 0 0 0 0 0 0 0 0 0 0 0 0 0 0 0 0 0 0 0 0 0 0 0 0 0 0 0 0 0 0 0 0 0 0
0 0 0 0 0 0 0 0 0 0 0 0 0 0 0 0 0 0 0 0 0 0 0 0 0 0 0 0 0 0 0 0 0 0 0 0 0 0 0 0 0 0 0 0 0 0 0 0 0 0 0 0 0 0 0 0 0 0 0 0 0 0 0 0 0 0 0 0 0 0 0 0 0 0 0 0 2 0 0 145 245 255 255 251 249 255 247 251 250 186 7 208 251 254 255 251 226 249 253 255 233 255 252 236 241 255 254 255 252 165 0 210 255 249 255 253 236 255 255 236 255 255 163 12 4 3 139 250 248 255 255 241 255 255 255 255 207 2 187 255 255 244 255 248 199 82 230 255 254 254 255 246 126 99 236 255 254 255 255 246 109 173 253 255 254 255 255 210 0 185 255 251 255 253 255 242 255 255 238 143 113 234 249 255 254 255 241 112 171 255 254 255 253 255 215 1 2 0 0 0 0 199 250 255 254 254 253 243 255 255 238 143 113 234 249 255 255 250 250 255 248 248 252 255 255 246 129 0 232 254 254 255 255 255 147 17 0 0 7 10 2 0 1 138 250 254 255 241 255 237 99 125 247 255 255 254 255 252 250 245 255 254 250 255 239 98 100 236 255 255 255 254 255 248 255 250 214 4 199 255 250 255 255 246 255 254 255 239 147 3 199 255 255 253 250 255 253 244 255 255 251 251 182 0 4 148 232 255 250 239 255 248 251 255 229 113 9 1 0 0 0 7 0 10 149 255 247 255 255 252 155 239 255 253 254 248 250 255 240 142 248 255 251 255 253 211 1 180 255 247 255 253 244 255 254 253 255 249 255 245 239 98 100 236 255 255 255 254 254 251 255 244 219 0 149 250 250 255 255 253 255 255 243 255 255 253 254 240 118 0 0 0 0 0 143 252 254 255 255 255 246 132 12 0 0 2 0 16 227 255 247 255 251 255 252 241 243 179 15 0 6 20 0 0 142 248 255 253 255 254 230 2 1 0 3 231 255 253 255 253 250 149 149 248 255 254 254 255 228 0 183 255 251 255 254 255 254 246 255 255 253 255 196 11 0 190 255 248 255 253 252 243 255 251 248 161 8 0 0 11 4 0 208 249 255 255 248 196 174 255 255 252 247 215 4 0 0 0 0 0 0 0 0 0 0 0 0 0 0 0 0 0 0 0 0 0 0 0 0 0 0 0 0 0 0 0 0 0 0 0 0 0 0 0 0 0 0 0 0 0 0 0 0 0 0 0 0 0 0 0 0 0 0 0 0 0 0 0 0 0 0 0 0 0 0 0 0 0 0 0 0 0 0 0 0 0
0 0 0 0 0 0 0 0 0 0 0 0 0 0 0 0 0 0 0 0 0 0 0 0 0 0 0 0 0 0 0 0 0 0 0 0 0 0 0 0 0 0 0 0 0 0 0 0 0 0 0 0 0 0 0 0 0 0 0 0 0 0 0 0 0 0 0 0 0 0 0 0 0 0 0 0 2 0 0 145 246 255 253 255 255 249 254 255 255 207 0 215 255 246 255 252 213 239 253 255 253 255 246 228 235 253 254 255 252 165 1 209 255 247 255 255 243 251 255 255 247 251 255 232 59 4 135 243 255 254 253 255 255 252 250 255 197 5 188 248 255 248 254 255 199 82 230 255 254 254 255 246 126 99 236 255 254 255 255 246 109 173 253 255 254 255 255 210 0 188 255 248 255 251 255 255 254 255 246 147 102 242 245 255 254 255 241 112 171 255 254 255 253 255 215 1 2 0 0 0 0 202 249 253 255 252 254 255 254 255 246 147 102 242 245 255 255 255 249 255 255 249 252 254 255 246 129 0 232 254 254 255 249 246 187 232 252 255 255 249 255 229 17 130 241 253 254 255 255 237 99 125 247 255 255 254 254 255 249 255 255 249 251 255 239 98 100 236 255 255 255 254 253 255 249 255 217 5 186 255 255 246 255 255 246 255 249 251 148 0 220 254 251 255 255 252 254 242 252 255 246 164 62 1 0 13 159 233 247 255 244 245 255 246 255 235 131 14 19 0 1 1 12 6 137 254 255 255 252 249 173 240 254 252 248 239 251 255 244 164 252 255 254 254 255 209 0 191 255 249 255 251 254 254 255 255 249 255 249 255 239 98 100 236 255 255 255 254 252 255 255 252 226 0 137 244 252 255 253 250 255 254 254 252 255 253 254 240 118 0 0 0 0 0 143 252 254 255 255 255 229 107 0 0 0 13 11 0 30 209 248 240 255 247 249 255 255 243 206 41 0 1 9 0 142 248 255 253 255 254 230 2 1 0 3 231 255 253 255 253 250 149 149 248 255 254 254 255 228 0 183 255 251 255 254 255 253 245 250 255 255 185 77 14 0 193 255 246 255 251 252 255 255 247 255 173 0 5 0 0 0 24 223 249 255 255 255 175 155 250 248 255 255 229 39 3 0 0 0 0 0 0 0 0 0 0 0 0 0 0 0 0 0 0 0 0 0 0 0 0 0 0 0 0 0 0 0 0 0 0 0 0 0 0 0 0 0 0 0 0 0 0 0 0 0 0 0 0 0 0 0 0 0 0 0 0 0 0 0 0 0 0 0 0 0 0 0 0 0 0 0 0 0 0 0 0
0 0 0 0 0 0 0 0 0 0 0 0 0 0 0 0 0 0 0 0 0 0 0 0 0 0 0 0 0 0 0 0 0 0 0 0 0 0 0 0 0 0 0 0 0 0 0 0 0 0 0 0 0 0 0 0 0 0 0 0 0 0 0 0 0 0 0 0 0 0 0 0 0 0 0 0 2 0 0 145 246 255 253 255 255 249 254 255 255 207 0 215 255 246 255 252 206 230 255 254 255 255 245 221 231 252 255 255 251 166 2 209 250 255 252 246 255 254 239 255 255 242 253 250 220 6 114 246 255 254 253 255 255 252 250 255 197 5 188 248 255 248 254 255 199 82 230 255 254 254 255 246 126 99 236 255 254 255 255 246 109 173 253 255 254 255 255 210 0 188 255 248 255 251 255 255 254 255 246 147 102 242 245 255 254 255 241 112 171 255 254 255 253 255 215 1 2 0 0 0 0 202 249 253 255 252 254 255 254 255 246 147 102 242 245 255 251 255 248 251 255 251 255 252 255 246 129 0 232 254 254 255 255 255 165 255 255 246 251 255 234 245 0 132 255 255 247 255 255 237 99 125 247 255 255 254 252 255 254 255 254 250 255 253 239 98 100 236 255 255 255 254 253 255 249 255 217 5 186 255 255 246 255 255 246 255 249 251 148 0 220 254 251 255 255 252 255 255 255 251 247 255 234 22 17 0 0 118 236 249 255 255 255 254 251 252 255 115 0 8 2 0 10 0 92 245 255 255 255 251 198 245 254 255 246 230 253 255 246 183 251 253 255 254 250 195 0 191 250 249 255 246 254 254 255 255 249 255 249 255 239 98 100 236 255 255 255 254 252 255 255 252 226 0 137 244 255 255 249 253 255 250 254 253 255 253 254 240 118 0 0 0 0 0 143 252 254 255 255 255 255 116 5 15 1 0 2 3 2 10 183 255 243 250 255 254 255 242 255 203 9 0 6 0 142 248 255 253 255 254 230 2 1 0 3 231 255 253 255 253 250 149 149 248 255 254 254 255 228 0 183 255 251 255 254 255 255 255 255 250 246 253 246 76 0 193 255 246 255 251 252 255 255 247 255 173 0 5 0 0 0 95 248 255 250 240 255 167 153 255 239 255 255 245 104 3 0 0 0 0 0 0 0 0 0 0 0 0 0 0 0 0 0 0 0 0 0 0 0 0 0 0 0 0 0 0 0 0 0 0 0 0 0 0 0 0 0 0 0 0 0 0 0 0 0 0 0 0 0 0 0 0 0 0 0 0 0 0 0 0 0 0 0 0 0 0 0 0 0 0 0 0 0 0 0 0
0 0 0 0 0 0 0 0 0 0 0 0 0 0 0 0 0 0 0 0 0 0 0 0 0 0 0 0 0 0 0 0 0 0 0 0 0 0 0 0 0 0 0 0 0 0 0 0 0 0 0 0 0 0 0 0 0 0 0 0 0 0 0 0 0 0 0 0 0 0 0 0 0 0 0 0 2 0 0 145 245 255 255 251 249 255 247 251 250 186 7 208 251 254 255 251 202 221 255 251 255 253 248 206 230 253 255 255 249 166 3 210 255 255 251 246 255 182 131 240 238 255 242 255 221 73 141 255 248 255 255 241 255 255 255 255 207 2 187 255 255 244 255 248 199 82 230 255 254 254 255 246 126 99 236 255 254 255 255 246 109 173 253 255 254 255 255 210 0 185 255 251 255 253 255 242 255 255 238 143 113 234 249 255 254 255 241 112 171 255 254 255 253 255 215 1 2 0 0 0 0 199 250 255 254 254 253 243 255 255 238 143 113 234 249 255 252 255 236 251 255 254 255 253 255 246 129 0 232 254 254 255 241 255 166 236 255 253 255 251 255 233 7 127 238 253 253 255 255 237 99 125 247 255 255 254 248 246 255 253 251 253 255 253 239 98 100 236 255 255 255 254 255 248 255 250 214 4 199 255 250 255 255 246 255 254 255 239 147 3 199 255 255 253 250 255 151 184 249 246 255 251 242 161 0 0 6 0 72 211 252 247 235 254 255 247 255 225 0 5 1 5 0 0 26 239 245 255 255 250 218 249 253 255 236 209 255 255 248 201 250 248 255 254 244 170 3 190 249 252 255 250 244 255 254 253 255 249 255 245 239 98 100 236 255 255 255 254 254 251 255 244 219 0 149 250 255 252 248 252 246 254 252 255 255 253 254 240 118 0 0 0 0 0 143 252 254 255 255 255 234 107 0 1 0 20 0 0 0 10 0 154 244 248 255 244 248 254 247 238 174 0 9 0 142 248 255 253 255 254 230 2 1 0 3 231 255 253 255 253 250 149 149 248 255 254 254 255 228 0 183 255 251 255 254 255 168 162 242 245 255 246 234 200 0 190 255 248 255 253 252 243 255 251 248 161 8 0 0 11 0 138 241 253 255 249 253 131 110 255 255 255 244 242 149 0 0 0 0 0 0 0 0 0 0 0 0 0 0 0 0 0 0 0 0 0 0 0 0 0 0 0 0 0 0 0 0 0 0 0 0 0 0 0 0 0 0 0 0 0 0 0 0 0 0 0 0 0 0 0 0 0 0 0 0 0 0 0 0 0 0 0 0 0 0 0 0 0 0 0 0 0 0 0 0 0
0 0 0 0 0 0 0 0 0 0 0 0 0 0 0 0 0 0 0 0 0 0 0 0 0 0 0 0 0 0 0 0 0 0 0 0 0 0 0 0 0 0 0 0 0 0 0 0 0 0 0 0 0 0 0 0 0 0 0 0 0 0 0 0 0 0 0 0 0 0 0 0 0 0 0 0 2 0 0 145 250 254 252 255 255 239 96 8 4 13 0 220 255 253 250 255 197 208 255 247 255 253 250 180 231 255 255 255 248 166 4 211 255 242 255 255 255 148 77 248 255 252 255 255 247 83 135 240 255 245 255 255 242 91 2 0 0 0 197 239 255 255 251 255 199 82 230 255 254 254 255 246 126 99 236 255 254 255 255 246 109 173 253 255 254 255 255 210 1 181 255 254 252 255 255 219 0 1 4 5 100 243 255 244 254 255 241 112 171 255 254 255 253 255 215 1 2 0 0 0 0 195 252 255 251 255 253 220 0 1 4 5 100 243 255 244 253 252 211 254 253 254 255 253 255 246 129 0 232 254 254 255 255 248 144 114 214 251 255 255 255 207 12 131 246 255 254 246 255 237 99 125 247 255 255 254 240 220 255 247 255 255 255 253 239 98 100 236 255 255 255 254 248 127 0 9 7 0 184 251 253 252 255 255 202 1 0 12 1 0 225 255 244 255 255 252 178 119 255 242 241 255 255 193 3 12 2 17 0 23 187 255 254 255 231 254 252 255 136 0 0 5 0 0 0 231 242 255 255 247 232 252 252 255 218 179 254 255 251 218 253 246 255 252 249 142 6 191 255 254 255 255 255 197 77 233 244 255 244 255 239 98 100 236 255 255 255 254 243 132 0 8 7 0 131 243 253 251 252 242 220 255 249 255 255 253 254 240 118 0 0 0 0 0 143 252 254 255 255 255 243 126 7 0 0 17 0 20 0 5 16 12 103 238 241 255 246 245 255 255 192 21 0 14 142 248 255 253 255 254 230 2 1 0 3 231 255 253 255 253 250 149 149 248 255 254 254 255 228 0 183 255 251 255 254 255 213 82 255 241 244 255 244 203 0 185 255 251 255 255 251 220 0 0 7 11 0 5 2 0 0 152 237 251 255 255 242 153 118 235 255 253 247 251 181 10 0 0 0 0 0 0 0 0 0 0 0 0 0 0 0 0 0 0 0 0 0 0 0 0 0 0 0 0 0 0 0 0 0 0 0 0 0 0 0 0 0 0 0 0 0 0 0 0 0 0 0 0 0 0 0 0 0 0 0 0 0 0 0 0 0 0 0 0 0 0 0 0 0 0 0 0 0 0 0 0
0 0 0 0 0 0 0 0 0 0 0 0 0 0 0 0 0 0 0 0 0 0 0 0 0 0 0 0 0 0 0 0 0 0 0 0 0 0 0 0 0 0 0 0 0 0 0 0 0 0 0 0 0 0 0 0 0 0 0 0 0 0 0 0 0 0 0 0 0 0 0 0 0 0 0 0 2 0 0 145 249 255 255 255 243 247 90 3 0 0 1 213 253 255 250 254 192 196 255 244 255 253 248 158 232 255 255 255 247 166 5 212 255 245 255 244 255 177 83 223 244 255 249 245 235 121 109 255 254 250 255 246 239 95 10 0 8 0 195 255 251 253 255 249 199 82 230 255 254 254 255 246 126 99 236 255 254 255 255 246 109 173 253 255 254 255 255 210 1 178 255 255 250 255 255 202 0 2 0 1 112 235 255 255 254 255 241 112 171 255 254 255 253 255 215 1 2 0 0 0 0 192 253 255 249 255 252 203 0 2 0 1 112 235 255 255 254 236 188 255 251 253 255 251 255 246 129 0 232 254 254 255 255 233 161 69 224 255 252 249 253 233 0 129 243 255 251 255 255 237 99 125 247 255 255 254 230 196 255 243 255 253 251 252 239 98 100 236 255 255 255 254 252 120 6 0 4 0 197 255 246 255 254 246 218 0 4 0 1 3 204 255 255 253 246 255 169 110 236 255 255 233 255 190 111 235 255 244 255 255 218 132 244 240 255 255 245 253 165 9 0 0 15 0 4 223 250 253 255 248 243 255 255 255 208 160 254 255 254 229 255 246 255 251 255 121 2 188 255 249 247 255 251 198 75 229 255 249 255 251 239 98 100 236 255 255 255 254 245 127 0 0 1 1 143 249 251 255 255 231 196 255 244 255 255 253 254 240 118 0 0 0 0 0 143 252 254 255 255 255 243 105 0 16 0 1 19 200 255 255 245 252 255 155 199 255 255 255 231 246 239 0 4 0 142 248 255 253 255 254 230 2 1 0 3 231 255 253 255 253 250 149 149 248 255 254 254 255 228 0 183 255 251 255 254 255 203 65 236 248 255 252 249 222 0 182 255 254 252 255 251 203 2 4 0 0 6 0 3 6 6 172 255 255 243 255 255 250 252 255 254 246 255 255 178 2 0 0 0 0 0 0 0 0 0 0 0 0 0 0 0 0 0 0 0 0 0 0 0 0 0 0 0 0 0 0 0 0 0 0 0 0 0 0 0 0 0 0 0 0 0 0 0 0 0 0 0 0 0 0 0 0 0 0 0 0 0 0 0 0 0 0 0 0 0 0 0 0 0 0 0 0 0 0 0 0
0 0 0 0 0 0 0 0 0 0 0 0 0 0 0 0 0 0 0 0 0 0 0 0 0 0 0 0 0 0 0 0 0 0 0 0 0 0 0 0 0 0 0 0 0 0 0 0 0 0 0 0 0 0 0 0 0 0 0 0 0 0 0 0 0 0 0 0 0 0 0 0 7 2 3 0 0 0 3 144 243 255 255 250 246 241 94 0 3 1 6 221 247 255 255 249 209 163 246 255 249 255 246 135 240 249 247 255 255 165 0 212 253 252 255 245 255 170 78 226 239 255 254 251 242 99 130 248 248 255 249 253 235 106 0 5 1 0 192 251 255 255 252 253 191 84 247 234 254 255 242 249 134 93 238 253 245 251 255 251 121 155 250 255 246 252 255 213 8 193 253 241 255 255 243 217 0 6 0 0 101 237 253 255 255 244 255 107 170 255 241 253 255 248 222 4 0 9 0 7 2 217 246 248 252 255 255 208 0 6 0 0 102 238 255 255 248 254 130 250 246 255 255 247 249 250 118 0 240 255 254 250 249 247 146 71 238 255 255 253 254 231 18 122 248 248 246 255 255 231 92 124 247 255 255 255 241 133 255 247 252 251 255 255 240 102 99 232 255 253 250 251 240 133 0 12 0 0 207 251 253 255 245 252 220 0 14 0 9 0 223 247 255 255 244 255 168 100 244 253 255 255 252 193 111 241 246 246 255 244 219 4 187 255 242 255 255 253 177 3 4 9 0 0 10 195 248 255 255 255 236 255 255 242 200 141 248 255 250 249 252 247 255 255 224 111 2 181 255 245 253 255 251 207 68 235 251 255 255 251 240 102 99 232 255 253 250 251 240 135 4 0 0 0 139 253 255 255 252 242 126 255 234 255 251 253 255 246 117 4 4 0 3 2 144 240 255 255 255 250 239 127 0 8 1 0 1 205 255 249 255 243 247 154 79 240 254 249 252 255 214 10 9 0 132 255 253 246 255 255 232 4 6 0 3 244 247 250 255 245 253 146 150 255 254 249 252 255 227 13 180 240 255 249 255 249 205 64 235 255 247 255 254 213 11 188 251 243 255 255 248 214 8 0 0 14 0 13 3 0 5 188 255 253 235 255 255 250 254 250 243 255 255 249 214 0 0 0 0 0 0 0 0 0 0 0 0 0 0 0 0 0 0 0 0 0 0 0 0 0 0 0 0 0 0 0 0 0 0 0 0 0 0 0 0 0 0 0 0 0 0 0 0 0 0 0 0 0 0 0 0 0 0 0 0 0 0 0 0 0 0 0 0 0 0 0 0 0 0 0 0 0 0 0 0 0
0 0 0 0 0 0 0 0 0 0 0 0 0 0 0 0 0 0 0 0 0 0 0 0 0 0 0 0 0 0 0 0 0 0 0 0 0 0 0 0 0 0 0 0 0 0 0 0 0 0 0 0 0 0 0 0 0 0 0 0 0 0 0 0 0 0 0 0 0 0 0 0 0 0 0 5 18 9 4 150 252 253 255 251 255 244 96 0 0 1 0 221 253 248 254 255 177 159 254 255 255 244 239 105 237 241 255 242 229 161 0 206 255 253 255 254 250 148 85 231 255 236 255 251 236 76 138 244 255 255 243 255 230 96 0 9 8 2 191 246 245 246 255 255 212 70 221 255 253 255 249 248 122 95 237 254 255 255 255 228 96 175 255 255 255 252 251 206 0 181 255 255 255 255 251 205 0 7 0 10 113 241 246 249 255 253 241 91 152 255 254 255 247 251 224 0 0 13 0 0 0 192 250 255 255 248 252 208 1 8 0 10 113 242 248 251 255 248 112 207 255 242 239 255 254 255 126 13 207 251 243 255 255 249 153 92 226 246 252 255 254 221 0 142 253 255 255 250 251 239 104 137 251 246 249 249 216 116 213 255 252 253 255 242 220 97 105 231 249 255 255 255 252 127 0 9 13 9 194 249 254 255 252 255 210 0 10 15 0 18 200 255 255 238 255 252 183 108 248 248 249 250 252 190 73 244 255 254 238 255 229 0 152 250 252 255 247 247 193 0 6 0 22 0 0 202 237 255 255 245 255 255 250 255 170 127 243 255 250 251 255 247 251 249 249 26 0 190 255 252 255 253 255 198 84 238 254 248 246 255 220 97 105 231 249 255 255 255 254 119 0 3 9 15 134 242 243 255 247 227 120 239 255 241 255 247 243 235 116 1 3 3 0 0 153 249 255 248 255 255 245 117 1 0 0 10 3 210 238 255 255 245 255 148 69 240 252 255 255 233 255 0 0 16 149 250 255 255 255 246 212 7 0 12 0 212 254 255 244 255 240 134 134 243 255 255 255 252 211 0 183 255 255 251 253 254 203 85 229 248 249 247 254 213 0 176 255 255 254 255 255 202 0 9 0 0 15 0 0 1 14 199 255 255 255 247 241 255 253 255 255 252 245 255 220 6 0 0 0 0 0 0 0 0 0 0 0 0 0 0 0 0 0 0 0 0 0 0 0 0 0 0 0 0 0 0 0 0 0 0 0 0 0 0 0 0 0 0 0 0 0 0 0 0 0 0 0 0 0 0 0 0 0 0 0 0 0 0 0 0 0 0 0 0 0 0 0 0 0 0 0 0 0 0 0 0
0 0 0 0 0 0 0 0 0 0 0 0 0 0 0 0 0 0 0 0 0 0 0 0 0 0 0 0 0 0 0 0 0 0 0 0 0 0 0 0 0 0 0 0 0 0 0 0 0 0 0 0 0 0 0 0 0 0 0 0 0 0 0 0 0 0 0 0 0 0 0 0 1 5 3 0 2 0 0 147 239 246 255 255 255 226 88 4 0 16 0 211 255 250 241 241 218 108 245 255 252 255 233 111 229 252 255 247 255 173 0 226 249 253 253 254 248 176 151 249 247 241 255 255 224 111 143 245 247 246 252 255 227 105 6 0 0 0 192 255 255 253 255 250 190 125 243 255 247 250 254 248 128 111 238 251 244 251 252 249 124 200 241 247 255 255 252 205 18 184 253 247 248 255 255 208 0 0 0 10 88 238 252 255 251 252 240 142 195 255 255 251 255 253 207 0 10 5 0 7 15 202 246 254 244 255 255 203 0 0 0 9 88 238 254 255 254 248 111 177 255 255 253 255 255 231 142 2 226 255 255 252 254 237 162 141 240 255 255 251 255 230 4 148 232 239 255 252 253 247 92 129 255 250 255 255 247 102 185 255 255 253 250 254 250 97 101 243 255 250 254 250 236 131 7 0 0 3 171 255 253 255 255 255 190 15 0 0 0 1 221 253 254 255 246 255 177 105 254 255 255 251 255 186 6 234 240 255 246 240 230 55 204 255 238 246 247 255 187 0 5 0 0 5 6 178 251 239 255 247 255 242 243 255 144 76 236 255 250 255 255 255 255 255 222 0 19 182 238 249 255 247 255 195 86 229 255 255 251 254 250 97 101 243 255 250 254 250 242 119 12 0 0 11 122 255 247 255 255 238 85 187 255 254 255 255 255 243 118 0 0 2 6 0 145 243 246 240 255 255 245 112 14 2 0 10 0 182 255 241 237 255 250 153 123 243 250 245 243 255 221 3 12 0 149 238 255 243 248 255 235 9 7 5 2 221 255 255 241 249 255 179 176 247 249 247 252 254 221 2 181 246 251 244 248 255 191 93 232 245 255 253 255 210 20 180 252 249 246 255 255 206 4 4 0 21 0 10 5 9 3 216 250 244 255 255 255 251 252 246 243 255 255 255 230 83 0 0 0 0 0 0 0 0 0 0 0 0 0 0 0 0 0 0 0 0 0 0 0 0 0 0 0 0 0 0 0 0 0 0 0 0 0 0 0 0 0 0 0 0 0 0 0 0 0 0 0 0 0 0 0 0 0 0 0 0 0 0 0 0 0 0 0 0 0 0 0 0 0 0 0 0 0 0 0 0
0 0 0 0 0 0 0 0 0 0 0 0 0 0 0 0 0 0 0 0 0 0 0 0 0 0 0 0 0 0 0 0 0 0 0 0 0 0 0 0 0 0 0 0 0 0 0 0 0 0 0 0 0 0 0 0 0 0 0 0 0 0 0 0 0 0 0 0 0 0 0 0 0 13 10 0 0 4 7 159 255 255 251 238 249 255 249 254 255 249 125 225 252 252 255 255 206 85 228 255 246 255 206 91 234 255 241 253 255 164 0 200 250 255 253 253 255 243 240 255 243 255 242 255 241 103 120 237 255 255 252 248 250 251 254 255 253 134 202 245 247 255 255 245 255 255 255 245 249 255 245 238 97 100 231 255 255 250 247 255 249 255 252 244 253 235 255 207 0 181 255 255 255 242 248 253 252 255 255 224 124 236 250 255 250 252 254 229 255 255 251 253 250 255 206 0 5 0 0 11 0 199 255 255 247 248 255 244 252 255 255 223 123 237 251 255 255 241 106 140 222 255 255 255 251 225 158 0 178 249 255 254 255 255 248 247 255 253 254 255 254 218 15 122 241 255 255 249 249 248 87 123 254 247 255 255 229 76 173 242 250 251 245 255 241 91 99 240 254 251 255 253 250 254 253 255 248 176 204 243 237 254 255 255 255 247 255 255 249 0 217 255 233 255 251 254 171 104 249 252 255 244 255 185 2 195 255 252 250 255 249 255 252 242 255 255 242 253 176 0 0 7 0 8 0 135 255 255 246 255 250 255 255 251 137 25 226 252 249 250 253 249 255 255 221 0 8 189 255 255 244 255 248 211 84 227 244 255 255 243 241 91 99 240 254 251 255 253 255 252 251 250 243 184 159 247 255 247 255 246 69 171 241 255 243 255 255 239 120 9 5 2 12 0 151 255 255 255 255 242 240 114 3 0 0 10 11 158 243 255 255 253 253 255 255 237 255 255 255 244 221 0 8 8 144 241 255 254 251 255 234 0 8 0 12 187 241 244 255 255 252 228 244 255 255 251 255 255 174 0 194 255 255 255 252 255 200 82 237 245 255 254 251 209 0 176 255 255 255 242 253 251 255 255 240 240 1 4 0 0 32 235 255 246 254 255 246 157 60 222 255 252 252 253 251 134 0 0 0 0 0 0 0 0 0 0 0 0 0 0 0 0 0 0 0 0 0 0 0 0 0 0 0 0 0 0 0 0 0 0 0 0 0 0 0 0 0 0 0 0 0 0 0 0 0 0 0 0 0 0 0 0 0 0 0 0 0 0 0 0 0 0 0 0 0 0 0 0 0 0 0 0 0 0 0 0
0 0 0 0 0 0 0 0 0 0 0 0 0 0 0 0 0 0 0 0 0 0 0 0 0 0 0 0 0 0 0 0 0 0 0 0 0 0 0 0 0 0 0 0 0 0 0 0 0 0 0 0 0 0 0 0 0 0 0 0 0 0 0 0 0 0 0 0 0 0 0 0 0 0 0 0 7 6 4 148 243 252 255 255 255 254 246 255 240 255 148 226 250 244 250 246 195 102 237 251 255 248 211 95 244 252 248 255 224 187 19 212 255 255 250 252 255 255 255 248 253 255 255 247 230 0 120 255 235 246 255 254 254 255 255 244 255 139 191 254 255 253 251 246 247 255 244 252 255 255 250 244 75 115 236 255 255 255 247 253 241 254 255 255 255 250 255 167 7 207 255 245 255 253 247 255 235 253 253 247 92 240 255 247 253 255 255 254 255 247 248 255 235 255 195 0 0 0 5 0 12 210 249 255 255 250 243 255 234 252 252 246 91 240 255 248 253 249 128 100 236 246 245 255 255 255 152 12 95 247 249 245 249 255 249 255 255 247 249 248 247 242 7 141 253 255 247 255 246 250 108 140 254 246 255 251 226 103 124 247 255 255 252 250 229 114 125 238 243 254 255 252 255 255 249 244 236 171 188 250 255 255 249 235 237 255 253 255 235 0 204 255 255 249 255 242 185 127 247 246 255 242 255 199 10 156 236 251 255 244 255 246 255 249 245 249 255 225 71 8 8 0 15 3 0 137 235 243 252 255 254 250 249 226 104 6 220 255 255 255 254 245 253 254 202 8 9 201 245 251 237 248 248 231 88 250 241 245 255 254 229 114 125 238 243 254 255 252 250 255 253 246 255 185 123 231 255 253 251 237 97 133 253 245 255 255 246 230 125 7 0 0 3 0 143 241 252 251 255 255 244 133 0 6 8 0 0 35 222 255 242 238 255 248 247 255 251 238 246 255 195 4 3 0 161 255 249 255 250 239 246 12 1 3 0 88 242 255 249 241 255 255 255 249 248 255 255 231 87 0 201 252 244 247 242 244 228 79 245 250 251 255 249 223 8 202 255 248 255 252 251 255 248 255 255 238 9 0 0 13 127 244 255 255 255 252 246 121 0 244 255 246 255 251 255 158 0 0 0 0 0 0 0 0 0 0 0 0 0 0 0 0 0 0 0 0 0 0 0 0 0 0 0 0 0 0 0 0 0 0 0 0 0 0 0 0 0 0 0 0 0 0 0 0 0 0 0 0 0 0 0 0 0 0 0 0 0 0 0 0 0 0 0 0 0 0 0 0 0 0 0 0 0 0 0 0
0 0 0 0 0 0 0 0 0 0 0 0 0 0 0 0 0 0 0 0 0 0 0 0 0 0 0 0 0 0 0 0 0 0 0 0 0 0 0 0 0 0 0 0 0 0 0 0 0 0 0 0 0 0 0 0 0 0 0 0 0 0 0 0 0 0 0 0 0 0 0 0 5 0 3 9 0 0 7 171 246 249 254 248 255 251 250 254 255 244 143 217 255 255 251 251 220 0 234 245 255 253 195 97 240 246 255 255 249 192 0 235 254 246 247 255 251 243 253 249 255 241 252 251 174 9 145 233 255 255 255 255 255 251 249 253 240 152 203 255 253 243 250 255 255 255 253 255 241 255 253 179 3 108 242 251 238 255 252 253 255 255 255 245 246 255 230 86 0 203 253 231 255 255 247 252 255 255 242 242 103 251 255 239 245 255 255 244 247 243 249 246 255 220 104 0 4 4 0 0 0 207 248 236 255 255 245 254 255 255 240 241 102 250 255 240 248 255 124 0 223 255 255 249 253 248 140 0 12 158 233 255 255 252 243 255 249 243 255 255 253 255 0 153 235 244 246 255 255 235 106 132 244 255 255 248 254 107 0 230 255 252 252 246 246 115 110 236 255 253 248 250 241 241 254 255 255 184 192 255 241 249 250 255 255 255 240 253 225 28 228 241 250 248 250 255 175 141 240 250 255 249 251 206 0 12 194 248 247 252 252 255 238 255 255 250 248 165 0 14 7 0 0 0 6 107 248 255 252 234 255 247 255 255 81 8 203 246 255 255 255 250 255 252 194 0 0 221 245 255 255 255 255 214 78 249 255 252 255 255 246 115 110 236 255 253 248 250 255 255 245 245 255 177 139 255 252 255 255 233 102 0 209 255 244 247 251 253 144 3 0 16 0 21 173 254 255 247 250 252 248 144 0 0 14 8 10 2 135 221 255 255 250 253 255 245 252 255 249 215 31 0 17 0 155 255 246 243 252 255 243 0 0 7 0 10 137 228 255 252 252 252 248 237 255 255 212 139 0 0 204 255 253 255 255 255 211 86 239 255 251 255 246 224 0 199 254 235 255 255 251 252 255 248 246 246 0 4 5 0 175 241 252 250 250 255 255 116 1 235 239 254 255 247 249 195 0 0 0 0 0 0 0 0 0 0 0 0 0 0 0 0 0 0 0 0 0 0 0 0 0 0 0 0 0 0 0 0 0 0 0 0 0 0 0 0 0 0 0 0 0 0 0 0 0 0 0 0 0 0 0 0 0 0 0 0 0 0 0 0 0 0 0 0 0 0 0 0 0 0 0 0 0 0 0 0
0 0 0 0 0 0 0 0 0 0 0 0 0 0 0 0 0 0 0 0 0 0 0 0 0 0 0 0 0 0 0 0 0 0 0 0 0 0 0 0 0 0 0 0 0 0 0 0 0 0 0 0 0 0 0 0 0 0 0 0 0 0 0 0 0 0 0 0 0 0 0 0 0 0 12 15 0 6 29 158 255 255 255 244 255 251 255 253 255 236 164 217 249 255 250 251 218 0 228 255 251 255 177 120 245 252 248 247 255 185 16 214 255 245 255 255 254 250 255 255 249 255 239 171 8 7 156 255 250 250 244 245 254 252 253 255 245 172 193 244 255 255 253 245 250 248 253 255 255 244 168 10 15 123 243 255 254 255 253 255 249 245 255 255 253 214 126 0 15 190 255 255 255 243 251 255 246 247 255 240 141 222 247 255 251 255 255 254 254 255 254 246 198 115 9 0 9 4 0 3 7 201 255 255 246 255 255 252 245 245 254 238 139 221 247 255 255 255 142 7 178 241 255 251 255 244 181 18 0 6 127 199 244 255 255 252 209 183 227 252 255 229 19 165 241 255 255 251 255 232 145 160 243 255 255 250 239 122 8 201 255 241 253 255 243 136 127 239 255 255 250 255 255 255 253 247 242 182 203 255 255 255 250 254 249 248 245 255 246 0 191 255 252 255 255 242 189 174 239 251 255 253 242 218 22 0 1 131 211 237 255 238 255 232 240 184 32 0 0 4 0 19 0 4 0 20 219 254 255 240 255 254 255 222 31 0 205 243 249 252 255 252 255 250 207 0 0 208 255 246 240 255 255 209 131 237 255 255 250 248 243 136 127 239 255 255 250 255 247 253 255 255 250 185 164 234 248 254 255 239 139 19 187 255 255 255 255 241 138 11 0 1 0 17 164 242 255 255 255 255 239 154 20 0 0 0 10 2 0 32 157 249 249 245 255 255 251 220 135 0 7 7 14 0 177 250 255 255 255 255 216 18 0 0 18 0 0 82 191 241 250 255 255 237 243 179 83 0 0 31 193 244 255 250 253 242 204 149 234 252 255 255 246 226 15 186 255 255 255 241 255 255 255 250 252 248 2 0 3 0 192 247 255 255 255 253 236 122 9 213 255 255 245 253 255 221 0 0 0 0 0 0 0 0 0 0 0 0 0 0 0 0 0 0 0 0 0 0 0 0 0 0 0 0 0 0 0 0 0 0 0 0 0 0 0 0 0 0 0 0 0 0 0 0 0 0 0 0 0 0 0 0 0 0 0 0 0 0 0 0 0 0 0 0 0 0 0 0 0 0 0 0 0 0 0 0
0 0 0 0 0 0 0 0 0 0 0 0 0 0 0 0 0 0 0 0 0 0 0 0 0 0 0 0 0 0 0 0 0 0 0 0 0 0 0 0 0 0 0 0 0 0 0 0 0 0 0 0 0 0 0 0 0 0 0 0 0 0 0 0 0 0 0 0 0 0 0 0 3 0 3 0 0 16 0 11 0 5 6 0 10 0 5 1 0 17 0 7 0 8 0 6 0 0 1 0 0 7 0 1 3 0 0 9 0 2 9 0 3 0 6 0 0 7 2 0 1 0 12 0 0 11 0 0 0 13 8 0 3 9 0 0 11 0 4 11 0 0 0 10 4 8 0 0 6 0 4 0 0 0 5 0 0 6 0 4 9 0 4 0 7 0 0 6 0 12 0 0 6 0 11 0 10 0 4 1 0 14 0 0 8 0 0 1 2 3 0 0 0 18 0 6 0 5 6 5 1 10 0 4 2 4 4 0 8 0 2 0 0 13 0 0 0 0 6 6 2 0 0 4 4 0 0 6 14 0 1 3 5 0 0 0 4 0 13 2 0 6 0 2 1 0 0 0 0 10 0 0 14 0 0 9 2 2 9 0 2 0 8 0 2 0 0 10 0 2 3 0 0 14 0 0 20 3 8 0 0 10 0 0 2 8 2 0 7 0 7 1 0 0 8 3 7 0 5 0 0 3 0 0 0 29 0 0 5 0 0 4 0 18 0 1 1 5 1 1 3 0 6 10 6 0 24 0 0 3 0 0 3 11 0 14 0 15 5 0 1 1 7 0 0 0 10 0 0 8 0 0 7 0 0 3 0 0 0 3 2 0 0 10 0 2 3 0 9 0 0 3 0 0 8 1 3 0 4 0 0 14 1 0 0 10 0 2 4 0 13 0 15 0 15 0 0 0 0 5 2 0 0 8 0 7 4 0 3 7 6 0 4 10 0 1 0 0 17 0 4 0 0 11 6 0 5 0 0 0 7 0 1 7 0 9 2 14 0 11 0 3 4 0 14 0 0 2 1 0 16 1 5 0 7 0 7 0 0 0 3 3 9 0 0 8 0 2 2 0 15 0 1 0 3 0 0 0 3 0 1 4 0 0 10 0 8 0 0 8 0 5 0 13 6 0 0 0 0 0 0 0 0 0 0 0 0 0 0 0 0 0 0 0 0 0 0 0 0 0 0 0 0 0 0 0 0 0 0 0 0 0 0 0 0 0 0 0 0 0 0 0 0 0 0 0 0 0 0 0 0 0 0 0 0 0 0 0 0 0 0 0 0 0 0 0 0 0 0 0 0 0 0 0 0 0
0 0 0 0 0 0 0 0 0 0 0 0 0 0 0 0 0 0 0 0 0 0 0 0 0 0 0 0 0 0 0 0 0 0 0 0 0 0 0 0 0 0 0 0 0 0 0 0 0 0 0 0 0 0 0 0 0 0 0 0 0 0 0 0 0 0 0 0 0 0 0 0 0 0 0 0 0 0 0 0 0 0 0 0 0 0 0 0 0 0 0 0 0 0 0 0 0 0 0 0 0 0 0 0 0 0 0 0 0 0 0 0 0 0 0 0 0 0 0 0 0 0 0 0 0 0 0 0 0 0 0 0 0 0 0 0 0 0 0 0 0 0 0 0 0 0 0 0 0 0 0 0 0 0 0 0 0 0 0 0 0 0 0 0 0 0 0 0 0 0 0 0 0 0 0 0 0 0 0 0 0 0 0 0 0 0 0 0 0 0 0 0 0 0 0 0 0 0 0 0 0 0 0 0 0 0 0 0 0 0 0 0 0 0 0 0 0 0 0 0 0 0 0 0 0 0 0 0 0 0 0 0 0 0 0 0 0 0 0 0 0 0 0 0 0 0 0 0 0 0 0 0 0 0 0 0 0 0 0 0 0 0 0 0 0 0 0 0 0 0 0 0 0 0 0 0 0 0 0 0 0 0 0 0 0 0 0 0 0 0 0 0 0 0 0 0 0 0 0 0 0 0 0 0 0 0 0 0 0 0 0 0 0 0 0 0 0 0 0 0 0 0 0 0 0 0 0 0 0 0 0 0 0 0 0 0 0 0 0 0 0 0 0 0 0 0 0 0 0 0 0 0 0 0 0 0 0 0 0 0 0 0 0 0 0 0 0 0 0 0 0 0 0 0 0 0 0 0 0 0 0 0 0 0 0 0 0 0 0 0 0 0 0 0 0 0 0 0 0 0 0 0 0 0 0 0 0 0 0 0 0 0 0 0 0 0 0 0 0 0 0 0 0 0 0 0 0 0 0 0 0 0 0 0 0 0 0 0 0 0 0 0 0 0 0 0 0 0 0 0 0 0 0 0 0 0 0 0 0 0 0 0 0 0 0 0 0 0 0 0 0 0 0 0 0 0 0 0 0 0 0 0 0 0 0 0 0 0 0 0 0 0 0 0 0 0 0 0 0 0 0 0 0 0 0 0 0 0 0 0 0 0 0 0 0 0 0 0 0 0 0 0 0 0 0 0 0 0 0 0 0 0 0 0 0 0 0 0 0 0 0 0 0 0 0 0 0 0 0 0 0 0 0 0 0 0 0 0 0 0 0 0 0 0 0 0 0 0 0 0 0 0 0 0 0 0
0 0 0 0 0 0 0 0 0 0 0 0 0 0 0 0 0 0 0 0 0 0 0 0 0 0 0 0 0 0 0 0 0 0 0 0 0 0 0 0 0 0 0 0 0 0 0 0 0 0 0 0 0 0 0 0 0 0 0 0 0 0 0 0 0 0 0 0 0 0 0 0 0 0 0 0 0 0 0 0 0 0 0 0 0 0 0 0 0 0 0 0 0 0 0 0 0 0 0 0 0 0 0 0 0 0 0 0 0 0 0 0 0 0 0 0 0 0 0 0 0 0 0 0 0 0 0 0 0 0 0 0 0 0 0 0 0 0 0 0 0 0 0 0 0 0 0 0 0 0 0 0 0 0 0 0 0 0 0 0 0 0 0 0 0 0 0 0 0 0 0 0 0 0 0 0 0 0 0 0 0 0 0 0 0 0 0 0 0 0 0 0 0 0 0 0 0 0 0 0 0 0 0 0 0 0 0 0 0 0 0 0 0 0 0 0 0 0 0 0 0 0 0 0 0 0 0 0 0 0 0 0 0 0 0 0 0 0 0 0 0 0 0 0 0 0 0 0 0 0 0 0 0 0 0 0 0 0 0 0 0 0 0 0 0 0 0 0 0 0 0 0 0 0 0 0 0 0 0 0 0 0 0 0 0 0 0 0 0 0 0 0 0 0 0 0 0 0 0 0 0 0 0 0 0 0 0 0 0 0 0 0 0 0 0 0 0 0 0 0 0 0 0 0 0 0 0 0 0 0 0 0 0 0 0 0 0 0 0 0 0 0 0 0 0 0 0 0 0 0 0 0 0 0 0 0 0 0 0 0 0 0 0 0 0 0 0 0 0 0 0 0 0 0 0 0 0 0 0 0 0 0 0 0 0 0 0 0 0 0 0 0 0 0 0 0 0 0 0 0 0 0 0 0 0 0 0 0 0 0 0 0 0 0 0 0 0 0 0 0 0 0 0 0 0 0 0 0 0 0 0 0 0 0 0 0 0 0 0 0 0 0 0 0 0 0 0 0 0 0 0 0 0 0 0 0 0 0 0 0 0 0 0 0 0 0 0 0 0 0 0 0 0 0 0 0 0 0 0 0 0 0 0 0 0 0 0 0 0 0 0 0 0 0 0 0 0 0 0 0 0 0 0 0 0 0 0 0 0 0 0 0 0 0 0 0 0 0 0 0 0 0 0 0 0 0 0 0 0 0 0 0 0 0 0 0 0 0 0 0 0 0 0 0 0 0 0 0 0 0 0 0 0 0 0 0 0 0 0 0 0 0 0 0 0 0 0 0 0 0 0 0 0 0 0 0
0 0 0 0 0 0 0 0 0 0 0 0 0 0 0 0 0 0 0 0 0 0 0 0 0 0 0 0 0 0 0 0 0 0 0 0 0 0 0 0 0 0 0 0 0 0 0 0 0 0 0 0 0 0 0 0 0 0 0 0 0 0 0 0 0 0 0 0 0 0 0 0 0 0 0 0 0 0 0 0 0 0 0 0 0 0 0 0 0 0 0 0 0 0 0 0 0 0 0 0 0 0 0 0 0 0 0 0 0 0 0 0 0 0 0 0 0 0 0 0 0 0 0 0 0 0 0 0 0 0 0 0 0 0 0 0 0 0 0 0 0 0 0 0 0 0 0 0 0 0 0 0 0 0 0 0 0 0 0 0 0 0 0 0 0 0 0 0 0 0 0 0 0 0 0 0 0 0 0 0 0 0 0 0 0 0 0 0 0 0 0 0 0 0 0 0 0 0 0 0 0 0 0 0 0 0 0 0 0 0 0 0 0 0 0 0 0 0 0 0 0 0 0 0 0 0 0 0 0 0 0 0 0 0 0 0 0 0 0 0 0 0 0 0 0 0 0 0 0 0 0 0 0 0 0 0 0 0 0 0 0 0 0 0 0 0 0 0 0 0 0 0 0 0 0 0 0 0 0 0 0 0 0 0 0 0 0 0 0 0 0 0 0 0 0 0 0 0 0 0 0 0 0 0 0 0 0 0 0 0 0 0 0 0 0 0 0 0 0 0 0 0 0 0 0 0 0 0 0 0 0 0 0 0 0 0 0 0 0 0 0 0 0 0 0 0 0 0 0 0 0 0 0 0 0 0 0 0 0 0 0 0 0 0 0 0 0 0 0 0 0 0 0 0 0 0 0 0 0 0 0 0 0 0 0 0 0 0 0 0 0 0 0 0 0 0 0 0 0 0 0 0 0 0 0 0 0 0 0 0 0 0 0 0 0 0 0 0 0 0 0 0 0 0 0 0 0 0 0 0 0 0 0 0 0 0 0 0 0 0 0 0 0 0 0 0 0 0 0 0 0 0 0 0 0 0 0 0 0 0 0 0 0 0 0 0 0 0 0 0 0 0 0 0 0 0 0 0 0 0 0 0 0 0 0 0 0 0 0 0 0 0 0 0 0 0 0 0 0 0 0 0 0 0 0 0 0 0 0 0 0 0 0 0 0 0 0 0 0 0 0 0 0 0 0 0 0 0 0 0 0 0 0 0 0 0 0 0 0 0 0 0 0 0 0 0 0 0 0 0 0 0 0 0 0 0 0 0 0 0 0 0 0 0 0 0 0 0 0 0 0 0 0 0 0 0
0 0 0 0 0 0 0 0 0 0 0 0 0 0 0 0 0 0 0 0 0 0 0 0 0 0 0 0 0 0 0 0 0 0 0 0 0 0 0 0 0 0 0 0 0 0 0 0 0 0 0 0 0 0 0 0 0 0 0 0 0 0 0 0 0 0 0 0 0 0 0 0 0 0 0 0 0 0 0 0 0 0 0 0 0 0 0 0 0 0 0 0 0 0 0 0 0 0 0 0 0 0 0 0 0 0 0 0 0 0 0 0 0 0 0 0 0 0 0 0 0 0 0 0 0 0 0 0 0 0 0 0 0 0 0 0 0 0 0 0 0 0 0 0 0 0 0 0 0 0 0 0 0 0 0 0 0 0 0 0 0 0 0 0 0 0 0 0 0 0 0 0 0 0 0 0 0 0 0 0 0 0 0 0 0 0 0 0 0 0 0 0 0 0 0 0 0 0 0 0 0 0 0 0 0 0 0 0 0 0 0 0 0 0 0 0 0 0 0 0 0 0 0 0 0 0 0 0 0 0 0 0 0 0 0 0 0 0 0 0 0 0 0 0 0 0 0 0 0 0 0 0 0 0 0 0 0 0 0 0 0 0 0 0 0 0 0 0 0 0 0 0 0 0 0 0 0 0 0 0 0 0 0 0 0 0 0 0 0 0 0 0 0 0 0 0 0 0 0 0 0 0 0 0 0 0 0 0 0 0 0 0 0 0 0 0 0 0 0 0 0 0 0 0 0 0 0 0 0 0 0 0 0 0 0 0 0 0 0 0 0 0 0 0 0 0 0 0 0 0 0 0 0 0 0 0 0 0 0 0 0 0 0 0 0 0 0 0 0 0 0 0 0 0 0 0 0 0 0 0 0 0 0 0 0 0 0 0 0 0 0 0 0 0 0 0 0 0 0 0 0 0 0 0 0 0 0 0 0 0 0 0 0 0 0 0 0 0 0 0 0 0 0 0 0 0 0 0 0 0 0 0 0 0 0 0 0 0 0 0 0 0 0 0 0 0 0 0 0 0 0 0 0 0 0 0 0 0 0 0 0 0 0 0 0 0 0 0 0 0 0 0 0 0 0 0 0 0 0 0 0 0 0 0 0 0 0 0 0 0 0 0 0 0 0 0 0 0 0 0 0 0 0 0 0 0 0 0 0 0 0 0 0 0 0 0 0 0 0 0 0 0 0 0 0 0 0 0 0 0 0 0 0 0 0 0 0 0 0 0 0 0 0 0 0 0 0 0 0 0 0 0 0 0 0 0 0 0 0 0 0 0 0 0 0 0 0 0 0 0 0 0 0 0 0 0
0 0 0 0 0 0 0 0 0 0 0 0 0 0 0 0 0 0 0 0 0 0 0 0 0 0 0 0 0 0 0 0 0 0 0 0 0 0 0 0 0 0 0 0 0 0 0 0 0 0 0 0 0 0 0 0 0 0 0 0 0 0 0 0 0 0 0 0 0 0 0 0 0 0 0 0 0 0 0 0 0 0 0 0 0 0 0 0 0 0 0 0 0 0 0 0 0 0 0 0 0 0 0 0 0 0 0 0 0 0 0 0 0 0 0 0 0 0 0 0 0 0 0 0 0 0 0 0 0 0 0 0 0 0 0 0 0 0 0 0 0 0 0 0 0 0 0 0 0 0 0 0 0 0 0 0 0 0 0 0 0 0 0 0 0 0 0 0 0 0 0 0 0 0 0 0 0 0 0 0 0 0 0 0 0 0 0 0 0 0 0 0 0 0 0 0 0 0 0 0 0 0 0 0 0 0 0 0 0 0 0 0 0 0 0 0 0 0 0 0 0 0 0 0 0 0 0 0 0 0 0 0 0 0 0 0 0 0 0 0 0 0 0 0 0 0 0 0 0 0 0 0 0 0 0 0 0 0 0 0 0 0 0 0 0 0 0 0 0 0 0 0 0 0 0 0 0 0 0 0 0 0 0 0 0 0 0 0 0 0 0 0 0 0 0 0 0 0 0 0 0 0 0 0 0 0 0 0 0 0 0 0 0 0 0 0 0 0 0 0 0 0 0 0 0 0 0 0 0 0 0 0 0 0 0 0 0 0 0 0 0 0 0 0 0 0 0 0 0 0 0 0 0 0 0 0 0 0 0 0 0 0 0 0 0 0 0 0 0 0 0 0 0 0 0 0 0 0 0 0 0 0 0 0 0 0 0 0 0 0 0 0 0 0 0 0 0 0 0 0 0 0 0 0 0 0 0 0 0 0 0 0 0 0 0 0 0 0 0 0 0 0 0 0 0 0 0 0 0 0 0 0 0 0 0 0 0 0 0 0 0 0 0 0 0 0 0 0 0 0 0 0 0 0 0 0 0 0 0 0 0 0 0 0 0 0 0 0 0 0 0 0 0 0 0 0 0 0 0 0 0 0 0 0 0 0 0 0 0 0 0 0 0 0 0 0 0 0 0 0 0 0 0 0 0 0 0 0 0 0 0 0 0 0 0 0 0 0 0 0 0 0 0 0 0 0 0 0 0 0 0 0 0 0 0 0 0 0 0 0 0 0 0 0 0 0 0 0 0 0 0 0 0 0 0 0 0 0 0 0 0 0 0 0 0 0 0 0 0 0 0 0 0 0 0 0
0 0 0 0 0 0 0 0 0 0 0 0 0 0 0 0 0 0 0 0 0 0 0 0 0 0 0 0 0 0 0 0 0 0 0 0 0 0 0 0 0 0 0 0 0 0 0 0 0 0 0 0 0 0 0 0 0 0 0 0 0 0 0 0 0 0 0 0 0 0 0 0 0 0 0 0 0 0 0 0 0 0 0 0 0 0 0 0 0 0 0 0 0 0 0 0 0 0 0 0 0 0 0 0 0 0 0 0 0 0 0 0 0 0 0 0 0 0 0 0 0 0 0 0 0 0 0 0 0 0 0 0 0 0 0 0 0 0 0 0 0 0 0 0 0 0 0 0 0 0 0 0 0 0 0 0 0 0 0 0 0 0 0 0 0 0 0 0 0 0 0 0 0 0 0 0 0 0 0 0 0 0 0 0 0 0 0 0 0 0 0 0 0 0 0 0 0 0 0 0 0 0 0 0 0 0 0 0 0 0 0 0 0 0 0 0 0 0 0 0 0 0 0 0 0 0 0 0 0 0 0 0 0 0 0 0 0 0 0 0 0 0 0 0 0 0 0 0 0 0 0 0 0 0 0 0 0 0 0 0 0 0 0 0 0 0 0 0 0 0 0 0 0 0 0 0 0 0 0 0 0 0 0 0 0 0 0 0 0 0 0 0 0 0 0 0 0 0 0 0 0 0 0 0 0 0 0 0 0 0 0 0 0 0 0 0 0 0 0 0 0 0 0 0 0 0 0 0 0 0 0 0 0 0 0 0 0 0 0 0 0 0 0 0 0 0 0 0 0 0 0 0 0 0 0 0 0 0 0 0 0 0 0 0 0 0 0 0 0 0 0 0 0 0 0 0 0 0 0 0 0 0 0 0 0 0 0 0 0 0 0 0 0 0 0 0 0 0 0 0 0 0 0 0 0 0 0 0 0 0 0 0 0 0 0 0 0 0 0 0 0 0 0 0 0 0 0 0 0 0 0 0 0 0 0 0 0 0 0 0 0 0 0 0 0 0 0 0 0 0 0 0 0 0 0 0 0 0 0 0 0 0 0 0 0 0 0 0 0 0 0 0 0 0 0 0 0 0 0 0 0 0 0 0 0 0 0 0 0 0 0 0 0 0 0 0 0 0 0 0 0 0 0 0 0 0 0 0 0 0 0 0 0 0 0 0 0 0 0 0 0 0 0 0 0 0 0 0 0 0 0 0 0 0 0 0 0 0 0 0 0 0 0 0 0 0 0 0 0 0 0 0 0 0 0 0 0 0 0 0 0 0 0 0 0 0 0 0 0 0 0 0 0 0 0 0
0 0 0 0 0 0 0 0 0 0 0 0 0 0 0 0 0 0 0 0 0 0 0 0 0 0 0 0 0 0 0 0 0 0 0 0 0 0 0 0 0 0 0 0 0 0 0 0 0 0 0 0 0 0 0 0 0 0 0 0 0 0 0 0 0 0 0 0 0 0 0 0 0 0 0 0 0 0 0 0 0 0 0 0 0 0 0 0 0 0 0 0 0 0 0 0 0 0 0 0 0 0 0 0 0 0 0 0 0 0 0 0 0 0 0 0 0 0 0 0 0 0 0 0 0 0 0 0 0 0 0 0 0 0 0 0 0 0 0 0 0 0 0 0 0 0 0 0 0 0 0 0 0 0 0 0 0 0 0 0 0 0 0 0 0 0 0 0 0 0 0 0 0 0 0 0 0 0 0 0 0 0 0 0 0 0 0 0 0 0 0 0 0 0 0 0 0 0 0 0 0 0 0 0 0 0 0 0 0 0 0 0 0 0 0 0 0 0 0 0 0 0 0 0 0 0 0 0 0 0 0 0 0 0 0 0 0 0 0 0 0 0 0 0 0 0 0 0 0 0 0 0 0 0 0 0 0 0 0 0 0 0 0 0 0 0 0 0 0 0 0 0 0 0 0 0 0 0 0 0 0 0 0 0 0 0 0 0 0 0 0 0 0 0 0 0 0 0 0 0 0 0 0 0 0 0 0 0 0 0 0 0 0 0 0 0 0 0 0 0 0 0 0 0 0 0 0 0 0 0 0 0 0 0 0 0 0 0 0 0 0 0 0 0 0 0 0 0 0 0 0 0 0 0 0 0 0 0 0 0 0 0 0 0 0 0 0 0 0 0 0 0 0 0 0 0 0 0 0 0 0 0 0 0 0 0 0 0 0 0 0 0 0 0 0 0 0 0 0 0 0 0 0 0 0 0 0 0 0 0 0 0 0 0 0 0 0 0 0 0 0 0 0 0 0 0 0 0 0 0 0 0 0 0 0 0 0 0 0 0 0 0 0 0 0 0 0 0 0 0 0 0 0 0 0 0 0 0 0 0 0 0 0 0 0 0 0 0 0 0 0 0 0 0 0 0 0 0 0 0 0 0 0 0 0 0 0 0 0 0 0 0 0 0 0 0 0 0 0 0 0 0 0 0 0 0 0 0 0 0 0 0 0 0 0 0 0 0 0 0 0 0 0 0 0 0 0 0 0 0 0 0 0 0 0 0 0 0 0 0 0 0 0 0 0 0 0 0 0 0 0 0 0 0 0 0 0 0 0 0 0 0 0 0 0 0 0 0 0 0 0 0 0 0 0 0
0 0 0 0 0 0 0 0 0 0 0 0 0 0 0 0 0 0 0 0 0 0 0 0 0 0 0 0 0 0 0 0 0 0 0 0 0 0 0 0 0 0 0 0 0 0 0 0 0 0 0 0 0 0 0 0 0 0 0 0 0 0 0 0 0 0 0 0 0 0 0 0 0 0 0 0 0 0 0 0 0 0 0 0 0 0 0 0 0 0 0 0 0 0 0 0 0 0 0 0 0 0 0 0 0 0 0 0 0 0 0 0 0 0 0 0 0 0 0 0 0 0 0 0 0 0 0 0 0 0 0 0 0 0 0 0 0 0 0 0 0 0 0 0 0 0 0 0 0 0 0 0 0 0 0 0 0 0 0 0 0 0 0 0 0 0 0 0 0 0 0 0 0 0 0 0 0 0 0 0 0 0 0 0 0 0 0 0 0 0 0 0 0 0 0 0 0 0 0 0 0 0 0 0 0 0 0 0 0 0 0 0 0 0 0 0 0 0 0 0 0 0 0 0 0 0 0 0 0 0 0 0 0 0 0 0 0 0 0 0 0 0 0 0 0 0 0 0 0 0 0 0 0 0 0 0 0 0 0 0 0 0 0 0 0 0 0 0 0 0 0 0 0 0 0 0 0 0 0 0 0 0 0 0 0 0 0 0 0 0 0 0 0 0 0 0 0 0 0 0 0 0 0 0 0 0 0 0 0 0 0 0 0 0 0 0 0 0 0 0 0 0 0 0 0 0 0 0 0 0 0 0 0 0 0 0 0 0 0 0 0 0 0 0 0 0 0 0 0 0 0 0 0 0 0 0 0 0 0 0 0 0 0 0 0 0 0 0 0 0 0 0 0 0 0 0 0 0 0 0 0 0 0 0 0 0 0 0 0 0 0 0 0 0 0 0 0 0 0 0 0 0 0 0 0 0 0 0 0 0 0 0 0 0 0 0 0 0 0 0 0 0 0 0 0 0 0 0 0 0 0 0 0 0 0 0 0 0 0 0 0 0 0 0 0 0 0 0 0 0 0 0 0 0 0 0 0 0 0 0 0 0 0 0 0 0 0 0 0 0 0 0 0 0 0 0 0 0 0 0 0 0 0 0 0 0 0 0 0 0 0 0 0 0 0 0 0 0 0 0 0 0 0 0 0 0 0 0 0 0 0 0 0 0 0 0 0 0 0 0 0 0 0 0 0 0 0 0 0 0 0 0 0 0 0 0 0 0 0 0 0 0 0 0 0 0 0 0 0 0 0 0 0 0 0 0 0 0 0 0 0 0 0 0 0 0 0 0 0 0 0 0 0 0 0 0
0 0 0 0 0 0 0 0 0 0 0 0 0 0 0 0 0 0 0 0 0 0 0 0 0 0 0 0 0 0 0 0 11 0 0 2 7 0 42 211 255 253 251 210 3 1 0 3 0 0 4 0 6 8 0 7 2 39 204 255 255 255 213 0 0 7 61 185 246 249 245 255 255 223 186 48 0 16 1 1 0 19 0 1 0 0 29 193 230 255 253 241 255 242 195 126 0 2 0 9 0 9 118 206 247 255 249 255 252 226 162 0 0 6 8 239 249 251 248 255 253 174 177 255 252 255 255 254 233 8 200 255 255 254 251 238 2 4 200 255 255 253 246 233 148 253 253 254 255 255 255 248 251 255 247 250 255 234 204 254 253 253 255 245 255 255 249 252 209 1 223 248 255 255 238 255 255 249 247 250 226 160 8 0 0 3 0 3 2 3 222 255 255 254 255 254 199 10 218 255 253 253 254 211 10 9 222 255 255 253 253 212 2 0 0 5 6 0 0 176 250 251 248 255 252 255 255 254 226 0 7 0 218 252 255 248 255 228 13 0 199 255 248 255 255 228 3 0 2 0 2 5 168 255 255 254 255 254 248 117 147 255 252 255 255 229 156 5 153 244 247 255 254 248 168 238 255 255 252 255 252 255 253 247 248 255 255 243 159 0 5 0 0 180 255 253 255 250 255 255 254 248 255 232 205 68 3 0 0 8 218 255 255 252 251 255 255 255 239 160 201 250 245 255 255 242 255 254 255 255 247 255 254 194 212 249 255 252 255 254 219 108 247 250 255 253 253 246 118 125 246 255 255 253 255 253 253 254 247 250 125 203 255 255 245 251 255 255 255 250 246 242 177 0 20 0 2 3 0 7 223 246 255 253 255 255 255 249 252 254 248 255 255 208 198 250 255 251 255 250 226 106 245 255 254 255 255 242 132 2 0 213 255 250 255 252 255 255 242 255 194 0 1 0 239 248 255 254 249 212 2 2 220 255 250 254 255 217 5 0 5 0 0 2 212 253 253 255 252 254 251 254 254 236 218 142 0 13 6 215 253 255 241 255 255 253 253 253 179 0 6 0 0 2 101 221 240 247 251 255 255 219 207 69 0 0 2 211 254 252 255 249 250 229 0 191 255 247 253 252 255 208 208 251 255 253 251 255 218 9 202 255 247 255 255 224 11 0 198 255 255 249 252 226 0 23 0 0 153 221 248 255 245 254 245 218 144 2 5 7 0 0 3 5 0 0 0 0 0 0 0 0 0 0 0 0 0 0 0 0 0 0 0 0 0 0 0 0 0 0 0 0 0 0 0 0
0 0 0 0 0 0 0 0 0 0 0 0 0 0 0 0 0 0 0 0 0 0 0 0 0 0 0 0 0 0 0 0 0 2 11 0 0 116 218 255 255 253 251 210 2 1 0 2 0 8 7 0 0 0 13 0 108 206 255 239 255 250 198 8 0 133 228 255 254 255 255 245 248 255 253 226 144 0 0 9 1 0 11 4 3 138 243 254 255 255 255 246 255 252 255 244 202 3 8 0 0 166 255 255 255 249 250 255 255 254 255 221 47 0 3 239 255 255 253 247 253 167 169 253 253 254 255 254 231 5 197 255 255 255 254 243 122 10 194 249 249 255 249 228 142 255 253 255 246 248 252 255 246 255 255 255 253 231 182 255 255 251 252 255 255 248 242 255 206 7 234 247 247 255 255 255 251 248 255 242 254 250 171 12 0 3 0 3 2 3 221 255 255 254 255 253 197 8 216 255 254 252 255 241 78 5 218 255 255 254 253 211 1 0 0 4 4 0 9 178 255 247 255 252 253 250 251 253 233 26 4 0 209 254 247 254 255 246 111 14 193 255 249 255 255 226 2 0 2 0 1 3 165 253 255 254 255 253 245 113 142 253 251 255 255 251 190 0 137 250 255 255 253 244 155 246 255 255 244 252 247 251 253 255 255 247 251 255 141 0 5 7 0 163 244 255 255 254 255 240 255 238 255 255 255 215 104 4 3 1 230 238 255 253 252 255 253 255 244 176 206 255 249 249 254 247 255 247 255 244 253 255 255 196 197 248 255 252 255 252 214 102 243 250 255 253 253 244 112 119 243 255 241 250 255 255 252 254 249 243 118 195 251 255 253 249 255 246 239 255 251 255 247 218 0 1 1 0 0 0 226 250 255 242 255 249 251 250 255 255 245 255 253 199 202 255 255 243 255 253 218 99 241 255 254 255 255 242 130 0 0 218 255 255 255 255 253 248 253 253 209 0 10 2 222 248 255 252 255 244 76 12 216 255 252 254 255 214 3 0 4 0 0 1 211 253 254 255 255 255 250 255 255 255 255 239 150 0 2 234 255 255 248 255 251 255 255 251 179 0 12 12 3 203 255 246 255 255 245 255 255 255 247 237 152 9 0 217 254 254 255 249 253 216 20 202 252 255 255 255 244 114 200 255 255 253 251 255 216 7 199 255 255 254 251 248 114 17 205 237 246 255 246 221 5 0 55 197 247 255 252 248 255 250 255 255 237 194 51 0 0 6 5 0 0 0 0 0 0 0 0 0 0 0 0 0 0 0 0 0 0 0 0 0 0 0 0 0 0 0 0 0 0 0 0 0
0 0 0 0 0 0 0 0 0 0 0 0 0 0 0 0 0 0 0 0 0 0 0 0 0 0 0 0 0 0 0 0 7 0 6 143 214 255 239 249 255 254 251 208 1 1 0 2 10 0 1 10 9 0 129 232 235 255 255 245 255 243 204 2 78 216 255 255 242 255 247 254 252 255 255 255 219 44 2 6 9 0 6 0 89 217 255 247 248 244 255 252 252 233 255 251 251 155 0 0 164 255 253 235 246 255 255 253 238 244 247 255 174 17 6 229 252 254 255 251 252 157 157 251 255 252 252 253 229 1 193 253 254 255 255 249 196 0 183 253 249 255 248 216 146 255 254 255 255 255 242 250 255 252 247 250 248 245 191 255 252 255 250 255 255 255 246 243 205 0 206 255 255 255 255 244 255 255 255 252 255 255 255 104 0 3 0 3 1 2 221 255 255 254 255 252 195 4 213 255 253 247 255 255 154 0 208 255 255 254 252 209 0 0 0 3 3 5 13 184 255 245 255 245 255 250 249 255 246 89 5 0 199 255 244 255 253 247 196 2 185 255 251 255 254 223 1 0 2 0 0 0 160 250 254 255 254 252 242 107 136 249 250 255 248 255 230 12 129 252 255 252 249 246 155 245 249 251 254 255 255 255 251 246 254 255 255 239 162 9 0 0 1 161 246 255 252 253 255 250 255 250 255 255 254 255 196 0 0 73 240 255 254 255 253 255 251 255 251 198 184 255 255 248 253 246 255 255 255 245 255 252 250 193 198 255 254 252 255 250 207 93 238 251 255 253 254 241 105 110 239 255 255 255 253 249 250 255 255 235 123 203 248 255 255 252 255 255 255 255 247 244 254 255 121 15 3 1 14 2 218 241 255 246 251 250 255 255 255 254 243 255 255 186 194 252 255 253 255 246 208 91 236 255 254 255 255 241 119 0 7 222 249 255 252 255 255 246 255 242 219 0 2 0 215 255 255 247 255 255 148 0 211 255 253 255 255 209 1 1 3 0 0 0 209 252 254 255 240 253 241 255 249 245 246 254 239 37 65 235 246 251 255 252 254 255 251 252 202 1 0 0 155 245 234 243 250 252 248 255 247 255 245 255 237 80 8 187 253 255 255 250 255 202 71 226 248 255 252 255 224 14 191 255 255 254 251 255 214 4 196 254 255 250 255 255 184 0 200 248 250 254 255 223 0 7 186 255 255 253 250 249 255 254 247 255 255 255 192 0 14 0 4 2 0 0 0 0 0 0 0 0 0 0 0 0 0 0 0 0 0 0 0 0 0 0 0 0 0 0 0 0 0 0 0 0
0 0 0 0 0 0 0 0 0 0 0 0 0 0 0 0 0 0 0 0 0 0 0 0 0 0 0 0 0 0 0 0 0 186 246 255 245 255 255 255 255 254 251 207 0 2 0 1 5 0 0 15 174 248 255 239 255 249 239 251 255 250 201 0 168 244 249 253 255 247 170 174 253 248 255 240 255 170 8 0 0 2 0 0 208 255 246 250 255 255 254 241 255 250 255 245 251 248 0 11 210 239 255 251 251 255 228 254 255 255 251 250 255 98 7 227 246 247 255 255 253 150 149 250 255 251 250 254 229 0 190 251 254 255 255 253 210 12 177 255 255 255 247 214 138 237 252 237 255 246 248 255 243 255 255 250 255 227 207 240 255 255 245 245 255 243 255 255 211 23 216 252 252 245 251 255 238 246 241 255 244 242 248 189 0 3 0 3 1 1 220 255 255 254 255 251 192 1 210 254 255 249 250 248 207 0 203 255 255 254 252 207 0 1 0 2 3 4 3 199 255 247 255 248 255 252 251 255 250 143 1 0 188 255 251 255 252 242 229 8 177 255 252 255 253 220 0 2 2 0 0 0 155 248 254 255 255 253 241 102 131 248 251 255 254 251 251 89 128 248 248 254 251 248 165 236 255 250 253 233 242 255 251 255 255 247 255 243 126 12 0 0 1 158 249 255 254 250 255 254 233 255 255 247 244 250 235 13 0 132 230 249 253 255 253 255 252 255 253 215 197 250 253 246 255 250 248 242 246 254 255 254 254 185 207 241 255 253 255 250 202 85 234 253 255 255 255 240 99 103 236 255 252 246 250 255 252 246 255 246 90 202 251 255 253 254 255 245 234 251 253 255 255 229 226 0 3 0 0 9 207 251 255 255 255 255 250 244 245 255 248 255 255 179 208 242 248 247 255 255 202 87 234 255 255 255 255 239 111 0 36 234 245 255 249 255 255 250 255 243 229 23 0 0 217 255 255 249 253 247 200 0 205 255 255 255 252 204 0 2 2 0 1 0 207 252 254 255 255 255 252 237 255 255 254 255 236 115 123 227 249 255 253 255 255 255 245 255 217 5 0 13 232 248 255 255 244 255 252 249 255 254 250 239 244 178 14 184 252 255 252 253 255 194 132 250 252 251 242 254 196 0 191 253 255 254 252 255 212 0 193 251 255 246 255 249 213 1 180 255 255 253 255 214 1 90 255 230 247 241 255 255 228 255 255 252 240 250 247 110 0 5 0 17 0 0 0 0 0 0 0 0 0 0 0 0 0 0 0 0 0 0 0 0 0 0 0 0 0 0 0 0 0 0 0 0
0 0 0 0 0 0 0 0 0 0 0 0 0 0 0 0 0 0 0 0 0 0 0 0 0 0 0 0 0 0 0 0 12 173 253 255 255 255 255 237 255 255 251 205 0 2 1 0 0 0 7 7 178 251 241 255 245 255 255 242 255 255 178 2 186 255 255 255 255 247 132 122 255 242 255 255 255 219 0 4 0 0 7 0 225 255 255 254 249 247 171 124 239 247 250 255 239 230 69 94 240 255 255 255 251 235 103 202 255 242 250 255 255 155 0 235 255 251 255 251 253 147 146 250 255 252 251 255 231 0 189 251 253 253 255 253 235 94 175 251 255 243 252 221 6 12 2 14 208 251 255 236 255 248 150 3 0 3 179 255 255 248 255 255 208 10 0 0 0 0 220 250 255 255 252 249 179 177 236 255 250 255 250 194 0 3 0 2 0 1 219 255 254 255 255 250 190 0 209 254 255 255 253 243 240 44 207 255 255 255 251 204 0 2 1 0 4 0 0 218 250 253 255 255 241 251 251 255 245 174 0 0 182 255 255 249 255 251 242 79 173 253 253 255 252 218 0 3 1 0 1 0 151 246 254 254 255 254 241 99 129 248 252 255 255 240 254 167 113 246 249 253 252 237 99 7 0 0 185 255 255 255 255 252 172 13 0 4 18 0 8 6 0 141 246 255 255 249 249 234 125 223 255 250 254 255 234 90 7 139 246 240 253 255 249 252 254 253 253 226 5 0 12 95 228 255 255 255 255 231 94 0 0 6 184 255 255 254 255 251 200 81 233 255 255 255 255 240 97 100 235 255 255 255 255 238 122 12 0 0 18 183 255 255 254 252 249 201 147 242 254 254 255 255 208 0 0 14 11 0 12 0 0 86 232 252 255 255 255 232 97 2 0 16 182 255 255 252 251 244 200 86 234 255 255 255 254 238 110 2 85 252 249 255 253 255 247 255 255 254 243 82 7 7 215 255 255 255 255 245 242 52 201 255 255 255 250 202 0 2 0 1 2 0 204 251 255 255 249 240 204 134 233 246 255 254 240 142 120 240 255 255 245 254 252 255 252 255 214 17 2 111 218 255 255 250 239 236 128 174 255 247 255 248 251 208 0 197 253 255 250 255 255 190 180 255 255 255 250 251 145 2 191 255 255 255 253 255 210 0 191 250 255 241 255 250 247 89 165 252 255 255 250 203 9 136 239 255 255 253 255 227 89 223 255 255 253 255 231 180 0 0 11 0 0 0 0 0 0 0 0 0 0 0 0 0 0 0 0 0 0 0 0 0 0 0 0 0 0 0 0 0 0 0 0 0
0 0 0 0 0 0 0 0 0 0 0 0 0 0 0 0 0 0 0 0 0 0 0 0 0 0 0 0 0 0 0 0 0 175 255 243 251 251 254 255 255 255 252 203 0 2 1 0 8 8 10 0 172 255 238 255 255 242 255 255 248 255 179 6 200 255 247 252 248 244 128 132 246 255 243 252 241 210 0 13 10 3 10 0 223 242 249 248 255 254 141 74 238 255 255 255 255 250 103 114 252 255 235 255 255 244 72 194 255 247 255 255 236 188 0 231 255 251 251 252 251 149 148 250 255 253 253 255 231 0 188 252 254 252 255 253 250 170 170 248 255 250 255 216 0 0 1 0 212 241 255 254 245 255 169 4 7 0 196 244 255 244 255 247 210 0 6 14 4 12 232 247 252 249 250 255 154 99 245 255 251 255 255 189 0 3 0 2 0 0 218 254 254 254 255 250 189 0 209 255 249 255 255 246 254 114 205 249 255 255 250 202 0 3 2 0 3 0 26 233 249 255 249 255 220 254 255 253 246 194 0 3 190 254 255 242 255 254 247 163 173 253 253 255 251 218 0 4 0 1 3 0 150 245 254 254 255 255 241 98 127 248 254 255 255 248 253 210 104 248 255 249 254 241 111 0 8 0 185 233 248 246 255 255 184 5 0 7 0 0 7 2 1 142 251 253 255 250 255 232 56 196 255 255 255 245 243 123 0 162 250 255 253 254 238 244 254 254 253 234 87 0 0 94 237 253 254 251 245 241 98 2 5 0 194 243 255 253 255 252 201 80 232 255 255 255 255 240 96 100 235 255 243 246 255 251 124 0 0 7 0 186 255 254 251 254 251 191 72 236 254 238 251 255 210 12 0 0 0 0 4 5 0 107 239 255 249 250 247 244 104 0 0 10 197 249 244 248 255 255 200 85 234 255 255 255 254 237 104 8 129 255 251 254 254 246 235 255 248 255 249 128 6 2 215 249 254 255 255 244 255 121 199 254 255 255 250 201 0 2 0 2 3 0 202 250 255 255 255 244 193 84 229 255 255 251 246 135 138 255 254 247 255 233 244 250 251 255 230 70 9 148 255 255 240 242 255 233 62 159 237 254 255 255 253 210 0 187 255 255 250 255 255 195 212 252 249 255 255 232 70 10 182 255 254 255 254 255 210 0 190 251 255 246 255 250 252 171 163 251 255 243 255 217 0 164 242 255 255 254 255 211 0 201 250 249 254 255 253 174 17 0 2 0 0 0 0 0 0 0 0 0 0 0 0 0 0 0 0 0 0 0 0 0 0 0 0 0 0 0 0 0 0 0 0 0
0 0 0 0 0 0 0 0 0 0 0 0 0 0 0 0 0 0 0 0 0 0 0 0 0 0 0 0 0 0 0 0 0 23 0 8 122 233 244 255 254 255 252 201 0 2 2 0 0 0 8 0 11 0 5 126 243 228 243 255 251 254 188 4 220 252 247 255 255 239 102 102 234 255 253 255 255 227 12 0 2 3 2 0 253 252 240 255 255 252 151 86 246 255 247 241 253 230 94 143 243 244 255 246 235 238 80 200 254 255 255 238 251 195 3 220 255 250 252 255 248 151 152 249 255 254 255 255 229 0 187 253 255 253 255 254 249 203 173 255 255 255 252 212 6 0 4 0 227 252 255 242 255 253 161 0 5 2 207 253 255 255 255 245 213 5 10 0 4 0 205 255 255 251 249 254 166 101 247 255 247 239 255 201 0 3 0 2 0 0 218 254 253 254 255 250 188 0 211 255 248 255 255 251 253 182 197 248 255 255 250 200 0 4 2 0 0 4 82 239 254 251 249 255 199 255 255 254 255 208 0 4 198 250 255 247 252 250 252 210 175 254 252 255 251 219 0 4 0 2 5 0 149 246 254 253 254 255 241 96 126 248 253 255 253 255 250 233 133 248 255 252 253 245 113 0 2 0 196 255 255 255 253 242 177 13 4 0 13 10 0 0 9 147 255 253 251 250 255 240 69 205 251 254 255 236 254 100 0 185 239 255 254 249 225 232 251 255 255 242 128 1 2 106 239 247 255 255 255 244 105 0 0 0 197 255 255 251 255 251 202 80 231 255 255 255 255 239 97 101 235 255 255 255 250 242 122 4 5 0 3 199 255 250 251 255 255 204 64 229 255 255 255 246 227 0 0 2 2 7 0 0 0 114 233 255 255 255 245 239 103 6 3 0 192 246 253 255 255 253 197 83 231 255 254 255 255 239 98 7 158 252 253 251 254 229 220 255 249 255 253 151 3 0 220 246 255 255 251 248 255 178 199 253 254 255 251 203 0 1 0 2 4 0 200 250 255 255 255 255 197 80 228 255 251 241 242 128 185 253 239 245 255 215 234 244 248 255 246 133 0 126 231 255 255 255 252 237 85 147 246 255 247 252 251 228 16 185 255 255 250 255 251 212 238 250 247 255 250 201 7 5 181 255 253 255 254 255 210 0 191 252 252 255 255 251 243 208 172 255 255 237 255 225 0 179 255 239 248 255 255 232 0 221 248 255 238 253 255 196 0 29 0 13 0 0 0 0 0 0 0 0 0 0 0 0 0 0 0 0 0 0 0 0 0 0 0 0 0 0 0 0 0 0 0 0
0 0 0 0 0 0 0 0 0 0 0 0 0 0 0 0 0 0 0 0 0 0 0 0 0 0 0 0 0 0 0 0 4 0 0 1 9 172 244 255 254 255 252 201 0 2 2 0 7 7 5 0 0 10 1 3 160 255 255 244 255 255 176 8 212 255 252 255 241 251 123 113 255 245 255 253 255 214 0 1 1 0 4 0 236 255 254 249 255 244 155 91 232 246 255 255 251 248 113 134 243 246 255 255 255 229 73 202 249 255 242 255 255 176 15 217 255 254 253 252 245 153 155 247 253 254 255 255 227 0 185 254 255 254 255 255 255 221 183 255 239 255 248 224 1 0 5 1 213 246 255 255 255 245 173 7 0 1 186 254 255 254 247 255 209 0 3 6 3 0 218 255 244 251 255 248 167 158 243 252 254 255 243 194 0 3 0 2 0 0 217 253 253 254 255 250 188 0 212 255 255 254 255 255 250 225 196 255 255 255 250 199 0 5 3 0 0 11 129 240 255 247 252 247 180 249 255 250 255 211 1 0 196 244 255 255 252 252 255 230 178 255 252 255 251 219 0 4 0 3 6 0 150 246 254 253 252 254 240 95 125 248 252 253 249 255 248 251 177 246 247 255 252 241 101 9 5 0 190 255 255 250 253 255 190 0 0 4 0 6 0 0 12 134 245 253 255 250 253 229 98 222 251 254 247 255 225 78 3 191 255 242 255 246 215 222 249 255 255 248 153 0 0 106 245 252 255 242 255 231 113 0 5 2 184 255 255 249 255 250 202 80 230 255 254 254 255 238 97 101 234 255 248 252 255 247 121 4 7 0 1 195 253 252 255 253 252 195 139 248 243 255 248 255 196 10 0 0 3 0 2 6 5 107 238 255 244 255 255 247 101 3 3 0 197 254 255 253 250 255 194 80 228 253 253 255 255 240 98 8 176 250 255 254 255 221 202 252 252 251 255 169 15 0 221 245 255 255 251 255 255 219 199 253 253 255 252 204 0 1 0 3 5 0 199 250 255 255 251 255 191 82 221 255 252 255 253 117 199 242 255 252 250 211 221 248 255 255 235 159 2 134 249 255 241 255 255 233 95 158 255 250 249 255 245 216 0 190 253 254 251 255 250 230 255 255 255 255 236 179 0 5 193 255 253 255 255 255 210 0 192 253 246 255 247 255 255 235 181 251 255 253 250 205 0 164 241 255 255 254 248 218 3 219 235 255 255 250 249 191 10 0 19 0 0 0 0 0 0 0 0 0 0 0 0 0 0 0 0 0 0 0 0 0 0 0 0 0 0 0 0 0 0 0 0 0
0 0 0 0 0 0 0 0 0 0 0 0 0 0 0 0 0 0 0 0 0 0 0 0 0 0 0 0 0 0 0 0 1 0 0 1 0 179 247 255 255 252 251 198 0 0 11 0 0 6 5 0 3 0 3 7 172 249 255 253 255 255 185 1 212 253 255 251 255 246 114 115 245 255 253 255 253 216 3 0 0 0 2 0 232 255 251 255 255 252 164 88 240 255 249 255 255 246 113 138 251 249 249 255 255 232 81 202 252 255 252 255 255 186 0 231 253 254 255 255 249 149 148 248 255 255 254 255 221 10 186 248 255 248 252 253 255 244 214 250 255 246 255 220 3 0 0 2 213 255 255 255 255 249 173 3 0 0 195 253 255 250 255 255 208 0 0 9 0 0 223 255 253 255 250 255 245 255 254 247 255 250 237 160 0 2 0 2 0 0 219 255 255 254 255 250 190 0 211 255 255 245 255 251 254 250 213 254 255 253 255 197 0 0 4 0 10 0 157 248 245 252 255 246 171 246 249 255 250 221 76 1 187 254 251 250 255 249 255 252 215 241 253 255 251 212 4 2 0 0 0 2 143 251 255 253 255 254 239 96 127 250 254 255 255 255 242 253 230 235 252 255 255 236 115 2 0 2 193 254 255 255 255 252 197 1 0 0 0 3 0 2 0 149 247 254 254 252 255 255 250 246 255 249 242 255 214 0 0 219 255 250 255 255 187 219 249 251 255 250 178 0 8 99 243 251 255 249 255 240 110 3 0 0 198 253 249 255 249 245 196 79 224 255 255 255 255 239 96 101 235 255 246 255 255 239 122 3 0 6 0 192 250 252 255 250 255 255 254 243 255 251 248 255 168 13 0 3 0 0 3 0 1 118 241 252 254 255 253 240 112 0 1 0 197 254 255 255 254 255 193 75 236 255 253 255 250 235 102 0 193 254 254 254 251 221 193 255 254 255 241 219 0 0 212 253 255 253 255 254 248 251 225 249 255 255 255 196 4 0 1 1 0 2 193 255 255 254 245 254 199 117 248 255 238 255 242 134 209 252 252 244 255 200 218 255 255 255 249 181 8 132 246 251 255 243 255 224 106 161 246 255 255 248 251 213 4 176 251 255 242 255 252 253 252 255 255 253 239 93 8 2 187 252 255 255 255 252 211 2 184 255 255 246 255 255 246 253 212 251 255 252 255 213 0 164 253 255 254 254 253 226 0 0 0 11 3 0 13 9 2 0 0 3 0 0 0 0 0 0 0 0 0 0 0 0 0 0 0 0 0 0 0 0 0 0 0 0 0 0 0 0 0 0 0 0
0 0 0 0 0 0 0 0 0 0 0 0 0 0 0 0 0 0 0 0 0 0 0 0 0 0 0 0 0 0 0 0 1 0 0 1 0 179 247 255 255 251 251 190 2 4 7 3 11 4 0 0 12 14 0 0 173 249 255 253 255 255 185 1 212 253 255 251 255 246 114 115 245 255 253 255 253 216 3 0 0 0 2 0 232 255 251 255 254 252 158 0 17 0 0 0 0 7 0 125 255 255 255 248 255 232 81 202 252 255 252 255 255 186 0 231 253 254 255 255 249 149 148 248 255 255 254 255 223 7 184 249 255 249 255 255 255 254 237 253 255 252 253 217 3 0 0 2 213 255 255 255 255 249 173 3 0 0 195 253 245 255 251 232 255 255 255 239 160 17 200 253 255 255 251 255 255 236 254 255 249 255 202 0 0 2 0 2 0 0 219 255 255 254 255 250 190 0 211 255 255 248 255 251 254 255 237 255 255 253 255 197 0 0 4 0 0 0 175 251 255 255 244 232 122 243 252 255 253 238 105 0 188 253 253 251 255 248 255 248 237 253 254 255 253 216 3 0 0 0 0 2 143 251 255 253 255 254 239 96 127 250 254 255 255 255 252 255 246 249 254 250 255 236 115 2 0 2 193 254 255 255 255 252 197 1 0 0 0 3 0 2 0 149 247 254 255 250 251 240 255 246 255 254 255 213 112 6 0 220 255 254 241 251 170 210 255 248 252 254 200 0 8 108 246 249 254 251 255 240 110 3 0 0 198 253 242 255 252 255 255 241 255 240 255 255 255 239 96 101 235 255 255 255 253 255 251 252 255 209 3 195 253 250 255 241 254 250 255 251 255 249 255 200 39 0 0 3 0 0 3 0 1 118 241 252 254 255 253 240 112 0 1 0 197 254 255 255 254 255 255 242 255 232 249 255 247 249 94 7 213 255 255 255 250 195 179 253 246 255 251 220 7 1 211 253 255 250 255 255 252 250 237 255 255 255 253 196 4 0 1 1 0 2 193 255 255 254 255 255 255 248 253 250 255 253 236 128 225 250 255 255 250 149 205 241 250 250 248 193 0 135 250 255 255 249 255 238 79 0 0 1 0 0 3 24 0 208 251 255 244 255 251 253 253 253 251 244 243 43 0 0 198 249 255 255 255 252 211 2 184 255 254 251 255 255 249 255 233 255 255 252 255 213 0 164 253 255 255 244 255 238 3 10 3 0 7 0 0 0 0 7 6 0 0 0 0 0 0 0 0 0 0 0 0 0 0 0 0 0 0 0 0 0 0 0 0 0 0 0 0 0 0 0 0 0
0 0 0 0 0 0 0 0 0 0 0 0 0 0 0 0 0 0 0 0 0 0 0 0 0 0 0 0 0 0 0 0 1 0 0 1 0 179 247 255 251 255 255 182 3 11 0 2 0 0 8 0 0 0 0 4 174 250 255 253 255 255 185 1 212 253 255 251 255 246 114 115 245 255 253 255 253 216 3 0 0 0 2 0 232 255 251 255 255 251 168 0 0 0 18 0 7 5 2 143 246 239 255 252 255 232 81 202 252 255 252 255 255 186 0 231 253 254 255 255 249 149 148 248 255 255 254 255 227 3 181 252 255 250 255 255 255 255 255 252 251 255 251 217 3 0 0 2 213 255 255 255 255 249 173 3 0 0 195 253 250 252 255 255 252 255 234 255 136 0 218 255 239 250 255 255 247 255 251 251 255 154 45 0 0 2 0 2 0 0 219 255 255 254 255 250 190 0 211 255 253 253 255 251 255 255 255 255 255 253 255 197 0 0 4 0 3 5 197 244 255 255 245 232 118 255 251 250 255 250 136 0 190 251 255 254 251 248 255 246 255 255 252 255 254 219 3 0 0 0 0 2 143 251 255 253 255 254 239 96 127 250 254 255 255 248 255 255 254 255 255 250 255 236 115 2 0 2 193 254 255 255 255 252 197 1 0 0 0 3 0 2 0 149 247 254 253 249 255 247 255 255 252 250 224 111 0 10 94 246 249 248 255 255 140 184 255 255 255 255 211 0 0 108 244 250 250 255 255 240 110 3 0 0 198 253 255 255 255 251 238 255 246 255 255 255 255 239 96 101 235 255 245 255 247 255 247 247 255 223 0 193 255 253 255 246 255 255 243 255 255 229 194 95 0 20 0 3 0 0 3 0 1 118 241 252 254 255 253 240 112 0 1 0 197 254 255 255 254 255 242 255 246 255 255 255 253 233 90 22 220 246 250 249 255 177 153 252 244 255 255 218 26 0 210 253 253 246 255 254 255 250 250 255 255 253 253 196 5 0 1 1 0 2 193 255 255 254 255 243 238 255 252 255 255 245 239 130 247 255 248 246 246 178 202 254 255 255 255 217 0 139 231 254 255 255 248 244 115 2 0 10 9 12 0 0 0 193 251 255 246 255 251 254 255 250 247 255 239 103 0 24 183 253 255 255 255 252 211 2 184 255 248 255 253 255 253 255 251 255 255 252 255 213 0 164 253 255 253 255 236 222 194 250 250 255 252 255 255 188 25 0 0 8 0 0 0 0 0 0 0 0 0 0 0 0 0 0 0 0 0 0 0 0 0 0 0 0 0 0 0 0 0 0 0 0
0 0 0 0 0 0 0 0 0 0 0 0 0 0 0 0 0 0 0 0 0 0 0 0 0 0 0 0 0 0 0 0 1 0 0 1 0 179 247 255 254 247 244 195 131 248 249 255 255 250 255 255 202 15 0 9 175 250 255 252 255 255 185 1 212 253 255 251 255 246 114 115 245 255 253 255 253 216 3 0 0 0 2 0 232 255 251 255 238 239 166 5 5 0 10 0 3 5 0 135 250 248 255 254 255 232 81 202 252 255 252 255 255 186 0 231 253 254 255 255 249 149 148 248 255 255 254 255 231 1 181 254 255 250 255 253 254 252 255 250 247 255 247 222 3 0 0 2 213 255 255 255 255 249 173 3 0 0 195 253 255 255 255 238 244 255 250 252 154 7 217 253 237 255 255 249 255 241 255 239 243 255 222 30 0 2 0 2 0 0 219 255 255 254 255 250 190 0 211 255 255 254 252 249 255 249 255 250 255 253 255 197 0 0 4 0 6 3 213 245 255 255 252 217 67 234 243 255 255 249 162 7 189 249 255 255 250 246 255 248 255 255 248 253 253 218 3 0 0 0 0 2 143 251 255 253 255 254 239 96 127 250 254 255 255 245 255 251 250 255 254 254 255 236 115 2 0 2 193 254 255 255 255 252 197 1 0 0 0 3 0 2 0 149 247 254 253 250 255 252 230 251 255 249 253 246 161 1 128 241 255 252 236 254 132 180 255 242 239 254 224 23 0 106 238 255 251 255 255 240 110 3 0 0 198 253 255 238 252 254 255 255 246 255 255 255 255 239 96 101 235 255 255 255 242 255 255 252 255 213 0 190 255 255 255 252 255 242 255 252 250 252 252 223 117 0 0 3 0 0 3 0 1 118 241 252 254 255 253 240 112 0 1 0 197 254 255 255 254 255 255 255 244 255 254 242 255 235 107 65 243 248 255 255 255 162 150 255 244 250 253 234 100 23 211 255 254 245 255 247 255 251 255 255 253 252 254 197 5 0 1 1 0 2 193 255 255 254 248 255 255 255 250 246 255 255 195 132 231 250 255 255 248 133 162 252 250 248 251 217 10 122 255 246 247 255 255 233 76 0 4 3 0 6 5 16 0 188 250 255 250 254 253 254 255 251 255 245 255 165 14 10 186 255 255 255 255 252 211 2 184 255 248 255 249 253 255 252 254 255 255 252 255 213 0 164 253 255 248 255 255 221 214 240 255 253 249 255 255 188 0 0 0 0 0 0 0 0 0 0 0 0 0 0 0 0 0 0 0 0 0 0 0 0 0 0 0 0 0 0 0 0 0 0 0 0
0 0 0 0 0 0 0 0 0 0 0 0 0 0 0 0 0 0 0 0 0 0 0 0 0 0 0 0 0 0 0 0 1 0 0 1 0 179 247 255 255 255 251 186 130 255 254 254 253 244 248 255 228 0 4 0 176 251 255 252 255 255 184 1 212 253 255 251 255 246 114 115 245 255 253 255 253 216 3 0 0 0 2 0 232 255 251 255 255 252 169 92 232 255 255 240 255 228 106 142 245 244 253 255 255 232 81 202 252 255 252 255 255 186 0 231 253 254 255 255 249 149 148 248 255 255 254 255 232 1 184 255 255 250 255 238 255 248 255 251 251 255 245 225 3 0 0 2 213 255 255 255 255 249 173 3 0 0 195 253 241 255 251 239 255 247 255 239 142 15 206 249 255 255 242 255 165 173 251 244 255 255 232 180 0 2 0 2 0 0 219 255 255 254 255 250 190 0 211 255 255 253 248 240 255 244 255 250 255 253 255 197 0 0 4 0 0 0 223 255 252 255 253 186 72 234 245 252 255 255 193 1 187 250 255 255 252 238 255 253 250 255 249 255 253 214 1 0 0 0 0 2 143 251 255 253 255 254 239 96 127 250 254 255 255 243 249 254 249 251 252 255 255 236 115 2 0 2 193 254 255 255 255 252 197 1 0 0 0 3 0 2 0 149 247 254 255 250 251 235 124 222 255 255 253 255 216 0 143 255 255 250 255 244 104 151 255 255 255 255 247 84 10 108 235 255 253 249 255 240 110 3 0 0 198 253 250 250 255 248 255 231 255 249 255 255 255 239 96 101 235 255 251 255 251 255 250 244 255 217 6 190 254 253 254 248 251 207 149 227 254 255 250 251 203 0 0 3 0 0 3 0 1 118 241 252 254 255 253 240 112 0 1 0 197 254 255 255 254 255 253 230 255 241 255 252 255 240 103 99 255 255 255 250 244 132 135 255 255 255 255 240 127 0 213 255 255 247 255 231 255 253 254 255 250 253 255 198 4 0 1 1 0 2 193 255 255 254 255 245 255 244 255 252 243 157 0 126 255 255 244 255 255 107 147 255 252 255 255 243 84 138 254 247 255 255 240 226 106 180 249 255 242 255 243 205 20 181 250 255 252 253 255 250 255 254 255 238 255 203 0 0 186 255 255 255 255 252 211 2 184 255 253 255 246 247 255 246 252 254 255 252 255 213 0 164 253 255 239 255 241 205 200 255 255 255 255 254 242 186 3 16 11 0 0 0 0 0 0 0 0 0 0 0 0 0 0 0 0 0 0 0 0 0 0 0 0 0 0 0 0 0 0 0 0 0
0 0 0 0 0 0 0 0 0 0 0 0 0 0 0 0 0 0 0 0 0 0 0 0 0 0 0 0 0 0 0 0 1 0 0 1 0 179 247 255 237 255 255 199 130 244 249 246 250 255 255 250 214 0 20 1 177 252 255 251 255 255 184 1 212 253 255 251 255 246 114 115 245 255 253 255 253 216 3 0 0 0 2 0 232 255 251 255 243 247 163 89 239 251 242 255 255 250 105 123 251 255 248 251 255 232 81 202 252 255 252 255 255 186 0 231 253 254 255 255 249 149 148 248 255 255 254 255 228 0 187 255 255 252 254 220 251 250 253 255 255 255 247 222 3 0 0 2 213 255 255 255 255 249 173 3 0 0 195 253 255 255 255 255 207 0 0 2 7 0 220 255 255 254 242 255 161 133 245 252 255 249 244 204 0 2 0 2 0 0 219 255 255 254 255 250 190 0 211 255 255 254 247 217 255 249 255 255 255 253 255 197 0 0 4 0 0 41 231 255 247 253 255 201 2 191 255 255 245 248 200 0 184 253 255 255 254 223 237 255 253 255 255 255 255 212 0 0 0 0 0 2 143 251 255 253 255 254 239 96 127 250 254 255 253 240 223 255 255 253 253 253 255 236 115 2 0 2 193 254 255 255 255 252 197 1 0 0 0 3 0 2 0 149 247 254 254 248 253 234 64 206 255 253 254 236 255 97 175 231 237 255 255 229 114 147 228 255 251 245 248 134 8 102 235 255 255 248 255 240 110 3 0 0 198 253 255 255 255 241 197 95 226 255 255 255 255 239 96 101 235 255 248 255 255 231 116 7 4 5 6 187 254 255 255 254 252 194 98 241 242 250 249 252 227 9 0 3 0 0 3 0 1 118 241 252 254 255 253 240 112 0 1 0 197 254 255 255 254 255 193 99 237 254 255 250 255 231 94 124 247 246 252 245 245 163 112 219 246 255 255 255 172 0 213 255 255 251 255 207 248 254 252 255 249 254 255 196 2 0 1 1 0 2 193 255 255 254 255 253 201 18 2 0 12 3 6 187 254 255 252 255 234 101 158 255 241 249 254 238 125 121 242 236 249 250 255 251 74 147 248 255 247 255 253 230 0 183 252 255 254 253 255 238 255 255 248 253 246 239 0 4 188 254 255 255 255 252 211 2 184 255 255 254 249 229 245 248 254 255 255 252 255 213 0 164 253 255 255 250 255 239 2 155 255 246 250 255 255 192 0 0 0 0 0 0 0 0 0 0 0 0 0 0 0 0 0 0 0 0 0 0 0 0 0 0 0 0 0 0 0 0 0 0 0 0
0 0 0 0 0 0 0 0 0 0 0 0 0 0 0 0 0 0 0 0 0 0 0 0 0 0 0 0 0 0 0 0 1 0 0 1 0 179 247 255 255 255 229 199 137 242 255 255 255 245 252 255 211 2 0 7 178 252 255 251 254 255 184 1 212 253 255 251 255 246 114 115 245 255 253 255 253 216 3 0 0 0 2 0 232 255 251 255 255 248 148 79 243 255 243 253 246 240 102 125 252 255 250 251 255 232 81 202 252 255 252 255 255 186 0 231 253 254 255 255 249 149 148 248 255 255 254 255 219 0 190 255 252 255 254 204 225 252 253 255 255 252 255 213 3 0 0 2 213 255 255 255 255 249 173 3 0 0 195 253 254 250 252 249 207 0 6 0 0 9 218 242 250 255 255 246 173 96 238 255 243 250 255 201 0 2 0 2 0 0 219 255 255 254 255 250 190 0 211 255 250 255 251 181 239 255 252 255 255 253 255 197 0 0 4 0 8 112 242 246 250 250 255 244 251 255 243 237 242 255 228 7 183 255 253 254 255 205 211 255 255 255 253 255 255 212 0 0 0 0 0 2 143 251 255 253 255 254 239 96 127 250 254 255 254 236 182 255 253 254 255 253 255 236 115 2 0 2 193 254 255 255 255 252 197 1 0 0 0 3 0 2 0 149 247 254 249 249 255 241 72 207 250 250 255 248 242 93 183 255 255 243 242 255 247 255 255 255 254 255 243 168 0 98 240 251 255 254 255 240 110 3 0 0 198 253 255 238 246 255 205 70 222 255 255 255 255 239 96 101 235 255 255 249 251 255 142 2 0 1 2 184 255 255 255 255 255 199 70 238 250 254 255 252 210 0 0 3 0 0 3 0 1 118 241 252 254 255 253 240 112 0 1 0 197 254 255 255 254 255 212 47 226 255 246 236 255 239 103 163 253 253 253 255 255 239 247 255 255 250 237 247 182 0 213 255 255 253 254 181 234 253 254 255 250 255 255 193 1 0 1 1 0 2 193 255 255 254 255 255 204 0 9 6 0 1 0 200 246 255 251 255 255 255 229 255 255 255 255 254 161 125 250 255 255 255 247 236 87 169 249 255 249 254 248 221 0 195 255 253 255 253 253 222 245 253 246 251 255 232 110 0 205 245 255 255 255 252 211 2 184 255 254 254 255 201 221 253 255 255 255 252 255 213 0 164 253 255 251 246 235 225 0 172 255 255 252 252 243 176 6 3 2 0 0 0 0 0 0 0 0 0 0 0 0 0 0 0 0 0 0 0 0 0 0 0 0 0 0 0 0 0 0 0 0 0
0 0 0 0 0 0 0 0 0 0 0 0 0 0 0 0 0 0 0 0 0 0 0 0 0 0 0 0 0 0 0 0 1 0 0 1 0 179 247 255 240 255 254 191 12 0 0 0 0 5 11 0 3 3 8 0 178 253 255 251 254 255 184 1 212 253 255 251 255 246 114 115 245 255 253 255 253 216 3 0 0 0 2 0 232 255 251 255 255 242 158 86 230 254 250 255 255 237 107 132 244 251 255 255 255 232 81 202 252 255 252 255 255 186 0 231 253 254 255 255 249 149 148 248 255 255 254 255 212 0 191 255 250 255 255 196 197 251 253 255 251 250 255 207 3 0 0 2 213 255 255 255 255 249 173 3 0 0 195 253 254 251 255 255 204 2 0 4 4 0 209 255 255 237 255 250 177 106 249 255 255 255 255 194 0 2 0 2 0 0 219 255 255 254 255 250 190 0 211 255 246 255 255 153 221 255 247 255 255 253 255 197 0 0 4 0 0 157 252 248 255 249 244 255 255 243 248 255 253 253 233 71 183 255 252 252 255 192 193 254 255 255 246 255 254 214 1 2 0 0 0 2 143 251 255 253 255 254 239 96 127 250 254 255 255 233 148 250 244 252 255 255 255 236 115 2 0 2 193 254 255 255 255 252 197 1 0 0 0 3 0 2 0 149 247 254 255 253 255 227 84 205 246 255 252 255 233 92 215 243 251 255 255 249 248 255 241 255 255 247 253 197 0 104 248 243 255 255 255 240 110 3 0 0 198 253 255 255 255 255 188 81 237 247 255 255 255 239 96 101 235 255 255 255 255 234 120 8 2 1 5 188 255 255 247 250 255 193 86 229 255 254 247 255 220 0 0 3 0 0 3 0 1 118 241 252 254 255 253 240 112 0 1 0 197 254 255 255 254 255 195 88 237 249 254 255 254 241 94 179 255 255 252 247 255 254 255 242 252 255 252 255 198 6 211 253 255 255 250 164 224 251 255 255 252 255 254 190 1 2 1 1 0 2 193 255 255 254 254 239 222 15 0 7 8 0 0 218 250 250 253 255 233 255 255 247 255 249 255 255 172 129 251 253 239 255 251 228 90 142 255 255 255 255 252 208 8 183 255 252 255 253 251 211 236 249 255 255 245 244 161 4 186 255 255 255 255 252 211 2 184 255 253 255 255 177 198 255 255 248 255 252 255 213 0 164 253 255 255 255 255 215 14 157 253 248 252 255 249 173 7 0 0 4 0 0 0 0 0 0 0 0 0 0 0 0 0 0 0 0 0 0 0 0 0 0 0 0 0 0 0 0 0 0 0 0
0 0 0 0 0 0 0 0 0 0 0 0 0 0 0 0 0 0 0 0 0 0 0 0 0 0 0 0 0 0 0 0 0 17 0 0 10 171 255 249 248 255 249 197 0 8 0 0 0 0 0 0 0 0 0 0 183 254 252 248 255 255 180 5 219 240 252 255 255 243 107 107 234 255 251 244 255 214 8 0 10 0 0 17 206 252 255 251 252 240 158 78 241 240 255 255 243 249 61 98 248 251 255 255 234 246 83 200 252 250 255 241 255 162 4 223 255 255 247 255 253 140 142 242 255 240 248 255 213 4 187 240 255 244 255 192 148 247 255 248 252 251 252 215 0 3 2 0 220 255 251 255 255 245 180 0 0 5 191 253 255 250 255 255 203 0 4 2 0 5 211 255 248 252 255 248 172 123 236 255 253 255 254 198 0 13 0 3 6 0 220 255 254 255 254 251 193 10 203 254 248 251 255 166 169 252 255 251 251 255 252 204 0 5 2 0 5 160 255 249 247 255 255 254 255 250 250 255 244 255 241 116 184 253 251 252 253 206 135 255 253 255 255 246 255 214 2 3 0 0 0 8 137 255 248 255 248 255 237 103 125 241 255 250 255 228 105 235 254 245 255 254 252 234 117 0 1 3 207 250 255 249 255 252 201 4 0 3 4 3 9 0 16 142 251 254 253 255 252 234 76 199 251 255 250 255 233 95 217 255 255 253 242 255 248 243 255 255 240 255 255 197 7 113 232 250 253 253 254 235 117 0 0 0 204 246 255 255 244 255 207 86 229 255 252 252 255 241 99 105 239 255 255 252 251 252 133 1 0 0 0 204 254 248 255 255 255 198 77 255 242 248 255 250 220 0 2 0 0 5 3 0 6 120 242 255 254 255 250 239 122 0 0 4 198 255 253 250 255 252 195 89 231 255 247 255 247 241 85 209 255 253 255 255 251 255 253 246 255 250 255 254 221 0 213 250 255 255 246 170 170 254 255 255 248 255 255 195 2 2 0 2 5 0 204 252 255 251 255 255 216 3 4 0 11 7 2 226 255 255 247 255 249 253 248 254 255 249 255 255 195 100 242 250 255 246 249 232 79 152 255 250 255 255 255 187 15 181 246 255 250 252 255 192 226 241 255 250 253 253 207 0 198 255 255 255 255 251 214 0 187 255 255 255 248 208 142 249 255 246 251 255 253 216 14 158 255 254 245 255 249 227 0 176 253 255 250 255 245 182 3 0 0 4 0 0 0 0 0 0 0 0 0 0 0 0 0 0 0 0 0 0 0 0 0 0 0 0 0 0 0 0 0 0 0 0
0 0 0 0 0 0 0 0 0 0 0 0 0 0 0 0 0 0 0 0 0 0 0 0 0 0 0 0 0 0 0 0 0 5 0 0 0 169 255 253 251 253 248 191 4 6 3 0 0 0 0 0 0 0 0 0 172 246 251 255 255 251 188 11 177 255 255 237 242 252 145 145 255 247 255 250 255 199 0 13 0 6 5 0 239 255 246 255 255 244 162 127 252 255 255 247 255 215 0 129 226 255 255 244 255 221 95 204 255 255 255 255 252 159 0 231 237 240 255 255 244 169 178 249 255 255 255 249 208 3 191 246 255 248 255 201 72 239 246 255 255 255 255 217 0 5 4 9 207 253 248 255 255 243 169 5 5 10 198 255 251 250 255 248 195 28 11 0 0 11 201 245 255 244 255 251 168 111 237 252 251 255 255 201 6 0 0 0 4 4 221 255 250 248 249 243 174 8 206 255 252 255 255 170 118 238 255 255 254 248 250 196 0 4 9 0 13 180 255 255 254 250 255 254 255 255 249 255 255 252 241 146 191 255 253 255 248 198 88 245 251 255 255 247 255 219 0 0 0 6 5 6 141 250 246 255 246 251 235 106 130 241 255 246 237 246 101 192 254 255 249 255 250 244 124 11 1 0 198 255 253 251 245 246 187 4 0 3 4 0 0 0 6 138 248 254 252 255 249 243 82 203 251 254 251 255 237 115 228 255 255 255 255 255 252 254 255 244 255 243 255 205 10 89 233 255 255 254 253 246 126 11 1 0 197 253 250 255 255 255 195 69 229 255 255 254 251 242 101 101 235 242 246 255 255 237 111 0 11 14 14 181 253 255 255 242 245 189 78 234 245 255 255 255 217 8 0 1 2 0 0 0 0 108 235 253 255 255 254 237 123 2 0 0 200 254 255 251 255 252 207 84 238 255 246 255 247 235 108 201 240 250 255 248 252 250 255 255 245 243 255 244 230 64 206 255 255 255 253 175 120 245 255 255 251 255 255 199 0 0 0 9 4 0 196 250 248 254 250 251 211 6 2 6 0 0 76 232 244 255 253 250 255 255 255 255 242 252 255 253 205 88 235 251 239 255 255 232 121 185 248 242 255 244 249 187 0 193 255 249 255 237 255 201 162 255 255 251 250 250 211 13 184 245 243 249 254 247 204 3 185 255 244 255 253 191 86 241 239 255 252 255 244 199 0 144 227 255 252 248 243 228 81 202 255 247 252 251 244 174 7 1 3 0 0 0 0 0 0 0 0 0 0 0 0 0 0 0 0 0 0 0 0 0 0 0 0 0 0 0 0 0 0 0 0 0
0 0 0 0 0 0 0 0 0 0 0 0 0 0 0 0 0 0 0 0 0 0 0 0 0 0 0 0 0 0 0 0 1 0 7 17 4 185 253 253 254 255 255 200 0 0 0 1 0 0 0 0 0 0 0 0 187 255 247 243 243 254 201 0 152 254 250 252 255 248 155 162 246 244 255 246 249 185 14 0 6 1 11 5 169 238 255 255 237 255 249 250 255 248 248 255 242 199 13 0 244 239 255 255 253 255 249 255 246 250 250 254 232 134 4 174 255 255 248 251 255 241 250 255 242 248 255 244 176 0 197 247 252 248 252 212 5 220 231 248 245 253 250 217 6 0 0 5 212 255 255 252 252 255 181 9 0 0 192 255 255 255 255 255 255 230 254 255 248 0 230 255 238 255 252 255 183 113 253 254 253 255 253 199 0 0 21 5 3 0 216 255 255 254 255 255 189 16 208 248 255 255 247 181 56 219 255 234 255 253 255 204 0 0 2 0 0 199 248 255 255 247 247 192 0 174 247 253 249 255 255 158 176 251 251 255 248 196 13 197 253 255 251 241 250 227 0 9 0 2 0 0 159 255 255 253 255 251 235 101 127 244 255 255 255 223 80 164 252 255 253 249 253 239 103 6 4 3 203 252 252 255 254 255 199 10 0 0 7 0 3 13 10 150 250 250 255 255 245 241 75 204 255 255 250 255 237 143 238 255 250 253 239 226 110 100 242 251 253 255 251 233 68 101 244 254 250 253 255 242 106 7 4 3 202 252 253 255 255 253 204 83 250 248 255 255 253 244 92 90 249 255 255 255 248 255 255 245 255 232 154 203 250 244 254 249 255 217 90 238 255 249 241 255 219 0 4 2 3 0 0 9 3 139 250 252 239 249 251 242 124 0 11 0 206 246 250 247 255 255 206 68 237 255 248 255 255 243 109 237 255 253 250 255 248 144 44 217 255 255 252 255 255 107 210 255 249 251 247 174 47 229 255 255 249 249 246 208 0 10 0 2 0 0 204 255 253 255 255 255 215 0 0 17 0 16 135 255 250 243 253 255 241 100 86 219 255 255 247 255 238 58 210 255 255 255 223 254 255 243 252 255 247 252 252 123 2 192 250 249 255 255 255 193 144 234 255 255 255 255 238 89 194 255 255 255 250 255 223 2 179 255 255 235 254 217 0 214 253 232 253 243 255 215 22 102 242 255 245 255 255 248 249 255 240 255 253 255 255 180 0 0 1 0 0 0 0 0 0 0 0 0 0 0 0 0 0 0 0 0 0 0 0 0 0 0 0 0 0 0 0 0 0 0 0 0
0 0 0 0 0 0 0 0 0 0 0 0 0 0 0 0 0 0 0 0 0 0 0 0 0 0 0 0 0 0 0 0 4 0 0 0 0 191 255 255 255 249 244 200 4 9 8 2 0 0 0 0 0 0 0 0 179 243 250 255 255 235 198 12 33 218 255 253 240 255 252 255 255 252 242 255 233 79 14 1 8 6 0 6 118 245 254 251 247 255 248 255 248 255 255 248 247 73 1 0 165 244 253 249 255 243 254 255 255 255 255 254 213 1 1 111 232 246 242 255 245 253 255 255 244 255 255 226 84 0 211 255 255 255 247 205 0 185 254 255 255 255 255 224 1 13 9 9 217 252 243 255 252 251 173 0 10 5 214 251 254 249 250 244 247 255 255 255 237 0 229 255 255 255 255 255 186 115 255 252 253 255 249 200 16 0 1 0 3 6 232 252 244 245 255 255 198 0 222 255 250 255 241 187 0 191 255 255 255 248 246 202 2 7 9 2 3 237 255 247 255 252 255 183 2 192 249 255 255 253 255 199 194 255 255 255 255 223 0 175 245 255 255 255 255 239 0 0 0 16 16 1 158 239 251 255 251 243 242 114 140 252 249 245 254 224 107 125 249 247 255 249 253 241 113 0 7 4 210 251 252 255 244 250 194 0 12 13 5 1 0 0 0 152 255 255 242 254 254 250 89 210 250 244 255 255 241 177 249 255 251 255 255 237 95 80 234 243 255 250 245 251 116 107 245 249 245 251 255 243 115 1 7 4 209 250 255 249 249 249 209 89 254 245 250 252 237 247 117 112 248 234 253 252 244 255 254 255 255 250 189 184 253 255 255 253 255 191 92 218 245 255 255 255 222 9 0 0 9 0 6 2 0 123 231 255 255 255 252 239 126 1 4 0 219 255 255 254 253 255 217 77 243 255 245 254 249 227 147 233 244 253 250 252 243 128 8 214 247 252 245 250 242 144 206 255 248 255 255 191 0 196 251 255 255 255 255 223 0 0 2 9 7 2 202 246 248 255 243 255 230 0 3 15 0 0 148 235 249 255 255 246 247 94 98 247 249 255 252 245 249 103 161 255 237 242 255 255 239 255 248 245 255 236 208 8 18 193 254 250 255 254 239 204 109 246 250 250 244 255 244 148 188 254 240 255 255 242 214 1 211 253 255 255 254 217 0 186 255 255 255 255 239 220 4 0 201 245 255 232 255 254 242 252 255 247 255 251 244 179 5 11 13 0 0 0 0 0 0 0 0 0 0 0 0 0 0 0 0 0 0 0 0 0 0 0 0 0 0 0 0 0 0 0 0 0
0 0 0 0 0 0 0 0 0 0 0 0 0 0 0 0 0 0 0 0 0 0 0 0 0 0 0 0 0 0 0 0 0 0 5 4 6 201 254 246 251 255 252 214 0 0 0 5 0 0 0 0 0 0 0 0 203 255 249 248 242 255 211 0 0 135 218 255 247 248 255 249 249 255 249 229 147 0 0 6 0 3 15 3 0 161 253 245 255 255 255 248 239 251 255 232 113 3 12 16 0 185 255 254 255 255 255 250 242 246 255 218 37 0 15 0 152 253 255 248 255 254 246 245 253 255 218 147 18 0 206 249 237 255 248 216 7 115 245 250 239 246 255 233 0 1 0 0 237 255 245 255 248 255 202 0 1 0 208 252 254 252 255 255 255 255 245 247 239 5 214 240 249 249 250 255 185 128 253 251 255 255 255 218 0 0 10 6 6 0 226 253 255 255 240 245 198 0 225 252 248 255 240 199 1 169 240 244 249 255 253 214 0 0 0 7 6 230 255 254 254 235 255 176 0 187 247 252 255 246 254 218 198 255 243 241 242 228 5 127 246 253 245 245 248 221 8 0 0 1 0 0 168 249 255 249 255 254 241 114 139 248 255 255 244 255 95 0 216 255 255 255 251 251 151 1 0 0 205 255 252 254 255 255 211 0 1 0 0 2 1 8 5 164 255 247 255 255 255 237 99 215 255 255 255 252 237 201 248 250 248 255 240 238 101 83 249 242 248 255 255 254 134 106 241 255 255 255 251 250 151 0 0 0 204 255 255 254 255 255 208 91 240 255 255 255 252 244 111 104 242 255 248 255 255 255 248 238 254 255 187 182 255 252 242 239 255 223 102 252 253 252 240 255 238 0 7 0 0 0 3 2 2 150 244 255 242 242 248 255 143 6 5 1 207 243 253 247 248 255 213 101 242 255 254 255 255 242 184 248 249 255 255 255 245 125 0 224 255 255 252 255 251 179 217 255 236 245 250 195 0 171 253 251 251 250 241 210 3 0 7 0 0 0 214 253 255 249 255 255 232 0 0 2 3 10 209 255 255 248 246 242 250 86 69 254 254 254 255 246 255 162 0 181 255 252 252 255 233 254 255 231 254 223 16 4 0 206 255 245 255 253 255 225 0 236 255 255 252 255 255 200 193 248 255 255 240 248 235 0 201 243 252 255 246 221 10 124 238 237 246 242 255 218 0 18 37 223 252 246 255 255 248 251 251 254 248 255 253 195 0 0 0 0 0 0 0 0 0 0 0 0 0 0 0 0 0 0 0 0 0 0 0 0 0 0 0 0 0 0 0 0 0 0 0 0
0 0 0 0 0 0 0 0 0 0 0 0 0 0 0 0 0 0 0 0 0 0 0 0 0 0 0 0 0 0 0 0 15 5 0 0 11 179 251 255 253 255 252 214 18 6 0 10 0 0 0 0 0 0 0 0 191 248 252 249 253 255 203 3 0 3 69 205 254 246 255 252 249 244 201 76 8 0 6 5 1 5 0 0 9 0 56 216 243 237 247 255 255 237 164 40 6 0 0 0 3 7 110 216 241 255 255 252 255 236 152 1 0 0 11 4 0 47 180 235 250 246 254 255 245 187 87 0 0 21 207 255 255 255 255 229 0 47 219 252 255 255 254 226 0 0 2 9 232 255 251 255 252 251 191 6 0 8 193 255 255 255 254 250 246 251 248 255 237 11 217 255 255 255 243 250 199 163 244 245 249 251 246 222 0 8 4 0 0 13 222 255 234 255 255 255 192 20 214 255 248 255 255 198 14 120 218 255 249 255 253 211 20 6 0 14 125 241 247 255 255 247 248 190 0 176 255 254 251 255 255 231 193 250 255 255 255 213 8 28 239 255 255 255 255 205 32 0 7 2 0 26 176 251 255 251 255 252 235 137 158 236 255 255 253 251 119 12 202 249 255 244 255 234 143 0 4 23 206 255 255 255 255 245 201 22 3 0 10 11 0 0 9 154 250 255 255 255 248 222 129 216 252 255 255 255 245 231 254 255 255 255 255 223 14 0 229 255 246 255 251 246 179 152 234 248 251 248 255 233 142 0 3 22 205 255 249 242 249 247 220 137 234 248 244 255 251 237 130 131 238 255 255 252 248 255 255 255 248 245 184 195 255 255 255 251 255 211 107 253 255 255 246 255 224 6 11 1 0 0 0 6 21 134 250 255 252 255 255 248 125 0 0 27 200 252 255 255 251 249 205 141 229 241 249 255 252 248 194 255 255 253 245 255 237 120 3 215 255 255 243 255 255 196 230 255 255 255 255 190 19 99 246 251 255 255 252 202 27 0 14 0 6 20 211 253 255 249 253 245 211 10 7 0 8 6 202 251 255 255 255 255 210 14 13 215 253 246 255 245 248 187 10 7 126 227 230 249 255 255 239 244 152 0 3 4 2 220 242 241 255 253 250 223 18 198 253 255 247 253 252 231 209 248 240 254 255 255 226 8 193 255 249 250 255 217 0 42 231 255 255 234 254 239 14 0 8 0 171 252 242 228 255 234 167 226 249 255 255 199 21 5 0 8 0 0 0 0 0 0 0 0 0 0 0 0 0 0 0 0 0 0 0 0 0 0 0 0 0 0 0 0 0 0 0 0
0 0 0 0 0 0 0 0 0 0 0 0 0 0 0 0 0 0 0 0 0 0 0 0 0 0 0 0 0 0 0 0 0 0 6 1 0 20 16 0 10 0 0 12 0 16 6 0 0 0 0 0 0 0 0 0 13 0 3 21 0 0 6 8 3 0 0 0 0 0 10 0 6 0 4 0 8 5 0 0 0 3 14 0 0 9 1 0 0 10 5 0 3 1 15 0 0 22 0 11 6 0 6 0 8 0 0 7 3 2 5 4 0 18 0 0 12 0 14 0 4 0 1 8 9 5 0 0 1 0 23 3 0 0 0 1 7 0 29 6 0 0 4 2 0 1 13 0 12 0 0 6 1 8 10 0 9 12 14 0 0 0 0 2 8 0 6 1 2 1 10 0 0 0 0 5 0 0 10 14 10 9 5 0 13 0 0 0 11 0 12 0 12 3 0 1 17 0 15 0 7 0 0 11 0 20 10 0 6 0 0 8 0 15 0 0 11 14 0 0 3 1 8 0 2 1 2 1 0 0 0 0 8 8 0 0 1 16 0 9 0 1 0 0 6 15 0 0 0 10 5 0 0 0 0 6 0 4 15 0 2 10 5 0 0 0 3 0 9 0 11 8 2 12 15 0 8 0 10 2 0 0 0 5 11 0 0 19 0 0 5 6 0 13 12 0 0 0 14 22 0 6 0 0 0 1 0 0 0 0 0 0 2 6 0 0 7 0 8 0 2 9 4 0 5 1 6 4 2 11 14 0 8 0 10 2 12 5 2 1 10 0 12 8 6 0 0 17 0 3 8 0 0 1 6 1 3 4 1 10 8 2 0 0 0 7 18 0 4 0 0 9 10 0 15 0 0 5 3 18 6 0 0 8 0 4 6 8 0 8 12 9 0 0 20 0 0 0 0 6 6 0 8 4 7 4 0 0 1 0 0 8 8 0 8 0 0 16 0 0 2 2 0 2 2 0 0 0 0 7 0 25 4 0 0 0 3 19 0 0 0 0 15 0 8 0 0 6 0 14 29 0 1 0 2 0 10 0 0 0 0 0 16 0 0 13 0 5 12 0 3 3 0 0 2 0 7 7 0 1 1 5 0 0 1 0 11 0 8 17 1 3 0 3 0 16 0 6 0 3 5 4 0 12 3 13 0 0 5 0 34 0 0 21 0 4 0 0 5 1 0 17 0 0 15 0 0 3 0 3 9 12 0 6 0 5 7 0 0 2 0 9 6 0 0 0 0 0 0 0 0 0 0 0 0 0 0 0 0 0 0 0 0 0 0 0 0 0 0 0 0 0 0 0 0 0
0 0 0 0 0 0 0 0 0 0 0 0 0 0 0 0 0 0 0 0 0 0 0 0 0 0 0 0 0 0 0 0 6 6 2 3 4 0 3 1 8 0 13 6 0 2 5 0 0 0 0 0 0 0 0 0 0 0 2 0 0 9 9 0 0 7 3 0 9 6 0 2 0 18 0 1 7 0 14 1 8 0 0 14 0 7 0 4 0 15 1 2 4 0 0 5 0 5 0 0 0 1 4 3 4 0 3 3 0 12 0 2 6 0 7 0 2 0 13 5 4 0 0 1 0 0 0 5 6 0 0 0 8 0 0 2 8 0 0 0 1 6 3 2 9 0 3 11 0 11 8 0 0 2 0 10 0 13 0 13 2 9 5 0 6 0 13 0 7 0 3 3 0 16 0 0 6 4 0 4 0 0 0 3 4 0 15 0 3 12 0 6 0 12 6 1 0 23 0 4 6 0 5 5 6 0 0 3 3 0 13 0 4 2 0 2 0 0 12 8 0 0 1 2 0 0 10 3 0 8 5 1 4 0 0 8 5 0 12 0 0 7 5 1 1 0 7 4 0 2 0 7 10 6 6 2 0 0 0 0 12 0 0 5 3 1 0 9 0 6 0 0 0 0 0 2 3 6 0 6 0 12 0 2 0 15 0 0 10 0 0 5 7 0 0 2 16 0 0 7 3 3 0 9 0 6 0 7 3 5 4 0 0 1 4 7 0 0 4 3 1 0 4 8 0 0 5 0 0 0 0 3 5 8 0 7 0 7 10 0 5 3 2 0 5 2 1 8 0 3 2 7 3 9 6 0 0 9 0 0 0 11 0 1 3 0 3 0 9 0 12 0 0 6 0 7 0 16 0 1 0 7 11 0 10 0 0 16 1 1 0 0 1 7 3 0 0 14 0 3 0 13 0 0 3 3 0 15 0 4 3 0 0 1 5 0 6 0 0 0 3 2 0 5 0 0 9 11 0 0 16 0 3 0 10 3 0 0 2 1 2 0 2 4 0 13 0 3 4 0 0 6 5 3 0 3 1 0 8 7 5 3 0 0 6 0 7 4 0 0 8 0 2 4 0 0 3 0 3 0 0 0 4 0 16 3 0 7 0 0 7 0 9 0 2 0 0 8 0 1 0 4 0 8 3 0 4 16 0 8 0 8 0 0 0 1 3 5 2 0 5 0 0 17 0 0 8 0 10 0 0 5 0 12 0 0 5 0 17 0 5 0 2 3 0 0 0 0 0 0 0 0 0 0 0 0 0 0 0 0 0 0 0 0 0 0 0 0 0 0 0 0 0 0 0 0
0 0 0 0 0 0 0 0 0 0 0 0 0 0 0 0 0 0 0 0 0 0 0 0 0 0 0 0 0 0 0 0 0 0 0 0 0 0 0 0 0 11 0 1 0 5 0 2 2 3 2 0 0 0 0 1 0 0 0 0 0 0 0 0 0 0 9 0 7 7 10 0 0 9 6 0 4 0 8 0 0 1 1 9 0 4 0 6 2 4 0 0 0 3 5 1 0 0 0 0 0 0 0 0 0 0 0 9 0 5 0 7 4 5 2 5 8 0 0 7 0 0 0 0 0 0 0 0 8 0 3 0 0 11 1 0 0 12 0 2 5 0 1 0 0 0 0 0 9 7 0 0 1 3 5 0 9 0 11 0 1 0 6 8 0 0 1 2 3 0 0 0 3 3 0 0 0 0 0 0 0 0 0 0 0 4 7 2 0 2 0 0 0 2 2 0 0 1 5 5 0 0 0 10 2 0 6 0 5 0 15 0 0 0 10 0 2 3 1 0 0 1 0 0 0 0 0 0 0 0 0 0 0 8 0 3 2 0 9 0 0 2 6 0 0 2 1 0 1 0 11 0 0 0 13 0 1 0 0 0 0 0 0 1 0 1 9 0 6 2 0 10 3 0 0 0 0 0 0 3 0 0 0 0 0 0 0 0 3 2 0 9 0 0 12 0 3 1 0 0 0 5 4 0 1 0 11 0 0 0 13 0 0 1 0 0 9 2 0 8 0 5 0 0 7 4 0 3 3 0 0 4 2 2 2 0 0 7 5 0 3 3 0 0 2 1 0 0 2 6 3 0 3 0 0 0 3 3 0 0 8 0 0 0 1 0 0 3 0 0 9 0 8 1 7 0 7 0 12 0 6 1 1 0 1 0 0 1 0 0 0 1 6 0 0 3 0 5 4 0 7 0 0 0 3 2 1 3 0 5 6 0 0 1 6 3 10 0 9 6 4 0 3 11 2 8 0 1 0 0 15 0 0 0 8 4 5 0 16 1 0 1 0 0 4 8 0 0 0 4 5 0 0 5 1 0 0 0 10 0 0 11 0 0 2 3 0 1 0 3 10 0 1 9 0 0 6 5 0 4 0 0 0 0 0 0 0 0 5 0 0 5 5 6 0 0 0 7 2 10 1 0 4 0 7 0 0 5 1 8 5 0 0 7 0 0 7 3 0 1 3 0 2 8 3 0 0 5 0 0 0 0 0 0 0 0 0 0 0 0 0 0 0 0 0 0 0 0 0 0 0 0 0 0 0 0 0 0 0 0 0 0 0 0 0 0 0 0 0 0 0 0 0 0 0 0
0 0 0 0 0 0 0 0 0 0 0 0 0 0 0 0 0 0 0 0 0 0 0 0 0 0 0 0 0 0 0 0 0 0 0 0 0 0 0 0 2 4 0 9 6 20 4 0 2 1 2 5 6 4 1 0 4 4 4 4 4 4 4 4 22 2 0 8 0 0 0 3 14 0 0 7 13 18 0 4 10 0 0 7 7 9 2 4 0 4 6 4 3 4 4 2 4 4 4 4 4 4 4 4 2 5 0 0 6 0 7 0 4 0 0 0 0 0 1 6 0 0 0 0 0 0 0 0 0 1 5 0 0 0 0 4 0 5 5 2 11 0 14 0 17 8 4 5 0 0 0 18 0 5 2 9 0 0 0 11 2 1 0 0 0 9 11 2 2 0 0 1 3 4 3 1 4 4 4 4 4 4 4 4 5 4 2 0 1 4 6 4 3 0 1 6 7 2 0 0 13 7 0 0 0 0 10 2 12 0 0 16 10 7 9 0 3 0 1 5 4 0 1 6 0 0 0 0 0 0 0 0 0 12 0 0 2 0 6 0 5 3 0 0 0 0 5 8 3 0 10 4 14 0 1 0 5 4 3 2 3 4 5 6 0 0 0 2 0 14 1 0 0 3 5 3 3 5 3 0 4 4 4 4 4 4 4 4 0 6 7 3 0 0 0 3 0 0 7 11 5 0 0 0 3 0 10 4 14 0 1 0 5 2 6 7 0 0 0 6 0 7 18 0 0 0 7 0 4 8 7 0 0 0 5 8 11 5 0 0 2 8 7 2 3 2 3 3 0 0 0 8 2 0 0 1 3 4 3 1 3 2 2 3 2 1 3 7 0 0 9 0 0 0 7 8 0 15 9 0 0 9 0 8 2 0 0 5 7 3 1 3 0 11 11 0 0 0 0 7 0 3 10 5 0 0 0 0 0 0 0 2 7 7 1 0 2 10 4 0 2 18 3 0 0 1 0 12 16 0 6 0 11 3 4 0 2 2 0 0 9 6 4 2 0 0 0 8 5 3 0 0 0 0 4 8 14 0 3 0 0 2 0 12 0 0 8 0 0 0 0 2 0 0 0 1 0 3 7 3 3 3 3 3 3 3 3 3 5 3 0 0 0 0 6 12 15 1 0 0 7 0 3 5 0 11 11 0 0 0 0 5 0 0 0 0 0 1 4 0 8 0 0 0 0 5 8 7 0 0 0 0 0 0 0 0 0 0 0 0 0 0 0 0 0 0 0 0 0 0 0 0 0 0 0 0 0 0 0 0 0 0 0 0 0 0 0 0 0 0 0 0 0 0 0 0
0 0 0 0 0 0 0 0 0 0 0 0 0 0 0 0 0 0 0 0 0 0 0 0 0 0 0 0 0 0 0 0 0 0 0 0 0 0 0 0 0 0 0 10 0 1 0 0 1 0 0 3 6 0 0 0 0 0 0 0 0 0 0 0 0 0 0 0 13 6 0 2 0 2 10 1 0 0 0 0 0 19 8 16 1 0 5 0 0 0 2 4 1 0 0 2 0 0 0 0 0 0 0 0 0 13 2 1 0 0 10 0 0 0 4 10 9 10 7 0 0 0 0 0 0 0 0 0 2 10 1 6 14 5 1 0 8 0 0 0 2 0 12 14 0 0 0 3 1 0 0 0 10 0 0 4 12 7 0 0 0 0 2 12 14 0 0 0 0 0 0 0 0 0 0 0 0 0 0 0 0 0 0 0 4 0 0 0 0 0 0 1 9 0 0 2 4 0 0 3 0 0 24 0 7 0 0 3 0 5 3 10 0 0 2 0 0 0 0 4 1 0 0 5 3 3 3 3 3 3 3 3 0 15 0 0 5 0 0 0 0 0 1 10 12 4 0 0 9 3 0 0 1 0 0 9 0 0 0 0 0 0 0 0 1 3 0 6 0 8 19 5 0 2 4 0 0 4 2 0 0 0 0 0 0 0 0 0 10 6 0 0 10 18 3 13 4 0 0 2 5 0 1 7 9 3 0 0 1 0 0 9 2 0 0 10 1 2 6 0 20 0 3 1 4 0 16 6 0 1 0 0 3 10 3 0 2 0 4 7 0 0 0 0 4 0 0 2 4 0 1 8 0 0 0 0 0 0 0 0 0 1 3 0 0 0 0 1 0 0 0 0 9 0 0 1 8 0 0 0 12 0 5 7 0 0 0 2 5 3 0 0 0 0 0 7 22 4 0 7 0 0 0 0 1 5 5 4 6 4 5 5 0 0 0 5 0 10 0 0 0 0 0 5 2 6 1 0 5 0 8 10 0 0 9 2 12 17 0 19 0 0 1 10 8 6 4 0 0 0 3 11 8 0 0 0 0 0 7 6 5 5 0 0 1 1 11 0 6 13 0 0 11 3 13 12 0 0 9 6 0 0 0 0 0 0 0 0 0 1 1 6 20 0 9 0 0 0 12 0 11 11 7 0 0 0 0 7 23 5 0 5 10 2 11 10 0 0 8 5 0 3 9 7 4 3 0 0 0 0 0 0 0 0 0 0 0 0 0 0 0 0 0 0 0 0 0 0 0 0 0 0 0 0 0 0 0 0 0 0 0 0 0 0 0 0 0 0 0 0 0 0 0 0 0 0
0 0 0 0 0 0 0 0 0 0 0 0 0 0 0 0 0 0 0 0 0 0 0 0 0 0 0 0 0 0 0 0 0 0 0 0 0 0 0 0 3 0 0 9 0 0 7 10 9 0 0 4 4 0 0 7 0 0 0 0 0 0 0 0 6 5 10 0 7 0 4 7 1 12 3 0 13 0 30 5 0 0 0 0 0 7 4 0 9 3 1 3 2 0 2 8 0 0 0 0 0 0 0 0 0 5 0 10 0 4 0 5 6 1 2 0 0 0 2 0 0 0 0 0 0 0 0 0 0 7 0 0 1 0 3 8 14 0 6 15 9 0 1 0 7 6 7 0 0 9 12 0 2 0 12 0 10 0 4 4 3 4 0 2 6 0 0 17 4 3 1 1 2 3 3 4 1 1 1 1 1 1 1 1 4 0 1 7 6 0 0 0 0 0 0 1 3 4 4 5 10 1 0 0 3 10 0 6 2 0 11 0 8 1 19 6 4 3 3 3 2 1 1 1 0 0 0 0 0 0 0 0 0 12 0 0 14 7 0 3 12 7 2 0 0 0 0 0 0 2 3 0 10 8 3 2 0 0 0 0 1 2 2 3 1 10 3 12 1 0 1 0 5 4 2 0 0 2 4 5 0 0 0 0 0 0 0 0 0 0 10 5 4 1 0 0 5 3 0 0 0 0 0 0 0 2 3 0 10 8 3 2 2 0 0 2 3 5 6 2 0 0 2 0 16 0 2 0 1 6 0 0 11 8 0 0 1 0 5 13 3 0 5 5 1 1 1 2 2 0 0 0 4 3 1 1 2 3 3 4 1 6 6 1 0 3 2 0 1 4 3 3 14 2 0 4 7 0 1 22 6 0 15 0 3 2 2 4 4 2 1 1 16 9 0 5 8 0 0 5 13 0 0 6 6 0 0 7 1 3 4 1 0 0 4 9 0 2 11 6 26 0 12 0 0 7 14 0 13 4 10 0 7 6 7 0 0 0 0 4 9 7 5 0 0 7 13 0 8 6 2 0 0 0 0 0 1 8 8 0 0 7 8 0 1 4 0 0 0 1 0 10 0 0 0 3 12 11 0 0 1 1 1 1 1 1 1 1 7 3 1 0 0 0 3 3 2 4 15 0 0 2 0 1 15 8 0 4 8 0 0 3 0 0 0 0 9 11 1 0 0 0 0 0 1 4 7 10 0 0 0 0 0 0 0 0 0 0 0 0 0 0 0 0 0 0 0 0 0 0 0 0 0 0 0 0 0 0 0 0 0 0 0 0 0 0 0 0 0 0 0 0 0 0 0 0
0 0 0 0 0 0 0 0 0 0 0 0 0 0 0 0 0 0 0 0 0 0 0 0 0 0 0 0 0 0 0 0 0 0 0 0 0 0 0 0 11 1 2 2 2 0 0 0 4 1 2 5 1 0 0 4 0 0 0 0 0 0 0 0 8 0 0 11 0 0 6 0 2 0 2 0 2 0 0 0 21 0 7 4 5 0 0 18 8 1 0 0 3 2 0 0 0 0 0 0 0 0 0 0 4 0 0 8 9 14 0 0 0 0 3 2 0 3 9 8 0 0 0 0 0 0 0 0 0 9 10 14 8 0 0 0 0 1 0 0 0 17 9 0 0 0 4 0 0 2 5 0 12 7 17 0 0 3 0 1 0 8 3 0 0 5 1 0 2 2 1 0 0 0 0 0 2 2 2 2 2 2 2 2 0 0 3 4 1 0 0 4 0 12 15 6 0 2 0 0 7 2 0 10 5 4 0 6 5 0 9 0 1 0 0 7 0 4 2 0 0 7 5 0 0 0 0 0 0 0 0 0 0 1 0 0 4 4 0 8 0 1 2 0 1 10 10 3 3 5 2 4 2 0 0 0 0 1 1 2 3 3 3 3 2 1 0 0 16 0 0 12 6 0 0 3 3 0 0 6 0 0 0 0 0 0 0 0 11 0 3 7 0 0 9 7 0 2 12 5 0 0 3 1 3 5 2 4 2 0 0 0 0 12 3 0 0 0 0 13 0 20 21 0 3 1 6 8 0 0 0 0 0 0 0 17 16 2 0 0 0 0 1 0 0 4 10 0 0 0 6 7 2 2 1 0 0 0 0 0 1 1 0 0 2 5 2 0 0 3 3 3 0 0 0 12 0 12 0 12 0 6 7 0 0 1 3 0 0 0 1 4 0 2 3 4 0 0 19 0 0 0 8 14 7 0 0 8 2 6 5 2 6 11 1 0 9 0 0 0 0 4 19 0 0 0 4 0 6 4 4 0 1 0 1 6 19 0 26 0 0 0 0 0 0 0 4 1 0 0 0 0 4 14 13 3 0 2 0 0 0 1 4 0 0 17 10 17 9 0 1 0 2 12 3 0 4 0 0 13 1 1 1 1 1 1 1 1 0 0 13 9 0 4 0 4 4 0 0 13 5 3 0 13 0 1 0 1 0 0 18 0 2 16 5 0 1 0 0 14 8 0 0 0 6 0 0 0 0 0 0 0 0 0 0 0 0 0 0 0 0 0 0 0 0 0 0 0 0 0 0 0 0 0 0 0 0 0 0 0 0 0 0 0 0 0 0 0 0 0 0 0 0 0 0 0
0 0 0 0 0 0 0 0 0 0 0 0 0 0 0 0 0 0 0 0 0 0 0 0 0 0 0 0 0 0 0 0 0 0 0 0 0 0 0 0 0 0 10 0 5 0 0 7 0 1 5 5 2 0 0 0 0 0 0 0 0 0 0 0 0 19 0 0 0 18 0 8 0 0 14 1 0 28 0 0 0 0 11 0 5 4 0 0 1 3 3 2 3 5 0 0 0 0 0 0 0 0 0 0 15 0 9 0 0 0 1 18 2 9 4 2 5 0 0 0 0 0 0 0 0 0 0 0 4 0 0 0 0 11 5 6 14 7 3 1 8 5 0 7 13 6 0 0 10 3 0 2 0 0 5 7 0 24 0 9 0 0 7 16 3 0 8 13 0 0 1 1 0 0 0 0 0 0 0 0 0 0 0 0 0 3 2 0 0 0 5 7 0 1 0 0 0 1 11 12 0 0 0 8 0 0 8 8 0 9 6 6 0 19 0 3 0 1 0 0 0 6 5 0 3 3 3 3 3 3 3 3 15 3 8 0 0 0 0 5 0 6 7 1 0 0 0 0 8 0 0 17 4 4 7 15 0 0 0 0 0 0 0 0 0 1 13 7 12 1 0 6 1 0 0 5 5 0 0 1 0 0 0 0 0 0 0 0 0 0 0 14 2 0 9 0 10 9 1 0 0 5 2 0 8 0 0 17 4 4 7 15 0 5 1 0 14 12 0 0 0 0 0 0 8 4 0 3 11 0 0 10 5 0 0 0 0 4 6 0 3 1 0 9 11 9 1 0 0 4 3 0 0 0 1 1 0 0 0 0 2 0 0 1 4 3 3 4 0 0 0 10 0 14 7 0 5 5 8 0 19 15 0 11 0 0 2 0 0 1 4 4 11 3 0 15 11 0 16 0 6 9 3 0 0 6 2 0 0 0 3 0 0 0 6 8 8 0 2 20 0 1 0 9 15 0 1 10 1 4 0 7 0 0 4 1 0 0 11 0 13 5 0 3 17 6 0 4 4 6 4 0 0 1 0 0 4 1 0 10 10 0 2 5 0 0 0 0 1 1 15 1 0 1 0 1 11 2 0 10 0 0 0 0 0 0 0 0 5 0 0 0 0 13 1 1 1 11 0 0 1 2 3 0 13 2 0 13 10 0 16 0 0 6 1 0 8 4 0 8 0 2 7 9 4 0 0 6 0 0 0 0 0 0 0 0 0 0 0 0 0 0 0 0 0 0 0 0 0 0 0 0 0 0 0 0 0 0 0 0 0 0 0 0 0 0 0 0 0 0 0 0 0 0 0 0
0 0 0 0 0 0 0 0 0 0 0 0 0 0 0 0 0 0 0 0 0 0 0 0 0 0 0 0 0 0 0 0 0 0 0 0 0 0 0 0 1 19 6 0 12 5 0 1 1 3 0 0 0 8 7 0 2 2 2 2 2 2 2 2 3 0 0 0 12 0 2 0 8 0 0 0 9 0 8 7 0 12 0 3 13 0 19 4 0 10 10 0 0 0 5 1 2 2 2 2 2 2 2 2 0 13 0 11 4 5 16 0 0 0 0 0 20 7 0 16 0 0 0 0 0 0 0 0 32 0 15 7 0 6 0 0 0 0 14 0 18 0 0 15 0 19 8 0 3 4 0 12 20 0 13 0 4 1 0 4 9 0 0 8 0 2 11 0 0 0 5 7 5 4 4 4 1 1 1 1 1 1 1 1 3 9 7 0 2 10 5 0 12 1 0 9 12 4 0 1 3 0 6 4 11 0 35 0 5 11 0 0 20 0 3 5 5 1 3 7 2 0 0 4 0 0 0 0 0 0 0 0 0 0 11 14 0 2 2 3 6 0 1 10 6 0 2 21 7 0 3 10 0 3 10 0 1 2 3 3 2 0 0 0 16 0 0 2 0 30 0 0 1 6 3 0 0 3 6 1 2 2 2 2 2 2 2 2 0 23 0 3 21 0 0 2 3 0 0 3 6 2 3 10 7 0 3 10 0 3 10 0 4 0 6 5 0 0 9 0 8 2 2 20 0 6 10 4 0 0 10 12 0 6 21 0 0 25 8 0 6 6 0 0 0 0 0 9 13 4 0 3 0 0 5 7 5 4 4 4 7 0 2 9 4 0 0 12 7 0 2 10 0 7 13 0 6 0 22 9 0 7 0 0 4 6 4 3 7 9 3 0 0 19 0 2 11 0 0 9 0 0 0 4 8 4 3 8 13 0 0 8 8 0 0 2 0 0 18 0 8 14 0 14 0 0 10 19 0 10 1 0 1 4 2 0 0 25 0 19 0 10 2 0 4 0 0 8 8 0 1 10 7 0 2 20 0 11 0 0 0 0 7 0 28 0 16 7 0 4 0 0 9 0 0 14 0 0 6 0 2 2 2 2 2 2 2 2 3 11 2 0 16 0 19 0 0 9 2 0 18 0 30 7 0 20 0 0 11 0 0 10 6 0 3 11 0 0 5 0 0 6 4 0 0 2 7 0 0 0 0 0 0 0 0 0 0 0 0 0 0 0 0 0 0 0 0 0 0 0 0 0 0 0 0 0 0 0 0 0 0 0 0 0 0 0 0 0 0 0 0 0 0 0 0 0
0 0 0 0 0 0 0 0 0 0 0 0 0 0 0 0 0 0 0 0 0 0 0 0 0 0 0 0 0 0 0 0 0 0 0 0 0 0 0 0 0 2 0 19 174 251 255 255 254 248 231 218 230 255 255 248 255 255 255 255 255 255 255 255 252 0 10 10 0 0 225 252 254 253 253 255 222 0 164 243 250 255 239 246 149 7 144 254 246 255 255 229 217 234 253 255 255 255 255 255 255 255 255 255 255 232 0 8 0 137 234 243 249 255 248 241 229 126 14 0 0 0 0 0 0 0 0 0 0 16 194 255 246 255 245 255 254 255 211 0 8 0 10 0 5 170 255 249 254 255 241 249 142 0 1 7 209 248 255 248 250 254 255 248 245 255 190 13 239 244 251 255 255 253 253 254 252 252 252 252 252 252 252 252 246 255 255 250 255 255 240 206 0 7 73 174 241 251 248 255 255 236 187 52 2 1 229 255 253 246 255 255 224 0 130 238 255 244 249 255 246 216 220 250 255 255 255 255 255 255 255 255 186 175 236 255 244 255 255 251 254 243 250 252 189 80 5 0 0 4 5 0 12 165 255 253 253 254 254 254 253 251 249 247 196 71 3 9 2 223 252 255 248 255 247 216 216 247 255 248 255 255 255 255 255 255 255 255 249 187 4 27 181 232 255 251 250 253 255 222 125 19 0 1 0 4 5 0 12 165 255 253 255 245 255 234 138 157 246 255 248 255 233 141 19 146 254 251 255 254 242 144 12 0 11 0 0 9 0 12 140 229 244 255 253 254 255 219 122 18 0 4 239 244 251 255 255 253 253 254 255 249 252 255 244 224 232 255 249 255 255 237 154 192 251 255 255 252 249 211 0 214 255 255 255 255 250 250 255 255 240 220 9 216 255 246 255 255 255 251 255 248 253 236 140 17 0 11 8 0 16 130 233 255 255 252 255 245 208 7 156 243 255 247 255 255 237 191 124 230 255 255 254 255 253 252 253 239 3 0 11 171 255 251 255 255 244 255 252 244 253 253 186 75 2 0 162 237 255 255 255 255 227 151 0 12 206 255 243 255 240 255 255 246 255 181 8 0 143 238 254 254 254 254 254 254 254 254 238 215 111 2 10 0 211 255 255 244 255 255 224 1 6 0 13 218 255 245 255 255 255 252 251 249 255 177 2 0 140 225 246 255 253 247 255 251 169 73 0 0 0 0 0 0 0 0 0 0 0 0 0 0 0 0 0 0 0 0 0 0 0 0 0 0 0 0 0 0 0 0 0 0 0 0 0 0 0 0 0 0 0 0 0 0 0 0
0 0 0 0 0 0 0 0 0 0 0 0 0 0 0 0 0 0 0 0 0 0 0 0 0 0 0 0 0 0 0 0 0 0 0 0 0 0 0 0 3 1 4 0 160 252 255 255 255 253 242 181 255 248 255 248 255 249 255 255 248 253 255 253 248 0 14 0 0 14 210 255 254 253 255 255 217 5 141 252 255 252 254 255 193 0 149 242 248 255 255 248 182 239 255 255 250 255 255 250 255 255 250 251 255 227 7 4 186 250 255 246 254 247 250 242 255 252 200 8 1 11 5 0 0 0 0 0 1 38 233 249 250 255 241 255 253 255 201 6 0 0 1 1 4 155 248 255 253 254 255 242 126 1 0 4 200 255 251 255 255 255 240 248 255 253 204 0 220 255 255 247 254 255 255 255 251 255 225 249 255 255 243 255 250 255 255 250 255 251 250 192 0 144 236 244 255 255 253 255 254 245 255 233 133 0 226 242 255 249 252 255 221 0 103 250 254 255 255 247 255 173 212 255 245 255 255 255 250 253 255 250 187 135 254 252 244 255 255 255 255 245 255 254 255 228 95 0 0 6 0 1 1 158 255 254 250 255 255 251 252 253 255 253 255 231 123 1 0 232 240 255 255 252 251 192 220 247 255 251 255 254 255 251 255 245 255 242 255 172 88 211 255 255 242 255 250 254 248 252 252 223 35 2 2 4 0 3 3 156 252 255 253 254 255 246 111 144 249 255 254 254 255 192 0 138 237 255 253 255 244 130 0 3 0 2 0 0 2 215 239 253 255 241 254 251 252 255 250 186 3 0 225 252 254 253 255 250 245 253 255 241 254 255 255 200 229 253 255 255 255 253 121 183 255 254 253 255 255 197 8 192 255 254 255 255 254 241 255 250 255 205 0 225 255 252 255 254 255 255 255 241 255 248 255 180 7 0 1 4 0 10 221 255 255 251 255 253 216 0 152 251 255 252 255 249 247 151 128 245 254 255 255 247 255 255 253 243 131 0 1 156 250 251 254 255 248 255 254 242 255 243 255 228 92 0 151 249 255 255 253 255 244 121 0 0 218 250 255 253 255 254 252 255 255 205 0 0 133 236 255 249 254 255 248 255 234 255 255 247 242 169 0 0 220 242 254 255 254 255 220 0 3 0 0 226 255 253 255 247 254 254 248 255 255 180 13 176 236 255 255 239 255 255 240 253 255 242 157 0 0 7 9 2 0 1 0 0 0 0 0 0 0 0 0 0 0 0 0 0 0 0 0 0 0 0 0 0 0 0 0 0 0 0 0 0 0 0 0 0 0 0 0 0 0 0
0 0 0 0 0 0 0 0 0 0 0 0 0 0 0 0 0 0 0 0 0 0 0 0 0 0 0 0 0 0 0 0 0 0 0 0 0 0 0 0 3 0 3 0 158 251 255 254 249 253 243 169 237 255 254 253 255 250 255 255 254 255 250 254 229 0 0 5 16 8 195 248 254 253 255 255 216 3 139 250 255 250 253 255 213 30 135 243 255 255 252 232 175 244 255 248 254 251 255 255 255 247 242 255 255 241 0 177 250 255 245 251 250 255 255 242 255 255 238 188 4 0 0 8 11 4 7 3 0 131 255 253 249 255 247 253 253 255 200 5 0 0 1 0 3 154 247 255 253 254 255 242 124 1 0 3 199 255 250 255 248 244 255 255 246 242 205 0 218 247 255 255 255 247 251 250 255 255 237 254 253 252 244 247 249 245 255 248 255 245 253 179 98 213 255 250 255 255 253 255 255 255 251 250 219 68 193 255 254 255 255 254 226 28 124 247 250 255 252 246 255 142 210 254 255 255 253 245 249 255 255 246 186 138 242 255 255 250 249 243 251 237 255 255 247 250 201 6 0 5 0 1 0 156 253 254 255 247 244 255 255 248 246 255 255 253 204 7 0 209 255 249 253 252 255 186 225 248 255 245 242 247 255 247 255 251 252 255 239 183 210 255 233 247 255 243 255 248 255 251 241 255 178 12 1 4 0 3 2 154 251 255 253 254 254 243 107 140 246 255 253 255 249 215 30 136 241 255 252 255 242 129 0 2 0 1 0 4 185 240 255 255 234 255 252 253 255 246 252 255 175 0 216 255 255 246 252 254 255 255 255 255 255 242 247 179 246 255 255 255 255 251 119 181 255 253 253 255 255 195 6 190 255 254 246 255 255 255 251 239 248 205 6 221 250 245 248 244 255 255 255 251 255 244 255 246 111 9 0 2 0 5 214 255 255 255 255 255 221 0 161 254 255 255 255 249 248 113 143 249 255 255 255 250 254 254 250 245 151 0 0 151 247 251 255 255 249 255 255 248 255 251 242 253 202 11 147 246 254 255 253 255 241 117 0 11 219 248 255 252 255 255 252 255 246 217 0 4 120 242 255 249 255 255 248 255 250 255 251 255 238 235 23 0 191 255 254 255 254 255 220 0 3 0 0 224 255 249 253 251 255 255 255 254 238 185 122 255 255 253 243 255 255 252 255 255 243 240 246 95 4 0 0 2 1 0 0 0 0 0 0 0 0 0 0 0 0 0 0 0 0 0 0 0 0 0 0 0 0 0 0 0 0 0 0 0 0 0 0 0 0 0 0 0 0 0
0 0 0 0 0 0 0 0 0 0 0 0 0 0 0 0 0 0 0 0 0 0 0 0 0 0 0 0 0 0 0 0 0 0 0 0 0 0 0 0 1 0 2 0 156 249 254 254 255 247 245 188 244 255 229 255 255 254 242 242 255 255 237 255 235 41 4 0 0 0 201 255 255 253 255 254 215 1 136 247 255 247 252 255 238 101 114 244 239 246 248 247 191 235 255 255 255 253 244 243 252 255 255 255 249 227 76 237 255 244 255 255 255 232 255 252 255 255 236 249 93 2 8 6 2 0 4 0 10 210 255 251 253 252 252 255 253 255 199 5 0 0 1 0 1 152 246 255 252 253 255 240 121 0 0 2 197 255 250 255 255 235 255 226 255 255 202 5 230 247 248 249 247 255 255 241 232 246 243 255 246 255 255 247 255 244 244 255 243 255 255 170 172 246 255 248 255 255 237 248 255 255 244 255 255 154 161 255 250 255 255 249 233 68 148 245 252 255 254 250 252 99 213 255 242 246 248 255 255 247 255 255 154 155 235 253 255 243 255 255 241 255 255 239 255 248 222 0 0 4 0 1 0 154 251 253 252 251 255 248 246 245 255 247 255 255 238 89 7 208 255 251 255 246 241 191 213 254 255 252 255 255 255 239 248 255 223 255 255 194 227 253 255 255 255 255 254 241 252 255 251 251 237 0 0 3 0 2 1 152 250 255 254 254 252 239 101 135 243 254 252 255 241 242 94 123 247 255 252 255 240 127 0 1 0 0 0 83 255 248 255 251 249 253 255 254 251 255 253 231 234 64 235 254 241 249 255 252 245 241 231 255 234 255 255 204 252 230 254 255 254 248 116 178 255 252 254 255 254 192 2 188 255 255 255 240 233 255 240 255 255 203 0 207 251 255 255 255 255 242 248 255 255 249 253 255 180 0 0 0 0 0 201 251 252 255 254 255 223 18 169 251 255 253 255 251 244 55 166 255 255 251 252 255 253 255 251 249 178 3 0 146 244 252 255 255 250 249 237 255 254 244 253 255 224 0 141 243 254 255 252 254 238 111 0 43 229 251 254 252 255 255 253 255 245 227 28 3 112 242 255 250 253 250 250 244 255 254 254 255 251 255 122 6 187 255 254 255 254 255 220 0 3 0 0 220 253 249 254 254 255 237 243 255 255 193 196 249 237 255 255 245 237 255 245 247 255 255 242 155 6 6 0 6 8 4 0 0 0 0 0 0 0 0 0 0 0 0 0 0 0 0 0 0 0 0 0 0 0 0 0 0 0 0 0 0 0 0 0 0 0 0 0 0 0 0
0 0 0 0 0 0 0 0 0 0 0 0 0 0 0 0 0 0 0 0 0 0 0 0 0 0 0 0 0 0 0 0 0 0 0 0 0 0 0 0 0 0 2 0 154 246 253 254 253 251 240 94 0 0 13 217 240 255 255 255 253 159 12 0 11 0 0 0 13 1 207 246 255 254 255 253 213 0 134 245 255 247 253 255 252 166 99 246 255 255 253 228 90 12 0 0 206 251 255 255 255 242 142 3 2 17 128 230 255 255 255 240 227 87 220 255 245 255 252 236 149 3 6 0 0 0 15 0 74 242 237 251 252 250 250 255 253 255 198 4 0 0 1 0 0 150 245 255 252 252 255 239 118 0 0 0 194 255 250 255 252 255 220 17 1 0 6 0 205 246 255 255 253 243 165 1 19 7 0 0 3 122 238 255 234 255 255 232 3 0 3 8 211 255 255 251 254 238 175 168 253 253 248 254 255 206 135 235 249 255 255 249 241 97 163 248 253 255 255 254 242 54 215 255 255 255 250 248 167 19 0 0 27 137 241 250 255 246 255 232 94 221 243 242 255 250 255 124 0 3 0 1 0 150 248 253 248 255 232 234 102 217 248 253 255 249 235 140 6 214 252 255 237 255 255 190 7 0 4 132 234 250 255 255 252 217 12 2 0 120 255 255 253 252 225 218 95 230 253 255 255 246 250 0 0 2 0 1 0 150 248 254 255 255 252 237 97 132 242 254 252 255 243 255 161 105 251 252 253 255 238 125 0 1 0 0 0 162 230 251 255 238 255 227 65 217 255 249 255 244 255 138 0 0 9 127 235 251 255 255 255 225 6 7 0 88 230 255 254 255 254 247 113 175 255 253 254 255 252 189 0 187 255 255 249 255 255 211 10 0 0 0 4 206 255 255 251 252 242 175 166 248 249 255 248 250 209 4 0 0 1 0 182 250 250 255 252 254 228 44 180 250 253 251 255 252 230 6 188 255 255 249 252 253 251 255 255 254 198 0 0 142 242 253 255 255 249 240 100 221 243 253 255 251 250 91 136 242 255 255 253 255 237 106 8 87 243 255 252 253 252 247 254 247 255 235 95 0 112 237 255 246 251 255 242 116 174 255 254 255 255 244 176 5 195 244 254 255 254 255 220 0 3 0 0 216 255 255 255 254 242 202 5 0 0 1 200 255 255 255 255 252 135 158 255 255 233 255 251 199 0 7 0 0 0 1 0 0 0 0 0 0 0 0 0 0 0 0 0 0 0 0 0 0 0 0 0 0 0 0 0 0 0 0 0 0 0 0 0 0 0 0 0 0 0 0
0 0 0 0 0 0 0 0 0 0 0 0 0 0 0 0 0 0 0 0 0 0 0 0 0 0 0 0 0 0 0 0 0 0 0 0 0 0 0 0 0 0 2 0 153 245 253 255 255 245 236 110 9 5 0 203 253 255 248 249 243 157 0 1 1 15 18 0 0 0 209 249 255 254 255 253 213 0 133 244 255 250 254 252 253 210 105 248 245 246 255 251 109 3 0 10 208 255 255 235 249 255 171 0 1 0 171 255 241 255 243 255 215 1 215 255 240 250 255 251 154 0 5 0 4 3 3 0 165 255 250 254 226 253 249 255 252 255 196 2 0 1 2 0 0 149 245 255 252 252 255 239 115 0 0 0 193 255 251 255 249 250 208 0 2 0 0 7 224 254 249 246 246 255 192 2 0 0 0 5 4 130 246 246 255 255 241 229 0 4 0 0 222 253 252 255 255 238 144 130 249 255 255 250 247 222 81 233 250 255 253 254 247 114 166 254 250 255 252 252 222 16 211 252 246 242 255 255 185 10 0 13 0 138 248 251 255 255 255 222 79 202 255 255 252 246 244 122 0 2 0 2 0 148 246 254 255 251 249 237 62 161 248 255 252 249 253 122 0 204 255 252 255 255 240 196 3 3 0 132 250 253 247 248 249 234 0 2 8 144 252 255 234 255 248 184 0 212 243 255 255 245 231 3 0 3 0 2 0 148 247 254 255 255 253 237 96 131 242 255 253 251 253 255 212 100 252 250 254 255 237 123 0 1 0 0 0 171 246 255 253 255 245 225 0 230 255 241 255 255 241 137 15 0 0 136 255 255 249 244 250 227 0 14 1 117 243 250 255 255 255 247 111 174 255 255 255 255 251 188 0 186 255 255 249 250 248 203 0 0 8 6 9 212 255 252 242 255 251 159 97 242 254 255 255 243 207 9 3 0 2 0 149 251 252 255 255 255 238 77 198 254 255 255 255 253 206 0 205 255 255 251 251 236 246 255 255 254 206 0 3 140 243 255 254 255 248 233 90 196 255 255 249 243 248 102 134 243 255 255 255 255 238 104 8 125 251 255 250 254 243 235 255 247 255 243 139 0 108 238 251 255 250 254 244 89 138 253 249 255 252 249 162 0 186 255 254 255 254 255 220 0 3 0 0 215 255 255 255 255 239 184 0 6 12 1 214 248 239 255 242 231 109 129 255 255 242 255 255 200 0 4 9 3 0 0 0 0 0 0 0 0 0 0 0 0 0 0 0 0 0 0 0 0 0 0 0 0 0 0 0 0 0 0 0 0 0 0 0 0 0 0 0 0 0 0
0 0 0 0 0 0 0 0 0 0 0 0 0 0 0 0 0 0 0 0 0 0 0 0 0 0 0 0 0 0 0 0 0 0 0 0 0 0 0 0 0 0 3 0 152 244 253 255 255 255 247 102 0 12 1 214 250 255 248 255 253 179 9 15 0 6 1 0 7 0 199 251 255 254 255 253 213 0 134 244 253 255 253 252 248 238 134 247 254 255 255 233 100 0 4 0 210 255 255 251 253 253 169 0 0 0 169 255 249 255 253 253 229 2 226 250 255 246 252 250 174 5 9 0 3 0 0 19 215 255 255 238 184 255 255 255 252 255 194 1 0 2 2 0 0 149 245 255 253 253 255 239 113 0 1 0 192 255 252 255 255 240 214 8 0 5 13 0 220 253 250 255 255 249 181 0 0 2 3 7 3 135 255 251 253 243 253 229 6 7 11 10 226 249 245 251 255 251 153 146 242 255 254 247 255 220 11 235 253 253 251 255 252 130 171 255 254 255 254 254 204 1 210 254 255 255 255 250 172 8 0 0 10 150 241 248 254 255 255 237 68 203 249 253 254 255 235 117 0 2 0 4 0 146 245 255 251 248 255 234 76 161 255 245 251 255 251 138 5 206 251 255 246 247 255 185 7 4 13 133 252 255 255 255 255 236 0 5 3 136 235 255 254 255 251 242 112 255 249 249 246 255 227 0 0 4 0 3 0 147 246 254 255 255 254 237 96 130 243 255 254 249 255 252 241 127 248 251 255 255 236 122 0 2 0 0 4 171 252 251 255 255 245 221 21 201 243 252 251 254 244 191 0 0 1 129 245 255 255 252 255 231 0 0 0 99 248 251 255 255 255 245 109 171 254 255 254 255 252 189 0 187 255 255 255 255 255 213 2 6 7 0 0 212 255 255 251 255 255 167 102 253 255 253 255 255 195 0 2 1 3 1 98 245 254 253 252 255 242 103 210 253 254 253 255 254 178 17 220 255 253 254 249 209 240 255 255 251 214 17 3 137 244 255 251 255 250 232 62 189 251 245 255 255 240 102 133 244 255 255 255 255 239 103 0 151 252 255 247 255 234 220 255 255 249 251 153 7 98 245 245 255 247 240 247 117 149 246 255 245 255 255 177 4 186 255 254 255 254 255 220 0 3 0 5 216 255 252 251 255 249 187 0 0 0 0 218 255 253 255 255 255 173 164 245 255 250 253 255 195 15 4 0 0 10 20 0 0 0 0 0 0 0 0 0 0 0 0 0 0 0 0 0 0 0 0 0 0 0 0 0 0 0 0 0 0 0 0 0 0 0 0 0 0 0 0
0 0 0 0 0 0 0 0 0 0 0 0 0 0 0 0 0 0 0 0 0 0 0 0 0 0 0 0 0 0 0 0 0 0 0 0 0 0 0 0 0 0 4 0 152 244 254 255 245 255 241 94 0 0 0 221 253 255 252 255 245 174 0 0 5 2 0 0 10 0 194 255 255 254 255 254 214 0 135 246 251 255 251 255 247 255 174 245 255 255 254 233 108 3 13 1 210 253 255 255 255 248 173 9 0 9 175 243 255 247 255 240 216 0 216 245 255 255 249 253 177 5 0 0 3 1 2 123 236 251 255 213 165 254 255 255 252 255 193 1 0 2 2 0 0 149 245 255 254 254 255 240 112 1 3 0 192 255 254 255 255 239 202 7 0 3 11 0 208 255 255 255 255 248 181 4 0 3 0 0 0 130 251 250 254 248 255 234 0 0 0 0 241 255 255 253 248 247 142 139 244 255 253 248 255 223 0 212 255 255 250 252 254 152 182 255 255 255 255 255 189 1 211 255 255 255 255 244 174 11 8 4 1 130 238 255 255 255 235 225 96 226 255 246 253 252 230 108 0 3 0 6 0 145 245 255 249 255 228 231 85 216 252 253 253 255 220 113 7 212 241 255 255 255 255 195 1 0 2 129 241 253 253 255 252 224 0 0 1 124 250 242 249 255 251 245 242 136 13 12 0 0 5 17 0 5 0 4 0 147 247 255 255 255 254 237 95 130 242 255 255 250 255 255 250 179 243 253 255 255 236 122 0 3 0 0 11 182 236 245 255 247 255 216 0 213 255 255 255 255 250 173 0 8 8 135 244 248 255 254 255 234 7 2 0 102 246 253 255 255 254 243 106 168 252 255 254 255 253 190 1 188 255 255 255 246 252 207 4 7 2 0 1 213 255 255 245 250 238 168 159 244 248 246 255 255 190 5 0 1 4 0 41 230 254 255 249 255 244 121 218 250 251 251 253 255 155 65 232 255 252 255 249 184 238 255 253 252 231 67 1 134 245 255 249 255 255 236 96 233 255 248 255 245 208 75 132 244 255 255 254 255 239 102 0 174 253 255 247 255 224 204 255 255 249 249 177 7 96 243 253 246 252 255 244 109 148 255 255 238 255 238 141 8 191 240 254 255 254 255 220 0 3 0 4 214 255 252 249 255 254 187 6 0 0 7 193 252 255 247 247 246 255 213 70 0 6 0 0 5 0 7 10 0 0 0 0 0 0 0 0 0 0 0 0 0 0 0 0 0 0 0 0 0 0 0 0 0 0 0 0 0 0 0 0 0 0 0 0 0 0 0 0 0 0 0
0 0 0 0 0 0 0 0 0 0 0 0 0 0 0 0 0 0 0 0 0 0 0 0 0 0 0 0 0 0 0 0 0 0 0 0 0 0 0 0 0 1 5 0 152 244 255 255 255 255 233 109 22 0 0 211 249 255 252 255 247 188 8 7 0 2 3 3 7 2 194 255 255 253 255 254 215 1 136 247 251 255 249 255 249 255 204 243 253 247 255 254 124 0 0 2 215 254 250 251 251 248 178 4 3 0 167 255 255 250 240 255 220 3 225 255 243 252 253 255 177 6 0 3 8 0 4 184 255 251 250 201 173 251 254 251 252 255 193 0 0 3 2 0 0 149 246 255 255 255 255 240 112 2 4 0 192 255 255 255 251 255 202 0 1 0 0 9 207 255 252 241 247 253 189 0 2 8 3 4 5 136 252 252 255 251 243 241 0 17 0 9 222 252 254 255 252 255 148 146 255 243 255 254 237 234 15 182 255 255 251 248 255 169 193 255 255 251 254 253 175 0 206 255 247 249 255 255 184 0 0 2 7 137 251 255 244 255 254 255 255 247 252 255 255 245 232 0 1 3 0 7 0 145 245 255 255 238 255 251 255 239 255 246 254 245 208 3 0 203 255 244 255 243 235 202 0 6 0 149 253 255 248 255 255 230 8 3 0 3 215 255 253 250 255 252 253 255 196 56 6 8 0 0 0 5 1 4 0 147 247 255 252 254 253 237 95 129 242 255 255 253 249 255 250 221 238 255 255 255 236 122 0 4 1 0 0 174 255 255 245 255 246 225 0 236 249 239 255 248 249 180 5 0 0 143 255 240 251 252 252 231 0 13 0 122 237 251 253 255 252 241 103 166 251 254 254 255 254 192 2 188 255 255 254 252 255 207 1 0 0 3 3 209 250 253 249 255 255 243 251 255 253 255 252 239 160 0 0 1 4 0 2 217 253 255 252 255 250 135 227 253 254 254 252 255 142 102 241 255 251 255 251 172 240 255 251 255 248 111 0 131 244 255 248 255 255 241 251 255 244 253 252 254 227 0 131 243 255 255 252 255 238 101 0 191 255 255 249 255 217 192 254 250 255 241 209 0 102 235 250 254 255 244 255 252 255 249 252 255 248 218 24 1 181 255 254 255 254 255 220 0 3 0 0 211 255 255 251 255 251 177 6 0 0 7 160 236 255 247 252 255 249 255 255 138 3 3 6 0 11 0 0 0 19 0 0 0 0 0 0 0 0 0 0 0 0 0 0 0 0 0 0 0 0 0 0 0 0 0 0 0 0 0 0 0 0 0 0 0 0 0 0 0 0 0
0 0 0 0 0 0 0 0 0 0 0 0 0 0 0 0 0 0 0 0 0 0 0 0 0 0 0 0 0 0 0 0 0 0 0 0 0 0 0 0 0 0 0 4 144 248 254 255 255 253 241 112 0 3 1 215 255 254 254 255 246 182 0 0 1 0 1 1 2 0 200 254 255 252 255 255 213 0 133 248 255 255 252 251 255 250 254 247 255 255 255 237 114 0 0 1 217 255 255 254 254 255 175 0 0 5 170 251 254 254 255 253 220 1 220 255 255 252 255 250 177 0 0 7 0 6 4 226 250 255 248 157 162 255 255 251 255 239 197 6 0 5 4 0 0 150 245 255 254 255 255 238 117 3 2 0 192 255 253 255 251 255 255 247 255 246 145 4 210 255 255 246 255 255 250 254 251 243 136 0 7 140 244 255 255 255 255 229 0 4 0 3 230 255 253 255 255 251 150 146 247 255 245 255 255 228 5 172 255 252 255 250 253 178 211 255 255 250 255 244 153 1 209 255 254 255 251 247 249 255 255 235 119 137 240 251 248 255 255 253 254 240 255 255 255 229 112 7 0 3 0 2 0 149 247 254 248 255 255 246 255 249 247 255 215 103 17 0 17 214 249 255 255 255 251 199 0 2 1 142 247 255 255 250 255 230 1 0 0 14 142 250 249 242 255 255 255 245 255 224 103 11 1 0 0 3 0 2 0 149 247 254 255 252 255 240 93 130 246 255 251 255 243 255 255 243 252 255 255 252 240 117 1 0 2 0 3 174 253 255 255 255 255 222 0 223 255 254 252 255 252 181 0 2 0 145 248 255 255 254 255 230 2 0 0 114 238 255 252 254 255 251 248 250 255 249 255 255 252 189 0 186 255 254 253 255 251 255 245 255 243 146 4 204 255 254 254 249 245 255 255 240 255 242 252 191 0 2 5 0 0 2 1 205 254 255 254 255 251 166 225 255 251 255 255 237 118 135 247 250 255 244 251 110 247 241 255 248 255 135 0 132 248 255 245 255 250 249 249 255 246 251 255 233 88 11 134 248 252 255 255 253 240 97 0 225 239 253 254 255 190 178 255 255 255 254 218 2 87 246 254 247 255 255 249 255 251 255 255 241 124 0 0 17 184 252 254 255 253 253 218 0 2 0 0 208 254 250 255 255 249 255 255 248 244 118 0 227 255 254 255 245 252 252 255 255 184 3 0 16 11 0 0 9 8 0 0 0 0 0 0 0 0 0 0 0 0 0 0 0 0 0 0 0 0 0 0 0 0 0 0 0 0 0 0 0 0 0 0 0 0 0 0 0 0 0
0 0 0 0 0 0 0 0 0 0 0 0 0 0 0 0 0 0 0 0 0 0 0 0 0 0 0 0 0 0 0 0 0 0 0 0 0 0 0 0 0 0 0 4 144 248 254 255 255 253 241 112 0 3 1 215 255 254 254 255 246 182 0 0 1 0 1 1 2 0 200 254 255 252 255 255 213 0 133 248 255 255 255 250 255 249 255 255 255 255 255 237 114 0 0 1 217 255 255 254 254 255 175 0 0 5 170 251 254 254 255 253 220 1 220 255 255 252 255 250 181 7 0 3 13 0 135 249 255 247 248 102 171 242 242 255 253 255 203 2 0 0 0 0 0 150 245 255 254 255 255 238 116 2 2 0 192 255 253 255 255 252 246 248 247 249 151 0 217 255 255 247 253 248 252 255 255 249 141 0 4 144 244 247 255 255 255 229 0 4 0 3 230 255 253 255 255 251 150 146 249 255 249 255 249 222 0 146 249 250 255 252 255 188 216 255 252 252 255 251 129 4 208 253 248 251 252 255 255 247 248 249 99 130 246 255 254 249 251 255 255 255 255 246 215 119 18 0 0 3 0 2 0 149 247 254 255 248 241 253 253 252 250 255 255 231 171 16 0 197 255 236 255 255 251 199 0 2 1 142 247 255 255 250 255 230 1 0 7 0 19 147 243 255 255 244 239 255 255 255 246 129 19 0 0 3 0 2 0 149 247 254 255 252 255 240 93 130 246 255 252 255 248 255 252 251 255 254 255 252 240 117 1 0 2 0 3 174 253 255 255 255 255 222 0 223 255 255 252 255 249 177 0 2 0 145 248 255 255 254 255 230 2 0 0 114 238 255 249 255 255 255 255 247 254 255 255 255 252 189 0 186 255 254 255 247 245 248 249 255 254 153 7 208 253 248 250 254 255 255 237 255 249 246 184 60 0 18 0 1 3 5 0 185 249 255 253 255 252 174 229 255 252 255 249 241 97 164 249 247 255 255 229 126 236 248 255 253 247 172 1 140 246 254 247 255 255 254 254 255 253 254 204 125 24 0 133 248 252 255 255 253 240 97 0 221 252 255 255 255 180 168 253 255 253 255 230 34 94 240 247 249 255 243 250 255 255 248 250 251 231 210 0 0 196 255 254 255 253 253 218 0 2 0 1 212 255 250 253 250 246 255 233 255 246 141 0 23 205 250 249 255 255 249 248 253 255 213 48 0 0 7 11 4 0 0 0 0 0 0 0 0 0 0 0 0 0 0 0 0 0 0 0 0 0 0 0 0 0 0 0 0 0 0 0 0 0 0 0 0 0 0 0 0 0 0
0 0 0 0 0 0 0 0 0 0 0 0 0 0 0 0 0 0 0 0 0 0 0 0 0 0 0 0 0 0 0 0 0 0 0 0 0 0 0 0 0 0 0 4 144 248 254 255 255 253 241 112 0 3 1 215 255 254 254 255 246 182 0 0 1 0 1 1 2 0 200 254 255 252 255 255 213 0 133 248 254 255 255 246 255 249 254 255 255 255 255 237 114 0 0 1 217 255 255 254 254 255 175 0 0 5 170 251 254 254 255 253 220 1 220 255 255 252 255 250 175 0 0 0 0 7 220 243 253 241 226 17 167 255 255 249 254 253 176 0 9 5 0 5 0 150 245 255 254 255 255 238 114 2 2 0 192 255 253 255 250 255 255 255 246 249 149 0 214 249 250 254 255 255 254 244 246 236 130 0 0 151 254 251 255 255 255 229 0 4 0 3 230 255 253 255 254 250 150 145 244 255 252 255 252 230 4 119 242 251 255 253 255 202 225 255 249 255 251 246 80 2 208 253 255 255 250 245 254 254 255 234 118 141 237 255 255 252 251 252 236 250 246 255 255 243 159 8 0 3 0 2 0 149 247 254 251 250 253 255 229 255 255 248 252 255 248 108 2 203 255 253 255 255 251 199 0 2 1 142 247 255 255 250 255 230 1 0 0 0 1 1 107 238 253 252 252 255 247 255 255 232 135 0 0 3 0 2 0 149 247 254 255 252 255 240 93 130 246 255 252 255 250 255 245 255 255 251 255 252 240 117 1 0 2 0 3 174 253 255 255 255 255 222 0 223 255 255 253 255 248 174 0 2 0 145 248 255 255 254 255 230 2 0 0 114 238 255 255 255 231 247 255 255 253 255 255 255 252 189 0 186 255 254 255 251 255 255 254 254 243 145 5 212 254 247 249 255 255 234 255 235 255 244 249 220 35 0 0 4 3 4 4 166 252 252 253 255 253 189 235 255 253 255 255 221 10 167 255 255 251 242 223 69 228 252 255 255 234 202 0 142 244 255 255 254 255 248 240 255 244 255 255 244 143 1 133 248 252 255 255 253 240 96 85 249 255 242 236 245 159 151 250 255 250 255 243 81 103 234 255 255 255 247 255 231 248 255 255 250 255 255 129 10 201 240 254 255 253 253 218 0 2 0 0 213 255 254 254 255 255 255 255 250 242 121 4 10 8 183 237 255 255 248 255 248 243 245 178 32 0 3 13 0 0 5 0 0 0 0 0 0 0 0 0 0 0 0 0 0 0 0 0 0 0 0 0 0 0 0 0 0 0 0 0 0 0 0 0 0 0 0 0 0 0 0
0 0 0 0 0 0 0 0 0 0 0 0 0 0 0 0 0 0 0 0 0 0 0 0 0 0 0 0 0 0 0 0 0 0 0 0 0 0 0 0 0 0 0 4 144 248 254 255 255 253 241 112 0 3 1 215 255 254 254 255 246 182 0 0 1 0 1 1 2 0 200 254 255 252 255 255 213 0 133 248 253 250 255 240 252 252 252 255 255 255 255 237 114 0 0 1 217 255 255 254 254 255 175 0 0 5 170 251 254 254 255 253 220 1 220 255 255 252 255 250 182 0 8 10 0 80 237 251 255 243 196 14 151 242 255 255 246 255 187 4 0 5 19 0 0 150 245 255 254 255 255 238 112 1 3 0 192 255 252 255 251 251 255 233 255 255 150 1 204 255 255 255 244 251 255 253 255 245 136 10 0 140 252 255 255 255 255 229 0 4 0 3 229 255 252 255 254 250 149 145 243 255 253 255 255 236 5 75 236 254 255 253 255 216 233 255 253 255 242 228 26 0 210 255 243 255 251 255 255 246 255 240 96 144 238 251 255 255 253 241 137 220 253 255 239 255 219 5 0 3 0 2 0 149 247 254 250 255 248 230 114 203 255 255 243 252 244 188 10 210 246 254 255 255 251 199 0 2 1 142 247 255 255 250 255 230 1 0 15 0 0 22 11 63 212 255 255 238 253 255 231 255 228 13 0 3 0 2 0 149 247 254 255 252 255 240 93 130 246 255 253 255 245 248 246 255 255 251 255 252 240 117 1 0 2 0 3 174 253 255 255 255 255 222 1 223 254 254 253 255 251 177 0 2 0 145 248 255 255 254 255 230 2 0 0 114 238 255 247 255 252 255 247 255 255 245 255 255 252 189 0 186 255 254 255 238 246 255 236 255 243 156 0 213 255 254 253 255 244 191 169 255 236 255 255 233 180 5 3 3 0 0 11 142 255 251 252 255 254 207 241 255 255 255 253 219 0 204 255 255 248 255 239 0 227 251 255 255 238 211 0 137 242 255 255 250 254 232 118 224 243 244 251 255 214 16 132 247 252 255 255 253 239 95 104 232 254 253 255 255 155 128 248 255 251 255 248 124 106 231 255 241 255 250 246 139 180 253 248 255 255 234 223 0 188 255 254 255 253 253 218 0 2 0 0 215 255 255 255 255 255 239 253 235 255 114 0 0 6 0 168 242 249 251 255 255 254 251 255 140 7 0 0 2 2 4 0 0 0 0 0 0 0 0 0 0 0 0 0 0 0 0 0 0 0 0 0 0 0 0 0 0 0 0 0 0 0 0 0 0 0 0 0 0 0 0
0 0 0 0 0 0 0 0 0 0 0 0 0 0 0 0 0 0 0 0 0 0 0 0 0 0 0 0 0 0 0 0 0 0 0 0 0 0 0 0 0 0 0 4 144 248 254 255 255 253 241 112 0 3 1 215 255 254 254 255 246 182 0 0 1 0 1 1 2 0 200 254 255 252 255 255 213 0 133 248 255 248 255 239 231 255 254 253 255 255 255 237 114 0 0 1 217 255 255 254 254 255 175 0 0 5 170 251 254 254 255 253 220 1 220 255 255 252 255 250 182 0 5 14 0 132 234 255 248 255 255 234 255 255 255 254 255 238 255 236 145 0 0 9 0 150 245 255 254 255 255 238 110 0 3 1 192 255 252 255 255 255 205 19 2 0 4 0 226 254 242 252 255 255 167 0 0 0 0 0 6 151 247 248 255 255 255 229 0 4 0 3 229 255 252 255 254 250 149 145 248 255 253 252 254 229 0 18 227 255 255 251 255 228 241 255 254 255 243 215 0 0 213 255 255 255 254 251 171 11 0 3 13 127 254 255 252 249 251 233 56 211 255 255 248 248 240 128 0 3 0 2 0 149 247 254 250 255 247 218 59 172 251 255 255 255 247 194 0 212 249 248 255 255 251 199 0 2 1 142 247 255 255 250 255 230 1 0 0 16 10 0 3 0 12 191 246 255 255 255 252 255 238 119 0 3 0 2 0 149 247 254 255 252 255 240 93 130 246 255 255 252 238 230 254 255 249 255 255 252 240 117 1 0 2 0 3 174 253 255 255 255 255 222 3 223 252 252 253 255 255 181 0 2 0 145 248 255 255 254 255 230 2 0 0 114 238 255 255 254 245 228 106 164 250 255 255 255 252 189 0 186 255 254 252 255 255 205 12 1 0 0 0 214 255 255 253 255 241 164 123 241 252 243 234 255 196 8 0 5 0 0 4 90 247 255 253 255 254 224 246 255 255 255 255 202 0 222 252 255 245 255 201 11 198 233 253 251 255 232 21 132 241 255 255 248 253 227 76 211 255 255 238 241 240 96 131 246 252 255 255 253 238 94 134 236 255 255 249 238 136 105 248 255 253 255 245 158 103 233 255 240 255 253 242 88 139 252 251 255 248 255 205 0 187 255 254 255 253 253 218 0 2 0 4 219 254 253 251 250 244 195 14 7 0 26 0 0 3 4 0 123 221 255 254 234 246 255 255 214 2 0 0 10 5 0 0 0 0 0 0 0 0 0 0 0 0 0 0 0 0 0 0 0 0 0 0 0 0 0 0 0 0 0 0 0 0 0 0 0 0 0 0 0 0 0
0 0 0 0 0 0 0 0 0 0 0 0 0 0 0 0 0 0 0 0 0 0 0 0 0 0 0 0 0 0 0 0 0 0 0 0 0 0 0 0 0 0 0 4 144 248 254 255 255 253 241 112 0 3 1 215 255 254 254 255 246 182 0 0 1 0 1 1 2 0 200 254 255 252 255 255 213 0 133 248 255 251 255 239 191 255 255 253 255 255 255 237 114 0 0 1 217 255 255 254 254 255 175 0 0 5 170 251 254 254 255 253 220 1 220 255 255 252 255 250 178 5 0 0 7 122 235 249 253 255 241 255 253 241 254 255 255 249 255 243 124 0 8 0 0 150 245 255 254 255 255 238 107 0 4 2 191 255 252 255 255 255 194 0 12 0 6 1 215 255 255 253 249 251 188 9 10 9 6 8 0 141 245 255 255 255 255 229 0 4 0 3 228 255 252 255 253 249 148 144 248 254 253 254 255 229 0 0 211 254 255 252 253 238 247 255 251 255 251 205 4 0 215 255 247 245 255 255 181 3 0 8 0 130 254 254 250 253 255 226 86 205 244 255 253 255 239 119 0 3 0 2 0 149 247 254 253 254 250 251 86 181 247 252 252 249 255 185 5 203 255 255 255 255 251 199 0 2 1 142 247 255 255 250 255 230 1 0 0 140 233 255 255 255 255 221 132 242 255 247 252 252 249 190 0 3 0 2 0 149 247 254 255 252 255 240 93 130 246 255 255 252 234 194 255 255 248 255 255 252 240 117 1 0 2 0 3 174 253 255 255 255 255 222 3 222 251 251 254 255 254 179 0 2 0 145 248 255 255 254 255 230 2 0 0 114 238 255 249 253 255 255 97 168 255 248 255 255 252 189 0 186 255 254 249 254 238 200 0 9 1 7 0 216 253 255 250 255 251 166 101 244 255 255 250 254 194 0 0 8 8 1 0 26 227 255 253 255 253 238 249 255 255 255 255 170 9 222 252 255 245 245 255 234 255 255 255 244 255 228 76 130 244 252 254 249 255 234 82 193 245 255 254 255 250 105 130 246 252 255 255 252 238 93 165 249 255 255 252 255 246 255 249 255 254 255 243 185 97 237 255 255 255 252 252 103 148 255 255 255 243 255 204 15 187 246 254 255 253 253 218 0 2 0 3 219 251 254 253 253 247 177 0 0 26 0 227 255 245 255 255 234 185 185 255 255 255 245 242 243 0 8 3 2 1 3 0 0 0 0 0 0 0 0 0 0 0 0 0 0 0 0 0 0 0 0 0 0 0 0 0 0 0 0 0 0 0 0 0 0 0 0 0 0 0 0
0 0 0 0 0 0 0 0 0 0 0 0 0 0 0 0 0 0 0 0 0 0 0 0 0 0 0 0 0 0 0 0 0 0 0 0 0 0 0 0 0 0 0 4 144 248 254 255 255 253 241 112 0 3 1 215 255 254 254 255 246 182 0 0 1 0 1 1 2 0 200 254 255 252 255 255 213 0 133 248 255 252 255 237 142 244 255 255 255 255 255 237 114 0 0 1 217 255 255 254 254 255 175 0 0 5 170 251 254 254 255 253 220 1 220 255 255 252 255 250 178 15 0 2 4 128 245 251 250 255 244 248 254 255 255 244 255 246 246 239 137 1 6 0 0 150 245 255 254 255 255 238 106 0 4 2 191 255 251 255 253 255 215 4 10 0 3 0 213 253 249 255 255 255 191 0 0 0 0 6 0 147 255 255 255 255 255 229 0 4 0 3 228 255 251 255 253 249 148 144 246 250 255 255 255 227 10 3 191 248 255 255 253 247 251 254 252 255 255 187 12 0 215 252 255 255 253 241 173 10 3 0 14 142 245 245 253 255 255 228 78 190 255 255 243 255 249 112 0 3 0 2 0 149 247 254 255 252 239 229 67 167 247 255 255 249 255 191 15 196 252 252 255 255 251 199 0 2 1 142 247 255 255 250 255 230 1 0 6 128 254 255 243 255 246 212 1 184 255 255 254 255 255 171 0 3 0 2 0 149 247 254 255 252 255 240 93 130 246 255 254 255 230 144 251 255 251 255 255 252 240 117 1 0 2 0 3 174 253 255 255 255 255 222 1 221 252 253 255 255 247 169 0 2 0 145 248 255 255 254 255 230 2 0 0 114 238 255 255 249 241 248 96 178 255 253 255 255 252 189 0 186 255 254 251 255 255 218 0 0 0 0 3 216 249 255 249 255 255 172 122 251 232 255 255 252 203 0 0 6 6 4 0 0 215 255 253 255 251 248 250 254 255 255 248 157 94 251 250 248 255 255 241 255 242 255 249 248 255 248 126 125 249 253 249 254 255 236 80 201 255 250 253 255 234 86 129 245 252 255 255 252 237 92 175 250 249 253 245 247 254 255 251 255 251 255 246 208 92 240 244 255 248 241 245 108 145 247 240 253 255 252 215 0 179 255 254 255 253 253 218 0 2 0 0 218 251 255 255 255 255 183 5 0 2 0 198 244 255 251 255 235 144 103 231 240 249 255 255 241 0 7 0 0 3 5 0 0 0 0 0 0 0 0 0 0 0 0 0 0 0 0 0 0 0 0 0 0 0 0 0 0 0 0 0 0 0 0 0 0 0 0 0 0 0 0
0 0 0 0 0 0 0 0 0 0 0 0 0 0 0 0 0 0 0 0 0 0 0 0 0 0 0 0 0 0 0 0 0 0 0 0 0 0 0 0 0 0 0 4 144 248 254 255 255 253 241 112 0 3 1 215 255 254 254 255 246 182 0 0 1 0 1 1 2 0 200 254 255 252 255 255 213 0 133 248 253 252 255 232 105 231 255 255 255 255 255 237 114 0 0 1 217 255 255 254 254 255 175 0 0 5 170 251 254 254 255 253 220 1 220 255 255 252 255 250 155 0 1 7 0 152 241 255 255 253 255 242 255 244 247 255 252 255 253 236 137 0 0 4 0 150 245 255 254 255 255 238 105 0 4 2 191 255 251 255 255 247 203 5 0 0 9 0 220 253 248 255 252 248 192 0 5 2 1 7 0 151 255 245 255 255 255 229 0 4 0 3 228 255 251 255 253 249 148 144 249 252 255 255 246 213 8 1 176 243 255 255 255 252 254 253 255 252 252 166 13 0 215 254 254 249 254 255 186 0 0 7 0 136 251 255 255 249 255 238 79 212 254 246 255 254 214 139 0 3 0 2 0 149 247 254 249 255 255 231 65 171 253 252 247 255 248 181 0 223 255 246 255 255 251 199 0 2 1 142 247 255 255 250 255 230 1 0 0 124 226 255 255 254 247 232 0 180 241 252 255 245 242 192 0 3 0 2 0 149 247 254 255 252 255 240 93 130 246 255 247 255 226 106 239 254 253 254 255 252 240 117 1 0 2 0 3 174 253 255 255 255 255 222 0 221 253 255 255 255 240 159 0 2 0 145 248 255 255 254 255 230 2 0 0 114 238 255 255 255 246 255 110 177 244 255 255 255 252 189 0 186 255 254 255 248 255 203 3 1 0 6 2 214 248 255 251 254 255 168 109 242 252 255 248 255 191 2 5 2 0 4 10 0 215 248 254 255 250 253 250 252 255 255 247 132 115 243 254 255 255 249 255 241 255 255 254 255 255 246 150 117 254 255 250 255 255 230 81 192 255 247 253 252 228 109 128 245 252 255 255 252 237 92 201 255 246 255 255 249 255 245 253 255 248 255 251 223 90 241 246 255 251 252 248 104 139 255 255 244 252 253 201 11 184 254 254 255 253 253 218 0 2 0 0 221 253 255 249 253 255 179 0 4 0 0 207 247 255 253 248 250 148 73 242 254 250 255 255 221 7 5 0 3 10 0 0 0 0 0 0 0 0 0 0 0 0 0 0 0 0 0 0 0 0 0 0 0 0 0 0 0 0 0 0 0 0 0 0 0 0 0 0 0 0 0
0 0 0 0 0 0 0 0 0 0 0 0 0 0 0 0 0 0 0 0 0 0 0 0 0 0 0 0 0 0 0 0 0 0 0 0 0 0 0 0 11 0 1 5 142 251 254 255 255 255 227 118 21 0 0 221 252 253 249 252 254 175 9 0 0 3 0 4 0 3 192 255 255 255 242 248 224 0 136 246 252 244 255 233 91 195 255 255 255 255 248 251 122 0 6 1 220 252 253 252 254 255 180 7 3 0 165 235 255 255 255 252 220 91 244 243 240 255 247 254 158 0 3 3 0 149 249 255 255 245 255 251 255 249 251 255 253 255 252 231 141 5 0 0 0 152 253 248 244 255 255 237 97 0 4 5 173 255 255 248 248 255 209 11 0 7 0 4 210 254 255 247 251 255 189 6 0 8 13 2 4 148 253 249 255 255 252 237 0 1 3 0 222 254 234 255 255 249 170 152 247 255 255 255 250 222 0 7 137 241 255 255 247 255 255 247 248 255 246 144 0 8 216 253 249 255 254 255 163 17 0 0 3 137 250 250 255 254 254 232 75 211 255 255 247 255 242 119 0 8 13 2 4 148 253 249 246 255 247 237 108 213 255 255 247 255 248 201 0 217 250 255 255 246 242 207 0 2 0 150 255 255 253 255 253 227 5 0 0 0 252 246 255 252 248 229 71 187 253 255 255 248 255 181 0 8 13 2 4 148 253 249 255 255 250 238 94 130 245 255 252 255 231 99 190 255 245 255 255 255 241 121 0 7 0 11 0 171 239 255 255 246 251 226 79 233 250 255 244 251 253 152 4 0 8 144 255 255 247 255 255 235 0 7 0 124 235 255 255 252 255 246 106 177 249 255 255 255 250 207 0 183 255 248 249 255 247 204 21 0 0 2 7 210 255 253 251 251 255 177 108 247 252 242 255 254 190 9 9 0 4 11 0 0 180 246 255 255 255 255 255 255 255 255 243 95 144 254 255 255 244 255 255 255 255 251 253 254 246 255 172 124 254 250 251 255 252 237 88 202 249 255 246 254 240 99 123 248 254 255 255 255 242 90 215 243 255 255 250 250 255 255 247 255 252 255 255 227 132 231 248 253 255 254 237 115 209 247 255 244 255 253 205 2 203 252 255 254 253 255 199 0 0 1 13 194 255 254 254 255 246 183 3 0 18 6 167 250 255 255 255 243 161 132 217 255 255 242 255 227 0 13 0 2 3 2 0 0 0 0 0 0 0 0 0 0 0 0 0 0 0 0 0 0 0 0 0 0 0 0 0 0 0 0 0 0 0 0 0 0 0 0 0 0 0 0
0 0 0 0 0 0 0 0 0 0 0 0 0 0 0 0 0 0 0 0 0 0 0 0 0 0 0 0 0 0 0 0 0 0 0 0 0 0 0 0 0 0 6 4 147 244 249 249 242 255 239 112 0 0 1 225 255 255 255 255 253 177 0 0 10 7 0 0 0 1 199 250 252 254 255 255 205 16 121 255 255 255 255 232 68 175 243 249 253 255 247 235 113 1 13 0 211 246 252 255 255 246 174 0 6 0 60 247 255 248 254 253 255 231 255 255 255 239 255 216 86 0 13 3 0 9 5 0 3 0 0 16 193 253 255 247 252 255 193 8 0 0 16 2 14 151 245 255 255 255 251 252 255 246 255 195 202 237 243 255 255 220 255 255 248 255 234 2 214 255 255 255 254 255 192 8 3 0 0 0 0 146 255 255 255 251 255 229 8 0 14 1 195 255 255 255 244 255 240 255 255 255 246 250 254 178 10 0 125 241 241 245 250 255 255 255 255 246 225 104 9 5 218 251 249 255 240 255 255 248 255 255 197 152 235 255 255 255 251 251 89 211 253 255 250 252 240 129 3 0 0 0 0 146 255 255 255 252 242 255 227 255 255 245 255 255 255 163 2 209 251 250 252 247 255 194 0 0 1 141 234 249 252 255 253 231 1 4 8 19 195 255 254 255 255 255 244 255 255 248 247 252 255 158 3 0 0 0 0 146 255 255 255 254 249 240 104 139 248 251 243 255 239 60 170 255 251 254 252 250 235 122 0 10 0 0 17 70 233 255 240 255 255 254 255 255 254 255 255 241 245 68 0 7 8 136 241 248 252 255 252 230 6 0 4 110 241 252 255 246 253 247 116 185 252 251 253 255 244 175 16 181 248 255 255 244 241 255 231 255 255 234 2 205 249 252 255 249 250 170 118 254 255 255 255 245 187 0 8 0 3 0 0 14 169 251 253 253 253 253 253 253 253 253 224 41 165 231 251 255 244 255 228 5 133 255 253 246 255 238 191 124 240 253 252 255 246 234 93 202 249 255 251 255 238 106 130 252 254 251 253 253 241 112 241 247 244 248 255 247 149 42 231 252 248 253 255 236 147 235 255 255 246 253 255 224 255 253 255 255 245 255 222 0 180 248 243 255 245 251 255 241 255 243 126 230 251 252 255 255 255 248 255 244 241 207 154 250 255 246 250 255 251 246 255 253 240 255 255 223 14 10 0 3 6 0 0 0 0 0 0 0 0 0 0 0 0 0 0 0 0 0 0 0 0 0 0 0 0 0 0 0 0 0 0 0 0 0 0 0 0 0 0 0 0 0
0 0 0 0 0 0 0 0 0 0 0 0 0 0 0 0 0 0 0 0 0 0 0 0 0 0 0 0 0 0 0 0 0 0 0 0 0 0 0 0 0 0 3 0 161 253 255 253 254 255 243 124 0 7 1 220 244 250 250 250 248 195 4 14 0 0 2 5 4 0 212 251 255 247 248 255 207 14 125 252 235 248 254 253 100 114 249 255 253 255 255 244 120 2 6 0 225 255 252 255 253 252 194 0 4 11 8 190 246 251 255 255 253 250 248 249 254 255 250 209 9 0 1 2 10 15 2 13 0 7 5 0 198 243 249 255 255 241 196 0 27 3 0 0 1 150 246 255 255 255 246 255 243 251 250 199 187 255 251 255 242 255 246 241 255 245 229 12 219 255 250 250 244 255 204 0 13 7 1 12 0 152 249 248 255 251 255 228 3 0 4 0 92 215 255 254 232 255 255 255 245 242 248 255 240 82 2 7 21 231 255 255 255 242 249 252 235 255 238 111 0 9 200 255 255 255 246 245 248 249 255 242 246 132 242 246 240 255 247 229 87 208 253 255 248 255 240 128 13 7 1 12 0 152 249 248 255 252 250 255 255 255 246 255 244 249 236 166 21 222 236 255 252 243 255 192 4 8 10 158 248 255 255 255 255 243 1 5 0 3 187 237 255 253 230 255 255 240 245 255 255 244 222 102 13 7 1 12 0 152 249 248 255 252 253 239 104 136 245 254 255 253 234 87 119 240 245 255 255 255 245 133 0 4 4 0 0 10 196 252 242 251 255 247 248 248 253 255 250 255 189 15 0 9 0 154 249 255 255 255 255 235 4 0 9 123 251 255 255 245 255 247 119 181 251 253 248 255 255 187 15 197 246 255 255 255 255 255 255 246 255 235 0 221 255 251 255 251 255 182 110 243 250 249 253 255 217 7 0 1 8 9 0 5 104 228 255 255 255 255 255 255 255 255 237 0 209 255 246 255 255 248 189 9 177 231 255 255 242 255 221 138 235 255 255 255 253 242 85 204 255 255 249 255 235 100 131 249 253 248 255 253 238 144 229 255 255 253 255 237 126 0 227 252 255 255 255 253 177 245 248 255 246 255 250 255 255 253 252 255 245 252 189 0 212 255 255 255 246 241 248 249 255 242 152 220 234 247 253 241 255 255 252 255 253 227 23 202 255 243 255 254 248 255 255 247 241 255 255 169 0 2 4 0 0 0 0 0 0 0 0 0 0 0 0 0 0 0 0 0 0 0 0 0 0 0 0 0 0 0 0 0 0 0 0 0 0 0 0 0 0 0 0 0 0 0
0 0 0 0 0 0 0 0 0 0 0 0 0 0 0 0 0 0 0 0 0 0 0 0 0 0 0 0 0 0 0 0 0 0 0 0 0 0 0 0 12 6 0 0 166 251 255 244 255 247 230 139 3 2 0 219 255 255 255 251 248 205 3 3 0 0 8 5 1 0 214 250 255 250 236 251 228 0 159 251 255 255 242 231 107 0 229 251 241 245 252 251 129 0 0 8 227 255 239 242 241 255 210 0 0 0 3 0 219 249 255 251 249 255 252 255 238 255 196 0 0 10 0 0 9 0 0 0 6 13 1 0 212 255 255 255 255 254 208 0 0 6 2 13 0 167 255 249 249 254 248 255 255 255 247 202 182 255 242 243 247 255 249 255 255 255 249 0 220 255 245 243 244 255 221 0 0 0 0 4 1 171 255 241 253 255 245 241 7 14 6 7 5 138 234 255 248 252 242 253 253 255 255 223 148 7 0 0 11 235 254 239 251 255 255 247 255 255 235 0 3 0 229 243 237 252 252 255 255 240 253 255 207 136 255 255 246 255 255 228 98 214 255 250 245 255 248 138 0 0 0 4 1 171 255 241 246 255 255 239 251 240 247 255 255 255 231 24 0 206 255 236 255 251 249 210 0 4 0 154 254 255 246 246 250 238 0 0 8 0 11 201 253 255 242 255 243 250 255 248 255 240 159 0 0 0 0 4 1 171 255 241 255 255 255 241 114 140 245 255 244 251 245 106 4 224 255 234 250 255 244 138 0 0 11 8 0 20 0 218 255 246 255 255 255 255 255 233 255 210 0 9 3 1 0 176 255 251 242 244 255 232 0 4 0 142 240 251 255 253 255 251 130 181 253 255 243 255 255 213 0 207 251 244 246 245 255 239 255 248 252 236 0 228 255 244 248 244 255 185 141 255 254 243 244 255 217 0 6 0 0 7 0 2 83 255 253 253 253 253 253 253 253 253 220 0 219 255 255 246 238 254 222 0 162 244 255 252 243 255 227 153 227 255 248 247 252 237 96 217 255 249 243 255 241 110 142 248 255 253 255 255 240 182 250 255 252 239 255 244 134 3 221 245 249 246 252 250 191 238 248 254 250 255 239 249 236 255 247 250 255 235 104 0 214 220 247 247 253 255 255 252 242 255 133 215 253 255 255 255 255 250 255 255 255 234 0 129 218 254 245 254 255 244 237 248 255 254 178 72 0 0 12 0 0 1 0 0 0 0 0 0 0 0 0 0 0 0 0 0 0 0 0 0 0 0 0 0 0 0 0 0 0 0 0 0 0 0 0 0 0 0 0 0 0 0
0 0 0 0 0 0 0 0 0 0 0 0 0 0 0 0 0 0 0 0 0 0 0 0 0 0 0 0 0 0 0 0 0 0 0 0 0 0 0 0 0 0 1 15 165 240 255 255 255 255 245 148 0 0 23 237 242 250 255 255 247 192 4 0 14 2 0 0 0 15 211 249 244 255 255 255 207 8 160 237 248 247 255 239 134 7 207 255 255 255 253 238 132 12 0 4 226 255 255 255 255 242 185 9 9 0 11 10 0 151 223 248 248 253 255 249 228 150 0 26 0 8 0 7 11 0 6 9 0 0 0 24 193 253 251 254 255 255 205 25 0 0 9 0 18 158 246 253 255 255 253 252 249 252 249 218 212 255 255 255 255 244 243 255 251 253 232 3 218 255 255 255 255 249 191 9 7 14 0 0 6 164 255 255 245 255 254 231 10 0 0 3 0 6 61 178 249 255 248 255 255 241 184 68 0 0 9 2 0 208 251 255 255 248 255 255 246 245 225 0 10 4 228 255 255 254 247 255 255 244 250 255 225 170 237 250 255 249 254 239 123 207 253 255 255 255 232 147 7 14 0 0 6 164 255 255 255 255 255 254 251 255 255 246 235 218 124 0 0 233 255 255 255 255 255 204 2 0 8 185 238 254 255 255 255 230 21 2 10 0 11 0 114 219 255 240 255 253 251 242 178 36 0 7 7 14 0 0 6 164 255 255 248 245 255 236 148 167 240 255 255 248 231 126 3 202 255 254 255 255 234 145 18 1 0 0 10 0 18 0 142 221 241 252 242 255 243 234 141 0 17 3 0 3 4 172 243 252 255 255 255 236 15 3 0 133 235 255 249 242 249 244 160 197 245 253 255 250 234 197 15 205 255 255 255 255 251 243 255 255 247 237 8 195 244 255 255 255 255 200 146 239 255 255 255 251 200 16 7 2 0 7 1 0 30 195 255 255 255 255 255 255 255 255 198 29 208 255 241 246 255 255 200 5 132 255 247 252 255 253 242 199 246 255 247 251 255 244 118 213 255 255 255 255 228 131 168 242 249 241 253 247 232 206 243 253 255 255 255 231 113 0 235 253 255 248 254 255 220 248 255 250 251 255 255 255 246 255 255 240 234 130 0 0 217 255 254 255 255 255 242 255 246 247 162 222 251 248 245 252 255 247 244 252 255 221 6 0 58 169 247 249 255 255 255 255 205 120 15 2 11 0 0 3 7 0 0 0 0 0 0 0 0 0 0 0 0 0 0 0 0 0 0 0 0 0 0 0 0 0 0 0 0 0 0 0 0 0 0 0 0 0 0 0 0 0
0 0 0 0 0 0 0 0 0 0 0 0 0 0 0 0 0 0 0 0 0 0 0 0 0 0 0 0 0 0 0 0 0 0 0 0 0 0 0 0 7 17 4 0 13 13 0 0 3 0 1 5 0 24 0 3 8 2 7 0 2 19 0 18 0 0 13 12 8 0 25 0 7 0 0 0 14 0 7 0 21 0 5 7 2 0 6 0 0 0 0 14 4 0 7 5 11 0 0 4 1 6 29 0 7 5 7 2 5 1 0 0 0 12 0 7 0 1 15 0 12 4 0 0 0 0 7 1 5 1 6 0 6 2 0 4 0 0 1 10 4 0 10 8 0 16 12 0 0 0 0 11 9 0 0 0 0 8 0 0 0 15 0 0 5 0 3 0 5 0 0 0 0 2 29 0 0 0 1 8 0 10 6 0 11 0 0 9 0 12 15 0 4 0 0 15 6 0 0 8 0 0 13 0 0 13 1 0 0 31 0 0 8 0 0 0 0 16 10 0 0 0 8 0 1 0 0 0 0 1 5 5 10 0 0 3 12 0 3 9 5 5 0 0 0 0 13 5 0 0 1 8 0 10 6 0 4 0 0 14 0 9 1 0 14 0 6 0 22 15 0 0 0 0 0 9 7 20 0 0 5 6 0 0 0 21 0 7 0 18 0 17 11 0 10 2 0 2 0 0 18 0 0 7 0 0 1 8 0 10 6 0 10 6 11 5 0 0 11 10 1 0 18 12 0 3 0 0 0 3 7 7 0 6 13 7 0 7 0 19 8 11 0 13 0 13 9 0 0 8 5 2 3 9 0 20 5 0 0 0 0 11 0 6 10 13 8 0 8 3 0 10 0 4 10 5 0 0 17 21 0 14 0 0 0 5 7 4 0 0 0 10 0 35 5 0 0 0 3 5 0 8 0 0 0 0 19 0 0 8 6 8 5 0 0 27 2 2 2 2 2 2 2 2 16 0 18 8 7 7 0 0 5 0 8 17 1 0 0 0 0 0 6 6 0 0 9 0 0 8 0 0 0 0 13 7 0 14 15 1 6 7 0 0 0 0 0 0 0 0 7 9 0 1 4 0 2 7 0 5 3 0 0 0 0 4 0 0 4 0 2 0 12 6 7 0 0 3 0 0 0 15 0 0 0 0 1 2 2 6 8 4 14 2 0 0 4 0 0 7 0 0 5 0 0 0 10 13 0 0 16 3 1 0 6 0 0 0 0 0 0 0 0 0 0 0 0 0 0 0 0 0 0 0 0 0 0 0 0 0 0 0 0 0 0 0 0 0 0 0 0 0 0 0 0 0
0 0 0 0 0 0 0 0 0 0 0 0 0 0 0 0 0 0 0 0 0 0 0 0 0 0 0 0 0 0 0 0 0 0 0 0 0 0 0 0 0 0 0 4 0 0 0 5 0 7 6 0 0 8 0 3 0 0 11 1 1 0 0 3 8 0 3 0 0 1 1 0 3 2 12 6 0 14 0 0 0 0 20 0 0 2 0 13 8 9 0 0 0 2 7 0 1 0 3 12 3 0 0 0 0 3 0 7 5 0 1 15 5 5 9 9 0 0 3 10 0 0 5 8 5 6 0 0 2 0 6 1 4 5 0 4 18 8 5 0 0 0 2 0 0 0 2 17 19 9 1 0 0 1 11 11 0 0 0 9 5 5 10 14 0 0 0 9 5 0 6 12 3 0 0 4 12 5 2 0 12 0 0 13 0 4 21 7 0 0 0 9 4 10 9 0 0 5 13 0 12 0 1 10 7 0 0 11 0 1 0 13 3 0 0 14 2 0 0 0 9 0 10 11 0 6 13 4 0 2 1 1 0 17 9 5 0 0 1 5 0 0 3 21 14 0 0 0 12 5 2 0 12 0 0 13 7 0 0 13 0 1 3 14 0 11 0 8 0 0 0 11 11 13 5 0 0 0 6 5 0 2 12 0 4 2 3 10 11 0 17 0 8 3 0 0 7 8 13 0 13 0 0 0 12 5 2 0 12 0 0 13 0 2 2 0 6 9 0 1 0 8 7 0 12 4 6 0 0 7 0 5 0 4 0 0 9 4 0 0 0 8 0 0 10 0 0 20 6 17 0 5 0 3 3 0 0 4 10 6 7 7 12 0 0 0 2 13 0 4 0 2 4 14 0 0 2 0 0 0 14 0 0 0 9 1 0 0 6 3 2 0 0 0 0 0 4 3 0 3 4 0 9 16 9 0 0 16 1 9 1 0 0 14 0 2 0 0 0 0 0 0 0 0 0 0 3 2 0 5 15 0 1 2 0 2 0 0 15 8 1 9 0 0 0 0 3 0 0 0 1 16 19 0 0 0 4 3 6 0 0 1 0 2 12 4 0 1 1 0 0 2 0 0 3 0 2 5 0 6 0 11 9 5 0 0 3 1 0 15 4 3 8 0 0 12 4 5 1 15 4 0 0 5 14 0 1 6 4 2 0 0 0 8 17 0 14 8 8 0 6 6 7 8 7 2 0 0 23 2 0 0 10 0 0 6 0 0 0 0 0 0 0 0 0 0 0 0 0 0 0 0 0 0 0 0 0 0 0 0 0 0 0 0 0 0 0 0 0 0 0 0 0 0 0 0
0 0 0 0 0 0 0 0 0 0 0 0 0 0 0 0 0 0 0 0 0 0 0 0 0 0 0 0 0 0 0 0 0 0 0 0 0 0 0 0 8 6 0 12 0 0 1 6 6 1 0 2 8 0 4 2 8 0 3 0 7 0 15 0 2 2 13 0 0 12 0 7 3 0 0 2 0 0 9 4 0 16 0 0 20 0 8 0 0 0 0 5 4 0 0 5 1 3 10 0 0 11 0 9 0 5 7 0 2 7 4 0 0 2 3 0 1 8 0 0 1 0 4 0 1 10 0 8 0 0 11 0 1 0 0 3 0 0 9 0 7 6 0 3 5 0 2 1 0 1 13 3 3 0 1 3 1 10 1 0 1 0 1 0 1 10 13 0 0 1 11 0 1 11 0 1 0 3 4 0 17 0 0 4 2 6 0 0 11 14 0 2 8 0 0 9 8 0 1 0 0 0 2 0 6 0 11 0 8 0 0 5 0 12 1 1 4 0 0 10 0 7 0 0 6 0 0 0 4 5 0 2 2 3 0 7 0 11 0 2 1 4 1 0 0 1 11 0 0 3 4 0 17 0 0 4 0 5 0 0 6 2 0 1 0 11 0 3 6 0 11 0 0 6 0 10 12 0 0 0 3 0 6 0 7 0 16 0 0 2 0 8 3 8 2 6 7 0 6 0 0 1 11 0 0 3 4 0 17 0 0 4 0 10 7 0 9 3 0 8 5 4 0 12 3 0 10 3 0 13 0 7 5 0 0 15 0 10 0 0 12 0 2 4 3 7 4 0 9 0 1 6 5 0 7 0 0 12 0 0 5 0 7 0 0 19 0 7 0 16 0 0 5 5 0 9 0 0 5 6 0 0 23 0 1 0 6 0 5 0 5 0 0 0 19 2 0 12 0 0 1 0 4 0 1 9 0 2 0 0 3 5 0 3 5 0 1 1 1 1 1 1 1 1 3 6 1 5 2 0 0 3 0 13 0 10 4 0 8 0 0 13 0 0 6 0 0 5 0 12 2 0 0 0 2 3 8 0 3 2 0 6 0 2 0 0 0 3 5 2 0 0 6 0 3 0 3 1 0 1 0 6 0 13 2 3 0 0 0 11 0 5 3 3 11 0 3 5 0 0 0 0 6 0 0 0 7 2 0 0 3 3 9 0 0 6 2 0 6 3 0 6 1 0 0 6 3 1 0 7 3 0 3 0 4 0 0 0 0 0 0 0 0 0 0 0 0 0 0 0 0 0 0 0 0 0 0 0 0 0 0 0 0 0 0 0 0 0 0 0 0 0 0 0 0 0
0 0 0 0 0 0 0 0 2 2 2 2 2 2 2 2 1 1 1 1 1 1 1 1 0 0 0 0 0 0 0 0 0 0 0 0 0 0 0 0 1 1 1 1 1 1 1 1 1 1 1 1 1 1 1 1 1 1 1 1 1 1 1 1 0 0 0 0 0 0 0 0 1 1 1 1 1 1 1 1 1 1 1 1 1 1 1 1 1 1 1 1 1 1 0 0 0 0 0 0 0 0 0 0 0 0 0 0 0 0 0 0 0 0 0 0 0 0 0 0 0 0 0 0 0 0 0 0 0 0 0 0 0 0 0 0 0 0 0 0 0 0 0 0 0 0 0 0 0 0 0 0 1 1 3 1 3 1 3 1 3 1 3 1 3 1 3 1 0 0 0 0 0 0 0 0 0 0 0 0 0 0 0 0 0 0 0 0 0 0 0 0 0 0 0 0 0 0 0 0 0 0 0 0 0 0 0 0 0 0 0 0 0 0 0 0 0 0 0 0 0 0 0 0 0 0 0 0 0 0 0 0 0 0 0 0 0 0 0 0 0 0 0 0 0 0 0 0 1 1 1 1 1 1 1 1 1 1 1 1 1 1 1 1 1 1 1 1 1 1 1 1 1 1 1 1 1 1 1 1 1 1 1 1 1 1 1 1 1 1 1 1 1 1 1 1 1 1 1 1 1 1 1 1 1 1 1 1 1 1 1 1 1 1 1 1 1 1 1 1 1 1 1 1 1 1 1 1 1 1 1 1 1 1 1 1 1 1 1 1 1 1 1 1 0 0 0 0 0 0 0 0 0 0 0 0 0 0 0 0 0 0 0 0 0 0 0 0 0 0 0 0 0 0 0 0 0 0 0 0 0 0 0 0 0 0 0 0 0 0 0 0 0 0 0 0 0 0 0 0 0 0 0 0 0 0 0 0 0 0 0 0 0 0 0 0 0 0 0 0 0 0 0 0 0 0 0 0 0 0 0 0 0 0 0 0 0 0 0 0 0 0 0 0 0 0 0 0 0 0 0 0 0 0 0 0 1 1 1 1 1 1 1 1 1 1 1 1 1 1 1 1 1 1 1 1 1 1 1 1 1 1 1 1 1 1 1 1 1 1 1 1 1 1 1 1 1 1 1 1 1 1 1 1 1 1 1 1 1 1 1 1 1 1 1 1 1 1 1 1 1 1 1 1 1 1 1 1 1 1 1 1 1 1 1 1 1 1 1 1 1 1 1 1 1 1 1 1 1 1 1 1 1 1 1 1 1 1 1 1 1 1 1 1 1 1 1 1 0 0 0 0 0 0 0 0
0 0 0 0 0 0 0 0 3 3 3 3 3 3 3 3 1 1 1 1 1 1 1 1 1 0 1 0 1 0 1 0 2 1 2 1 2 1 2 2 2 2 2 2 2 2 2 2 1 1 1 1 1 1 1 0 1 1 1 1 1 1 1 1 0 0 0 0 0 0 0 0 1 1 1 1 1 1 1 1 1 1 1 1 1 1 1 1 2 2 4 2 4 2 2 1 1 1 1 0 0 0 0 0 1 1 2 1 2 1 2 1 2 1 2 1 2 1 2 1 2 1 2 1 2 1 2 1 2 1 2 1 2 1 2 1 2 1 2 1 2 1 2 1 2 1 2 1 2 1 2 2 2 2 4 2 4 2 4 2 4 2 4 2 4 2 4 2 2 1 2 1 2 1 2 1 2 1 2 1 2 1 2 1 2 1 2 1 2 1 2 1 2 1 2 1 2 1 2 1 2 1 2 1 2 1 2 1 2 1 2 1 2 1 2 1 2 1 2 1 2 1 2 1 2 1 2 1 2 1 2 1 2 1 2 1 2 1 2 1 2 1 2 1 2 1 2 2 2 2 2 2 2 2 2 2 2 2 2 2 2 2 2 2 2 2 2 2 2 2 2 2 1 1 1 1 1 1 1 1 1 1 1 1 1 1 1 1 2 2 2 2 2 2 2 2 2 2 2 2 2 2 2 2 2 2 2 2 2 2 2 2 2 2 2 2 2 2 2 2 2 2 2 2 2 2 2 2 2 2 2 2 2 2 2 2 2 2 2 2 2 2 2 2 2 1 2 1 2 1 2 1 2 1 2 1 2 1 2 1 2 1 2 1 2 1 2 1 2 1 2 1 2 1 2 1 2 1 2 1 2 1 2 1 2 1 2 1 2 1 2 1 2 1 2 1 2 1 2 1 2 1 2 1 2 1 2 1 2 1 2 1 2 1 2 1 2 1 2 1 2 1 2 1 2 1 2 1 2 1 2 1 2 1 2 1 2 1 2 1 2 1 2 1 2 1 2 1 2 1 2 1 2 1 2 2 2 2 2 2 2 2 2 2 2 2 2 2 2 2 2 2 2 2 2 2 2 2 2 2 2 2 2 2 2 2 2 2 2 2 2 2 2 2 2 2 2 2 2 2 2 2 2 2 2 2 2 2 2 2 2 2 2 2 2 2 2 2 2 2 2 2 2 2 2 2 2 2 2 2 2 2 2 2 2 2 2 2 2 2 2 2 2 2 2 2 2 2 2 2 2 2 2 2 2 2 2 2 2 2 2 2 2 2 2 2 2 2 0 0 0 0 0 0 0 0
0 0 0 0 0 0 0 0 0 0 0 0 0 0 0 0 0 0 0 0 0 0 0 1 1 1 3 1 3 1 3 1 3 1 3 1 3 1 3 1 1 0 0 0 0 0 0 0 0 0 0 0 0 0 0 0 0 0 0 0 0 0 0 0 0 0 0 0 0 0 0 0 0 0 0 0 0 0 0 0 0 0 0 0 0 0 0 1 3 3 4 3 4 3 3 1 1 1 1 0 0 0 0 0 1 1 3 1 3 1 3 1 3 1 3 1 3 1 3 1 3 1 3 1 3 1 3 1 3 1 3 1 3 1 3 1 3 1 3 1 3 1 3 1 3 1 3 1 3 1 3 1 1 0 1 0 1 0 1 0 1 0 1 0 1 0 1 1 1 1 3 1 3 1 3 1 3 1 3 1 3 1 3 1 3 1 3 1 3 1 3 1 3 1 3 1 3 1 3 1 3 1 3 1 3 1 3 1 3 1 3 1 3 1 3 1 3 1 3 1 3 1 3 1 3 1 3 1 3 1 3 1 3 1 3 1 3 1 3 1 3 1 3 1 3 1 3 1 1 0 0 0 0 0 0 0 0 0 0 0 0 0 0 0 0 0 0 0 0 0 0 0 0 0 0 0 0 0 0 0 0 0 0 0 0 0 0 0 0 0 0 0 0 0 0 0 0 0 0 0 0 0 0 0 0 0 0 0 0 0 0 0 0 0 0 0 0 0 0 0 0 0 0 0 0 0 0 0 0 0 0 0 0 0 0 0 0 0 0 0 0 0 0 1 1 1 3 1 3 1 3 1 3 1 3 1 3 1 3 1 3 1 3 1 3 1 3 1 3 1 3 1 3 1 3 1 3 1 3 1 3 1 3 1 3 1 3 1 3 1 3 1 3 1 3 1 3 1 3 1 3 1 3 1 3 1 3 1 3 1 3 1 3 1 3 1 3 1 3 1 3 1 3 1 3 1 3 1 3 1 3 1 3 1 3 1 3 1 3 1 3 1 3 1 3 1 3 1 3 1 3 1 3 1 3 1 1 0 0 0 0 0 0 0 0 0 0 0 0 0 0 0 0 0 0 0 0 0 0 0 0 0 0 0 0 0 0 0 0 0 0 0 0 0 0 0 0 0 0 0 0 0 0 0 0 0 0 0 0 0 0 0 0 0 0 0 0 0 0 0 0 0 0 0 0 0 0 0 0 0 0 0 0 0 0 0 0 0 0 0 0 0 0 0 0 0 0 0 0 0 0 0 0 0 0 0 0 0 0 0 0 0 0 0 0 0 0 0 0 0 0 0 0 0 0 0
0 0 0 0 0 0 0 0 2 1 2 1 2 1 2 1 2 1 2 1 2 1 2 2 4 6 6 6 6 6 6 6 7 7 7 7 7 7 7 5 4 3 4 3 4 3 4 3 2 1 2 1 2 1 2 1 1 0 1 0 1 0 1 0 2 0 2 0 2 0 2 2 2 2 3 2 3 2 3 2 3 2 3 2 3 2 3 3 7 8 8 8 8 7 7 5 3 3 3 2 2 2 2 2 3 5 5 5 5 5 5 5 5 5 5 5 5 5 5 5 5 5 5 5 5 5 5 5 5 5 5 5 5 5 5 5 5 5 5 5 5 5 5 5 5 5 5 5 5 5 5 3 2 1 1 1 1 1 1 1 1 1 1 1 1 1 1 2 3 5 5 5 5 5 5 5 5 5 5 5 5 5 5 5 5 5 5 5 5 5 5 5 5 5 5 5 5 5 5 5 5 5 5 5 5 5 5 5 7 7 7 7 7 7 7 7 5 5 5 5 5 5 5 5 5 5 5 5 5 5 5 5 5 5 5 5 5 5 5 5 5 5 5 5 5 5 5 3 2 1 2 1 2 1 2 1 2 1 2 1 2 1 2 1 2 1 2 1 2 1 2 1 3 2 3 2 3 2 3 2 3 2 3 2 3 2 3 2 4 3 4 3 4 3 4 3 2 1 2 1 2 1 2 1 2 1 2 1 2 1 2 1 2 1 2 1 2 1 2 1 2 1 2 1 2 1 2 1 2 1 2 1 2 1 2 1 2 1 2 1 2 1 2 2 3 5 5 5 5 5 5 5 5 5 5 5 5 5 5 5 5 5 5 5 5 5 5 5 5 5 5 5 5 5 5 5 7 7 7 7 7 7 7 7 5 5 5 5 5 5 5 5 5 5 5 5 5 5 5 5 5 5 5 5 5 5 5 5 5 5 5 5 5 5 5 5 7 7 7 7 7 7 7 7 5 5 5 5 5 5 5 5 5 5 5 5 5 5 5 5 5 5 5 5 5 5 5 5 5 5 5 5 5 5 5 3 2 1 2 1 2 1 2 1 2 1 2 1 2 1 2 1 2 1 2 1 2 1 2 1 2 1 2 1 2 1 2 1 2 1 2 1 2 1 2 1 2 1 2 1 2 1 2 1 2 1 2 1 2 1 2 1 2 1 2 1 2 1 2 1 2 1 2 1 2 1 2 1 2 1 2 1 2 1 2 1 2 1 2 1 2 1 2 1 2 1 2 1 2 1 2 1 2 1 2 1 2 1 2 1 2 1 2 1 2 1 2 1 0 0 0 0 0 0 0 0
0 0 0 0 0 0 0 0 0 0 0 0 0 0 0 0 0 0 0 0 0 0 0 0 1 1 1 1 1 1 1 1 1 1 1 1 1 1 1 1 0 0 0 0 0 0 0 0 0 0 0 0 0 0 0 0 0 0 0 0 0 0 0 0 0 0 0 0 0 0 0 0 0 0 0 0 0 0 0 0 0 0 0 0 0 0 0 0 1 3 3 3 3 3 3 1 1 0 0 0 0 0 0 0 1 1 1 1 1 1 1 1 1 1 1 1 1 1 1 1 1 1 1 1 1 1 1 1 1 1 1 1 1 1 1 1 1 1 1 1 1 1 1 1 1 1 1 1 1 1 1 0 0 0 0 0 0 0 0 0 0 0 0 0 0 0 0 0 0 1 1 1 1 1 1 1 1 1 1 1 1 1 1 1 1 1 1 1 1 1 1 1 1 1 1 1 1 1 1 1 1 1 1 1 1 1 1 1 1 1 1 1 1 1 1 1 1 1 1 1 1 1 1 1 1 1 1 1 1 1 1 1 1 1 1 1 1 1 1 1 1 1 1 1 1 1 1 1 0 0 0 0 0 0 0 0 0 0 0 0 0 0 0 0 0 0 0 0 0 0 0 0 0 0 0 0 0 0 0 0 0 0 0 0 0 0 0 0 0 0 0 0 0 0 0 0 0 0 0 0 0 0 0 0 0 0 0 0 0 0 0 0 0 0 0 0 0 0 0 0 0 0 0 0 0 0 0 0 0 0 0 0 0 0 0 0 0 0 0 0 0 0 0 0 1 1 1 1 1 1 1 1 1 1 1 1 1 1 1 1 1 1 1 1 1 1 1 1 1 1 1 1 1 1 1 1 1 1 1 1 1 1 1 1 1 1 1 1 1 1 1 1 1 1 1 1 1 1 1 1 1 1 1 1 1 1 1 1 1 1 1 1 1 1 1 1 1 1 1 1 1 1 1 1 1 1 1 1 1 1 1 1 1 1 1 1 1 1 1 1 1 1 1 1 1 1 1 1 1 1 1 1 1 1 1 1 0 0 0 0 0 0 0 0 0 0 0 0 0 0 0 0 0 0 0 0 0 0 0 0 0 0 0 0 0 0 0 0 0 0 0 0 0 0 0 0 0 0 0 0 0 0 0 0 0 0 0 0 0 0 0 0 0 0 0 0 0 0 0 0 0 0 0 0 0 0 0 0 0 0 0 0 0 0 0 0 0 0 0 0 0 0 0 0 0 0 0 0 0 0 0 0 0 0 0 0 0 0 0 0 0 0 0 0 0 0 0 0 0 0 0 0 0 0 0 0
0 0 0 0 0 0 0 0 2 1 2 1 2 1 2 1 1 0 1 0 1 0 1 1 2 2 3 2 3 2 3 2 4 3 4 3 4 3 4 3 1 0 0 0 0 0 0 0 0 0 0 0 0 0 0 0 0 0 0 0 0 0 0 0 0 0 0 0 0 0 0 0 0 0 0 0 0 0 0 0 0 0 0 0 0 0 0 0 4 4 5 4 4 4 4 3 3 1 1 1 1 0 1 1 3 3 3 3 3 3 3 3 3 3 3 3 3 3 3 3 3 3 3 3 3 3 3 3 3 3 3 3 3 3 3 3 3 3 3 3 3 3 3 3 3 3 3 3 3 3 3 1 0 0 0 0 0 0 0 0 0 0 0 0 0 0 0 0 3 3 3 3 3 3 3 3 3 3 3 3 3 3 3 3 3 3 3 3 3 3 3 3 3 3 3 3 3 3 3 3 3 3 3 3 3 3 3 3 3 3 3 3 3 3 3 3 3 3 3 3 3 3 3 3 3 3 3 3 3 3 3 3 3 3 3 3 3 3 3 3 3 3 3 3 3 3 3 3 1 0 0 0 0 0 0 0 0 0 0 0 0 0 0 0 0 0 1 0 1 0 1 0 0 0 0 0 0 0 0 0 0 0 0 0 0 0 0 0 0 0 0 0 0 0 0 0 0 0 0 0 0 0 0 0 0 0 0 0 0 0 0 0 0 0 0 0 0 0 0 0 0 0 0 0 0 0 0 0 0 0 0 0 0 0 0 0 0 0 0 0 0 0 0 1 3 3 4 3 4 3 4 3 4 3 4 3 4 3 4 3 3 3 3 3 3 3 3 3 3 3 3 3 3 3 3 3 3 3 3 3 3 3 3 3 3 3 3 3 3 3 3 3 3 3 3 3 3 3 3 3 3 3 3 3 3 3 3 3 3 3 3 3 3 3 3 3 3 3 3 3 3 3 3 3 3 3 3 3 3 3 3 3 3 3 3 3 3 3 3 3 3 3 3 3 3 3 3 3 3 3 3 3 3 3 3 3 1 0 0 0 0 0 0 0 0 0 0 0 0 0 0 0 0 0 0 0 0 0 0 0 0 0 0 0 0 0 0 0 0 0 0 0 0 0 0 0 0 0 0 0 0 0 0 0 0 0 0 0 0 0 0 0 0 0 0 0 0 0 0 0 0 0 0 0 0 0 0 0 0 0 0 0 0 0 0 0 0 0 0 0 0 0 0 0 0 0 0 0 0 0 0 0 0 0 0 0 0 0 0 0 0 0 0 0 0 0 0 0 0 0 0 0 0 0 0 0
0 0 0 0 0 0 0 0 12 10 12 10 12 10 12 10 12 10 12 10 12 10 12 10 12 10 12 10 12 10 12 10 13 11 13 11 13 11 13 11 11 11 11 11 11 11 11 11 10 10 10 10 10 10 10 10 10 9 10 9 10 9 10 9 10 9 10 9 10 9 10 10 10 10 12 10 12 10 12 10 12 10 12 10 12 10 12 12 13 13 14 13 13 13 13 11 13 12 12 12 12 11 12 12 12 13 13 13 13 13 13 13 13 13 13 13 13 13 13 13 13 13 13 13 13 13 13 13 13 13 13 13 13 13 13 13 13 13 13 13 13 13 13 13 13 13 13 13 13 13 13 12 12 12 12 12 12 12 12 12 12 12 12 12 12 12 12 12 13 13 13 13 13 13 13 13 13 13 13 13 13 13 13 13 13 13 13 13 13 13 13 13 13 13 13 13 13 13 13 13 13 13 13 13 13 13 13 13 11 11 11 11 11 11 11 11 13 13 13 13 13 13 13 13 13 13 13 13 13 13 13 13 13 13 13 13 13 13 13 13 13 13 13 13 13 13 13 13 13 13 13 13 13 13 13 13 13 13 13 13 13 13 13 13 13 13 15 13 15 13 15 13 12 10 12 10 12 10 12 10 10 10 10 10 10 10 10 10 11 11 11 11 11 11 11 11 13 13 13 13 13 13 13 13 13 13 13 13 13 13 13 13 13 13 13 13 13 13 13 13 13 13 13 13 13 13 13 13 13 13 13 13 13 13 13 13 13 13 13 13 13 13 13 13 13 13 15 13 15 13 15 13 15 13 15 13 15 13 15 13 13 13 13 13 13 13 13 13 13 13 13 13 13 13 13 13 11 11 11 11 11 11 11 11 13 13 13 13 13 13 13 13 13 13 13 13 13 13 13 13 13 13 13 13 13 13 13 13 13 13 13 13 13 13 13 13 11 11 11 11 11 11 11 11 13 13 13 13 13 13 13 13 13 13 13 13 13 13 13 13 13 13 13 13 13 13 13 13 13 13 13 13 13 13 13 13 13 13 13 13 13 13 13 13 13 13 13 13 13 13 13 13 13 13 13 13 13 13 13 13 13 13 13 13 13 13 13 13 13 13 13 13 13 13 13 13 13 13 13 13 13 13 13 13 13 13 13 13 13 13 13 13 13 13 13 13 13 13 13 13 13 13 13 13 13 13 13 13 13 13 13 13 13 13 13 13 13 13 13 13 13 13 13 13 13 13 13 13 13 13 13 13 13 13 13 13 13 13 13 13 13 13 13 13 13 13 13 13 0 0 0 0 0 0 0 0
0 0 0 0 0 0 0 0 114 114 114 114 114 114 114 114 120 120 120 120 120 120 120 120 120 118 118 118 118 118 118 118 119 119 119 119 119 119 119 119 121 121 121 121 121 121 121 121 119 119 119 119 119 119 119 119 118 118 118 118 118 118 118 118 120 120 120 120 120 120 120 120 121 121 121 121 121 121 121 121 121 121 121 121 121 121 121 121 121 121 121 121 119 119 119 119 120 120 118 118 118 118 118 118 120 120 120 120 120 120 120 120 120 120 120 120 120 120 120 120 120 120 120 120 120 120 120 120 120 120 120 120 120 120 120 120 120 120 120 120 120 120 120 120 120 120 120 120 120 120 120 120 121 121 121 121 121 121 121 121 121 121 121 121 121 121 121 121 120 120 120 120 120 120 120 120 120 120 120 120 120 120 120 120 120 120 120 120 120 120 120 120 120 120 120 120 120 120 120 120 120 120 120 120 120 120 120 120 118 118 118 118 118 118 118 118 120 120 120 120 120 120 120 120 120 120 120 120 120 120 120 120 120 120 120 120 120 120 120 120 120 120 120 120 120 120 120 121 123 123 123 123 123 123 123 123 123 123 123 123 123 123 123 123 124 124 124 124 124 124 124 124 121 121 121 121 121 121 121 121 121 120 120 120 120 120 120 120 121 121 121 121 121 121 121 121 123 123 123 123 123 123 123 123 123 123 123 123 123 123 123 123 123 123 123 123 123 123 123 123 123 123 123 123 123 123 123 123 123 123 123 123 123 123 123 123 123 123 123 123 123 123 123 123 121 121 121 121 121 121 121 121 121 121 121 121 121 121 121 121 120 120 120 120 120 120 120 120 120 120 120 120 120 120 120 120 118 118 118 118 118 118 118 118 120 120 120 120 120 120 120 120 120 120 120 120 120 120 120 120 120 120 120 120 120 120 120 120 120 120 120 120 120 120 120 120 118 118 118 118 118 118 118 118 120 120 120 120 120 120 120 120 120 120 120 120 120 120 120 120 120 120 120 120 120 120 120 120 120 120 120 120 120 120 120 121 123 123 123 123 123 123 123 123 123 123 123 123 123 123 123 123 123 123 123 123 123 123 123 123 123 123 123 123 123 123 123 123 123 123 123 123 123 123 123 123 123 123 123 123 123 123 123 123 123 123 123 123 123 123 123 123 123 123 123 123 123 123 123 123 123 123 123 123 123 123 123 123 123 123 123 123 123 123 123 123 123 123 123 123 123 123 123 123 123 123 123 123 123 123 123 123 123 123 123 123 123 123 123 123 123 123 123 123 123 123 123 123 0 0 0 0 0 0 0 0
0 0 0 0 0 0 0 0 168 168 168 169 170 171 173 174 175 175 176 177 177 178 179 177 171 170 171 172 172 173 174 174 174 174 174 174 174 174 174 175 178 179 179 179 179 179 179 179 179 178 177 176 175 174 175 175 175 175 175 175 175 175 175 175 175 175 175 175 175 175 175 175 178 177 177 177 177 178 179 180 177 177 178 179 179 180 181 179 175 174 174 173 173 172 170 170 173 173 173 174 174 175 174 176 176 176 176 175 175 174 174 174 175 175 175 175 175 175 175 175 176 176 176 176 176 176 176 176 176 176 176 176 176 176 176 176 175 175 175 175 175 175 175 175 175 175 175 175 175 175 175 177 178 179 179 179 179 179 179 179 180 180 180 180 180 180 180 179 178 176 176 176 176 176 176 176 175 175 175 175 175 175 175 175 175 175 175 175 175 175 175 175 176 176 176 175 175 174 174 174 173 174 175 176 176 176 176 175 175 175 175 174 174 173 173 173 171 171 171 172 173 174 175 176 177 177 177 177 177 177 177 177 176 176 176 176 176 176 176 176 176 176 176 177 177 178 178 181 184 185 185 185 185 185 185 185 186 186 186 185 185 185 184 184 186 186 185 185 184 183 182 182 179 179 179 179 179 179 179 177 177 177 177 177 177 177 177 177 179 179 179 180 180 181 181 181 182 182 182 183 183 184 184 184 184 184 184 184 184 184 184 184 184 184 184 184 184 184 184 184 184 184 184 184 184 184 184 184 183 183 183 183 183 183 183 183 183 183 183 183 183 183 183 182 180 179 179 179 179 179 179 179 179 180 180 180 180 179 178 177 175 175 175 175 175 175 175 175 175 175 175 175 175 175 175 175 175 175 175 174 174 173 173 173 174 175 176 177 177 177 177 176 177 177 177 178 178 179 179 179 177 177 177 177 177 177 177 177 176 176 176 176 176 176 176 176 174 174 174 174 174 174 174 174 175 175 175 175 175 175 175 175 175 175 175 175 175 175 175 175 176 176 176 176 176 176 176 176 176 176 176 176 176 176 176 178 183 184 184 184 184 184 184 184 185 185 185 184 184 183 183 183 184 184 184 184 184 184 184 184 184 184 184 184 184 184 184 184 184 184 184 184 184 184 184 184 184 184 184 184 184 184 184 184 184 184 184 184 184 184 184 184 184 184 184 184 184 184 184 184 184 184 184 184 184 184 184 184 184 184 184 184 184 184 184 184 185 185 185 184 184 183 183 183 183 183 183 183 183 183 183 183 183 183 183 183 183 183 183 183 184 184 184 184 184 184 184 184 0 0 0 0 0 0 0 0
0 0 0 0 0 0 0 0 166 165 166 165 168 168 171 171 173 172 174 174 175 175 177 174 168 165 166 167 167 168 169 169 169 169 169 169 169 169 169 171 175 176 176 176 176 176 176 176 176 175 174 173 172 171 172 172 172 172 174 172 174 172 174 172 174 172 174 172 174 172 174 174 175 174 175 174 175 175 177 177 175 174 176 176 177 177 179 176 172 169 169 168 168 167 166 166 169 169 169 169 170 171 170 170 172 172 172 171 171 170 170 170 171 171 171 171 171 171 171 171 172 172 172 172 172 172 172 172 172 172 172 172 172 172 172 172 171 171 171 171 171 171 171 171 171 171 171 171 171 171 171 172 175 177 177 177 177 177 177 177 178 178 178 178 178 178 178 176 173 172 172 172 172 172 172 172 171 171 171 171 171 171 171 171 171 171 171 171 171 171 171 171 172 172 172 171 171 170 170 170 169 170 171 172 172 172 172 171 171 171 171 170 170 169 169 169 167 167 167 168 169 170 171 172 173 173 173 173 173 173 173 173 172 172 172 172 172 172 172 172 172 172 172 173 173 173 174 177 181 182 182 182 182 182 182 182 183 183 182 182 181 181 181 183 183 183 183 181 181 180 180 179 177 176 177 176 177 176 177 176 176 174 174 174 174 174 174 174 176 176 176 177 177 177 178 178 179 179 179 180 180 180 181 181 181 181 181 181 181 181 181 181 181 181 181 181 181 181 181 181 181 181 181 181 181 181 181 181 180 180 180 180 180 180 180 180 180 180 180 180 180 180 180 179 177 174 174 174 174 174 174 174 174 175 175 175 175 174 173 172 171 171 171 171 171 171 171 171 171 171 171 171 171 171 171 171 171 171 171 170 170 169 169 169 170 171 172 172 173 173 172 172 173 173 173 174 174 174 175 175 173 173 173 173 173 173 173 173 172 172 172 172 172 172 172 172 171 171 171 171 171 171 171 171 171 171 171 171 171 171 171 171 171 171 171 171 171 171 171 171 172 172 172 172 172 172 172 172 172 172 172 172 172 172 172 175 180 181 181 181 181 181 181 181 182 182 182 181 181 180 180 180 181 181 181 181 181 181 181 181 181 181 181 181 181 181 181 181 181 181 181 181 181 181 181 181 181 181 181 181 181 181 181 181 181 181 181 181 181 181 181 181 181 181 181 181 181 181 181 181 181 181 181 181 181 181 181 181 181 181 181 181 181 181 181 181 182 182 182 181 181 180 180 180 180 180 180 180 180 180 180 180 180 180 180 180 180 180 180 180 181 181 181 181 181 181 181 181 0 0 0 0 0 0 0 0
0 0 0 0 0 0 0 0 164 162 164 163 166 166 170 169 172 170 173 172 174 173 176 173 165 164 165 166 166 167 168 168 168 168 168 168 168 168 168 169 174 175 175 175 175 175 175 175 175 174 173 172 171 170 171 171 171 171 172 171 172 171 172 171 172 171 172 171 172 171 172 172 172 172 174 172 174 173 176 174 174 172 175 174 176 175 178 175 169 167 167 166 166 165 163 163 166 166 165 166 167 168 166 167 169 169 169 168 168 167 167 167 168 168 168 168 168 168 168 168 169 169 169 169 169 169 169 169 169 169 169 169 169 169 169 169 168 168 168 168 168 168 168 168 168 168 168 168 168 168 168 170 174 175 175 175 175 175 175 175 176 176 176 176 176 176 176 175 171 169 169 169 169 169 169 169 168 168 168 168 168 168 168 168 168 168 168 168 168 168 168 168 169 169 169 168 168 167 167 167 166 167 168 169 169 169 169 168 168 168 168 167 167 166 166 166 165 164 164 164 165 166 168 168 169 169 169 169 169 169 169 169 169 169 169 169 169 169 169 169 168 168 169 169 169 170 170 173 178 181 181 181 181 181 181 181 181 181 180 180 180 179 179 179 180 180 181 179 180 177 178 176 176 174 176 174 176 174 176 174 173 173 173 173 173 173 173 173 175 175 175 175 176 176 176 177 178 178 178 178 179 179 179 180 180 180 180 180 180 180 180 180 180 180 180 180 180 180 180 180 180 180 180 180 180 180 180 180 179 179 179 179 179 179 179 179 179 179 179 179 179 179 179 176 174 173 173 173 173 173 173 173 173 174 174 174 174 173 172 170 168 168 168 168 168 168 168 168 168 168 168 168 168 168 168 168 168 168 168 167 167 166 166 166 167 167 168 169 170 170 169 169 170 170 170 170 171 171 171 172 169 169 169 169 169 169 169 169 169 169 169 169 169 169 169 169 168 168 168 168 168 168 168 168 168 168 168 168 168 168 168 168 168 168 168 168 168 168 168 168 169 169 169 169 169 169 169 169 169 169 169 169 169 169 169 172 177 180 180 180 180 180 180 180 181 181 181 180 180 179 179 179 180 180 180 180 180 180 180 180 180 180 180 180 180 180 180 180 180 180 180 180 180 180 180 180 180 180 180 180 180 180 180 180 180 180 180 180 180 180 180 180 180 180 180 180 180 180 180 180 180 180 180 180 180 180 180 180 180 180 180 180 180 180 180 180 181 181 181 180 180 179 179 179 179 179 179 179 179 179 179 179 179 179 179 179 179 179 179 179 180 180 180 180 180 180 180 180 0 0 0 0 0 0 0 0
0 0 0 0 0 0 0 0 162 161 162 162 164 165 167 167 170 169 171 171 172 172 174 172 165 164 165 166 166 167 168 168 168 168 168 168 168 168 168 169 172 172 174 172 174 172 174 172 174 171 172 169 170 167 170 170 170 170 171 170 171 170 171 170 170 169 170 169 170 169 170 170 171 171 171 170 172 171 173 173 172 171 173 173 174 174 176 174 168 167 167 166 166 163 163 162 165 164 165 164 167 165 166 166 168 168 169 167 168 166 167 166 168 167 168 167 168 167 168 167 169 168 169 168 169 168 169 168 169 168 169 168 169 168 169 168 168 167 168 167 168 167 168 167 168 167 168 167 168 167 168 168 171 172 172 172 172 172 172 172 173 173 173 173 173 173 173 172 169 168 169 168 169 168 169 168 168 167 168 167 168 167 168 167 168 167 168 167 168 167 168 167 169 168 169 167 168 166 167 166 166 166 168 168 169 168 169 167 168 167 168 166 167 165 166 165 165 163 164 163 165 165 167 166 168 167 168 167 168 167 168 167 168 167 168 167 168 167 168 167 168 167 168 167 168 168 169 171 177 178 180 178 180 178 180 178 179 177 178 176 177 175 177 177 178 178 179 177 177 175 176 174 174 173 174 173 174 173 174 173 172 170 172 170 172 170 172 170 173 171 174 172 174 173 175 173 176 174 177 175 177 176 178 176 178 176 178 176 178 176 178 176 178 176 178 176 178 176 178 176 178 176 178 176 178 176 178 176 178 176 178 176 178 176 178 176 178 176 178 176 178 176 178 176 174 173 173 173 173 173 173 173 173 174 174 174 174 173 172 170 168 167 168 167 168 167 168 167 168 167 168 167 168 167 168 167 168 167 168 166 167 165 166 165 166 166 168 168 169 168 169 167 169 168 170 169 170 170 171 170 168 167 168 167 168 167 168 167 168 167 168 167 168 167 168 167 169 168 169 168 169 168 169 168 168 167 168 167 168 167 168 167 168 167 168 167 168 167 168 167 169 168 169 168 169 168 169 168 169 168 169 168 169 168 169 171 176 177 179 177 179 177 179 177 180 178 180 177 179 176 178 176 178 176 178 176 178 176 178 176 178 176 178 176 178 176 178 176 178 176 178 176 178 176 178 176 178 176 178 176 178 176 178 176 178 176 178 176 178 176 178 176 179 177 179 177 179 177 179 177 179 177 179 177 179 177 179 177 179 177 179 177 179 177 179 177 180 178 180 177 179 176 178 176 178 176 178 176 178 176 178 176 178 176 178 176 178 176 178 176 178 176 178 176 178 176 178 176 0 0 0 0 0 0 0 0
0 0 0 0 0 0 0 0 160 159 161 160 163 163 166 166 169 168 170 170 171 171 173 172 167 165 166 167 167 168 169 169 169 169 169 169 169 169 169 171 171 171 172 171 172 171 172 171 172 170 170 168 168 166 168 168 168 168 170 168 170 168 170 168 169 167 169 167 169 167 169 169 170 169 170 169 170 170 172 172 171 170 172 172 173 173 175 172 169 168 168 167 167 165 165 163 167 165 166 165 167 167 168 169 169 169 171 168 170 167 169 167 170 168 170 168 170 168 170 168 171 169 171 169 171 169 171 169 171 169 171 169 171 169 171 169 170 168 170 168 170 168 170 168 170 168 170 168 170 168 170 170 170 171 171 171 171 171 171 171 172 172 172 172 172 172 172 171 171 169 171 169 171 169 171 169 170 168 170 168 170 168 170 168 170 168 170 168 170 168 170 168 171 169 171 168 170 167 169 167 168 167 170 169 171 169 171 168 170 168 170 167 169 166 168 166 167 164 166 164 166 165 168 166 168 166 168 166 168 166 168 166 170 168 170 168 170 168 170 168 170 168 170 168 170 167 169 169 176 176 177 176 177 176 177 176 175 174 175 174 174 173 173 173 177 176 177 175 175 173 174 173 173 172 173 172 173 172 173 172 170 169 170 169 170 169 170 169 171 170 171 171 172 171 173 172 174 173 174 174 175 174 176 175 176 175 176 175 176 175 176 175 176 175 176 175 176 175 176 175 176 175 176 175 176 175 176 175 176 175 176 175 176 175 176 175 176 175 176 175 176 175 176 175 176 174 174 174 174 174 174 174 174 175 175 175 175 174 173 172 170 168 170 168 170 168 170 168 170 168 170 168 170 168 170 168 170 168 170 167 169 166 168 166 168 167 170 168 171 169 170 168 171 169 171 170 172 170 173 171 170 168 170 168 170 168 170 168 170 168 170 168 170 168 170 168 171 169 171 169 171 169 171 169 170 168 170 168 170 168 170 168 170 168 170 168 170 168 170 168 171 169 171 169 171 169 171 169 171 169 171 169 171 169 171 171 176 176 177 176 177 176 177 176 178 177 178 176 177 175 176 175 176 175 176 175 176 175 176 175 176 175 176 175 176 175 176 175 176 175 176 175 176 175 176 175 176 175 176 175 176 175 176 175 176 175 176 175 176 175 176 175 177 176 177 176 177 176 177 176 177 176 177 176 177 176 177 176 177 176 177 176 177 176 177 176 178 177 178 176 177 175 176 175 176 175 176 175 176 175 176 175 176 175 176 175 176 175 176 175 176 175 176 175 176 175 176 175 0 0 0 0 0 0 0 0
0 0 0 0 0 0 0 0 159 159 159 160 161 163 164 165 168 168 169 170 170 171 172 172 168 168 169 170 170 171 172 172 172 172 172 172 172 172 172 172 171 169 171 169 171 169 171 169 171 168 169 166 167 164 167 167 167 168 168 168 168 168 168 168 166 166 166 166 166 166 166 166 169 169 168 168 169 170 171 171 170 170 171 172 172 173 174 172 171 171 171 170 168 167 166 166 167 168 167 168 169 170 170 170 172 172 172 171 171 170 170 170 171 171 171 171 171 171 171 171 172 172 172 172 172 172 172 172 172 172 172 172 172 172 172 172 171 171 171 171 171 171 171 171 171 171 171 171 171 171 171 171 170 170 170 170 170 170 170 170 171 171 171 171 171 171 171 171 172 172 172 172 172 172 172 172 171 171 171 171 171 171 171 171 171 171 171 171 171 171 171 171 172 172 172 171 171 170 170 170 169 170 171 172 172 172 172 171 171 171 171 170 170 169 169 169 168 168 167 167 167 167 168 168 168 168 168 168 168 168 168 168 170 170 170 170 170 170 170 170 171 171 170 170 170 169 169 169 172 172 174 172 174 172 174 172 173 171 173 170 172 170 171 171 174 176 175 174 173 173 172 172 172 172 172 172 172 172 172 170 169 167 169 167 169 167 169 167 169 168 170 168 171 169 171 169 172 171 173 171 174 172 174 172 174 172 174 172 174 172 174 172 174 172 174 172 174 172 174 172 174 172 174 172 174 172 174 172 175 173 175 173 175 173 175 173 175 173 175 173 175 173 175 175 177 177 177 177 177 177 177 177 177 178 178 178 178 177 176 174 172 171 171 171 171 171 171 171 171 171 171 171 171 171 171 171 171 171 171 170 170 169 169 169 169 169 170 171 171 171 171 171 171 172 172 172 173 173 173 173 170 170 170 170 170 170 170 170 170 170 170 170 170 170 170 170 171 171 171 171 171 171 171 171 171 171 171 171 171 171 171 171 171 171 171 171 171 171 171 171 172 172 172 172 172 172 172 172 172 172 172 172 172 172 172 172 174 174 176 174 176 174 176 174 177 175 177 174 176 173 175 173 174 172 174 172 174 172 174 172 174 172 174 172 174 172 174 172 174 172 174 172 174 172 174 172 174 172 174 172 174 172 174 172 174 172 174 172 174 172 174 172 176 174 176 174 176 174 176 174 176 174 176 174 176 174 176 174 176 174 176 174 176 174 176 174 177 175 177 174 176 173 175 173 175 173 175 173 175 173 175 173 175 173 175 173 175 173 175 173 174 172 174 172 174 172 174 172 0 0 0 0 0 0 0 0
0 0 0 0 0 0 0 0 157 157 157 158 159 161 162 163 166 166 167 168 168 169 170 172 171 171 172 173 173 174 175 175 175 175 175 175 175 175 175 174 171 168 169 168 169 168 169 168 169 167 167 165 165 163 165 165 167 167 167 167 167 167 167 167 165 165 165 165 165 165 165 165 167 167 166 166 167 167 168 169 168 168 169 170 170 171 172 172 174 174 174 173 171 170 170 170 170 170 169 170 171 171 172 172 175 175 175 174 174 173 173 173 174 174 174 174 174 174 174 174 175 175 175 175 175 175 175 175 175 175 175 175 175 175 175 175 174 174 174 174 174 174 174 174 174 174 174 174 174 174 174 172 170 168 168 168 168 168 168 168 169 169 169 169 169 169 169 171 173 175 175 175 175 175 175 175 174 174 174 174 174 174 174 174 174 174 174 174 174 174 174 174 175 175 175 174 174 173 173 173 172 173 174 175 175 175 175 174 174 174 174 173 173 172 172 172 171 171 170 169 169 170 170 171 170 170 170 170 170 170 170 170 173 173 173 173 173 173 173 173 173 173 173 172 172 172 171 171 170 169 170 169 170 169 170 169 170 169 170 169 169 168 168 168 173 173 172 172 171 170 169 169 170 170 170 170 170 170 170 170 167 166 167 166 167 166 167 166 167 166 168 167 168 168 169 168 170 169 171 170 171 171 172 171 172 171 172 171 172 171 172 171 172 171 172 171 172 171 172 171 172 171 172 171 172 171 172 171 173 172 173 172 173 172 173 172 173 172 173 172 173 172 173 175 179 180 180 180 180 180 180 180 180 181 181 181 181 180 179 177 175 174 174 174 174 174 174 174 174 174 174 174 174 174 174 174 174 174 174 173 173 172 172 172 171 172 173 174 174 174 174 173 174 174 175 175 175 176 176 176 172 172 172 172 172 172 172 172 173 173 173 173 173 173 173 173 174 174 174 174 174 174 174 174 174 174 174 174 174 174 174 174 174 174 174 174 174 174 174 174 175 175 175 175 175 175 175 175 175 175 175 175 175 175 175 175 174 173 174 173 174 173 174 173 175 174 175 173 174 172 173 172 172 171 172 171 172 171 172 171 172 171 172 171 172 171 172 171 172 171 172 171 172 171 172 171 172 171 172 171 172 171 172 171 172 171 172 171 172 171 172 171 174 173 174 173 174 173 174 173 174 173 174 173 174 173 174 173 174 173 174 173 174 173 174 173 175 174 175 173 174 172 173 172 173 172 173 172 173 172 173 172 173 172 173 172 173 172 173 172 172 171 172 171 172 171 172 171 0 0 0 0 0 0 0 0
0 0 0 0 0 0 0 0 159 157 159 158 161 160 164 163 168 166 169 168 170 169 172 172 171 171 173 173 174 174 175 175 175 175 175 175 175 175 175 174 171 169 169 169 169 169 169 169 169 168 167 166 165 164 165 165 167 167 167 167 167 167 167 167 165 165 165 165 166 165 166 166 167 166 166 166 166 167 168 169 168 168 169 170 170 171 172 174 174 175 175 173 171 170 170 169 170 170 169 170 170 173 174 174 175 175 175 174 174 173 173 173 174 174 174 174 174 174 174 174 175 175 175 175 175 175 175 175 175 175 175 175 175 175 175 175 175 175 175 175 175 175 175 174 174 174 174 174 174 174 174 172 171 170 170 170 170 170 170 170 171 171 171 171 171 171 171 171 173 173 173 173 175 175 175 175 174 174 174 174 174 174 175 174 174 174 174 174 174 174 174 174 175 175 175 174 174 173 173 173 172 173 174 175 175 175 175 174 174 174 174 173 173 172 172 172 171 171 170 169 169 169 170 170 170 170 170 170 170 170 170 170 173 173 174 173 174 173 174 173 174 173 174 172 173 171 172 170 169 168 169 168 169 169 169 169 170 170 169 169 169 168 168 170 173 173 172 171 170 170 169 169 170 170 170 170 170 170 170 170 169 167 167 167 167 167 167 167 167 167 167 168 168 169 169 169 170 170 170 171 171 172 172 172 172 172 172 172 172 172 172 172 172 172 172 172 172 172 172 172 172 172 172 172 172 172 172 172 173 173 173 173 173 173 173 173 173 173 173 173 173 173 173 175 179 180 181 180 181 180 180 180 180 181 181 181 181 180 179 177 175 174 174 174 174 174 174 174 174 174 174 174 174 174 174 174 174 174 174 173 173 172 172 172 171 172 173 174 174 174 174 173 174 174 174 175 175 176 176 176 172 172 172 172 172 172 172 172 173 173 173 173 173 173 173 173 173 173 173 173 173 173 173 173 174 174 174 174 174 174 174 174 174 174 174 174 174 174 174 174 175 175 175 175 175 175 175 175 175 175 175 175 175 175 175 175 174 174 174 174 174 174 174 174 175 175 175 174 174 173 173 173 172 172 172 172 172 172 172 172 172 172 172 172 172 172 172 172 172 172 172 172 172 172 172 172 172 172 172 172 172 172 172 172 172 172 172 172 172 172 172 172 174 174 174 174 174 174 174 174 174 174 174 174 174 174 174 174 174 174 174 174 174 174 174 174 175 175 175 174 174 173 173 173 173 173 173 173 173 173 173 173 173 173 173 173 173 173 173 173 172 172 172 172 172 172 172 172 0 0 0 0 0 0 0 0
0 0 0 0 0 0 0 0 160 159 160 160 162 162 165 165 168 169 172 172 174 173 173 171 171 170 172 172 173 173 174 174 172 172 172 172 171 171 171 171 171 171 171 171 171 171 171 171 173 171 168 166 165 166 167 168 166 164 164 164 166 166 166 166 167 167 167 167 169 167 169 169 170 170 170 170 170 170 170 170 170 170 171 172 172 173 174 174 174 174 173 170 168 166 164 164 167 166 168 169 169 171 172 172 172 172 172 172 172 172 172 172 172 172 172 172 172 172 172 172 172 172 172 172 172 172 172 172 172 172 173 174 174 174 173 173 174 175 175 175 174 174 174 172 171 171 170 170 169 169 169 169 171 171 171 171 171 171 171 171 172 172 172 172 172 172 172 172 170 170 170 170 172 172 172 172 171 171 172 172 172 172 174 172 172 172 172 172 172 172 172 172 173 173 173 172 172 171 171 171 171 171 171 172 172 173 173 173 172 172 172 171 171 170 170 170 168 168 168 167 167 166 166 166 169 169 169 168 168 167 167 167 169 169 171 169 171 169 171 169 171 170 172 170 172 169 170 167 170 168 170 168 170 170 170 170 170 170 171 170 170 170 171 171 173 173 173 173 173 173 173 173 171 171 171 172 172 173 173 173 171 171 171 171 171 171 171 171 170 170 170 171 171 172 172 172 173 174 174 174 174 173 172 171 172 172 172 172 172 172 172 172 172 172 173 173 173 174 174 174 173 173 173 173 173 173 173 173 173 174 175 176 176 176 176 175 174 174 174 174 174 174 174 175 179 179 180 179 180 179 179 179 177 177 177 176 175 174 174 174 173 173 173 173 173 173 173 173 171 171 171 171 171 171 171 171 172 172 172 171 171 170 170 170 171 171 171 171 171 171 171 171 171 171 171 171 171 171 171 171 169 169 169 169 169 169 169 169 170 170 170 170 170 170 170 170 171 171 171 171 171 171 171 171 170 170 171 172 173 173 174 174 172 172 172 172 172 172 172 172 173 173 173 173 173 173 173 173 173 173 173 173 173 173 173 173 175 175 175 175 175 175 175 175 177 177 176 175 174 174 173 172 173 173 173 173 173 173 173 173 173 173 173 173 173 173 173 173 173 173 173 173 173 173 173 173 172 172 172 172 172 172 172 172 173 173 173 173 173 173 173 173 176 176 176 176 176 176 176 176 177 177 177 177 177 177 177 177 176 176 176 176 176 176 176 176 176 176 176 175 175 174 174 174 175 175 175 175 175 175 175 175 174 174 174 173 173 172 172 172 173 173 173 173 173 173 173 173 0 0 0 0 0 0 0 0
0 0 0 0 0 0 0 0 160 160 160 160 162 163 165 166 168 169 171 173 174 174 173 172 170 170 171 172 172 173 172 172 170 170 170 171 169 169 169 170 172 172 172 172 172 172 172 172 173 172 169 167 166 167 168 168 166 164 164 164 166 166 166 166 167 167 169 169 169 169 169 169 170 170 170 170 170 170 170 170 170 170 171 172 172 173 174 174 174 174 172 170 167 165 164 163 164 164 167 167 169 170 172 172 171 171 171 171 171 171 171 171 171 171 171 171 171 171 171 171 171 171 171 171 171 172 172 172 171 172 172 173 173 172 172 172 174 175 175 175 174 174 172 172 170 170 169 169 167 167 167 169 170 171 171 171 171 171 171 171 173 173 173 173 173 173 173 172 168 166 168 168 168 168 169 169 170 170 171 171 172 172 172 172 171 171 171 171 171 171 171 171 172 172 172 171 171 170 170 170 170 170 170 171 171 172 172 172 171 171 171 170 170 169 169 169 167 167 167 167 166 166 166 166 168 168 168 168 167 167 166 166 169 169 169 169 169 169 169 169 169 169 170 170 169 169 168 167 170 170 170 170 170 170 171 171 171 171 172 172 172 171 172 172 173 173 173 173 173 173 173 173 171 171 171 172 172 172 173 173 173 173 173 173 173 173 173 173 172 172 172 173 173 173 174 174 174 174 175 175 174 173 173 172 171 171 171 171 171 171 171 171 172 172 172 173 174 174 175 175 174 174 174 174 174 174 174 174 174 175 176 176 177 177 176 176 175 175 175 175 175 175 175 175 179 179 179 179 179 179 177 177 176 176 176 176 173 173 172 172 172 172 172 172 172 172 172 172 170 170 170 170 170 170 170 170 171 171 170 170 170 169 169 169 170 170 170 170 170 170 170 170 170 170 170 170 170 170 170 170 168 168 168 168 168 168 168 168 169 169 169 169 169 169 169 169 169 169 169 169 169 169 169 169 168 169 169 170 171 172 172 173 171 171 171 171 171 171 171 171 172 172 172 172 172 172 172 172 172 172 172 172 172 172 172 173 175 176 176 176 176 176 176 176 179 178 178 177 176 175 174 174 174 174 174 174 174 174 174 174 174 174 174 174 174 174 174 174 174 174 174 174 174 174 174 174 173 173 173 173 173 173 173 173 174 174 174 174 174 174 174 174 177 177 177 177 177 177 177 177 178 178 178 178 178 178 178 178 177 177 177 177 177 177 177 177 177 177 177 176 176 176 175 175 176 176 176 176 176 176 176 176 175 175 175 174 174 173 173 173 174 174 174 174 174 174 174 174 0 0 0 0 0 0 0 0
0 0 0 0 0 0 0 0 159 159 159 160 161 163 165 166 168 169 171 173 174 173 173 172 170 170 171 172 172 173 172 172 169 170 170 170 169 169 170 170 173 173 173 173 173 173 173 173 173 171 169 168 167 167 168 168 166 164 164 164 166 166 166 166 168 168 170 170 170 170 170 170 170 170 170 170 170 170 170 170 170 170 171 172 172 173 174 174 175 175 172 170 168 166 164 164 164 164 166 167 169 170 171 172 171 171 171 171 171 171 171 171 172 172 172 172 172 172 172 172 172 172 172 172 172 172 172 172 171 172 172 173 173 172 171 172 174 175 175 175 175 175 173 173 171 171 170 170 168 168 168 170 170 170 170 170 170 170 170 170 171 171 171 172 172 172 172 171 169 168 168 168 169 169 171 171 171 171 171 171 172 172 172 172 171 171 171 171 171 171 171 171 172 172 172 171 171 170 170 170 170 170 170 171 171 172 172 172 171 171 171 170 170 169 169 169 167 167 167 167 168 168 168 168 168 168 168 168 167 167 167 167 169 169 169 169 169 169 169 169 169 169 170 170 169 168 167 167 167 167 167 167 169 169 170 170 170 170 172 171 171 171 170 170 172 172 172 172 172 172 172 172 171 171 171 171 172 172 172 173 173 173 173 173 173 173 173 173 172 172 172 172 173 173 173 174 173 174 174 174 174 173 172 171 169 169 169 169 169 169 169 169 170 170 171 172 173 174 174 175 174 174 174 174 174 174 174 174 174 174 175 176 177 177 176 176 176 176 176 176 176 176 176 176 179 179 179 179 179 179 177 177 176 176 176 176 173 173 173 173 172 172 172 172 172 172 172 172 171 171 171 171 171 171 171 171 171 170 170 170 169 169 169 169 170 170 170 170 170 170 170 170 170 170 170 170 170 170 170 170 168 168 168 168 168 168 168 168 169 169 169 169 169 169 169 169 168 168 168 168 168 168 168 168 167 168 168 169 170 171 171 172 171 171 171 171 171 171 171 171 172 172 172 172 172 172 172 172 172 172 172 172 172 172 172 173 176 177 177 177 177 177 177 177 179 178 178 177 176 176 175 175 174 174 174 174 174 174 174 174 174 174 174 174 174 174 174 174 174 174 174 174 174 174 174 174 173 173 173 173 173 173 173 173 174 174 174 174 174 174 174 174 177 177 177 177 177 177 177 177 178 178 178 178 178 178 178 178 177 177 177 177 177 177 177 177 177 177 177 177 176 176 176 175 176 176 176 176 176 176 176 176 175 175 175 175 174 174 174 174 174 174 174 174 174 174 174 174 0 0 0 0 0 0 0 0
0 0 0 0 0 0 0 0 159 159 159 160 161 163 164 165 168 169 171 172 173 173 172 172 170 170 171 172 172 173 172 172 169 169 170 170 168 169 169 169 172 173 173 173 173 173 173 173 171 171 169 168 168 168 168 168 165 165 165 165 167 167 167 167 169 169 171 171 171 171 171 171 171 171 171 171 171 171 171 171 171 171 171 172 172 173 173 173 175 175 173 171 168 166 165 164 163 163 166 167 169 169 171 171 170 170 170 170 170 170 170 170 172 172 172 172 172 172 172 172 173 173 173 172 172 172 172 172 171 171 172 172 172 171 170 170 174 175 174 174 175 175 173 173 171 171 170 170 170 168 168 170 170 171 171 171 171 171 171 171 170 171 171 171 171 172 172 171 170 169 169 169 170 170 172 172 171 171 171 171 172 172 172 172 172 172 172 172 172 172 172 172 172 172 172 171 171 170 170 170 170 170 170 171 171 172 172 172 171 171 171 170 170 169 169 169 167 167 168 168 168 169 169 169 168 168 168 168 168 167 167 167 169 169 169 169 169 169 169 169 168 169 169 169 169 168 167 166 166 166 166 166 168 168 169 169 169 169 171 171 170 170 170 169 171 171 171 171 171 171 171 171 170 170 171 171 171 172 172 172 172 172 172 172 172 172 172 172 171 171 172 172 172 173 173 173 173 173 173 173 173 172 171 171 168 168 168 168 168 168 168 168 168 169 169 170 172 173 174 174 173 173 173 173 173 173 173 173 173 174 175 176 176 176 176 175 176 176 176 176 176 176 176 176 179 179 179 179 179 179 177 177 176 176 176 176 174 173 173 173 171 171 171 171 171 171 171 171 171 171 171 171 171 171 171 171 170 170 170 169 169 169 168 168 169 169 169 169 169 169 169 169 169 169 169 169 169 169 169 169 168 168 168 168 168 168 168 168 168 168 168 168 168 168 168 168 167 167 167 167 167 167 167 167 167 167 168 168 169 170 171 171 171 171 171 171 171 171 171 171 172 172 172 172 172 172 172 172 172 172 172 172 172 172 172 173 176 177 177 177 177 177 177 177 178 178 177 177 176 176 175 175 174 174 174 174 174 174 174 174 174 174 174 174 174 174 174 174 174 174 174 174 174 174 174 174 174 174 174 174 174 174 174 174 174 174 174 174 174 174 174 174 176 176 176 176 176 176 176 176 177 177 177 177 177 177 177 177 177 177 177 177 177 177 177 177 178 178 177 177 177 176 176 176 176 176 176 176 176 176 176 176 175 175 175 175 175 175 175 174 175 175 175 175 175 175 175 175 0 0 0 0 0 0 0 0
0 0 0 0 0 0 0 0 158 158 159 159 161 162 164 165 167 168 170 172 173 173 172 171 170 170 171 172 172 173 172 172 170 170 170 170 168 168 168 168 171 171 171 171 171 171 171 171 169 169 168 168 167 167 168 168 165 165 165 165 167 167 167 167 169 169 171 171 171 171 171 171 171 171 171 171 171 171 171 171 171 171 172 172 172 172 173 173 175 175 172 170 168 166 164 164 163 163 166 166 168 169 171 171 170 170 170 170 170 170 170 170 171 171 171 171 171 171 171 171 173 173 173 172 172 171 171 171 170 170 170 170 170 169 168 168 172 173 173 173 172 172 173 173 171 171 171 170 170 170 170 170 171 171 171 171 171 171 171 171 168 169 169 170 170 171 171 171 168 168 168 168 170 170 170 170 171 171 171 171 172 172 172 172 172 172 172 172 172 172 172 172 172 172 172 171 171 170 170 170 170 170 170 171 171 172 172 172 171 171 171 170 170 169 169 169 168 168 168 168 168 168 168 168 166 166 167 167 167 167 167 167 168 168 168 168 168 168 168 168 167 167 168 168 167 167 166 165 166 166 166 166 166 166 168 168 169 168 168 168 169 169 169 169 171 171 171 171 171 171 171 171 170 170 170 171 171 171 172 172 172 172 172 172 172 172 172 172 171 171 171 172 172 172 173 173 172 172 173 173 172 171 170 170 169 169 169 169 169 169 169 169 168 169 169 170 171 172 173 173 173 173 173 173 173 173 173 173 173 174 175 175 176 176 175 175 176 176 176 176 176 176 176 176 178 178 178 178 178 178 176 176 174 174 175 175 173 173 173 173 171 171 171 171 171 171 171 171 171 171 171 171 171 171 171 171 170 170 169 169 169 168 168 168 169 169 169 169 169 169 169 169 169 169 169 169 169 169 169 169 168 168 168 168 168 168 168 168 168 168 168 168 168 168 168 168 167 167 167 167 167 167 167 167 167 167 168 168 169 170 171 171 171 171 171 171 171 171 171 171 172 172 172 172 172 172 172 172 172 172 172 172 172 172 172 173 175 176 176 176 176 176 176 176 176 176 176 176 176 175 175 175 174 174 174 174 174 174 174 174 174 174 174 174 174 174 174 174 174 174 174 174 174 174 174 174 174 174 174 174 174 174 174 174 174 174 174 174 174 174 174 174 176 176 176 176 176 176 176 176 177 177 177 177 177 177 177 177 177 177 177 177 177 177 177 177 178 178 178 177 177 177 176 176 176 176 176 176 176 176 176 176 175 175 175 175 175 175 175 176 175 175 175 175 175 175 175 175 0 0 0 0 0 0 0 0
0 0 0 0 0 0 0 0 158 158 158 159 160 162 163 164 167 168 170 172 172 172 171 171 170 170 171 172 172 173 172 172 171 171 171 170 167 166 166 165 169 169 169 169 169 169 169 169 168 168 168 168 168 168 168 168 166 166 166 166 168 168 168 168 170 170 172 172 172 172 172 172 172 172 172 172 172 172 172 172 172 172 172 172 172 172 172 172 174 174 171 169 166 165 163 163 162 163 165 166 168 169 170 170 169 169 169 169 169 169 169 169 169 169 169 169 169 169 169 169 173 172 172 171 171 170 169 169 168 168 169 168 168 166 165 164 168 171 171 172 171 171 172 172 170 170 170 170 169 169 169 169 170 170 170 170 170 170 170 170 168 168 168 169 170 170 171 171 168 166 168 168 168 168 168 168 171 171 171 171 172 172 172 172 173 173 173 173 173 173 173 173 172 172 172 171 171 170 170 170 170 170 170 171 171 172 172 172 171 171 171 170 170 169 169 169 169 168 168 168 167 167 166 166 164 165 165 165 165 166 166 166 168 168 168 168 168 168 168 168 167 167 167 167 167 166 165 165 165 165 165 165 165 165 167 167 168 168 167 167 169 168 168 168 170 170 170 170 170 170 170 170 169 170 170 170 171 171 171 171 171 171 171 171 171 171 171 171 170 171 171 171 172 172 172 172 171 171 172 172 171 171 170 169 170 170 170 170 170 170 170 170 170 170 170 171 171 171 172 172 172 172 172 172 172 172 172 172 173 173 174 175 175 175 175 175 175 175 175 175 175 175 175 175 176 176 176 176 176 176 174 174 172 173 173 173 171 172 172 172 170 170 170 170 170 170 170 170 170 170 170 170 170 170 170 170 169 169 169 169 168 168 168 167 168 168 168 168 168 168 168 168 168 168 168 168 168 168 168 168 168 168 168 168 168 168 168 168 167 167 167 167 167 167 167 167 167 167 167 167 167 167 167 167 167 168 168 169 170 171 171 172 171 171 171 171 171 171 171 171 172 172 172 172 172 172 172 172 172 172 172 172 172 172 172 173 173 174 174 174 174 174 174 174 174 174 174 174 174 174 174 174 174 174 174 174 174 174 174 174 174 174 174 174 174 174 174 174 174 174 174 174 174 174 174 174 175 175 175 175 175 175 175 175 174 174 174 174 174 174 174 174 175 175 175 175 175 175 175 175 176 176 176 176 176 176 176 176 177 177 177 177 177 177 177 177 179 178 178 178 177 177 177 177 176 176 176 176 176 176 176 176 175 175 175 175 176 176 176 176 176 176 176 176 176 176 176 176 0 0 0 0 0 0 0 0
0 0 0 0 0 0 0 0 158 158 158 159 160 162 163 164 166 168 170 171 172 172 171 171 170 170 171 172 172 173 172 172 173 173 171 170 166 165 164 163 168 168 168 168 168 168 168 168 167 168 168 168 169 168 168 168 166 166 166 166 168 168 168 168 171 171 173 173 173 173 173 173 172 172 172 172 172 172 172 172 172 172 172 172 172 172 172 172 173 172 170 168 165 163 162 162 162 162 165 166 168 168 170 170 169 169 169 169 169 169 169 169 168 168 168 168 168 168 168 168 172 172 171 170 169 168 168 167 166 167 167 166 165 164 163 162 166 167 167 168 169 170 170 170 169 169 169 169 169 169 169 168 168 166 166 166 166 166 166 166 165 165 166 167 168 168 169 171 170 170 171 171 171 171 171 171 171 171 171 171 172 172 172 172 173 173 173 173 173 173 173 173 172 172 172 171 171 170 170 170 170 170 170 171 171 172 172 172 171 171 171 170 170 169 169 169 169 169 168 167 166 165 164 164 163 163 163 164 164 164 165 165 168 168 168 168 168 168 168 168 166 167 167 167 167 166 165 164 163 163 163 163 164 164 166 166 166 166 167 166 166 166 165 165 169 169 169 169 169 169 169 169 169 169 170 170 170 171 171 171 171 171 171 171 171 171 171 171 170 170 171 171 171 172 172 172 170 171 171 171 171 170 169 168 170 170 170 170 170 170 170 170 172 172 172 172 171 171 171 171 172 172 172 172 172 172 172 172 172 173 174 175 175 175 175 174 174 174 174 174 174 174 174 174 174 174 174 174 174 174 172 172 171 171 171 172 170 170 171 171 170 170 170 170 170 170 170 170 169 169 169 169 169 169 169 169 169 169 169 168 168 168 167 167 168 168 168 168 168 168 168 168 168 168 168 168 168 168 168 168 168 168 168 168 168 168 168 168 167 167 167 167 167 167 167 167 168 168 168 168 168 168 168 168 168 169 169 170 171 172 172 173 171 171 171 171 171 171 171 171 172 172 172 172 172 172 172 172 172 172 172 172 172 172 172 173 172 173 173 173 173 173 173 173 173 173 173 173 173 173 173 173 174 174 174 174 174 174 174 174 174 174 174 174 174 174 174 174 174 174 174 174 174 174 174 174 175 175 175 175 175 175 175 175 174 174 174 174 174 174 174 174 175 175 175 175 175 175 175 175 176 176 176 176 176 176 176 176 177 177 177 177 177 177 177 177 179 179 178 178 178 177 177 177 176 176 176 176 176 176 176 176 175 175 175 176 176 177 177 177 176 176 176 176 176 176 176 176 0 0 0 0 0 0 0 0
0 0 0 0 0 0 0 0 158 158 158 159 160 161 163 164 166 168 169 171 172 172 171 170 170 170 171 172 172 173 172 172 174 174 172 170 166 164 162 161 167 167 167 167 167 167 167 167 167 167 168 169 169 169 168 168 166 166 166 166 168 168 168 168 171 171 173 173 173 173 173 173 172 172 172 172 172 172 172 172 172 172 172 172 172 172 172 172 172 172 169 167 164 163 161 161 162 162 165 166 167 168 170 170 169 169 169 169 169 169 169 169 167 167 167 167 167 167 167 167 171 171 170 169 168 167 167 166 165 165 165 165 164 163 161 160 165 166 166 167 168 169 169 169 168 168 168 168 168 168 168 168 166 164 164 164 164 164 164 164 164 165 166 166 167 168 169 171 175 175 175 175 175 175 175 175 171 171 171 171 172 172 172 172 173 173 173 173 173 173 173 173 172 172 172 171 171 170 170 170 170 170 170 171 171 172 172 172 171 171 171 170 170 169 169 169 170 169 168 167 165 164 162 162 161 162 162 162 163 164 164 164 168 168 168 168 168 168 168 168 166 167 167 167 167 166 165 164 163 163 163 163 164 164 166 166 166 166 166 166 166 165 165 165 169 169 169 169 169 169 169 169 169 169 169 170 170 171 171 171 171 171 171 171 171 171 171 171 170 170 170 171 171 172 172 172 170 170 171 171 171 170 169 168 169 169 169 169 169 169 169 169 174 174 173 172 172 171 170 170 172 172 172 172 172 172 172 172 172 173 174 175 175 175 175 174 173 173 173 173 173 173 173 173 173 173 173 173 173 173 171 171 169 170 170 170 169 170 170 170 170 170 170 170 170 170 170 170 168 168 168 168 168 168 168 168 169 169 169 168 168 167 167 167 168 168 168 168 168 168 168 168 168 168 168 168 168 168 168 168 168 168 168 168 168 168 168 168 167 167 167 167 167 167 167 167 168 168 168 168 168 168 168 168 169 169 170 171 172 172 173 173 171 171 171 171 171 171 171 171 172 172 172 172 172 172 172 172 172 172 172 172 172 172 172 173 171 172 172 172 172 172 172 172 171 171 172 172 172 172 172 172 174 174 174 174 174 174 174 174 174 174 174 174 174 174 174 174 174 174 174 174 174 174 174 174 175 175 175 175 175 175 175 175 174 174 174 174 174 174 174 174 175 175 175 175 175 175 175 175 176 176 176 176 176 176 176 176 177 177 177 177 177 177 177 177 179 179 179 178 178 177 177 177 176 176 176 176 176 176 176 176 175 175 175 176 176 177 177 177 176 176 176 176 176 176 176 176 0 0 0 0 0 0 0 0
0 0 0 0 0 0 0 0 159 159 159 160 161 162 164 165 168 169 170 171 171 171 171 170 169 169 170 171 171 172 171 171 171 172 172 170 164 162 162 163 164 164 164 165 165 166 166 166 165 166 166 167 167 166 166 165 167 167 167 166 168 168 167 167 168 168 170 170 170 170 170 170 170 170 170 170 170 170 170 170 170 170 170 170 170 170 170 170 173 172 168 166 163 161 160 161 161 162 164 166 168 169 171 171 169 169 169 168 168 168 167 167 168 168 168 168 168 168 168 168 169 168 168 167 167 166 166 166 168 168 167 166 164 162 160 159 162 164 167 169 170 170 169 168 165 164 164 164 164 165 167 167 168 168 167 166 165 164 163 163 163 164 164 165 166 167 168 168 170 171 170 170 170 170 170 170 170 170 169 170 170 171 171 172 169 170 171 173 173 172 171 171 171 171 171 170 170 170 169 169 169 169 169 169 169 169 169 169 170 170 170 169 169 169 168 168 166 166 165 164 164 163 163 162 160 160 160 160 161 162 163 164 165 165 166 166 167 167 167 167 165 164 164 164 163 162 162 162 163 163 163 163 163 163 164 164 163 163 165 165 166 166 166 166 169 169 169 169 169 169 169 169 169 169 169 169 169 169 169 169 169 169 169 169 169 169 169 169 172 172 172 172 172 172 172 172 169 169 169 169 169 169 169 169 169 169 170 170 170 171 171 171 171 171 171 171 171 171 171 171 170 170 170 171 171 172 172 172 173 173 173 173 173 173 173 173 172 172 172 172 172 172 172 172 173 173 173 173 173 173 171 171 171 171 171 171 169 169 169 169 168 168 168 168 168 168 168 168 168 168 168 168 168 168 168 168 168 168 168 168 168 168 168 168 169 168 167 166 166 166 166 167 168 168 168 168 168 168 168 168 168 168 168 168 168 168 168 168 168 168 168 168 168 168 168 168 168 168 168 168 168 168 168 168 168 168 168 169 169 170 170 170 170 170 170 170 170 170 170 170 171 171 171 171 171 171 171 172 171 171 171 171 171 171 171 172 172 173 173 173 173 173 173 173 173 173 173 173 173 173 173 173 174 174 174 174 174 174 174 174 172 172 172 173 173 174 174 174 173 173 173 174 174 175 175 175 175 175 175 175 175 175 175 175 175 175 175 175 175 175 175 175 174 174 174 174 174 174 174 174 173 173 173 174 174 175 175 175 175 175 175 176 176 177 177 177 177 177 177 177 177 177 177 177 177 177 177 176 176 175 175 175 173 174 175 176 176 176 176 175 176 176 176 176 176 176 176 176 0 0 0 0 0 0 0 0
0 0 0 0 0 0 0 0 159 159 159 160 161 162 164 165 168 169 169 170 171 171 170 170 169 169 170 170 171 172 171 171 171 172 172 169 164 162 162 163 164 164 164 165 165 165 166 166 165 166 166 167 167 166 166 165 167 167 166 166 168 167 167 167 168 168 170 170 170 170 170 170 170 170 170 170 170 170 170 170 170 170 170 170 170 170 170 170 171 170 167 165 162 161 160 160 160 161 163 165 167 168 170 170 169 169 168 168 168 167 167 167 168 168 168 168 168 168 168 168 168 167 167 167 166 166 165 165 166 166 166 165 165 164 163 162 161 163 165 166 167 166 164 163 162 162 162 162 162 163 165 166 165 164 163 163 162 161 160 160 157 158 158 159 160 161 161 163 167 167 169 167 167 167 167 167 169 170 169 169 170 170 171 171 168 169 170 172 172 172 171 170 171 171 170 170 169 169 169 169 169 169 169 169 169 169 169 169 170 170 169 169 168 168 168 168 166 165 165 164 163 163 162 162 161 160 160 159 160 160 161 162 164 164 164 165 165 166 166 166 163 163 163 162 162 162 161 161 162 162 162 162 162 162 163 163 163 163 165 165 166 166 166 166 168 168 168 168 168 168 168 168 169 169 169 169 169 169 169 169 169 169 169 169 169 169 169 169 172 172 172 172 172 172 172 172 169 169 169 169 169 169 169 169 169 169 169 170 170 170 171 171 171 171 171 171 171 171 171 171 170 170 170 171 171 171 172 172 173 173 173 173 173 173 173 173 172 172 172 172 172 172 172 172 173 173 173 173 173 173 171 171 171 171 171 171 169 169 169 169 168 168 168 168 168 168 168 168 168 168 168 168 168 168 168 168 168 168 168 168 168 168 168 168 169 168 167 166 166 166 166 167 168 168 168 168 168 168 168 168 168 168 168 168 168 168 168 168 168 168 168 168 168 168 168 168 168 168 168 168 168 168 168 168 168 168 168 169 169 170 170 170 170 170 170 170 170 170 170 170 170 170 170 170 171 171 171 171 171 171 171 171 171 171 171 172 172 173 173 173 173 173 173 173 173 173 173 173 173 173 173 173 173 173 173 173 173 173 173 173 172 172 172 173 173 173 174 174 173 173 173 174 174 174 175 175 175 175 175 175 175 175 175 175 175 175 175 175 175 175 175 175 174 174 174 174 174 174 174 174 173 173 173 174 174 174 175 175 175 175 175 176 176 176 177 177 177 177 177 177 177 177 177 177 177 177 176 176 176 175 175 175 173 174 175 176 176 176 176 175 176 176 176 176 176 176 176 176 0 0 0 0 0 0 0 0
0 0 0 0 0 0 0 0 159 159 159 160 161 162 164 165 167 168 169 170 170 170 170 169 169 169 169 170 171 172 170 171 171 171 171 169 164 162 162 163 164 164 164 164 165 165 165 166 165 165 166 166 166 166 165 165 166 166 166 165 167 167 166 166 167 167 169 169 169 169 169 169 169 169 169 169 169 169 169 169 169 169 169 169 169 169 169 169 169 169 165 163 161 159 158 159 159 159 162 163 165 166 168 169 168 168 168 167 167 167 166 166 167 167 167 167 167 167 167 167 166 166 166 166 165 165 165 165 164 164 164 164 164 165 165 165 165 166 167 167 168 166 164 163 164 163 163 163 165 166 167 166 167 166 166 165 164 164 163 163 159 160 160 161 161 162 163 163 167 167 168 168 169 169 170 170 169 169 168 169 169 169 169 170 167 168 169 170 170 170 170 169 170 170 169 169 169 168 168 168 168 168 168 168 168 168 168 168 169 169 168 168 168 167 167 167 165 165 164 163 162 161 161 160 160 160 159 158 158 158 159 159 162 160 160 161 161 161 162 162 160 159 159 159 159 158 158 158 159 159 159 159 160 160 160 160 163 163 165 165 165 165 165 166 166 166 166 166 166 166 166 166 168 168 168 168 168 168 168 168 168 168 168 168 168 168 168 168 171 171 171 171 171 171 171 171 169 169 169 169 169 169 169 169 168 168 169 169 169 170 170 170 170 170 170 170 170 170 170 170 170 170 170 170 171 171 171 172 172 172 172 172 172 172 172 172 171 171 171 171 171 171 171 171 172 172 172 172 172 172 170 170 171 171 171 171 169 169 169 169 168 168 168 168 168 168 168 168 167 167 167 168 168 168 168 168 168 168 168 168 168 168 168 168 168 168 167 166 166 166 166 166 167 167 167 167 167 167 167 167 168 168 168 168 168 168 168 168 168 168 168 168 168 168 168 168 168 168 168 168 168 168 168 168 168 168 168 168 169 169 169 169 169 169 169 169 169 169 169 169 170 170 169 169 169 169 169 169 169 169 169 169 169 169 169 170 172 173 173 173 173 173 173 173 173 173 173 173 173 173 173 173 172 172 172 172 172 172 172 172 172 172 172 172 173 173 173 174 173 173 173 173 174 174 174 175 175 175 175 175 175 175 175 175 175 175 175 175 175 175 175 175 174 174 174 174 174 174 174 174 173 173 173 173 174 174 174 175 175 175 175 175 176 176 176 177 177 177 177 177 177 177 177 177 177 176 176 176 175 175 175 175 173 174 175 176 176 176 176 175 176 176 176 176 176 176 176 176 0 0 0 0 0 0 0 0
0 0 0 0 0 0 0 0 159 159 159 160 161 162 164 165 167 167 168 169 169 169 169 169 168 168 169 170 171 171 170 170 170 171 171 169 164 161 161 162 163 163 164 164 164 165 165 165 164 165 166 166 166 166 165 164 165 165 165 165 166 166 166 165 166 166 168 168 168 168 168 168 168 168 168 168 168 168 168 168 168 168 168 168 168 168 168 168 167 167 164 162 159 158 157 158 157 158 161 162 164 165 167 167 167 167 167 167 166 166 166 165 166 166 166 166 166 166 166 166 165 165 165 165 165 165 165 165 163 163 163 162 162 162 163 163 165 165 166 166 167 166 164 164 161 161 161 162 164 165 165 166 166 166 166 165 165 164 164 164 162 162 162 163 163 164 164 164 169 170 171 171 173 172 173 174 168 168 167 168 168 168 168 168 166 167 167 168 168 169 169 169 169 169 168 168 167 167 167 167 167 167 167 167 167 167 167 167 168 168 167 167 166 166 166 166 164 164 163 162 161 160 159 159 159 159 158 157 156 156 156 155 160 158 158 158 159 159 160 160 158 158 157 157 157 157 157 157 160 160 160 160 161 161 161 161 162 162 164 164 164 164 164 164 167 167 167 167 167 167 167 167 167 167 167 167 167 167 167 167 167 167 167 167 167 167 167 167 170 170 170 170 170 170 170 170 168 168 168 168 168 168 168 168 167 168 168 168 169 169 169 169 169 169 169 169 169 169 169 169 169 169 170 170 170 171 171 171 171 171 171 171 171 171 171 171 170 170 170 170 170 170 170 170 171 171 171 171 171 171 169 169 170 170 170 170 168 168 168 168 167 167 167 167 167 167 167 167 166 167 167 167 167 168 168 168 168 168 168 168 168 168 168 168 168 167 166 166 165 165 166 166 166 166 166 166 166 166 166 166 168 168 168 168 168 168 168 168 168 168 168 168 168 168 168 168 168 168 168 168 168 168 168 168 168 168 168 168 168 168 168 169 168 168 168 168 168 168 168 168 169 168 168 168 168 167 167 167 168 168 168 168 168 168 168 169 171 172 172 172 172 172 172 172 172 172 172 172 172 172 172 172 170 170 170 170 170 170 170 170 171 171 172 172 172 173 173 173 172 172 173 173 173 174 174 174 174 174 174 174 174 174 174 174 174 174 174 174 174 174 174 174 173 173 173 173 173 173 173 173 172 172 173 173 173 174 174 174 174 174 175 175 175 176 176 176 176 176 176 176 176 176 176 176 176 176 176 175 175 175 174 174 173 174 175 176 176 176 176 175 176 176 176 176 176 176 176 176 0 0 0 0 0 0 0 0
0 0 0 0 0 0 0 0 159 159 159 160 161 162 164 165 166 166 167 168 169 169 168 168 168 168 169 169 170 171 170 170 170 171 171 168 163 161 161 162 162 162 162 163 163 163 164 164 163 163 164 165 165 164 163 163 165 164 164 164 165 165 165 165 164 164 166 166 166 166 166 166 166 166 166 166 166 166 166 166 166 166 166 166 166 166 166 166 166 165 163 161 158 158 157 158 156 157 160 161 163 164 166 167 167 166 166 166 165 165 165 165 166 166 166 166 166 166 166 166 165 165 165 165 165 165 165 165 164 163 162 160 159 159 160 160 158 156 157 157 160 160 161 160 158 158 161 161 162 162 163 163 163 163 163 162 162 162 162 162 160 160 160 160 160 161 161 162 170 172 173 172 173 174 174 174 168 168 167 166 166 166 165 165 165 165 165 166 166 167 167 168 167 167 167 167 166 166 165 165 165 165 165 165 165 165 165 165 166 166 166 166 165 165 164 164 164 163 162 161 160 158 157 157 157 157 156 154 154 154 154 153 158 156 156 157 157 158 158 158 156 156 156 156 156 157 157 157 160 160 160 160 160 160 161 161 161 161 162 162 164 164 164 164 167 167 167 167 167 167 167 167 167 167 167 167 167 167 167 167 167 167 167 167 167 167 167 167 170 170 170 170 170 170 170 170 168 168 168 168 168 168 168 168 167 167 167 167 168 168 168 169 169 169 169 169 169 169 169 169 169 169 169 170 170 170 171 171 171 171 171 171 171 171 171 171 170 170 170 170 170 170 170 170 171 171 171 171 171 171 169 169 170 170 170 170 168 168 168 168 167 167 167 167 167 167 167 167 165 166 166 167 167 168 168 168 168 168 168 168 168 168 168 168 168 167 166 165 165 165 165 166 166 166 166 166 166 166 166 166 168 168 168 168 168 168 168 168 168 168 168 168 168 168 168 168 168 168 168 168 168 168 168 168 168 168 168 168 168 168 168 167 168 168 168 168 168 168 168 168 168 167 167 166 166 165 165 165 166 166 166 166 166 166 166 167 171 172 172 172 172 172 172 172 172 172 172 172 172 172 172 172 169 169 169 169 169 169 169 169 171 171 171 172 172 172 173 173 172 172 172 173 173 173 174 174 174 174 174 174 174 174 174 174 174 174 174 174 174 174 174 174 173 173 173 173 173 173 173 173 172 172 172 173 173 173 174 174 174 174 174 175 175 175 176 176 176 176 176 176 176 176 176 176 176 176 175 175 175 174 174 174 173 174 175 176 176 176 176 175 176 176 176 176 176 176 176 176 0 0 0 0 0 0 0 0
0 0 0 0 0 0 0 0 159 159 159 160 161 162 164 165 165 166 167 167 168 168 167 167 167 168 168 169 170 171 169 169 169 170 170 168 163 161 161 161 161 162 162 162 163 163 163 163 163 163 164 164 164 164 163 163 164 164 163 163 165 164 164 164 163 163 165 165 165 165 165 165 165 165 165 165 165 165 165 165 165 165 165 165 165 165 165 165 165 165 162 161 158 158 157 158 156 157 160 161 163 164 166 166 166 166 165 165 165 164 164 164 165 165 165 165 165 165 165 165 165 165 165 165 166 166 166 166 165 163 161 159 159 159 159 159 158 157 157 157 160 160 162 162 162 163 166 167 167 167 168 167 166 166 166 165 165 165 165 165 162 162 162 162 162 162 162 162 170 170 170 171 170 170 170 170 167 167 166 165 165 165 164 163 165 164 164 164 164 165 166 167 166 166 166 165 165 165 164 164 164 164 164 164 164 164 164 164 165 165 165 164 164 164 163 163 163 163 161 160 158 157 156 155 155 154 153 152 152 152 153 152 157 155 156 156 156 157 157 157 156 156 156 156 157 157 157 157 161 161 161 161 161 161 162 162 160 160 161 161 163 163 163 163 166 168 168 168 168 168 168 168 166 166 166 166 166 166 166 166 166 166 166 166 166 166 166 166 169 169 169 169 169 169 169 169 167 167 167 167 167 167 167 167 166 166 166 167 167 167 168 168 168 168 168 168 168 168 168 168 168 169 169 169 170 170 170 170 170 170 170 170 170 170 170 170 169 169 169 169 169 169 169 169 170 170 170 170 170 170 168 168 169 169 169 169 167 167 167 167 166 166 166 166 166 166 166 166 165 165 165 166 167 167 168 168 168 168 168 168 168 168 168 168 167 167 166 165 164 164 165 165 165 165 165 165 165 165 165 165 168 168 168 168 168 168 168 168 168 168 168 168 168 168 168 168 168 168 168 168 168 168 168 168 168 168 168 168 167 167 167 167 167 167 167 167 167 167 167 167 167 166 166 165 164 164 163 163 165 165 165 165 165 165 165 166 170 171 171 171 171 171 171 171 171 171 171 171 171 171 171 171 169 169 169 169 169 169 169 169 170 171 171 171 172 172 172 172 171 172 172 172 173 173 173 173 173 173 173 173 173 173 173 173 173 173 173 173 173 173 173 173 172 172 172 172 172 172 172 172 171 172 172 172 173 173 173 173 173 174 174 174 175 175 175 175 175 175 175 175 175 175 175 175 175 175 175 175 174 174 174 173 173 174 175 176 176 176 176 175 176 176 176 176 176 176 176 176 0 0 0 0 0 0 0 0
0 0 0 0 0 0 0 0 159 159 159 160 161 162 164 165 164 165 166 167 167 167 167 166 167 167 168 169 170 170 169 169 169 170 170 168 163 160 160 161 161 161 162 162 162 163 163 163 162 163 163 164 164 163 163 162 163 163 163 162 164 164 163 163 162 162 164 164 164 164 164 164 164 164 164 164 164 164 164 164 164 164 164 164 164 164 164 164 165 165 162 161 159 158 158 159 157 157 160 161 163 164 166 167 165 165 165 164 164 164 163 163 164 164 164 164 164 164 164 164 165 165 166 166 167 167 167 168 165 163 162 160 160 161 163 163 165 162 162 161 163 163 164 164 167 168 171 172 174 173 172 172 173 173 173 173 173 173 173 173 170 170 170 170 170 170 170 170 169 170 169 169 167 167 166 166 167 166 165 165 164 164 162 162 164 163 162 162 162 164 165 166 165 165 165 165 164 164 163 163 163 163 163 163 163 163 163 163 164 164 164 164 163 163 162 162 163 162 161 159 157 156 155 154 152 151 151 151 151 152 152 152 157 155 155 156 156 157 157 157 156 156 156 156 157 157 158 158 157 157 159 159 159 159 160 160 160 160 161 161 161 161 161 163 164 166 166 166 166 166 166 166 165 165 165 165 165 165 165 165 165 165 165 165 165 165 165 165 168 168 168 168 168 168 168 168 167 167 167 167 167 167 167 167 165 165 166 166 166 167 167 167 167 167 167 167 167 167 167 167 168 168 169 169 169 170 170 170 169 169 169 169 169 169 169 169 168 168 168 168 168 168 168 168 169 169 169 169 169 169 167 167 169 169 169 169 167 167 167 167 166 166 166 166 166 166 166 166 164 164 165 166 167 167 168 168 168 168 168 168 168 168 168 168 167 166 165 165 164 164 165 165 164 164 164 164 164 164 164 164 168 168 168 168 168 168 168 168 168 168 168 168 168 168 168 168 168 168 168 168 168 168 168 168 168 168 168 167 167 166 166 166 166 166 166 166 166 166 166 166 166 165 165 164 163 162 162 161 163 163 163 163 163 163 163 164 170 171 171 171 171 171 171 171 171 171 171 171 171 171 171 171 170 170 170 170 170 170 170 170 170 170 171 171 171 172 172 172 171 171 172 172 172 173 173 173 173 173 173 173 173 173 173 173 173 173 173 173 173 173 173 173 172 172 172 172 172 172 172 172 171 171 172 172 172 173 173 173 173 173 174 174 174 175 175 175 175 175 175 175 175 175 175 175 175 175 175 174 174 174 173 173 173 174 175 176 176 176 176 175 176 176 176 176 176 176 176 176 0 0 0 0 0 0 0 0
0 0 0 0 0 0 0 0 159 159 159 160 161 162 164 165 164 165 166 167 167 167 166 166 167 167 168 169 169 170 169 169 169 170 170 168 162 160 160 161 161 161 161 162 162 163 163 163 162 163 163 164 164 163 163 162 162 163 162 162 162 163 163 163 162 162 164 164 164 164 164 164 164 164 164 164 164 164 164 164 164 164 164 164 164 164 165 164 165 163 163 161 159 159 160 159 159 159 160 161 164 165 167 167 165 165 164 164 164 163 163 163 165 165 165 165 165 165 165 165 167 166 167 168 168 169 169 170 165 164 163 162 163 165 168 170 167 165 163 162 161 161 161 161 164 165 168 169 170 169 170 169 172 173 173 173 173 173 173 173 173 173 173 172 172 172 172 172 169 169 169 167 167 167 165 165 168 168 166 165 165 164 163 163 164 164 165 162 162 164 165 166 166 166 165 165 165 164 164 164 164 163 164 163 164 163 163 163 164 164 163 163 163 162 162 162 162 162 160 159 157 155 154 153 150 150 150 150 150 151 153 152 155 155 155 156 156 157 157 157 156 156 156 157 157 158 158 158 156 156 158 158 158 158 159 159 160 160 161 161 161 161 161 163 163 165 165 165 165 165 165 165 165 165 165 165 165 165 165 165 165 165 165 165 165 165 165 165 168 168 168 168 168 168 168 168 167 167 167 167 167 167 167 167 165 165 165 166 166 166 167 167 167 167 167 167 167 167 167 167 168 168 168 169 169 170 170 170 169 169 169 169 169 169 169 169 168 168 168 168 168 168 168 168 167 167 169 167 169 167 167 167 169 169 169 169 167 167 167 167 166 166 166 166 166 166 166 166 163 164 165 165 166 167 168 168 168 168 168 168 168 168 168 168 167 166 165 164 164 164 164 165 164 164 164 164 164 164 164 164 168 168 168 168 168 168 168 168 168 168 168 168 168 168 168 168 168 168 168 168 168 168 168 168 168 168 168 167 167 166 166 166 166 166 166 166 166 166 166 166 165 165 164 163 162 161 161 160 163 163 163 163 163 163 163 164 170 171 171 171 171 171 171 171 171 171 171 171 171 171 171 171 170 170 170 170 170 170 170 170 170 170 170 171 171 172 172 172 171 171 171 172 172 173 173 173 173 173 173 173 173 173 173 173 172 172 172 172 172 172 173 173 172 172 172 172 172 172 172 172 171 171 171 172 172 173 173 173 173 173 173 174 174 175 175 175 175 175 175 175 175 175 175 175 175 174 175 173 173 172 172 173 173 174 177 176 178 176 176 175 176 176 176 176 176 176 176 176 0 0 0 0 0 0 0 0
0 0 0 0 0 0 0 0 158 158 158 158 159 160 161 162 162 163 164 164 165 165 164 164 166 166 167 168 169 169 168 169 172 171 169 167 163 161 160 159 161 161 161 161 161 161 161 161 163 163 163 163 163 163 163 163 161 161 160 159 158 159 158 157 161 161 162 162 164 164 165 164 165 163 163 163 163 163 165 165 164 164 165 165 165 165 166 165 163 161 161 160 158 159 159 159 163 163 163 164 164 165 165 165 170 168 166 164 162 162 163 164 164 166 169 168 166 165 169 171 171 167 168 168 170 172 173 172 171 169 168 166 167 171 176 178 171 167 162 157 156 154 153 153 159 159 160 160 159 159 159 159 163 164 165 166 168 169 170 170 170 174 179 180 177 174 173 174 167 168 168 168 169 169 169 170 167 166 164 165 165 166 165 164 168 166 165 163 165 168 170 171 167 167 167 167 167 167 167 167 164 161 162 163 168 166 163 160 160 161 161 160 160 160 161 163 158 162 162 156 155 158 155 149 150 149 147 146 146 148 150 152 156 156 156 156 156 157 157 157 155 156 156 157 157 156 156 155 160 160 159 158 159 160 162 162 160 160 162 162 162 162 162 162 164 164 164 164 164 164 164 164 163 163 163 162 162 161 161 161 162 162 162 162 162 162 162 162 165 165 165 165 165 165 165 165 165 165 165 165 165 165 165 165 166 166 167 167 167 168 168 168 166 166 166 165 165 164 164 164 167 167 167 167 167 167 167 167 167 167 167 167 167 167 167 167 166 166 166 166 166 166 166 166 166 166 167 166 167 166 166 166 169 169 168 167 168 169 171 170 167 167 167 167 167 167 167 167 167 167 167 167 167 167 167 167 166 166 166 166 166 166 166 166 169 168 166 164 163 163 164 164 162 162 162 162 162 162 162 162 168 168 168 168 168 168 168 168 167 167 167 167 167 167 167 167 167 167 167 167 167 167 167 167 169 168 168 167 166 165 164 164 165 165 165 165 165 165 165 165 165 164 163 162 161 160 160 160 161 161 161 161 161 161 161 162 170 170 170 170 170 170 170 170 170 170 170 170 170 170 170 170 170 170 170 170 170 170 170 170 171 171 171 171 171 171 171 171 170 170 171 171 171 172 172 172 173 173 173 173 173 173 173 173 170 170 170 170 170 170 172 172 170 170 170 170 171 171 171 171 170 170 170 170 170 170 170 170 172 172 172 172 172 172 172 172 174 174 174 175 175 175 175 176 173 171 173 171 171 171 171 173 177 177 179 178 179 179 179 179 178 178 176 176 176 176 175 175 0 0 0 0 0 0 0 0
0 0 0 0 0 0 0 0 158 157 157 158 158 159 161 161 163 163 164 165 166 165 165 165 166 166 167 167 168 169 168 168 170 169 168 166 163 161 160 159 161 161 161 161 161 161 161 161 163 163 163 163 163 163 163 163 160 160 160 160 159 158 158 158 161 161 162 162 164 164 165 164 163 163 163 163 163 163 165 165 164 164 165 165 166 166 166 165 163 161 161 160 158 159 159 160 162 162 162 163 164 164 165 165 163 163 164 164 163 163 165 165 165 167 169 168 165 164 167 169 176 174 174 175 177 177 177 175 173 171 169 167 166 164 162 160 146 142 135 128 121 118 115 114 117 117 118 119 119 119 120 120 117 119 121 125 128 132 134 134 140 144 150 153 153 152 154 155 158 158 160 162 164 166 167 169 172 171 171 171 172 171 170 171 166 166 167 169 171 170 169 168 170 169 169 167 167 167 167 167 168 166 165 166 168 168 165 160 161 161 161 160 158 158 159 158 154 159 159 155 153 154 151 146 151 149 147 146 147 149 149 149 154 155 155 155 155 156 156 156 155 156 156 157 157 156 156 155 159 159 158 158 159 159 161 161 160 160 162 162 162 162 162 162 164 164 164 164 164 164 164 164 162 162 161 161 161 160 160 160 161 161 161 161 161 161 161 161 165 165 165 165 165 165 165 165 165 165 165 165 165 165 165 165 165 165 166 166 166 167 167 167 166 166 166 165 165 164 164 164 167 167 167 167 167 167 167 167 167 167 167 167 167 167 167 167 166 166 166 166 166 166 166 166 166 166 166 166 166 166 166 166 168 168 167 167 167 168 170 169 169 168 168 168 168 168 168 168 169 169 169 169 169 169 169 169 168 168 168 168 168 168 168 168 168 167 165 163 162 162 163 163 162 162 162 162 162 162 162 162 167 167 167 167 167 167 167 167 167 167 167 167 167 167 167 167 167 167 167 167 167 167 167 167 167 167 166 166 165 164 163 163 164 164 164 164 164 164 164 164 165 164 163 162 161 160 160 160 161 161 161 161 161 161 161 161 169 169 169 169 169 169 169 169 169 169 169 169 169 169 169 169 170 170 170 170 170 170 170 170 170 170 170 170 170 170 170 170 169 169 170 170 170 171 171 171 173 173 173 173 173 173 173 171 170 169 169 169 170 170 170 170 170 170 170 170 171 171 171 171 170 170 170 170 170 170 170 170 172 172 172 172 172 172 172 172 173 173 173 174 173 174 174 174 171 171 171 171 170 170 170 171 177 178 178 178 179 178 179 179 178 176 176 176 176 175 175 175 0 0 0 0 0 0 0 0
0 0 0 0 0 0 0 0 157 157 157 157 158 159 160 161 164 164 165 166 166 166 166 166 166 166 167 167 168 169 167 167 166 166 165 165 162 161 160 160 161 161 161 161 161 161 161 161 163 163 163 163 163 163 163 163 160 160 160 160 159 158 159 159 161 161 162 162 164 164 164 164 163 162 163 163 163 163 165 165 164 164 165 165 165 165 165 164 163 162 161 161 159 159 160 160 162 163 163 164 165 166 165 166 165 165 167 167 167 165 165 164 166 167 171 171 170 171 173 174 171 170 170 173 172 169 165 161 165 161 157 153 148 139 129 121 111 106 99 91 84 79 75 73 72 73 73 76 77 77 78 79 83 85 88 91 95 98 100 102 108 110 116 120 123 125 128 129 132 132 138 144 149 155 159 162 163 163 164 165 165 165 164 165 168 171 171 169 169 170 170 170 169 168 168 167 166 166 165 163 167 166 165 165 166 164 162 160 161 159 161 162 163 162 162 162 161 163 163 161 158 154 144 135 130 129 131 136 143 148 149 148 152 153 153 153 154 154 155 155 155 156 156 157 157 156 156 155 158 157 157 156 157 158 158 159 160 160 160 160 162 162 162 162 164 164 164 164 164 164 164 164 161 161 161 160 160 160 159 159 160 160 160 160 160 160 160 160 164 164 164 164 164 164 164 164 164 164 164 164 164 164 164 164 164 164 164 165 165 165 166 166 165 165 165 165 164 164 164 164 166 166 166 166 166 166 166 166 166 166 166 166 166 166 166 166 166 166 166 166 166 166 166 166 166 166 166 166 166 166 166 166 167 166 166 166 166 167 168 166 167 166 166 166 166 166 166 166 168 168 168 168 168 168 168 168 167 167 167 167 167 167 167 167 165 164 163 162 161 161 161 161 161 161 161 161 161 161 161 161 165 165 165 165 165 165 165 165 166 166 166 166 166 166 166 166 166 166 166 166 166 166 166 166 165 165 164 164 163 162 162 161 163 163 163 163 163 163 163 163 164 164 162 161 160 160 160 161 161 161 161 161 161 161 161 161 167 167 167 167 167 167 167 167 167 167 167 167 167 167 167 167 170 170 170 170 170 170 170 170 168 168 168 168 168 168 168 168 167 167 168 168 168 169 169 169 171 171 171 171 171 171 171 169 169 168 168 168 169 169 169 169 170 170 170 170 171 171 171 171 170 170 170 170 170 170 170 170 172 172 172 172 172 172 172 172 171 172 172 172 171 172 172 172 170 170 170 170 169 169 169 170 174 176 176 177 177 175 176 176 175 174 174 175 175 173 173 173 0 0 0 0 0 0 0 0
0 0 0 0 0 0 0 0 155 155 155 156 157 159 160 161 164 165 166 167 167 167 167 166 166 166 166 167 167 168 166 167 163 163 163 163 161 161 161 161 161 161 161 161 161 161 161 161 162 162 162 162 162 162 162 162 160 160 161 160 160 159 160 159 162 162 163 163 165 165 165 163 162 162 163 163 163 163 165 165 165 165 166 166 166 166 166 165 164 162 161 161 159 159 160 161 163 163 164 165 166 166 167 167 171 172 170 168 166 165 164 164 161 165 168 171 175 178 180 182 182 181 179 176 172 164 154 149 135 128 119 113 107 99 89 81 75 72 68 64 60 57 57 56 52 52 52 53 55 55 55 55 56 57 57 59 60 59 60 61 62 64 67 71 74 75 80 79 91 95 101 110 120 128 135 139 157 159 163 165 168 170 173 177 175 173 170 166 164 164 169 172 171 169 168 166 166 164 164 163 164 162 163 161 161 161 160 158 156 158 161 163 167 169 169 168 168 164 160 157 154 142 121 103 85 90 100 117 133 145 149 149 151 151 151 152 153 153 154 154 155 156 156 157 157 156 156 155 157 156 156 155 156 157 157 158 160 160 160 160 162 162 162 162 164 164 164 164 164 164 164 164 162 162 162 161 161 161 160 160 161 161 161 161 161 161 161 161 163 163 163 163 163 163 163 163 163 163 163 163 163 163 163 163 162 162 163 163 163 164 164 163 165 164 164 164 164 164 164 164 165 165 165 165 165 165 165 165 165 165 165 165 165 165 165 165 165 165 165 165 165 165 165 165 165 165 165 165 165 165 165 165 165 165 165 165 165 165 166 164 162 162 162 162 162 162 162 162 162 162 162 162 162 162 162 162 161 161 161 161 161 161 161 161 162 162 161 160 160 160 159 159 160 160 160 160 160 160 160 160 163 163 163 163 163 163 163 163 163 163 163 163 163 163 163 163 163 163 163 163 163 163 163 163 163 163 162 162 161 161 160 160 161 161 161 161 161 161 161 161 163 163 162 161 160 160 160 161 161 161 161 161 161 161 161 161 165 165 165 165 165 165 165 165 165 165 165 165 165 165 165 165 167 167 167 167 167 167 167 167 166 166 166 166 166 166 166 165 165 166 166 166 167 167 167 168 170 170 170 170 170 170 170 168 167 167 167 167 168 168 168 168 170 170 170 170 171 171 171 171 170 170 170 170 170 170 170 170 171 171 171 171 171 171 171 171 170 170 170 170 170 170 170 170 169 169 169 169 168 168 168 169 173 173 175 173 174 173 175 174 173 172 174 172 172 172 173 172 0 0 0 0 0 0 0 0
0 0 0 0 0 0 0 0 154 154 154 155 156 158 160 161 164 165 166 167 167 167 167 166 166 166 166 167 167 167 165 166 162 162 162 162 161 161 162 162 161 161 161 161 161 161 161 161 162 162 162 162 162 162 162 162 161 161 161 160 160 160 161 160 162 162 162 162 163 163 163 163 162 162 162 162 163 163 163 163 165 165 165 165 166 166 166 165 164 163 162 161 161 162 163 163 166 166 167 167 168 168 168 168 172 171 168 165 164 167 168 169 165 167 167 169 172 174 175 175 171 167 160 152 142 129 116 109 89 82 71 65 62 62 61 60 58 57 56 55 57 57 57 57 55 55 54 53 53 52 52 51 53 52 51 51 51 50 50 49 50 48 48 49 51 51 53 52 62 63 69 77 85 93 99 102 122 125 134 139 148 155 163 169 172 173 173 172 169 168 171 174 175 173 172 170 170 168 167 167 166 165 166 165 165 165 165 164 162 162 164 167 171 171 168 165 162 150 140 136 131 110 79 56 43 55 76 103 126 142 149 150 149 149 150 151 152 153 153 154 155 156 156 157 157 156 156 155 156 156 155 155 155 155 157 157 159 159 160 160 160 160 162 162 163 163 163 163 163 163 163 163 163 163 162 162 162 161 161 161 162 162 162 162 162 162 162 162 162 162 162 162 162 162 162 162 162 162 162 162 162 162 162 162 160 161 161 161 162 162 162 162 163 162 162 162 162 162 162 162 163 163 163 163 163 163 163 163 163 163 163 163 163 163 163 163 163 163 163 163 163 163 163 163 163 163 163 163 163 163 163 163 162 163 163 163 163 162 162 162 160 160 160 160 160 160 160 160 159 159 159 159 159 159 159 159 158 158 158 158 158 158 158 158 160 160 160 160 159 159 158 158 160 160 160 160 160 160 160 160 161 161 161 161 161 161 161 161 160 160 160 160 160 160 160 160 160 160 160 160 160 160 160 160 161 161 161 160 160 160 160 160 160 160 160 160 160 160 160 160 162 162 161 160 160 160 160 161 161 161 161 161 161 161 161 161 164 164 164 164 164 164 164 164 164 164 164 164 164 164 164 164 164 164 164 164 164 164 164 164 164 164 164 164 164 164 164 164 164 162 163 163 163 164 164 164 166 166 166 166 166 166 166 166 165 165 165 165 166 166 166 166 170 170 170 170 171 171 171 171 170 170 170 170 170 170 170 170 171 171 171 171 171 171 171 171 170 170 169 169 168 168 168 168 167 167 167 167 166 166 166 167 170 170 172 171 172 170 172 170 170 170 171 171 171 171 172 171 0 0 0 0 0 0 0 0
0 0 0 0 0 0 0 0 153 153 153 154 156 158 159 161 164 164 165 166 166 166 166 166 166 166 166 166 166 167 165 165 162 162 162 163 161 162 162 162 161 161 161 161 161 161 161 161 161 161 161 161 161 161 161 161 161 161 161 161 161 160 161 161 163 163 163 163 163 163 164 163 162 162 162 162 163 163 163 163 166 166 166 166 167 167 167 166 164 163 162 162 162 162 163 163 166 166 166 166 166 165 166 165 163 165 164 165 166 171 174 176 179 176 170 165 163 158 152 148 127 121 112 101 89 77 66 59 51 49 44 42 44 52 60 66 68 68 69 69 71 71 72 72 76 76 75 73 73 71 70 69 73 74 74 74 74 72 72 72 71 68 65 63 63 64 64 63 59 60 61 64 66 68 70 71 71 77 85 93 102 113 125 134 154 162 172 179 180 177 177 177 176 175 174 172 173 170 170 170 171 170 171 169 167 167 168 169 175 173 171 168 167 161 152 144 134 119 107 101 92 72 45 24 27 44 74 105 129 143 148 149 148 149 150 151 152 153 154 154 155 156 156 157 157 156 156 155 157 156 156 155 155 156 157 158 159 159 160 160 160 160 162 162 163 163 163 163 163 163 163 163 164 164 163 163 163 162 162 162 163 163 163 163 163 163 163 163 161 161 161 161 161 161 161 161 161 161 161 161 161 161 161 161 160 160 161 161 162 162 162 162 161 161 161 161 162 162 162 162 162 162 162 162 162 162 162 162 162 162 162 162 162 162 162 162 162 162 162 162 162 162 162 162 162 162 162 162 162 162 162 162 162 163 163 163 163 162 161 161 161 161 161 161 161 161 161 161 160 160 160 160 160 160 160 160 159 159 159 159 159 159 159 159 158 159 159 160 160 159 158 158 159 159 159 159 159 159 159 159 160 160 160 160 160 160 160 160 159 159 159 159 159 159 159 159 159 159 159 159 159 159 159 159 160 160 160 160 160 160 160 160 160 160 160 160 160 160 160 160 161 161 160 160 160 160 161 161 161 161 161 161 161 161 161 161 164 164 164 164 164 164 164 164 164 164 164 164 164 164 164 164 163 163 163 163 163 163 163 163 164 164 164 164 164 164 164 164 162 162 162 163 163 163 164 164 165 165 165 165 165 165 165 165 164 164 164 164 165 165 165 165 170 170 170 170 171 171 171 171 170 170 170 170 170 170 170 170 170 170 170 170 170 170 170 170 170 169 169 169 168 167 167 167 166 166 166 166 165 165 165 165 167 167 170 168 168 169 169 168 169 168 169 169 170 168 171 169 0 0 0 0 0 0 0 0
0 0 0 0 0 0 0 0 152 152 152 154 155 157 159 160 163 163 164 165 166 165 165 165 166 166 166 166 166 166 164 164 163 163 163 163 162 162 162 162 161 161 161 161 161 161 161 161 161 161 161 161 161 161 161 161 161 161 161 161 161 161 162 162 161 161 161 161 161 161 163 161 160 160 162 162 162 162 163 163 164 164 166 166 166 166 166 166 165 163 163 162 163 164 164 165 166 165 164 163 164 161 162 162 159 163 166 171 174 178 179 180 179 173 161 148 135 122 110 102 77 72 65 60 55 52 50 48 43 47 50 51 54 62 73 84 85 87 88 89 90 90 92 92 98 97 97 96 95 94 95 93 88 88 86 86 87 87 87 86 87 82 76 74 75 77 77 76 77 76 74 71 67 64 62 61 56 60 63 66 70 79 91 102 114 125 140 151 158 163 170 174 171 169 169 167 168 167 167 167 170 169 170 164 160 158 160 161 166 161 155 149 142 131 116 103 91 79 69 60 48 31 20 15 28 52 87 119 138 147 150 151 148 149 150 151 152 154 155 155 155 156 156 157 157 156 156 155 155 155 154 154 156 156 157 157 159 159 159 159 160 160 160 160 163 163 163 163 163 163 163 163 163 163 163 162 162 162 161 161 162 162 162 162 162 162 162 162 160 160 160 160 160 160 160 160 160 160 160 160 160 160 160 160 161 161 161 162 162 162 163 163 160 160 160 161 161 162 162 162 161 161 161 161 161 161 161 161 161 161 161 161 161 161 161 161 162 162 162 162 162 162 162 162 162 162 162 162 162 162 162 162 163 163 164 164 164 163 161 160 161 161 161 161 161 161 161 161 160 160 160 160 160 160 160 160 159 159 159 159 159 159 159 159 157 158 159 160 160 159 158 158 158 158 158 158 158 158 158 158 160 160 160 160 160 160 160 160 160 160 160 160 160 160 160 160 160 160 160 160 160 160 160 160 160 160 160 160 160 160 160 160 161 161 161 161 161 161 161 161 161 160 160 159 159 160 161 161 161 161 161 161 161 161 161 161 164 164 164 164 164 164 164 164 164 164 164 164 164 164 164 164 164 164 164 164 164 164 164 164 164 164 164 164 164 164 164 164 162 162 162 163 163 163 164 164 163 163 163 163 163 163 163 163 163 163 163 163 164 164 164 164 170 170 170 170 171 171 171 171 170 170 170 170 170 170 170 170 170 170 170 170 170 170 170 170 170 170 170 169 168 167 167 167 165 165 165 165 164 164 164 164 165 165 167 166 167 167 167 166 167 165 168 167 168 167 169 168 0 0 0 0 0 0 0 0
0 0 0 0 0 0 0 0 151 151 152 153 155 157 159 160 162 163 164 164 165 165 164 164 166 166 166 166 166 166 164 164 164 164 164 164 162 162 162 162 161 161 161 161 161 161 161 161 161 161 161 161 161 161 161 161 161 161 161 161 161 161 162 162 161 161 161 161 161 161 161 161 160 160 162 162 162 162 163 163 164 164 166 166 166 166 166 164 165 163 163 162 163 164 164 165 164 165 164 162 162 159 159 158 162 167 174 182 185 185 183 182 167 156 140 123 105 87 71 61 31 28 26 27 32 38 43 46 52 60 70 74 74 77 87 94 91 93 95 97 98 99 100 100 105 105 107 107 106 106 107 106 105 105 104 103 103 102 101 101 107 103 96 95 97 100 100 100 94 92 88 83 77 72 68 66 50 49 48 44 42 46 55 64 75 83 96 106 118 133 151 162 163 162 162 162 162 161 163 161 164 164 163 158 152 147 148 150 142 134 126 118 109 94 77 64 51 45 38 27 12 1 5 15 32 60 97 129 145 151 152 153 149 149 150 151 153 154 155 156 155 156 156 157 157 156 156 155 156 155 155 154 156 157 157 158 159 159 159 159 160 160 160 160 163 163 163 163 163 163 163 163 162 162 162 161 161 160 160 160 161 161 161 161 161 161 161 161 160 160 160 160 160 160 160 160 160 160 160 160 160 160 160 160 161 161 161 162 162 163 163 161 160 160 160 161 161 162 162 162 161 161 161 161 161 161 161 161 161 161 161 161 161 161 161 161 162 162 162 162 162 162 162 162 162 162 162 162 162 162 162 162 163 164 165 165 164 163 161 160 159 159 159 159 159 159 159 159 159 159 159 159 159 159 159 159 158 158 158 158 158 158 158 158 157 158 159 161 161 160 159 158 158 158 158 158 158 158 158 158 160 160 160 160 160 160 160 160 161 161 161 161 161 161 161 161 161 161 161 161 161 161 161 161 160 160 160 160 160 160 160 160 161 161 161 161 161 161 161 161 160 160 159 159 159 160 161 161 161 161 161 161 161 161 161 161 164 164 164 164 164 164 164 164 164 164 164 164 164 164 164 164 165 165 165 165 165 165 165 165 164 164 164 164 164 164 164 162 162 162 162 163 163 164 164 164 163 163 163 163 163 163 163 163 163 163 163 163 164 164 164 164 170 170 170 170 171 171 171 171 170 170 170 170 170 170 170 170 170 170 170 170 170 170 170 170 170 170 170 169 168 167 167 167 165 165 165 165 164 164 164 164 165 165 165 166 166 165 166 166 164 165 166 166 166 167 168 168 0 0 0 0 0 0 0 0
0 0 0 0 0 0 0 0 154 154 155 156 156 157 158 158 161 161 162 163 164 164 165 165 164 164 164 165 165 166 164 164 162 162 162 163 161 162 162 162 161 161 161 161 161 161 161 161 161 161 161 161 161 161 161 161 162 162 162 162 161 161 161 161 162 161 160 159 159 159 159 160 160 159 159 158 159 160 164 165 164 164 164 164 166 166 166 164 163 164 167 168 166 163 160 157 160 158 156 156 160 163 167 168 167 174 184 190 186 174 160 152 136 122 101 82 66 53 43 38 40 40 43 48 55 64 75 80 87 90 94 96 99 98 96 95 103 103 102 102 103 102 103 103 101 102 105 106 108 110 111 111 108 107 107 107 107 107 105 105 105 105 103 103 103 103 102 102 101 101 99 97 94 92 90 89 78 76 72 66 60 54 49 46 57 60 65 66 73 89 111 126 122 121 121 121 122 121 122 121 118 121 123 119 111 102 99 99 85 79 73 66 63 55 48 42 34 29 27 25 15 6 19 39 64 95 125 138 144 153 155 152 149 149 150 151 153 154 155 155 156 156 156 157 157 158 158 158 156 156 156 156 156 156 157 157 158 158 159 159 159 159 159 159 161 161 161 161 161 161 161 161 161 161 161 160 160 159 159 159 159 159 159 159 159 159 159 159 157 157 157 157 157 157 157 157 158 158 157 157 157 158 159 160 158 158 158 159 159 160 160 160 159 158 159 160 160 161 162 162 161 161 161 161 161 161 161 161 161 161 161 161 161 161 161 161 161 161 161 161 161 161 161 161 161 161 161 161 161 161 161 161 160 161 161 161 161 160 159 158 160 160 160 160 160 160 160 160 159 159 159 159 159 159 159 159 158 158 158 158 158 158 158 158 159 159 159 159 159 159 159 159 159 159 159 159 159 159 159 159 160 160 160 160 160 160 160 160 160 160 160 160 160 160 160 160 160 160 160 160 160 160 160 160 160 160 160 160 160 160 160 160 160 160 160 160 160 160 160 160 161 160 159 158 158 158 158 159 159 159 159 159 159 159 159 159 164 164 164 164 164 164 164 164 164 164 164 164 164 164 164 164 162 162 162 162 162 162 162 162 162 162 162 162 162 162 162 162 163 162 162 162 162 162 162 162 162 162 162 161 161 161 160 160 161 161 161 161 162 162 162 162 166 166 167 167 168 169 169 169 170 169 169 169 169 169 169 169 170 170 170 170 170 170 170 170 170 170 170 169 168 168 167 167 165 165 165 165 164 164 164 164 164 164 164 165 165 166 167 165 166 166 165 166 166 167 167 167 0 0 0 0 0 0 0 0
0 0 0 0 0 0 0 0 154 154 155 155 156 157 158 158 161 161 162 162 163 164 165 165 164 164 164 165 165 165 164 164 162 162 162 163 161 162 162 162 161 161 161 161 161 161 161 161 161 161 161 161 161 161 161 161 162 162 162 162 161 161 161 161 162 161 160 159 159 158 159 160 159 159 159 158 159 160 163 164 164 164 164 164 166 166 166 164 162 164 167 167 165 162 160 157 157 157 158 162 166 172 173 173 174 177 182 181 173 157 138 124 100 89 72 56 46 40 39 36 59 62 66 73 80 88 96 99 101 103 107 109 108 107 104 101 100 101 101 101 101 102 102 102 103 104 104 106 108 109 110 109 107 107 107 107 107 107 105 105 108 107 107 107 107 107 105 105 109 109 107 107 106 105 103 103 100 96 91 83 74 64 59 55 46 46 47 45 50 58 73 83 87 86 86 84 84 84 84 83 83 83 84 82 79 74 68 63 47 41 36 34 33 32 31 28 35 27 22 22 20 23 42 65 91 114 137 144 147 154 156 154 149 149 150 151 153 154 155 155 156 156 156 157 157 158 158 158 156 156 156 156 156 155 157 157 158 158 159 159 159 159 159 159 161 161 161 161 161 161 161 161 161 161 160 160 160 159 159 159 159 159 159 159 159 159 159 159 157 157 157 157 157 157 157 157 158 157 157 157 157 158 159 160 158 158 158 159 159 159 160 160 158 158 159 160 160 161 162 162 161 161 161 161 161 161 161 161 161 161 161 161 161 161 161 161 161 161 161 161 161 161 161 161 161 161 161 161 161 161 161 161 160 161 161 161 161 160 159 158 160 160 160 160 160 160 160 160 159 159 159 159 159 159 159 159 158 158 158 158 158 158 158 158 159 159 159 159 159 159 159 159 159 159 159 159 159 159 159 159 160 160 160 160 160 160 160 160 160 160 160 160 160 160 160 160 160 160 160 160 160 160 160 160 160 160 160 160 160 160 160 160 160 160 160 160 160 160 160 160 161 160 159 158 158 158 158 159 159 159 159 159 159 159 159 159 164 164 164 164 164 164 164 164 164 164 164 164 164 164 164 164 162 162 162 162 162 162 162 162 162 162 162 162 162 162 162 162 162 162 162 162 162 162 162 162 162 162 161 161 161 160 160 160 161 161 161 161 162 162 162 162 165 166 166 166 168 168 168 168 169 169 169 169 169 169 169 168 170 170 170 170 170 170 170 170 170 170 169 169 168 167 167 167 165 165 165 165 164 164 164 164 164 164 164 164 165 166 167 165 166 166 165 166 166 166 167 167 0 0 0 0 0 0 0 0
0 0 0 0 0 0 0 0 154 154 154 155 156 157 157 158 160 160 161 162 163 163 164 164 164 164 164 164 165 165 163 164 162 162 162 163 161 162 162 162 161 161 161 161 161 161 161 161 161 161 161 161 161 161 161 161 162 162 162 162 161 161 161 161 161 160 159 158 158 156 158 159 159 158 158 158 159 160 161 161 163 163 164 164 164 164 164 164 163 164 166 166 166 163 161 158 154 157 165 172 177 178 176 174 166 161 155 147 136 118 98 83 65 59 50 43 42 46 51 54 79 83 88 93 98 101 104 105 104 106 110 111 109 107 103 101 99 99 99 99 100 101 101 101 104 104 104 105 107 108 108 108 106 106 106 106 105 105 105 105 103 104 104 103 103 104 104 105 108 108 109 110 110 110 109 109 116 111 106 98 90 81 75 72 69 66 63 59 60 61 65 66 62 62 62 60 59 59 58 56 60 56 56 56 58 55 48 40 41 39 38 40 44 46 50 49 50 35 25 23 30 45 73 98 123 137 148 148 146 150 154 154 149 149 150 151 153 154 155 155 156 156 156 157 157 158 158 158 156 156 155 155 154 154 155 154 157 157 157 157 158 158 158 158 161 161 161 161 161 161 161 161 161 160 160 160 159 159 159 159 159 159 159 159 159 159 159 159 156 156 156 156 156 156 156 156 157 157 156 156 157 157 158 159 158 158 158 158 159 159 159 160 158 158 159 160 160 161 162 162 161 161 161 161 161 161 161 161 161 161 161 161 161 161 161 161 161 161 161 161 161 161 161 161 161 161 161 161 161 161 161 161 160 161 161 161 161 160 159 158 160 160 160 160 160 160 160 160 159 159 159 159 159 159 159 159 158 158 158 158 158 158 158 158 159 159 159 159 159 159 159 159 159 159 159 159 159 159 159 159 160 160 160 160 160 160 160 160 160 160 160 160 160 160 160 160 160 160 160 160 160 160 160 160 160 160 160 160 160 160 160 160 160 160 160 160 160 160 160 160 160 160 159 158 158 158 158 158 159 159 159 159 159 159 159 159 164 164 164 164 164 164 164 164 164 164 164 164 164 164 164 164 162 162 162 162 162 162 162 162 162 162 162 162 162 162 162 162 162 162 162 162 162 162 162 162 161 161 161 160 160 160 159 159 160 160 160 160 161 161 161 161 164 164 164 165 166 167 167 167 168 168 168 168 168 168 168 168 169 169 169 169 169 169 169 169 169 169 169 168 167 167 166 166 165 165 165 165 164 164 164 164 164 164 164 165 166 166 166 167 166 166 166 166 166 166 166 167 0 0 0 0 0 0 0 0
0 0 0 0 0 0 0 0 153 153 154 155 156 156 157 157 159 160 160 161 162 163 163 163 163 163 164 164 164 165 163 163 162 162 162 163 161 162 162 162 161 161 161 161 161 161 161 161 161 161 161 161 161 161 161 161 162 162 162 162 161 161 161 161 161 160 159 156 156 156 156 157 157 158 158 158 159 159 160 160 162 162 163 163 163 163 163 163 162 163 164 164 164 162 161 160 156 164 173 182 184 180 170 163 143 130 113 99 89 78 66 55 47 47 48 52 60 70 81 86 91 93 95 96 97 97 97 99 102 104 106 109 107 104 100 99 99 100 100 101 101 102 103 104 105 105 107 106 106 106 107 107 107 106 107 106 106 106 106 104 102 102 102 103 104 105 106 106 105 107 108 107 108 108 109 108 111 109 108 104 101 97 96 94 94 89 84 80 80 77 73 69 69 68 68 65 64 63 62 61 64 61 60 60 61 61 59 54 57 58 62 65 68 68 68 66 63 48 34 32 45 69 101 126 145 151 152 145 142 144 149 150 149 149 150 151 153 154 155 155 156 156 156 157 157 158 158 158 156 156 155 155 154 153 154 153 156 156 156 156 158 158 158 158 160 160 160 160 160 160 160 160 160 160 160 159 159 159 158 158 158 158 158 158 158 158 158 158 155 155 155 155 155 155 155 155 156 156 155 155 156 157 158 158 157 157 158 158 158 159 159 158 158 158 159 160 160 161 162 162 161 161 161 161 161 161 161 161 161 161 161 161 161 161 161 161 161 161 161 161 161 161 161 161 161 161 161 161 161 161 161 161 160 161 161 161 161 160 159 158 159 159 159 159 159 159 159 159 159 159 159 159 159 159 159 159 158 158 158 158 158 158 158 158 159 159 159 159 159 159 159 159 159 159 159 159 159 159 159 159 160 160 160 160 160 160 160 160 160 160 160 160 160 160 160 160 160 160 160 160 160 160 160 160 160 160 160 160 160 160 160 160 160 160 160 160 160 160 160 160 160 159 158 158 157 157 158 158 158 158 158 158 158 158 158 158 164 164 164 164 164 164 164 164 164 164 164 164 164 164 164 164 162 162 162 162 162 162 162 162 162 162 162 162 162 162 162 161 161 161 161 161 161 161 161 161 160 160 160 160 159 159 159 158 159 159 159 159 160 160 160 160 162 162 162 163 164 165 165 165 166 166 166 166 167 167 167 167 168 168 168 168 168 168 168 168 168 168 168 168 166 166 166 165 164 164 164 164 163 163 163 163 163 163 164 165 166 166 167 166 167 165 166 166 166 166 166 166 0 0 0 0 0 0 0 0
0 0 0 0 0 0 0 0 153 153 154 154 155 156 157 157 159 159 159 160 161 162 162 163 163 163 163 164 164 164 163 163 162 162 162 163 161 162 162 162 161 161 161 161 161 161 161 161 161 161 161 161 161 161 161 161 162 162 162 162 161 161 161 161 161 160 157 156 156 155 155 157 157 158 158 158 158 158 158 158 160 160 160 160 161 161 161 161 162 162 162 161 162 162 162 163 167 172 180 187 182 170 152 139 119 100 78 61 55 53 51 48 42 50 59 70 81 92 102 107 98 97 96 94 95 95 95 97 101 103 105 109 109 107 105 104 103 104 105 105 106 106 109 109 108 108 109 109 108 108 110 110 110 108 110 108 108 108 108 107 108 109 109 108 109 110 111 112 112 114 112 112 112 111 108 107 103 104 106 107 109 108 112 112 111 107 103 99 101 96 90 84 85 85 84 82 81 80 79 77 80 78 78 74 72 73 78 82 88 89 94 91 85 75 66 59 52 43 38 44 64 92 124 144 157 156 151 143 140 141 145 148 149 149 150 151 153 154 155 155 156 156 156 157 157 158 158 158 156 154 155 154 153 152 153 152 152 152 155 155 156 156 157 157 159 159 159 159 159 159 159 159 159 159 158 158 158 157 157 157 157 157 157 157 157 157 157 157 154 154 154 154 154 154 154 154 154 154 154 154 154 155 156 156 156 156 156 157 157 157 158 158 158 157 158 159 159 160 161 161 160 160 160 160 160 160 160 160 160 160 160 160 160 160 160 160 160 160 160 160 160 160 160 160 160 160 160 160 160 160 160 160 159 160 160 160 160 159 158 157 159 159 159 159 159 159 159 159 159 159 159 159 159 159 159 159 158 158 158 158 158 158 158 158 159 159 159 159 159 159 159 159 159 159 159 159 159 159 159 159 160 160 160 160 160 160 160 160 160 160 160 160 160 160 160 160 160 160 160 160 160 160 160 160 160 160 160 160 160 160 160 160 160 160 160 160 160 160 160 160 160 159 158 157 157 157 157 158 158 158 158 158 158 158 158 158 164 164 164 164 164 164 164 164 164 164 164 164 164 164 164 164 162 161 161 161 161 161 161 161 161 161 161 161 161 161 161 161 161 160 160 160 160 160 160 160 159 158 158 158 157 157 157 157 159 159 159 159 160 160 160 160 160 160 160 161 162 163 163 163 164 164 165 165 166 166 167 167 168 168 168 168 168 168 168 168 168 167 167 167 165 165 165 165 164 164 164 164 163 163 163 163 164 164 165 165 166 166 167 167 168 167 167 168 168 166 167 167 0 0 0 0 0 0 0 0
0 0 0 0 0 0 0 0 152 153 153 154 155 156 156 156 158 158 159 159 160 161 162 162 162 163 163 163 164 164 162 162 162 162 162 163 161 162 162 162 161 161 161 161 161 161 161 161 161 161 161 161 161 161 161 161 162 162 162 162 161 161 161 160 161 158 157 156 155 155 155 157 156 158 158 158 158 157 157 157 158 158 158 158 159 159 159 159 160 160 159 159 161 162 165 166 175 176 177 171 160 141 120 108 91 75 54 40 39 44 49 52 57 65 76 86 96 102 107 111 104 103 101 101 101 103 104 105 102 102 103 104 106 107 107 107 108 108 108 109 109 109 111 111 109 109 109 109 109 109 111 111 111 111 112 111 111 111 111 109 109 110 110 110 110 111 111 112 116 116 115 113 111 108 106 103 102 103 106 109 110 112 114 115 116 114 111 111 112 111 107 102 99 98 98 97 96 95 94 94 93 94 94 90 87 88 95 102 111 110 106 97 80 63 49 40 31 34 47 66 90 118 144 156 163 157 151 144 143 143 146 149 149 149 150 151 153 154 155 155 156 156 156 157 157 158 158 157 156 154 155 154 153 152 152 152 151 151 154 154 155 156 156 157 158 158 158 158 158 158 158 158 158 158 158 158 157 157 157 156 156 156 156 156 156 156 156 156 153 153 153 153 153 153 153 153 154 153 153 153 153 154 155 156 155 156 156 156 157 157 157 157 157 157 158 159 159 160 161 161 160 160 160 160 160 160 160 160 160 160 160 160 160 160 160 160 160 160 160 160 160 160 160 160 160 160 160 160 160 160 160 160 159 160 160 160 160 159 158 157 158 158 158 158 158 158 158 158 159 159 159 159 159 159 159 159 158 158 158 158 158 158 158 158 159 159 159 159 159 159 159 159 159 159 159 159 159 159 159 159 160 160 160 160 160 160 160 160 160 160 160 160 160 160 160 160 160 160 160 160 160 160 160 160 160 160 160 160 160 160 160 160 160 160 160 160 160 160 160 160 159 159 158 157 156 156 157 157 157 157 157 157 157 157 157 157 164 164 164 164 164 164 164 164 164 164 164 164 164 164 164 162 162 161 161 161 161 161 161 161 161 161 161 161 161 161 161 161 159 159 159 159 159 159 159 159 158 158 157 157 157 156 156 156 158 158 158 158 159 159 159 159 158 158 158 159 160 161 161 161 162 163 163 164 165 165 166 166 167 167 167 167 167 167 167 167 167 167 166 166 165 164 164 164 163 163 163 163 162 162 162 162 163 164 164 165 166 167 167 166 167 168 167 167 168 168 166 166 0 0 0 0 0 0 0 0
0 0 0 0 0 0 0 0 152 152 153 154 155 155 156 156 157 157 158 159 160 160 161 161 162 162 163 163 163 164 162 162 162 162 162 163 161 162 162 162 161 161 161 161 161 161 161 161 161 161 161 161 161 161 161 161 162 162 162 162 161 161 160 160 161 158 157 155 155 155 153 156 156 158 158 159 158 157 157 156 154 154 156 156 156 156 157 157 158 157 157 157 160 162 167 168 173 166 155 139 120 100 83 71 62 56 47 44 48 56 63 68 81 86 93 97 100 100 101 102 103 105 106 107 108 110 110 109 103 102 101 101 103 105 107 108 110 110 110 109 111 111 111 111 108 108 109 109 111 111 111 111 112 112 113 112 112 112 112 111 109 108 108 108 108 108 108 108 114 114 113 110 108 105 102 100 103 103 105 107 109 108 109 109 106 104 103 103 104 103 103 100 106 105 105 104 104 104 104 104 103 103 102 101 101 104 107 108 103 98 85 68 50 36 28 24 30 45 73 101 125 144 158 161 163 155 150 146 146 146 147 148 149 149 150 151 153 154 155 155 156 156 156 157 157 158 158 157 156 154 153 152 152 151 150 150 150 150 153 154 155 156 156 157 158 158 158 158 158 158 158 158 158 158 158 157 157 157 156 156 156 156 156 156 156 156 156 156 152 152 152 152 152 152 152 152 153 153 152 152 153 154 154 155 155 155 156 156 156 157 157 157 157 157 158 159 159 160 161 161 160 160 160 160 160 160 160 160 160 160 160 160 160 160 160 160 160 160 160 160 160 160 160 160 160 160 160 160 160 160 160 160 159 160 160 160 160 159 158 157 158 158 158 158 158 158 158 158 159 159 159 159 159 159 159 159 158 158 158 158 158 158 158 158 159 159 159 159 159 159 159 159 159 159 159 159 159 159 159 159 160 160 160 160 160 160 160 160 160 160 160 160 160 160 160 160 160 160 160 160 160 160 160 160 160 160 160 160 160 160 160 160 160 160 160 160 160 160 160 160 159 158 157 157 156 156 157 157 157 157 157 157 157 157 157 157 164 164 164 164 164 164 164 164 164 164 164 164 164 164 164 162 162 161 161 161 161 161 161 161 161 161 161 161 161 161 161 161 159 159 159 159 159 159 159 159 157 157 157 156 156 156 155 155 157 157 157 157 158 158 158 158 157 157 157 157 159 159 159 160 161 161 162 163 164 165 165 166 166 166 166 166 166 166 166 166 166 166 166 165 164 164 163 163 163 163 163 163 162 162 162 162 163 165 166 167 168 166 167 167 167 167 168 168 167 168 168 168 0 0 0 0 0 0 0 0
0 0 0 0 0 0 0 0 152 152 153 154 154 155 156 156 157 157 158 158 159 160 161 161 162 162 162 163 163 164 162 162 162 162 162 163 161 162 162 162 161 161 161 161 161 161 161 161 161 161 161 161 161 161 161 161 162 162 162 162 161 161 160 160 159 157 156 153 153 153 153 154 154 157 157 158 158 157 155 154 152 152 153 153 153 153 155 155 156 156 155 158 161 165 170 173 169 156 135 111 89 69 54 48 48 51 54 60 68 77 84 88 96 99 101 99 96 92 91 92 102 106 109 110 110 108 105 103 108 107 105 103 104 108 111 113 112 112 112 112 111 110 110 110 109 109 109 110 110 111 111 112 113 113 113 113 112 112 112 112 113 113 111 110 110 110 110 112 115 114 112 111 109 106 103 102 104 103 104 105 105 106 105 105 111 110 109 108 108 109 111 110 107 106 106 106 107 105 107 105 107 103 102 105 109 110 108 105 101 92 74 54 38 31 32 34 44 69 103 133 152 162 164 161 160 152 147 146 147 146 146 147 149 149 150 151 153 154 155 155 156 156 156 157 157 158 158 158 156 156 155 154 152 151 151 150 149 150 153 153 154 155 156 156 158 158 158 158 158 158 158 158 158 158 158 157 157 156 156 156 156 155 156 156 156 156 156 156 152 152 152 152 152 152 152 152 153 152 152 152 152 153 154 155 155 155 155 156 156 157 157 157 157 157 158 159 159 160 161 161 160 160 160 160 160 160 160 160 160 160 160 160 160 160 160 160 160 160 160 160 160 160 160 160 160 160 160 160 160 160 160 160 159 160 160 160 160 159 158 157 157 157 158 157 158 157 158 157 159 158 159 158 159 158 159 158 158 158 158 158 158 158 158 158 159 159 159 159 159 159 159 159 159 159 159 159 159 159 159 159 160 160 160 160 160 160 160 160 160 160 160 160 160 160 160 160 160 160 160 160 160 160 160 160 160 160 160 160 160 160 160 160 160 160 160 160 160 160 160 160 159 158 157 156 156 156 156 157 157 157 157 157 157 157 157 157 162 162 164 162 164 162 164 162 164 162 164 162 164 162 164 162 161 161 161 161 161 161 161 161 161 161 161 161 161 161 161 161 160 159 160 159 160 159 160 159 158 157 157 156 157 155 156 156 157 157 158 158 158 158 158 160 156 156 156 158 158 158 159 159 160 161 161 162 163 164 165 165 166 166 166 166 166 166 166 166 166 166 165 165 164 163 163 163 163 163 163 163 162 162 162 162 163 165 166 167 167 166 167 166 167 167 167 167 167 168 168 168 0 0 0 0 0 0 0 0
0 0 0 0 0 0 0 0 150 150 150 150 151 152 153 154 154 154 155 156 156 157 158 158 161 161 162 163 163 164 163 163 164 164 164 163 161 160 160 160 161 161 161 161 161 161 161 161 158 159 161 162 163 163 162 161 162 164 162 162 161 161 160 160 157 156 154 153 153 152 152 153 157 158 156 154 154 150 147 145 148 153 157 155 149 146 148 153 151 154 164 168 165 174 177 165 157 136 107 80 55 37 32 37 49 60 73 82 88 94 104 110 111 108 105 100 96 90 86 84 99 101 101 102 102 104 104 104 104 108 110 112 111 110 106 106 110 110 111 110 110 110 109 109 113 113 112 111 111 110 109 109 111 111 110 111 111 112 112 112 113 114 115 115 115 115 112 111 111 111 111 110 109 107 106 106 107 106 106 106 105 105 105 105 109 109 109 110 111 109 110 110 108 105 104 105 107 107 108 105 108 108 105 107 115 120 109 94 90 70 47 32 25 28 45 62 89 114 141 160 168 174 170 163 148 148 147 147 147 147 147 147 151 151 152 153 154 154 155 156 157 158 159 159 159 159 158 157 152 152 152 151 151 150 152 152 153 153 154 155 155 156 157 157 158 158 158 157 157 156 156 156 155 155 155 155 155 155 155 155 155 153 155 155 155 155 155 155 152 152 153 153 153 153 153 153 152 151 151 151 151 152 153 154 155 155 155 156 156 156 157 157 158 158 158 159 159 160 160 160 160 160 160 161 161 162 162 162 162 161 160 160 159 159 160 160 160 160 160 160 160 160 160 160 160 160 160 160 160 160 160 160 159 159 159 159 159 159 159 159 159 157 159 156 158 155 157 155 156 154 156 155 157 156 158 159 157 157 157 158 158 159 159 159 158 158 158 158 158 158 158 158 159 159 159 159 159 159 159 159 159 159 159 159 159 159 159 159 159 159 159 159 159 159 159 159 160 160 160 160 160 160 160 160 160 160 160 160 160 160 160 160 160 160 160 160 160 160 160 160 157 157 157 156 156 155 155 155 156 156 156 156 156 156 156 157 161 161 162 161 162 161 162 161 163 162 163 162 163 162 163 162 160 160 160 160 160 160 160 160 161 161 161 161 161 161 161 161 161 161 162 160 161 160 160 159 158 157 158 157 158 157 158 158 158 158 160 160 160 160 160 161 157 157 157 160 160 160 161 161 163 163 163 164 164 165 165 165 166 166 166 166 166 166 166 166 165 165 165 164 163 162 162 162 160 160 160 160 159 159 159 159 163 164 165 166 167 167 167 167 167 166 167 165 165 166 166 166 0 0 0 0 0 0 0 0
0 0 0 0 0 0 0 0 148 148 148 148 149 150 151 152 154 154 155 155 156 157 158 158 161 161 162 163 163 164 163 163 164 164 163 163 161 160 160 160 160 160 160 160 160 160 160 160 158 159 161 162 162 162 161 161 164 164 162 162 161 161 160 158 157 156 154 153 153 152 152 152 152 155 156 154 152 147 143 141 152 156 160 158 151 146 145 150 160 164 173 176 171 168 158 139 112 92 69 53 43 40 46 57 75 84 92 96 96 96 100 104 103 103 103 101 99 97 95 95 100 100 102 102 103 103 105 106 107 108 110 111 111 109 109 109 110 112 113 114 113 114 115 115 115 115 113 112 111 110 110 109 112 112 111 112 112 113 113 113 113 114 114 115 115 114 112 111 112 112 113 111 113 111 112 110 109 107 109 107 109 108 110 110 112 112 113 111 114 112 112 111 109 106 104 102 103 105 105 104 107 109 109 107 109 105 90 74 51 40 31 32 41 60 87 108 122 136 155 161 164 164 162 155 149 148 148 148 148 148 149 148 151 151 152 152 153 154 155 155 155 156 156 157 157 156 156 155 154 154 154 153 153 152 152 152 153 153 154 155 156 157 158 158 158 158 158 157 157 156 156 156 155 155 155 155 155 155 155 155 153 153 153 153 155 155 155 155 152 152 153 153 153 153 153 153 152 152 152 152 152 153 154 154 155 156 156 156 157 157 157 157 158 158 159 159 159 160 160 160 160 160 161 161 161 162 162 161 160 159 158 158 157 157 158 158 158 158 158 158 158 158 158 158 159 159 159 159 159 159 159 159 159 159 159 159 159 159 159 159 157 157 156 156 156 155 155 155 154 154 154 155 155 155 156 156 157 157 158 158 158 159 159 159 158 158 158 158 158 158 158 158 159 159 159 159 159 159 159 159 159 159 159 159 159 159 159 159 159 159 159 159 159 159 159 159 159 159 159 159 159 159 159 159 159 159 159 159 159 159 159 159 159 159 159 159 159 159 159 159 157 157 157 156 156 155 155 155 156 156 156 156 156 156 156 156 160 160 160 160 160 160 160 160 160 160 160 160 160 160 160 160 160 160 160 160 160 160 160 160 160 160 160 160 160 160 160 160 161 161 161 161 160 160 159 159 158 158 158 158 158 158 158 158 160 160 160 160 160 160 161 161 158 158 160 160 161 161 163 163 163 163 163 164 164 165 165 165 166 166 166 166 166 166 166 166 165 165 164 164 163 162 162 162 160 160 160 160 159 159 159 159 163 164 165 166 166 166 166 166 166 166 164 164 165 165 166 166 0 0 0 0 0 0 0 0
0 0 0 0 0 0 0 0 146 145 145 146 147 148 149 150 154 154 154 155 156 157 157 158 161 161 162 163 163 164 163 163 164 163 163 163 160 160 160 160 159 159 159 159 159 159 159 159 158 159 160 161 161 161 160 160 162 162 160 160 159 159 158 156 156 155 153 152 152 151 151 152 152 154 154 154 152 148 144 142 157 160 161 158 153 148 148 151 165 168 177 177 164 149 129 105 75 62 47 42 46 56 69 80 96 102 107 106 102 98 99 100 100 100 101 101 101 101 102 102 102 102 102 102 105 105 105 105 109 109 109 109 111 110 110 111 111 111 112 112 113 113 112 113 109 109 110 110 110 111 111 111 111 111 112 112 112 113 113 113 111 112 111 112 112 111 111 110 111 111 113 112 113 112 114 113 109 109 110 110 111 111 113 113 113 113 114 114 115 114 113 111 110 108 107 107 109 111 112 111 108 110 112 108 101 89 73 59 38 36 38 50 69 94 123 142 156 161 167 164 161 158 156 152 150 149 147 147 149 149 149 149 151 149 150 150 151 152 152 152 151 151 152 152 152 152 151 151 151 151 151 151 150 150 150 150 150 151 152 153 154 156 157 157 156 156 155 155 155 154 154 154 153 153 153 153 153 153 153 153 153 153 153 153 155 155 155 155 152 152 152 152 153 153 153 153 153 152 152 151 152 153 154 154 155 155 155 156 156 157 157 157 158 158 158 158 159 159 160 160 160 160 160 160 161 161 162 162 158 155 154 153 153 153 153 154 154 154 154 154 154 154 154 154 156 156 156 156 156 156 156 156 156 156 156 156 156 156 156 156 157 156 156 156 155 155 155 155 153 153 154 154 154 155 155 155 157 157 158 158 158 159 159 159 158 158 158 158 158 158 158 158 159 159 159 159 159 159 159 159 159 159 159 159 159 159 159 159 159 159 159 159 159 159 159 159 158 158 158 158 158 158 158 158 158 158 158 158 158 158 158 158 158 158 158 158 158 158 158 158 157 157 157 156 156 155 155 155 156 156 156 156 156 156 156 156 159 159 159 159 159 159 159 159 158 158 158 158 158 158 158 158 160 160 160 160 160 160 160 160 159 159 159 159 159 159 159 159 160 160 160 159 159 159 158 158 158 158 158 158 158 158 158 158 158 158 158 158 160 160 161 161 159 159 161 162 162 162 163 163 163 163 163 164 164 165 165 165 166 166 166 166 166 166 166 166 165 164 164 164 162 162 162 162 160 160 160 160 159 159 159 159 163 163 164 166 165 166 165 165 165 165 163 164 164 164 165 165 0 0 0 0 0 0 0 0
0 0 0 0 0 0 0 0 145 145 145 145 146 147 148 149 153 153 154 155 156 156 157 157 161 161 162 163 163 164 163 163 163 163 163 162 160 160 159 159 158 158 158 158 158 158 158 158 158 158 159 159 159 159 159 159 159 161 159 159 158 158 157 157 155 154 154 152 152 151 151 151 153 154 153 152 152 151 151 152 154 152 149 146 146 148 153 157 165 164 170 163 139 116 99 79 66 59 52 54 65 75 84 90 100 104 106 105 102 98 99 100 102 103 103 102 102 102 103 102 104 104 104 104 106 106 107 107 110 109 108 107 109 109 111 112 114 114 113 112 111 109 107 107 103 104 106 108 110 112 113 114 111 111 111 111 111 112 112 112 108 109 109 109 110 108 109 108 107 109 109 110 110 111 111 112 112 112 113 114 115 116 117 117 117 118 118 119 119 117 116 115 109 110 112 114 118 119 118 116 107 109 107 101 90 77 66 60 57 60 70 86 104 123 144 156 169 169 168 164 160 156 157 155 150 150 148 148 150 150 150 150 149 149 149 150 150 151 151 152 150 150 151 151 151 151 150 150 151 150 150 150 150 150 150 150 150 150 151 153 154 156 157 158 155 155 155 154 154 153 153 153 152 152 152 152 152 152 152 152 153 153 153 153 155 155 155 155 151 151 151 151 152 152 152 151 154 153 152 152 153 153 154 155 155 155 156 156 157 157 157 157 158 158 158 158 159 159 159 160 160 160 160 160 161 161 161 162 155 155 154 153 152 152 153 153 153 153 153 153 153 153 153 153 154 154 154 154 154 154 154 154 155 155 155 155 155 155 155 155 156 156 156 155 155 155 154 154 153 153 153 153 153 154 154 154 157 157 157 158 158 158 159 159 157 157 157 157 157 157 157 157 158 158 158 158 158 158 158 158 158 158 158 158 158 158 158 158 158 158 158 158 158 158 158 158 157 157 157 157 157 157 157 157 157 157 157 157 157 157 157 157 157 157 157 157 157 157 157 157 157 157 157 156 156 155 155 155 156 156 156 156 156 156 156 156 158 158 158 158 158 158 158 158 157 157 157 157 157 157 157 157 159 159 159 159 159 159 159 159 158 158 158 158 158 158 158 158 159 159 159 158 158 157 157 157 158 158 158 158 158 158 158 158 158 158 158 158 160 160 161 161 160 160 162 163 163 164 164 164 163 163 163 164 164 165 165 165 165 165 165 165 165 165 165 165 164 164 164 163 162 162 161 161 160 160 160 160 159 159 159 159 162 163 164 165 164 165 164 164 164 164 162 162 163 163 164 164 0 0 0 0 0 0 0 0
0 0 0 0 0 0 0 0 146 146 146 146 147 148 149 150 153 153 154 154 155 156 157 157 161 161 162 163 163 164 163 163 163 163 162 162 160 159 159 159 158 158 158 158 158 158 158 158 158 158 157 157 157 157 157 157 157 157 157 157 156 156 155 155 155 154 154 152 152 151 151 152 155 154 154 153 153 156 159 163 151 146 139 137 142 151 160 168 164 157 153 133 98 73 66 59 55 59 65 74 86 93 94 93 97 100 102 103 102 101 102 102 103 104 104 103 103 103 104 104 108 108 108 108 108 108 109 109 112 110 109 108 109 110 112 113 115 115 114 112 111 110 109 108 107 108 109 110 112 113 114 114 112 112 112 111 111 111 111 111 110 111 112 111 112 111 111 110 112 112 113 113 114 114 115 115 119 120 121 121 123 123 124 125 125 126 127 127 127 125 123 120 111 113 116 120 121 117 111 106 97 97 93 83 73 64 64 65 73 84 102 121 139 154 164 167 167 165 164 162 160 156 155 156 150 148 148 148 148 148 148 148 149 149 149 150 150 150 150 151 150 151 151 152 152 151 151 150 149 150 150 150 150 150 150 150 149 150 151 152 153 155 156 156 153 153 153 153 152 152 151 151 150 150 150 150 150 150 150 150 151 151 152 152 152 152 154 154 150 150 151 151 151 151 152 151 154 153 152 152 153 153 154 155 155 155 155 156 156 157 157 157 157 157 157 158 158 158 159 159 159 159 159 160 160 160 161 161 156 156 155 154 153 153 154 154 154 154 154 154 154 154 154 154 153 153 153 153 153 153 153 153 155 155 155 155 155 155 155 155 156 156 155 155 155 154 154 154 153 153 153 153 153 152 152 152 155 156 156 156 157 157 157 158 157 157 157 157 157 157 157 157 158 158 158 158 158 158 158 158 158 158 158 158 158 158 158 158 158 158 158 158 158 158 158 158 157 157 157 157 157 157 157 157 157 157 157 157 157 157 157 157 157 157 157 157 157 157 157 157 157 157 157 156 156 155 155 155 156 156 156 156 156 156 156 156 158 158 158 158 158 158 158 158 158 158 158 158 158 158 158 158 159 159 159 159 159 159 159 159 158 158 158 158 158 158 158 158 158 158 157 157 156 156 156 156 157 157 157 157 157 157 157 157 158 158 158 158 158 158 160 160 160 160 161 161 164 164 164 164 163 163 163 164 164 165 165 165 165 165 165 165 165 165 165 165 164 164 163 163 162 161 161 161 160 160 160 160 159 159 159 159 162 163 164 164 164 163 163 163 162 162 161 161 162 162 162 162 0 0 0 0 0 0 0 0
0 0 0 0 0 0 0 0 147 147 147 147 148 149 150 151 152 153 153 154 155 156 156 156 161 161 162 163 163 164 163 163 162 162 162 162 159 159 159 158 158 158 158 158 158 158 158 158 158 157 156 155 155 155 156 156 156 156 156 156 155 155 154 154 154 154 154 153 153 151 151 151 156 154 153 151 152 155 160 163 150 145 140 142 148 157 163 166 156 141 125 98 59 40 45 47 49 63 80 93 105 108 107 104 99 101 102 103 104 103 103 103 100 101 101 104 105 106 106 107 109 109 109 108 108 109 109 108 110 109 108 108 109 110 112 113 113 113 113 114 114 115 115 115 117 116 116 115 115 114 114 114 113 113 112 112 112 111 111 111 117 117 118 118 118 118 117 117 119 121 121 121 122 122 122 122 126 127 127 128 128 129 129 130 130 131 132 133 132 129 125 123 118 119 119 119 113 104 93 85 78 76 75 73 67 65 72 79 96 112 132 148 163 172 175 171 163 159 159 162 161 155 152 151 148 148 148 148 148 148 148 148 149 149 149 149 149 150 150 150 151 151 152 152 152 152 151 151 149 149 149 149 150 150 150 150 149 150 150 151 152 152 153 153 151 151 151 150 150 150 149 149 148 148 148 148 148 148 148 148 149 149 150 150 150 150 152 152 149 149 150 150 150 150 151 150 152 152 152 151 152 153 154 154 154 154 154 155 155 155 156 156 155 155 156 156 156 157 157 157 157 157 158 158 158 159 159 157 157 156 155 155 154 154 155 155 155 155 155 155 155 155 155 155 153 153 153 153 153 153 153 153 154 154 154 154 154 154 154 154 155 155 155 155 154 154 154 153 153 153 152 152 152 151 151 151 154 154 154 155 155 155 156 156 156 156 156 156 156 156 156 156 157 157 157 157 157 157 157 157 157 157 157 157 157 157 157 157 157 157 157 157 157 157 157 157 157 157 157 157 157 157 157 157 157 157 157 157 157 157 157 157 157 157 157 157 157 157 157 157 157 157 157 156 156 155 155 155 156 156 156 156 156 156 156 156 158 158 158 158 158 158 158 158 159 159 159 159 159 159 159 159 158 158 158 158 158 158 158 158 158 158 158 158 158 158 158 158 158 158 158 157 157 156 156 156 157 157 157 157 157 157 157 157 158 158 158 158 158 158 160 160 160 160 160 161 163 164 164 164 163 163 163 164 164 165 165 165 164 164 164 164 164 164 164 164 163 163 163 163 161 161 161 160 160 160 160 160 159 159 159 159 162 162 163 164 163 162 162 161 161 161 160 160 160 161 161 161 0 0 0 0 0 0 0 0
0 0 0 0 0 0 0 0 147 146 146 147 147 149 150 151 152 152 153 154 155 155 156 156 161 161 162 163 163 164 163 163 162 162 162 161 159 159 158 158 159 159 159 159 159 159 159 159 158 157 155 154 154 154 155 155 154 154 154 154 153 153 152 152 155 153 153 152 152 152 152 152 152 153 152 151 151 151 153 153 151 151 150 154 159 158 152 148 132 108 88 66 42 34 47 54 66 83 99 107 111 112 111 107 106 106 105 105 106 105 104 104 101 101 102 104 105 106 107 108 109 109 108 108 107 109 109 108 110 109 109 109 111 112 112 113 109 110 110 111 112 113 114 114 117 117 117 117 116 116 116 118 117 117 117 116 116 115 115 115 118 119 120 120 120 120 119 120 122 123 123 123 122 122 122 122 125 125 125 125 125 125 125 125 125 126 127 128 126 123 119 117 115 113 108 102 92 80 68 60 62 64 72 84 89 93 104 113 129 143 158 168 174 178 175 167 161 157 157 161 160 153 150 151 147 146 146 146 146 146 146 146 148 148 148 148 148 148 148 148 149 150 150 151 151 150 150 149 147 147 147 148 148 149 149 149 149 149 149 149 149 149 149 149 148 148 148 147 147 146 146 146 145 145 145 145 145 145 145 145 147 147 147 147 148 148 148 148 149 149 149 149 150 150 150 150 151 149 149 149 149 150 151 151 151 151 151 151 152 152 153 153 152 152 152 153 153 153 154 154 154 154 154 155 155 155 156 156 157 155 154 153 153 153 153 154 154 154 154 154 154 154 154 154 153 153 153 153 153 153 153 153 152 152 152 152 152 152 152 152 155 155 155 154 154 154 153 153 152 152 152 151 151 151 150 150 152 152 152 153 153 153 154 154 156 156 156 156 156 156 156 156 157 157 157 157 157 157 157 157 157 157 157 157 157 157 157 157 157 157 157 157 157 157 157 157 158 158 158 158 158 158 158 158 158 158 158 158 158 158 158 158 158 158 158 158 158 158 158 158 157 157 157 156 156 155 155 155 156 156 156 156 156 156 156 156 159 159 159 159 159 159 159 159 159 159 159 159 159 159 159 159 158 158 158 158 158 158 158 158 159 159 159 159 159 159 159 159 159 158 158 158 157 157 157 157 157 157 157 157 157 157 157 157 157 157 157 157 158 158 160 160 158 159 160 160 161 161 161 161 161 161 161 162 162 163 163 163 162 162 162 162 162 162 162 162 163 163 163 162 161 161 160 160 160 160 160 160 159 159 159 159 162 162 163 163 162 161 161 160 160 160 159 159 160 160 160 160 0 0 0 0 0 0 0 0
0 0 0 0 0 0 0 0 146 146 146 146 147 148 149 150 152 152 153 154 154 155 156 156 161 161 162 163 163 164 163 163 162 162 162 161 159 158 158 158 159 159 159 159 159 159 159 159 158 157 155 154 153 153 154 155 154 154 154 154 153 153 152 152 155 155 153 153 153 152 153 153 151 151 152 151 150 148 144 144 152 154 158 166 168 159 142 129 104 79 59 47 39 45 62 71 87 104 115 114 108 105 103 99 108 108 106 106 106 107 106 104 103 103 104 104 106 104 106 104 107 107 107 106 108 107 107 106 108 109 109 111 111 112 112 112 108 108 108 108 108 108 107 108 109 112 113 115 117 119 121 122 121 120 120 120 119 118 120 120 118 119 120 121 121 120 120 120 120 121 121 120 119 119 118 118 121 121 121 121 120 120 120 120 118 119 121 121 120 116 112 109 100 96 86 78 67 57 46 39 55 63 81 104 120 129 139 148 151 164 175 178 180 182 177 168 161 154 154 160 160 154 150 151 146 144 144 144 144 146 146 146 148 148 148 148 148 148 148 148 148 149 149 150 150 149 149 148 147 147 147 148 148 149 149 149 149 149 148 148 148 147 147 147 147 147 146 146 145 145 145 145 144 144 144 144 144 144 144 144 146 146 146 146 147 147 147 147 149 149 149 149 150 150 150 149 149 148 148 148 148 149 150 151 150 150 150 151 151 151 152 152 151 151 151 152 152 152 153 153 153 153 153 154 154 154 155 155 155 154 153 152 152 152 153 153 153 153 153 153 153 153 153 153 153 153 153 153 153 153 153 153 152 152 152 152 152 152 152 152 155 155 155 154 154 153 153 153 152 152 152 151 151 150 150 149 151 151 151 152 152 152 153 153 156 156 156 156 156 156 156 156 157 157 157 157 157 157 157 157 157 157 157 157 157 157 157 157 157 157 157 157 157 157 157 157 158 158 158 158 158 158 158 158 158 158 158 158 158 158 158 158 158 158 158 158 158 158 158 158 157 157 157 156 156 155 155 155 156 156 156 156 156 156 156 156 159 159 159 159 159 159 159 159 158 158 158 158 158 158 158 158 158 158 158 158 158 158 158 158 159 159 159 159 159 159 159 159 159 159 159 158 158 158 157 157 157 157 157 157 157 157 157 157 157 157 157 157 158 158 160 160 158 158 159 160 160 160 161 161 161 161 161 162 162 163 163 163 162 162 162 162 162 162 162 162 163 163 163 162 161 160 160 160 160 160 160 160 159 159 159 159 161 162 162 163 162 161 160 160 160 160 158 159 159 159 160 160 0 0 0 0 0 0 0 0
0 0 0 0 0 0 0 0 146 146 145 146 147 148 149 150 152 153 154 155 156 157 156 156 161 161 162 163 163 164 163 163 161 161 161 161 159 159 159 159 158 158 158 158 158 158 158 158 159 157 155 154 153 153 154 155 152 152 151 151 151 151 151 151 153 153 153 153 153 151 153 153 156 150 146 149 149 142 139 141 157 166 172 168 155 134 112 99 74 55 39 43 60 72 83 89 108 113 115 111 105 100 101 103 108 109 108 106 105 105 105 104 105 106 106 107 109 108 110 109 113 112 112 111 111 110 110 110 111 111 111 113 112 111 109 107 111 111 112 112 113 114 115 118 119 118 116 117 119 119 119 117 116 116 114 112 111 110 108 107 107 101 96 93 94 95 95 93 97 98 97 96 96 95 94 94 95 96 97 98 99 100 101 101 101 100 101 104 103 99 90 83 91 85 80 80 74 62 54 53 72 93 123 145 158 166 166 165 176 177 180 179 175 172 168 164 157 156 157 157 155 153 150 147 145 143 143 143 143 145 145 145 148 148 148 148 148 148 148 148 146 146 146 146 146 146 146 146 146 146 146 147 147 148 148 148 150 150 150 149 148 147 146 145 146 146 146 145 145 145 144 144 145 145 145 145 145 145 145 145 142 142 142 142 144 144 145 145 145 145 147 148 148 149 149 149 150 149 149 148 148 149 150 150 149 149 150 150 150 151 151 151 150 150 150 150 150 150 150 150 150 150 151 152 153 153 154 154 154 154 154 154 154 154 154 154 153 153 153 153 153 153 153 153 152 152 152 152 152 152 152 152 152 152 152 152 152 152 152 152 153 153 153 154 154 155 155 155 153 154 154 152 150 148 148 149 151 151 151 152 152 153 153 153 153 154 155 156 156 156 155 155 157 157 157 157 157 157 157 157 157 157 157 157 157 157 157 157 156 156 156 157 157 158 158 158 157 157 157 157 157 157 157 157 157 157 157 157 157 157 157 157 157 157 157 157 157 157 157 157 157 157 157 157 157 157 157 157 157 157 157 157 157 157 157 157 158 158 158 158 158 158 158 158 159 159 159 159 159 159 159 159 159 159 159 159 159 159 159 159 159 159 159 159 159 159 159 159 157 157 157 157 157 157 157 157 156 156 156 156 156 156 156 156 157 157 157 157 157 157 158 158 157 157 159 159 160 160 160 160 160 160 160 161 161 162 162 162 162 162 162 162 162 162 162 162 164 164 164 163 162 161 161 161 160 160 160 160 159 159 159 159 161 161 161 161 160 160 160 160 160 160 158 158 158 158 158 158 0 0 0 0 0 0 0 0
0 0 0 0 0 0 0 0 146 146 145 146 147 148 149 150 152 153 154 155 156 156 156 156 160 160 160 161 162 163 161 162 160 160 160 160 158 158 158 158 157 157 157 157 157 157 157 157 158 157 155 153 152 152 152 153 152 152 151 151 151 151 151 151 152 152 152 152 152 152 152 152 153 148 148 152 152 149 148 153 167 171 170 159 136 108 81 67 56 47 43 56 75 87 94 100 110 114 116 112 107 100 100 101 111 109 109 107 105 106 106 106 106 107 107 107 107 107 108 107 110 109 110 111 112 112 112 113 115 116 118 119 119 118 117 116 108 110 113 118 119 119 119 118 118 117 116 113 108 106 107 108 103 102 101 99 99 97 96 95 102 95 89 83 83 84 87 90 90 89 89 89 89 88 88 88 90 91 92 93 95 96 97 97 99 98 98 100 101 101 98 96 100 99 99 100 94 84 80 82 104 126 157 176 184 185 187 187 184 181 179 172 167 163 162 160 155 153 153 154 153 151 148 146 143 142 142 143 143 144 145 145 148 148 148 148 148 148 148 148 146 146 146 146 146 146 146 146 146 146 146 147 147 147 148 148 149 150 150 149 148 147 146 145 146 145 145 145 144 144 144 144 145 145 145 145 145 145 145 145 142 142 142 142 144 144 145 145 146 146 148 149 149 149 150 150 149 149 148 148 148 148 149 149 148 148 149 149 149 150 150 150 149 149 149 149 149 149 149 149 150 150 151 151 152 153 154 153 153 153 153 153 153 153 153 153 152 152 152 152 152 152 152 152 151 151 151 151 151 151 151 151 151 151 151 151 151 151 151 151 152 152 152 153 153 154 154 154 153 154 154 152 149 147 147 148 151 151 151 152 152 152 153 153 152 153 154 155 155 155 155 154 156 156 156 156 156 156 156 156 156 156 156 156 156 156 156 156 155 155 155 156 156 157 157 157 158 158 158 158 158 158 158 158 158 158 158 158 158 158 158 158 158 158 158 158 158 158 158 158 156 156 156 156 156 156 156 156 156 156 156 156 156 156 156 156 159 159 159 159 159 159 159 159 158 158 158 158 158 158 158 158 158 158 158 158 158 158 158 158 159 159 159 159 159 159 159 159 157 157 157 157 157 157 157 157 156 156 156 156 156 156 156 156 157 157 157 157 157 157 158 158 157 157 159 159 160 160 160 160 160 160 160 161 161 162 162 162 162 162 162 162 162 162 162 162 164 164 164 163 162 161 161 161 160 160 160 160 159 159 159 159 161 161 161 161 160 160 160 160 160 160 158 158 158 158 158 158 0 0 0 0 0 0 0 0
0 0 0 0 0 0 0 0 146 146 145 146 147 148 149 150 152 152 154 155 156 156 156 156 158 159 159 160 161 162 160 160 160 160 160 160 158 158 158 158 157 157 157 157 157 157 157 157 158 156 154 152 150 150 150 151 151 151 150 150 150 150 150 150 152 152 152 152 152 152 152 152 151 149 150 152 154 152 154 161 169 167 157 136 105 74 50 38 43 47 59 78 96 103 107 108 109 112 114 112 108 104 103 105 112 111 111 109 107 107 106 106 108 109 108 108 108 108 109 107 108 109 111 114 116 118 118 121 121 121 122 121 119 116 114 111 115 118 121 125 124 120 117 114 99 99 97 89 82 78 80 84 82 81 82 81 82 82 82 82 85 85 86 84 83 83 85 87 87 88 88 88 88 89 89 89 95 95 97 98 100 102 103 104 114 115 115 116 117 123 127 132 131 135 139 141 134 123 119 120 128 148 173 189 193 190 194 195 194 188 179 169 163 160 161 161 153 152 152 151 151 150 146 143 143 142 142 142 142 143 144 144 146 146 146 146 146 146 146 146 144 144 144 144 144 144 144 144 144 144 144 144 145 145 145 146 147 147 147 147 146 145 144 143 143 143 143 142 142 141 141 141 142 142 142 142 142 142 142 142 142 142 142 142 142 142 144 144 146 146 147 147 149 150 150 150 148 147 147 146 146 146 146 146 146 146 146 147 147 147 148 148 147 147 147 147 147 147 147 147 148 148 149 150 151 151 152 152 152 150 150 150 150 150 150 150 150 150 150 150 150 150 150 150 148 148 148 148 148 148 148 148 148 148 148 148 148 148 148 150 151 152 152 152 153 153 153 153 153 154 154 152 148 146 146 146 151 151 151 151 152 152 152 153 152 153 154 154 155 155 154 154 155 155 155 155 155 155 155 155 155 155 155 155 155 155 155 155 154 155 155 155 156 156 156 156 158 158 158 158 158 158 158 158 158 158 158 158 158 158 158 158 158 158 158 158 158 158 158 158 156 156 156 156 156 156 156 156 156 156 156 156 156 156 156 156 159 159 159 159 159 159 159 159 158 158 158 158 158 158 158 158 158 158 158 158 158 158 158 158 159 159 159 159 159 159 159 159 157 155 155 155 155 155 155 155 154 154 154 154 154 154 154 154 156 156 156 156 157 157 157 157 157 157 159 159 159 159 159 159 160 160 160 161 161 162 162 162 162 162 162 162 162 162 162 162 164 164 164 163 162 161 161 161 160 160 160 160 159 159 159 159 161 161 161 161 160 160 160 160 160 160 158 158 158 158 158 158 0 0 0 0 0 0 0 0
0 0 0 0 0 0 0 0 146 146 145 146 147 148 149 150 151 152 153 155 155 156 156 155 158 159 159 160 161 162 160 161 161 161 161 161 159 159 159 159 158 158 158 158 158 158 158 158 159 157 155 152 151 150 151 151 151 151 151 151 150 150 150 150 150 150 150 150 150 150 150 150 151 150 149 150 150 153 158 164 162 150 129 104 73 49 36 35 51 63 80 97 109 110 109 108 102 105 109 111 112 108 109 110 113 112 110 109 108 106 106 107 109 109 109 111 112 112 112 112 107 107 111 114 116 117 120 120 119 119 120 120 118 116 114 113 113 113 113 113 108 102 95 92 95 93 90 85 84 84 87 89 87 88 91 94 97 100 104 105 101 110 123 130 131 129 127 126 130 130 131 132 133 134 134 135 143 144 146 147 149 151 153 153 157 159 161 160 162 169 178 185 181 184 190 192 186 173 159 150 144 151 166 177 182 182 185 188 186 182 177 173 167 164 165 163 156 153 153 151 150 147 145 142 142 141 141 142 142 143 144 144 145 145 145 145 145 145 145 145 143 143 143 143 143 143 143 143 143 143 144 144 144 145 145 145 147 147 147 147 147 146 145 144 143 143 142 142 141 141 141 141 142 142 142 142 142 142 142 142 143 143 143 143 143 143 145 145 145 145 146 146 149 149 149 147 146 146 146 146 146 146 145 145 144 144 145 145 145 146 146 146 145 145 145 145 145 145 145 145 147 148 148 149 150 151 151 151 151 151 151 151 151 151 151 151 151 151 151 151 151 151 151 151 149 149 149 149 149 149 149 149 149 149 149 149 149 149 149 149 152 152 152 153 153 153 154 154 154 155 155 152 149 146 146 147 150 150 151 151 151 152 152 152 153 153 154 155 156 156 155 155 156 156 156 156 156 156 156 156 156 156 156 156 156 156 156 156 155 155 155 156 156 156 157 157 156 156 156 156 156 156 156 156 156 156 156 156 156 156 156 156 156 156 156 156 156 156 156 156 157 157 157 157 157 157 157 157 157 157 157 157 157 157 157 157 157 157 157 157 157 157 157 157 159 159 159 159 159 159 159 159 159 159 159 159 159 159 159 159 159 159 159 159 159 159 159 158 157 155 155 155 155 155 155 155 154 154 154 154 154 154 154 154 156 156 156 156 157 157 157 157 157 157 159 159 159 159 159 159 160 160 160 161 161 162 162 162 162 162 162 162 162 162 162 162 164 164 164 163 162 161 161 161 160 160 160 160 159 159 159 159 161 161 161 161 160 160 160 160 160 160 158 158 158 158 158 158 0 0 0 0 0 0 0 0
0 0 0 0 0 0 0 0 146 146 145 146 147 148 149 150 151 152 153 154 155 155 155 155 159 160 160 161 162 163 161 162 162 162 162 162 160 160 160 160 159 159 159 159 159 159 159 159 160 158 156 154 152 152 152 153 153 152 152 152 151 151 150 150 150 150 150 150 150 150 150 150 151 150 149 147 148 155 162 166 150 127 96 68 45 34 35 45 67 79 95 105 109 107 103 102 101 106 110 112 114 112 111 111 112 112 110 110 108 108 108 110 108 108 109 111 112 113 114 113 108 109 111 113 116 115 114 113 111 111 113 112 112 111 111 110 105 103 99 95 89 86 84 82 65 61 62 69 81 90 94 93 109 111 115 121 129 136 142 145 145 155 169 179 182 181 179 179 180 181 181 183 184 185 186 186 193 193 194 196 198 199 201 201 204 208 211 213 214 217 224 230 221 223 227 230 229 215 191 172 157 147 145 153 160 164 166 168 162 165 169 173 172 172 171 168 160 157 156 152 150 146 144 141 142 141 141 140 140 141 143 144 145 145 145 145 145 145 145 145 143 143 143 143 143 143 143 143 143 143 143 144 144 144 145 145 146 146 147 147 147 146 145 144 143 143 143 142 142 141 141 141 142 142 142 142 142 142 142 142 142 142 142 142 143 143 145 145 143 143 145 145 146 146 146 146 146 147 147 147 147 146 144 143 143 144 144 144 145 145 145 145 144 144 144 144 144 144 144 144 147 147 147 148 149 150 150 151 151 151 151 151 151 151 151 151 152 152 152 152 152 152 152 152 149 149 149 149 149 149 149 149 149 149 149 149 149 149 149 149 152 153 153 153 154 154 154 154 155 156 156 153 150 148 148 148 150 150 150 151 151 151 152 152 154 154 155 156 157 157 156 156 156 156 156 156 156 156 156 156 156 156 156 156 156 156 156 156 155 156 156 156 157 157 157 157 156 156 156 156 156 156 156 156 156 156 156 156 156 156 156 156 156 156 156 156 156 156 156 156 158 158 158 158 158 158 158 158 158 158 158 158 158 158 158 158 157 157 157 157 157 157 157 157 160 160 160 160 160 160 160 160 160 160 160 160 160 160 160 160 159 159 159 159 159 159 159 158 157 155 155 155 155 155 155 155 154 154 154 154 154 154 154 154 156 156 156 156 156 156 157 157 156 156 157 157 159 159 159 159 158 158 158 159 159 160 160 160 160 160 160 160 160 160 160 162 164 164 164 163 162 161 161 161 160 160 160 160 159 159 159 159 161 161 161 161 160 160 160 160 160 160 158 158 158 158 158 158 0 0 0 0 0 0 0 0
0 0 0 0 0 0 0 0 146 146 145 146 147 148 149 150 151 151 153 154 155 155 155 155 160 160 160 161 162 163 161 162 161 161 161 161 159 159 159 159 158 158 158 158 158 158 158 158 159 158 156 154 153 153 154 155 155 154 154 153 152 152 151 151 150 150 150 150 150 150 150 150 148 148 148 146 152 157 161 158 131 102 66 42 31 30 43 57 79 89 99 101 102 102 102 100 108 109 113 115 114 112 109 106 110 110 110 109 108 108 111 111 107 107 109 109 110 111 111 112 119 117 117 117 116 112 108 106 96 93 90 85 80 77 75 74 75 74 71 70 70 75 79 83 92 92 97 113 136 151 156 153 158 161 166 173 182 188 195 198 203 207 210 214 216 218 221 222 220 219 221 220 223 222 225 223 226 225 227 226 230 229 232 232 236 238 242 244 245 243 245 246 239 239 242 246 251 239 212 187 157 137 119 121 127 130 130 131 137 144 155 165 173 175 175 173 162 157 156 152 149 145 142 141 141 141 139 140 140 141 143 143 143 144 144 144 144 144 144 144 142 142 142 142 142 142 142 142 142 143 143 143 144 144 144 144 145 146 146 147 147 146 145 145 144 144 144 143 143 143 142 142 143 143 143 143 143 143 143 143 143 143 143 143 144 144 146 146 144 144 145 146 146 146 147 147 147 147 148 149 148 146 144 143 143 143 144 144 145 145 145 145 144 144 144 144 144 144 144 144 146 146 147 147 148 149 150 150 151 151 151 151 151 151 151 151 151 151 151 151 151 151 151 151 149 149 149 149 149 149 149 149 149 149 149 149 149 149 149 149 150 152 152 152 153 153 153 154 153 154 154 152 150 148 148 149 149 150 150 150 151 151 151 151 153 154 155 156 156 156 156 155 156 156 156 156 156 156 156 156 156 156 156 156 156 156 156 156 154 155 155 155 156 156 156 157 158 158 158 158 158 158 158 158 158 158 158 158 158 158 158 158 158 158 158 158 158 158 158 158 157 157 157 157 157 157 157 157 157 157 157 157 157 157 157 157 159 159 159 159 159 159 159 159 159 159 159 159 159 159 159 159 159 159 159 159 159 159 159 159 159 159 159 159 159 159 159 158 157 155 155 155 155 155 155 155 154 154 154 154 154 154 154 154 156 156 156 156 156 156 157 157 156 156 157 157 159 159 159 159 158 158 158 159 159 160 160 160 160 160 160 160 160 160 160 160 164 164 164 163 162 161 161 161 160 160 160 160 159 159 159 159 161 161 161 161 160 160 160 160 160 160 158 158 158 158 158 158 0 0 0 0 0 0 0 0
0 0 0 0 0 0 0 0 146 146 145 146 147 148 149 150 150 151 152 154 154 155 155 154 158 159 159 160 161 162 160 160 159 159 159 159 157 157 157 157 156 156 156 156 156 156 156 156 156 155 154 153 153 153 155 156 157 156 156 155 154 153 153 153 151 151 151 151 153 153 153 153 148 149 148 147 152 153 145 133 100 71 42 33 38 47 62 77 88 95 99 96 97 101 103 101 110 112 115 117 116 112 108 104 109 109 108 108 111 111 112 113 113 113 113 112 114 113 113 111 121 120 118 114 107 100 94 90 80 76 69 63 60 58 59 59 59 61 63 70 77 87 96 103 131 135 147 164 183 195 199 196 217 219 223 228 235 241 245 249 252 250 246 244 246 248 250 251 250 249 251 250 252 252 253 252 252 251 252 252 253 252 254 254 248 248 249 250 252 250 248 246 240 241 244 247 252 245 223 198 161 136 112 104 103 99 95 97 109 115 125 137 149 156 162 162 159 154 154 150 149 145 144 143 141 139 139 140 140 141 141 143 143 143 143 143 143 143 143 143 141 141 141 141 141 141 141 141 141 141 142 142 142 143 143 143 144 145 145 146 146 145 145 144 144 144 144 144 143 143 142 142 143 143 143 143 143 143 143 143 143 143 143 143 144 144 144 144 146 146 147 147 148 149 149 149 148 148 150 150 149 147 145 143 144 144 144 145 145 145 146 146 145 145 145 145 145 145 145 145 145 145 146 147 148 148 149 149 148 147 147 147 147 147 147 147 148 148 148 148 148 148 148 148 145 145 145 145 145 145 145 145 145 145 145 145 145 145 145 146 148 149 149 150 150 151 151 151 149 150 151 150 148 147 148 149 149 149 150 150 150 151 151 151 151 152 153 153 154 154 153 153 153 153 153 153 153 153 153 153 153 153 153 153 153 153 153 153 152 152 152 153 153 154 154 154 155 155 155 155 155 155 155 155 155 155 155 155 155 155 155 155 155 155 155 155 155 155 155 155 155 155 155 155 155 155 155 155 155 155 155 155 155 155 155 155 156 156 156 156 156 156 156 156 157 157 157 157 157 157 157 157 157 157 157 157 157 157 157 157 159 159 159 159 159 159 159 158 157 155 155 155 155 155 155 155 154 154 154 154 154 154 154 154 154 154 156 156 156 156 157 157 156 156 157 157 157 157 157 157 158 158 158 159 159 160 160 160 160 160 160 160 160 160 160 160 164 164 164 163 162 161 161 161 160 160 160 160 159 159 159 159 161 161 161 161 160 160 160 160 160 160 158 158 158 158 158 158 0 0 0 0 0 0 0 0
0 0 0 0 0 0 0 0 145 145 144 145 146 147 148 149 149 150 151 152 153 153 153 153 155 155 156 157 157 158 158 158 155 155 155 155 155 154 155 154 154 154 154 154 153 153 153 153 153 152 151 150 151 153 154 156 158 157 157 156 155 154 154 154 151 151 151 151 153 153 153 153 149 150 150 150 151 147 129 109 76 49 29 35 52 67 85 100 98 104 103 98 98 104 107 105 109 111 114 117 118 114 110 107 107 107 107 108 111 112 114 115 123 122 122 120 119 118 116 115 114 112 108 102 93 84 75 71 69 69 67 68 73 80 87 94 103 107 113 122 135 147 160 166 179 187 200 214 224 230 231 230 229 231 235 238 242 245 249 250 250 248 246 245 248 248 245 242 247 245 248 246 246 247 247 247 246 246 246 245 245 245 246 247 251 249 247 248 250 250 246 241 239 244 246 246 247 243 225 208 178 152 128 116 106 95 92 94 88 89 96 105 117 128 139 143 155 152 151 149 149 147 147 145 142 141 141 142 142 143 143 143 143 143 143 143 143 143 143 143 141 141 141 141 141 141 141 141 141 141 141 142 142 143 143 143 144 144 145 146 146 146 145 145 145 145 145 144 144 144 143 143 144 144 144 144 144 144 144 144 143 143 143 143 144 144 144 144 146 146 149 149 149 150 150 150 148 147 149 149 148 146 143 141 142 142 142 143 143 144 144 144 143 143 143 143 143 143 143 143 143 143 144 144 145 146 147 147 145 145 145 145 145 145 145 145 146 146 146 146 146 146 146 146 143 143 143 143 143 143 143 143 143 143 143 143 143 143 143 143 144 146 146 147 147 147 148 148 145 146 147 147 145 144 145 147 147 147 147 148 148 149 149 149 147 148 149 149 150 150 149 149 149 149 149 149 149 149 149 149 149 149 149 149 149 149 149 149 148 148 148 149 149 149 150 150 149 149 149 149 149 149 149 149 149 149 149 149 149 149 149 149 149 149 149 149 151 149 151 149 151 151 151 151 151 151 151 151 151 151 151 151 151 151 151 151 151 151 151 151 151 151 151 151 154 154 154 154 154 154 154 154 154 154 154 154 154 154 154 154 158 158 158 158 158 158 158 158 155 155 155 155 155 155 155 154 154 153 153 153 153 153 153 153 153 153 154 154 154 154 154 154 155 155 155 155 155 155 155 155 157 157 157 158 158 159 159 159 159 159 159 159 159 159 160 160 163 163 163 162 162 159 161 159 160 160 160 160 159 159 159 159 161 161 161 161 160 160 160 160 160 160 160 158 160 158 160 158 0 0 0 0 0 0 0 0
0 0 0 0 0 0 0 0 141 141 140 141 142 143 144 145 147 148 149 150 151 152 151 151 151 151 151 151 151 151 151 151 151 151 151 152 152 152 153 153 153 153 153 151 149 148 147 147 147 147 148 149 150 153 154 154 156 156 157 157 155 152 151 149 152 153 157 158 157 154 150 148 154 155 154 152 150 135 103 73 46 37 32 43 69 90 100 101 102 101 99 101 106 108 109 108 108 110 111 112 111 110 109 107 107 109 113 116 121 123 125 126 127 127 125 125 122 118 113 109 101 96 91 87 86 83 81 80 77 85 96 103 110 120 135 146 153 163 174 184 193 199 206 211 230 234 239 245 249 250 250 249 249 249 249 249 248 248 249 249 251 250 252 251 250 249 249 249 248 248 249 249 249 250 248 249 246 246 246 244 244 244 244 246 249 249 248 247 246 244 243 243 242 244 248 250 246 239 229 220 190 174 156 146 141 136 126 115 111 98 93 96 100 106 123 139 150 159 156 146 147 146 144 147 145 143 143 144 146 147 147 145 141 141 141 141 141 141 141 141 141 141 141 141 141 141 141 141 142 142 142 143 143 144 144 144 144 144 144 145 145 146 146 146 146 146 146 146 146 146 146 146 145 145 145 145 145 145 145 145 145 145 145 145 145 145 145 145 149 149 150 150 150 150 150 149 150 150 149 149 147 145 144 143 142 142 142 142 142 142 142 142 143 143 143 142 142 141 141 141 141 141 141 142 142 143 143 143 141 141 141 141 141 141 141 141 141 141 141 141 141 141 141 141 141 141 141 141 141 141 141 141 140 140 140 140 140 140 140 140 139 139 139 140 140 141 141 141 141 141 141 142 142 143 143 143 142 142 142 142 142 142 142 142 143 143 143 143 143 143 143 143 143 143 143 143 143 143 143 143 142 142 142 142 142 142 142 142 142 142 142 142 142 142 142 142 142 142 142 142 142 142 142 142 142 142 143 143 143 143 145 145 145 145 145 145 146 145 146 145 146 146 146 147 147 148 148 148 147 147 147 147 147 147 147 147 146 146 146 147 147 148 148 148 148 148 148 148 148 148 148 148 148 148 149 150 150 151 152 152 151 151 151 152 152 153 153 153 154 154 154 154 154 154 154 152 153 151 151 151 151 151 150 150 150 150 150 150 150 150 150 150 152 152 152 151 151 150 150 150 152 151 151 151 152 153 154 155 158 158 158 158 158 158 159 159 160 161 161 161 161 160 161 160 159 159 159 159 159 159 159 159 159 159 159 159 159 159 159 159 159 159 159 158 159 158 159 158 0 0 0 0 0 0 0 0
0 0 0 0 0 0 0 0 140 140 139 140 141 142 143 144 146 147 148 149 150 151 150 150 150 150 150 150 150 150 150 150 150 150 150 151 151 152 152 152 154 153 152 151 149 147 145 145 146 146 146 148 150 150 153 154 156 156 156 155 153 150 148 147 153 155 158 158 156 154 153 154 162 162 157 149 141 120 85 54 42 39 42 56 79 96 103 104 103 101 100 102 105 108 107 105 107 106 106 106 107 107 108 108 110 116 125 131 131 129 126 126 123 123 120 118 115 110 108 103 77 75 75 76 78 83 89 94 120 128 138 149 158 175 195 211 215 219 225 229 231 233 237 242 244 246 250 253 254 253 251 249 251 251 250 250 249 249 251 251 251 251 251 251 250 250 250 250 250 250 250 250 250 250 250 249 249 247 247 246 246 244 246 247 249 250 249 249 248 248 247 247 243 244 246 248 247 243 236 229 216 203 192 190 197 196 185 171 152 135 118 108 102 103 118 134 153 162 159 150 151 147 144 146 145 145 145 146 147 147 148 147 142 141 141 141 141 141 141 141 141 141 141 141 141 141 141 141 142 142 142 143 143 143 144 144 144 144 144 145 145 145 146 146 146 146 146 146 146 146 146 146 145 145 145 145 145 145 145 145 145 145 145 145 145 145 145 145 149 149 149 149 149 149 149 149 148 148 148 147 146 144 143 142 141 141 141 141 141 141 141 141 142 142 142 141 141 140 140 140 140 140 140 141 141 142 142 142 141 141 141 141 141 141 141 141 141 141 141 141 141 141 141 141 141 141 141 141 141 141 141 141 140 140 140 140 140 140 140 140 138 138 138 139 139 140 140 140 140 140 140 141 141 142 142 142 141 141 141 141 141 141 141 141 142 142 142 142 142 142 142 142 142 142 142 142 142 142 142 142 141 141 141 141 141 141 141 141 141 141 141 141 141 141 141 141 141 141 141 141 141 141 141 141 141 141 142 142 142 142 143 143 143 143 145 145 145 145 145 145 144 144 144 145 145 145 146 146 145 145 145 145 145 145 145 145 144 144 144 145 145 145 146 146 146 146 146 146 146 146 146 146 146 146 147 148 148 149 150 150 149 149 150 150 150 151 151 151 154 154 154 154 154 154 152 152 151 151 150 150 150 150 149 149 149 149 149 149 149 149 149 149 150 150 150 149 149 148 148 148 150 149 149 149 151 152 153 154 156 156 156 156 158 158 158 158 160 160 160 160 160 160 160 160 159 159 159 159 159 159 159 159 159 159 159 159 159 159 159 159 159 159 159 159 159 159 159 159 0 0 0 0 0 0 0 0
0 0 0 0 0 0 0 0 140 140 139 140 141 142 143 144 146 147 148 149 150 151 150 150 150 150 150 150 150 150 150 150 150 150 150 151 151 152 152 152 154 152 152 151 148 147 145 145 146 146 148 147 149 149 152 153 155 154 154 152 150 147 146 145 155 157 158 156 154 153 156 162 166 164 154 139 121 94 59 32 36 43 58 77 94 103 106 105 101 100 100 102 104 106 105 105 104 103 103 101 104 106 110 112 113 120 129 131 126 120 115 113 104 102 99 96 94 94 94 93 90 92 99 105 112 123 138 148 159 169 183 195 204 219 234 245 242 244 244 244 241 240 240 243 249 250 254 255 255 254 252 250 250 250 250 249 249 249 250 249 250 249 250 250 250 252 252 252 252 252 252 250 250 248 248 248 250 249 249 247 247 246 247 247 249 250 250 250 250 250 249 249 246 244 241 241 242 241 237 235 226 217 211 220 233 235 223 207 192 167 141 117 99 93 107 123 147 157 156 150 152 148 144 146 145 145 143 143 146 146 146 147 142 141 141 141 141 141 141 141 141 141 141 141 141 141 141 141 142 142 142 142 143 143 143 144 144 144 144 144 145 145 145 146 146 146 146 146 146 146 146 146 145 145 145 145 145 145 145 145 145 145 145 145 145 145 145 145 148 148 148 148 148 148 148 148 147 147 147 147 145 144 142 141 141 141 141 141 141 141 141 141 142 142 142 141 141 140 140 140 140 140 140 141 141 142 142 142 141 141 141 141 141 141 141 141 141 141 141 141 141 141 141 141 141 141 141 141 141 141 141 141 140 140 140 140 140 140 140 140 139 139 139 139 140 140 140 140 140 140 140 141 141 142 142 142 141 141 141 141 141 141 141 141 142 142 142 142 142 142 142 142 142 142 142 142 142 142 142 142 141 141 141 141 141 141 141 141 141 141 141 141 141 141 141 141 141 141 141 141 141 141 141 141 141 141 142 142 142 142 143 143 143 143 145 145 145 145 145 145 144 144 144 144 145 145 145 146 145 145 145 145 145 145 145 145 144 144 144 144 145 145 145 146 146 146 146 146 146 146 146 146 146 146 147 148 148 149 150 150 149 150 150 150 151 151 151 151 154 154 154 154 154 154 152 152 151 151 150 150 150 150 149 149 149 149 149 149 149 149 149 149 150 150 150 149 149 148 148 148 150 149 149 149 149 150 153 154 155 155 156 156 158 158 158 158 159 159 159 159 159 159 159 159 158 158 158 158 158 158 158 158 158 158 158 158 158 158 158 158 158 158 158 158 158 158 158 158 0 0 0 0 0 0 0 0
0 0 0 0 0 0 0 0 140 140 139 140 141 142 143 144 146 147 148 149 150 151 150 150 150 150 150 150 150 150 150 150 150 150 150 151 151 152 152 152 152 152 151 150 148 147 146 144 146 146 147 146 147 148 151 153 153 153 152 150 147 147 144 143 153 155 155 152 149 150 158 164 167 161 145 125 99 70 42 25 40 56 78 96 106 107 105 103 99 100 102 104 107 108 108 107 105 106 107 108 111 112 114 116 117 117 114 108 104 98 94 90 82 82 83 83 86 90 95 99 121 129 140 149 159 170 185 197 208 219 233 245 248 250 252 254 251 252 249 245 242 242 243 244 242 246 249 251 252 252 253 251 247 247 247 247 247 248 248 248 248 249 249 251 251 251 252 252 254 254 254 253 252 250 249 248 250 249 249 248 248 248 248 248 249 249 250 251 251 251 251 251 248 244 239 237 237 239 238 237 240 235 235 241 250 251 243 231 217 192 160 129 101 86 97 112 136 147 150 147 151 149 145 147 144 144 143 143 145 146 146 144 141 141 141 141 141 141 141 141 141 141 141 141 141 141 141 141 141 141 142 142 142 143 143 143 143 143 144 144 144 145 145 145 145 145 145 145 145 145 145 145 145 145 145 145 145 145 145 145 145 145 145 145 145 145 145 145 147 147 147 147 147 147 147 147 146 146 146 146 145 143 142 141 141 141 141 141 141 141 141 141 142 142 142 141 141 140 140 140 140 140 140 141 141 142 142 142 141 141 141 141 141 141 141 141 141 141 141 141 141 141 141 141 140 140 140 140 140 140 140 140 141 141 141 141 141 141 141 141 139 140 140 140 140 140 140 140 140 140 140 141 141 142 142 142 141 141 141 141 141 141 141 141 141 141 141 141 141 141 141 141 141 141 141 141 141 141 141 141 141 141 141 141 141 141 141 141 141 141 141 141 141 141 141 141 141 141 141 141 141 141 141 141 141 141 142 142 142 142 143 143 143 143 145 145 145 145 145 145 143 143 144 144 144 145 145 145 145 145 145 145 145 145 145 145 143 143 144 144 144 145 145 145 145 145 145 145 145 145 145 145 146 146 147 148 148 149 150 150 150 150 150 151 151 151 152 152 154 154 154 154 154 154 152 152 151 151 150 150 150 150 149 149 149 149 149 149 149 149 149 149 150 150 150 149 149 148 148 148 149 149 149 149 149 150 153 154 155 155 156 156 158 158 158 158 159 159 159 159 159 159 159 159 158 158 158 158 158 158 158 158 158 158 158 158 158 158 158 158 158 158 158 158 158 158 158 158 0 0 0 0 0 0 0 0
0 0 0 0 0 0 0 0 140 140 139 140 141 142 143 144 146 147 148 149 150 151 150 150 150 150 150 150 150 150 150 150 150 150 150 151 151 152 152 152 152 152 150 150 148 146 146 144 146 145 145 145 148 149 152 153 156 157 155 154 152 152 151 150 151 154 153 151 149 151 157 162 167 157 136 108 76 49 34 28 51 70 93 109 113 107 102 99 98 100 104 107 109 111 112 114 119 120 121 121 120 116 113 111 116 103 88 78 76 77 76 74 75 81 87 94 101 110 120 127 168 176 189 198 205 212 223 230 234 243 252 255 255 252 248 249 250 248 245 242 241 244 245 245 242 244 247 249 251 252 253 252 247 247 247 247 247 248 249 249 250 250 250 252 252 252 252 252 255 255 255 255 254 253 252 250 252 250 250 249 249 249 249 250 248 251 250 251 252 252 252 252 248 245 240 238 238 242 244 244 247 245 246 245 242 241 240 240 237 215 184 150 115 96 101 116 135 146 149 146 151 148 144 146 144 142 142 143 143 143 144 144 141 141 141 141 141 141 141 141 141 141 141 141 141 141 141 141 141 141 141 142 142 142 143 143 143 143 143 144 144 144 145 145 145 145 145 145 145 145 145 145 145 145 145 145 145 145 145 145 145 145 145 145 145 145 145 145 147 147 147 147 147 147 147 147 145 145 145 145 144 143 142 141 141 141 141 141 141 141 141 141 142 142 142 141 141 140 140 140 140 140 140 141 141 142 142 142 141 141 141 141 141 141 141 141 141 141 141 141 141 141 141 141 140 140 140 140 140 140 140 140 141 141 141 141 141 141 141 141 141 140 140 140 140 140 140 140 140 140 140 141 141 142 142 142 141 141 141 141 141 141 141 141 141 141 141 141 141 141 141 141 141 141 141 141 141 141 141 141 141 141 141 141 141 141 141 141 141 141 141 141 141 141 141 141 141 141 141 141 141 141 141 141 141 141 142 142 142 142 143 143 143 143 145 145 145 145 145 145 143 143 143 144 144 144 145 145 145 145 145 145 145 145 145 145 143 143 143 144 144 144 145 145 145 145 145 145 145 145 145 145 146 146 147 148 148 149 150 150 150 150 151 151 151 152 152 152 154 154 154 154 154 154 152 152 151 151 150 150 150 150 149 149 149 149 149 149 149 149 149 149 150 150 150 149 149 148 148 148 149 148 148 148 149 150 151 152 155 155 156 156 156 156 156 156 159 159 159 159 159 159 159 159 158 158 158 158 158 158 158 158 158 158 158 158 158 158 158 158 158 158 158 158 158 158 158 158 0 0 0 0 0 0 0 0
0 0 0 0 0 0 0 0 140 140 139 140 141 142 143 144 146 147 148 149 150 151 150 150 150 150 150 150 150 150 150 150 150 150 150 151 151 152 152 152 151 151 150 150 147 147 146 143 144 145 144 146 147 150 153 156 159 160 159 158 158 161 161 162 154 154 153 153 154 155 158 158 165 150 122 89 55 36 35 44 68 83 100 110 107 101 97 98 98 102 107 110 112 113 115 117 129 131 130 126 120 109 102 97 96 84 69 61 65 72 77 79 94 102 114 125 135 147 158 166 210 217 229 236 241 243 247 250 241 242 243 241 240 243 246 248 246 243 240 238 240 241 242 241 249 249 250 252 252 252 252 251 248 247 247 249 249 249 252 252 251 251 252 252 252 252 252 254 255 255 254 254 254 254 254 252 252 251 251 249 251 249 251 251 250 250 251 250 251 252 252 251 247 245 243 243 247 250 251 250 241 240 238 229 220 218 225 230 240 222 197 166 130 107 110 124 144 153 155 149 152 147 142 144 143 142 142 142 143 143 143 143 141 141 141 141 141 141 141 141 141 141 141 141 141 141 141 141 140 141 141 141 142 142 142 142 142 143 143 143 144 144 144 144 144 144 144 144 144 144 144 144 145 145 145 145 145 145 145 145 145 145 145 145 145 145 145 145 146 146 146 146 146 146 146 146 143 144 144 144 143 142 141 141 141 141 141 141 141 141 141 141 142 142 142 141 141 140 140 140 140 140 140 141 141 142 142 142 141 141 141 141 141 141 141 141 141 141 141 141 141 141 141 141 139 139 139 139 139 139 139 139 142 142 142 142 142 142 142 142 141 141 141 141 140 140 140 140 140 140 140 141 141 142 142 142 141 141 141 141 141 141 141 141 140 140 140 140 140 140 140 140 140 140 140 140 140 140 140 140 141 141 141 141 141 141 141 141 141 141 141 141 141 141 141 141 141 141 141 141 141 141 141 141 141 141 142 142 142 142 143 143 143 143 145 145 145 145 145 145 142 143 143 143 144 144 144 144 145 145 145 145 145 145 145 145 142 143 143 143 144 144 144 144 144 144 144 144 144 144 144 144 146 146 147 148 148 149 150 150 151 151 151 151 152 152 152 153 154 154 154 154 154 154 152 152 151 151 150 150 150 150 149 149 149 149 149 149 149 149 149 149 150 150 150 149 149 148 148 148 149 148 148 148 149 150 151 152 155 155 156 156 156 156 156 156 159 159 159 159 159 159 159 159 158 158 158 158 158 158 158 158 158 158 158 158 158 158 158 158 158 158 158 158 158 158 158 158 0 0 0 0 0 0 0 0
0 0 0 0 0 0 0 0 140 140 139 140 141 142 143 144 146 147 148 149 150 151 150 150 150 150 150 150 150 150 150 150 150 150 150 151 151 152 152 152 151 151 150 149 147 147 145 145 144 143 143 144 147 151 155 159 157 159 159 159 161 164 166 168 159 158 157 159 163 164 162 158 156 137 105 69 40 29 43 65 80 89 100 103 97 94 94 97 102 105 111 112 112 111 114 117 120 120 117 111 103 93 85 82 75 78 80 84 92 102 111 119 136 147 161 173 183 191 200 206 226 229 237 241 244 245 246 246 252 250 248 244 244 249 255 255 255 252 249 249 252 254 254 252 254 253 253 255 254 253 252 250 249 249 249 252 252 253 254 254 254 254 255 255 254 254 253 253 253 253 254 254 254 254 254 253 254 252 252 251 252 251 252 252 251 250 251 251 250 250 250 249 248 248 248 249 251 250 247 243 235 230 221 209 197 196 204 209 212 199 180 155 122 103 109 124 148 156 156 151 152 147 142 143 143 143 142 142 142 143 143 143 141 141 141 141 141 141 141 141 141 141 141 141 141 141 141 141 140 140 141 141 141 142 142 142 142 142 143 143 143 144 144 144 144 144 144 144 144 144 144 144 145 145 145 145 145 145 145 145 145 145 145 145 145 145 145 145 145 145 145 145 145 145 145 145 142 143 143 143 143 142 141 141 141 141 141 141 141 141 141 141 142 142 142 141 141 140 140 140 140 140 140 141 141 142 142 142 141 141 141 141 141 141 141 141 141 141 141 141 141 141 141 141 139 139 139 139 139 139 139 139 142 142 142 142 142 142 142 142 142 142 142 141 141 140 140 140 140 140 140 141 141 142 142 142 141 141 141 141 141 141 141 141 140 140 140 140 140 140 140 140 140 140 140 140 140 140 140 140 141 141 141 141 141 141 141 141 141 141 141 141 141 141 141 141 141 141 141 141 141 141 141 141 141 141 142 142 142 142 143 143 143 143 145 145 145 145 145 145 142 142 143 143 143 144 144 144 145 145 145 145 145 145 145 145 142 142 143 143 143 144 144 144 144 144 144 144 144 144 144 144 146 146 147 148 148 149 150 150 151 151 151 152 152 152 153 153 154 154 154 154 154 154 152 152 151 151 150 150 150 150 149 149 149 149 149 149 149 149 149 149 150 150 150 149 149 148 148 148 149 148 148 148 148 149 151 152 153 153 155 155 156 156 156 156 157 157 157 157 157 157 157 157 156 156 156 156 156 156 156 156 156 156 156 156 156 156 156 156 156 156 156 156 156 156 156 156 0 0 0 0 0 0 0 0
0 0 0 0 0 0 0 0 140 140 139 140 141 142 143 144 146 147 148 149 150 151 150 150 150 150 150 150 150 150 150 150 150 150 150 151 151 152 152 152 151 151 150 149 147 146 145 145 143 143 144 145 148 153 158 161 153 154 155 156 160 163 167 171 166 163 162 167 173 173 166 160 145 125 92 59 32 30 55 84 86 93 97 97 91 89 93 98 104 110 114 115 113 111 113 114 103 102 98 92 85 79 75 74 72 89 109 123 133 141 154 164 180 191 206 218 224 228 236 241 240 241 243 247 251 253 253 254 247 246 245 242 241 242 245 246 246 244 243 245 250 253 252 251 252 251 253 253 253 252 252 252 250 250 252 253 254 254 255 255 255 255 255 255 255 254 254 253 250 250 251 251 252 253 253 253 254 254 254 252 254 252 254 252 251 251 251 251 251 249 249 248 252 250 251 251 249 244 237 231 212 201 187 173 162 159 165 166 174 166 152 131 105 90 99 117 145 155 154 149 152 148 142 146 144 143 143 142 142 143 143 143 141 141 141 141 141 141 141 141 141 141 141 141 141 141 141 141 140 140 140 141 141 142 142 142 142 142 142 143 143 144 144 144 144 144 144 144 144 144 144 144 145 145 145 145 145 145 145 145 145 145 145 145 145 145 145 145 145 145 145 145 145 145 145 145 142 142 143 143 143 142 141 140 141 141 141 141 141 141 141 141 142 142 142 141 141 140 140 140 140 140 140 141 141 142 142 142 141 141 141 141 141 141 141 141 141 141 141 141 141 141 141 141 139 139 139 139 139 139 139 139 142 142 142 142 142 142 142 142 142 142 142 141 141 140 140 140 140 140 140 141 141 142 142 142 141 141 141 141 141 141 141 141 140 140 140 140 140 140 140 140 140 140 140 140 140 140 140 140 141 141 141 141 141 141 141 141 141 141 141 141 141 141 141 141 141 141 141 141 141 141 141 141 141 141 142 142 142 142 143 143 143 143 145 145 145 145 145 145 142 142 142 143 143 144 144 144 145 145 145 145 145 145 145 145 142 142 142 143 143 144 144 144 144 144 144 144 144 144 144 144 146 146 147 148 148 149 150 150 151 151 151 152 152 153 153 153 154 154 154 154 154 154 152 152 151 151 150 150 150 150 149 149 149 149 149 149 149 149 149 149 150 150 150 149 149 148 148 148 149 148 148 148 148 149 151 152 153 153 155 155 156 156 156 156 157 157 157 157 157 157 157 157 156 156 156 156 156 156 156 156 156 156 156 156 156 156 156 156 156 156 156 156 156 156 156 156 0 0 0 0 0 0 0 0
0 0 0 0 0 0 0 0 140 140 140 140 141 142 143 144 146 146 147 148 150 151 152 152 150 150 150 150 150 150 150 150 151 152 152 152 152 151 150 149 151 150 149 148 145 145 144 144 145 143 141 140 146 154 153 150 152 145 140 140 144 147 155 164 160 163 166 171 177 176 165 153 131 107 80 54 32 41 72 92 92 93 94 92 89 92 98 106 108 112 116 116 113 108 101 94 82 71 60 60 64 69 78 89 91 120 156 179 187 192 203 213 223 228 235 243 248 250 251 251 247 246 246 251 255 255 254 252 252 249 248 246 245 241 235 230 230 233 236 238 240 242 245 248 251 250 251 251 252 253 255 255 250 250 252 253 253 253 254 254 248 251 255 255 255 255 254 253 252 251 251 251 252 253 252 251 254 253 253 251 252 252 253 253 254 252 251 251 252 252 252 252 255 251 247 241 237 227 211 194 175 154 137 136 140 139 133 127 126 116 106 90 68 57 75 98 129 146 159 153 147 148 148 145 144 144 145 145 145 144 144 141 140 140 140 140 140 140 140 140 141 141 141 141 141 141 141 141 140 140 140 141 141 142 142 142 141 141 141 142 142 143 143 143 143 143 143 143 143 143 143 143 144 144 144 144 144 144 144 144 145 145 145 145 145 145 145 145 143 143 143 143 143 143 143 143 142 142 142 142 142 142 142 142 142 142 142 142 142 142 142 142 140 140 140 140 140 140 140 140 140 140 140 141 141 142 142 142 141 141 141 141 141 141 141 141 141 141 141 141 141 141 141 141 139 139 139 140 140 141 141 141 141 141 141 142 142 143 143 143 144 144 143 142 142 141 140 140 140 140 140 140 140 140 140 140 141 141 141 141 141 141 141 141 141 141 141 141 141 141 141 141 139 139 139 139 139 139 139 139 141 141 141 141 141 141 141 141 141 141 141 141 141 141 141 141 141 141 141 141 141 141 141 141 141 141 142 142 142 142 143 143 143 143 145 145 145 145 145 145 143 143 143 144 144 144 145 145 145 146 147 147 148 148 147 147 143 143 143 143 143 143 143 143 144 144 144 144 144 144 144 144 144 144 145 146 148 149 150 150 151 151 151 152 152 153 153 153 154 154 154 154 154 154 152 152 151 151 150 150 150 150 149 149 149 149 149 149 149 149 149 149 149 149 149 149 149 149 149 149 149 148 148 148 149 150 151 152 153 153 153 153 155 155 155 155 157 157 157 157 157 157 157 157 156 156 156 156 156 156 156 156 156 156 156 156 156 156 156 156 156 156 156 156 156 156 156 156 0 0 0 0 0 0 0 0
0 0 0 0 0 0 0 0 140 139 139 140 140 142 143 144 146 146 147 148 149 151 152 152 150 150 150 150 150 150 150 150 151 151 151 152 152 151 150 150 150 150 149 148 145 144 143 143 145 145 142 142 149 154 151 142 129 117 106 103 104 108 116 126 138 143 148 155 164 166 156 142 114 88 65 51 41 55 83 99 100 101 99 97 96 100 105 109 113 115 115 108 99 89 82 78 78 72 69 77 87 98 115 129 144 166 194 211 217 220 227 234 237 239 243 246 246 245 245 244 254 252 252 252 252 249 245 240 239 237 236 233 227 218 207 199 210 216 225 232 238 240 242 244 247 247 247 249 250 250 251 250 251 251 250 252 251 250 250 250 246 247 251 252 252 253 253 254 253 252 251 252 253 254 255 254 254 253 253 252 252 253 253 254 255 254 252 249 250 250 251 250 253 245 235 225 213 200 183 169 160 144 134 140 148 147 140 132 133 122 109 91 70 58 75 96 114 135 155 154 150 150 150 145 147 144 145 144 145 144 145 144 141 140 140 140 140 140 140 140 141 141 141 141 141 141 141 141 140 140 140 141 141 142 142 142 141 141 141 142 142 143 143 143 143 143 143 143 143 143 143 143 144 144 144 144 144 144 144 144 145 145 145 145 145 145 145 145 143 143 143 143 143 143 143 143 141 141 141 141 141 141 141 141 142 142 142 142 142 142 142 142 140 140 140 140 140 140 140 140 140 140 140 141 141 142 142 142 141 141 141 141 141 141 141 141 141 141 141 141 141 141 141 141 139 139 139 140 140 141 141 141 141 141 141 142 142 143 143 143 144 144 143 142 142 141 140 140 140 140 140 140 140 140 140 140 141 141 141 141 141 141 141 141 141 141 141 141 141 141 141 141 139 139 139 139 139 139 139 139 141 141 141 141 141 141 141 141 141 141 141 141 141 141 141 141 141 141 141 141 141 141 141 141 141 141 142 142 142 142 143 143 143 143 145 145 145 145 145 145 143 144 144 144 145 145 145 146 146 146 147 148 149 149 148 148 143 143 143 143 143 143 143 143 144 144 144 144 144 144 144 144 144 144 145 146 148 149 150 150 151 151 151 152 152 152 153 153 154 154 154 154 154 154 152 152 151 151 150 150 150 150 149 149 149 149 149 149 149 149 149 149 149 149 149 149 149 149 149 149 149 148 148 148 149 150 151 152 153 153 153 153 155 155 155 155 157 157 157 157 157 157 157 157 156 156 156 156 156 156 156 156 156 156 156 156 156 156 156 156 156 156 156 156 156 156 156 156 0 0 0 0 0 0 0 0
0 0 0 0 0 0 0 0 139 139 139 139 140 141 143 143 145 146 147 148 149 150 151 152 150 150 150 150 150 150 150 150 149 150 151 151 151 151 151 150 150 149 147 146 145 144 144 144 147 145 143 144 152 154 142 129 118 99 80 71 71 76 85 93 109 114 121 131 142 145 134 118 92 68 52 51 56 74 95 101 104 103 101 103 107 112 113 114 108 106 102 91 79 72 72 76 70 75 84 100 115 132 153 170 198 210 224 233 236 238 242 245 248 248 247 246 244 242 242 241 254 253 254 252 249 243 235 230 219 215 209 203 198 194 190 187 192 201 214 227 236 240 241 242 247 247 248 250 250 250 250 249 253 251 250 250 247 244 244 243 239 237 237 236 238 243 247 250 253 252 252 252 252 253 255 255 253 253 253 253 253 253 254 254 255 252 250 249 250 250 251 248 238 229 215 200 184 168 157 151 143 138 143 156 168 167 160 152 150 140 129 109 82 62 66 77 103 127 154 159 155 153 152 147 147 146 145 144 146 145 147 146 142 141 141 141 141 141 141 141 141 141 141 141 141 141 141 141 140 140 140 141 141 142 142 142 141 141 142 142 142 142 143 143 143 143 143 143 143 143 143 143 145 145 145 145 145 145 145 145 146 146 146 146 146 146 146 146 143 143 143 143 143 143 143 143 141 141 141 141 141 141 141 141 142 142 142 142 142 142 142 142 140 140 140 140 140 140 140 140 140 140 140 141 141 142 142 142 141 141 141 141 141 141 141 141 141 141 141 141 141 141 141 141 139 139 139 140 140 141 141 141 141 141 141 142 142 143 143 143 144 144 143 142 142 141 140 140 140 140 140 140 140 140 140 140 141 141 141 141 141 141 141 141 141 141 141 141 141 141 141 141 139 139 139 139 139 139 139 139 141 141 141 141 141 141 141 141 141 141 141 141 141 141 141 141 141 141 141 141 141 141 141 141 141 141 142 142 142 142 143 143 143 143 145 145 145 145 145 145 144 145 145 145 146 146 146 147 147 148 149 149 150 150 149 149 143 143 143 143 143 143 143 143 144 144 144 144 144 144 144 144 144 144 145 146 148 149 150 150 151 151 151 151 152 152 152 153 154 154 154 154 154 154 152 152 151 151 150 150 150 150 149 149 149 149 149 149 149 149 149 149 149 149 149 149 149 149 149 149 147 146 148 148 148 149 151 152 152 152 153 153 153 153 155 155 156 156 156 156 156 156 156 156 155 155 155 155 155 155 155 155 155 155 155 155 155 155 155 155 155 155 155 155 155 155 155 155 0 0 0 0 0 0 0 0
0 0 0 0 0 0 0 0 139 139 139 139 140 141 142 143 145 146 146 148 149 150 151 151 150 150 150 150 150 150 150 150 149 149 150 151 151 151 151 150 149 149 147 146 145 144 143 143 148 147 145 147 153 149 134 117 91 69 43 29 27 32 40 46 72 81 93 107 121 124 112 96 74 52 47 59 74 92 100 96 100 101 103 110 117 120 117 114 99 95 85 72 62 59 69 84 101 117 139 160 176 190 207 221 228 234 238 240 241 240 242 243 246 246 244 245 244 244 244 246 249 250 251 249 243 233 223 216 200 191 178 168 167 174 184 189 195 204 218 230 238 243 245 246 246 248 249 250 250 250 249 247 252 251 250 247 244 241 237 235 234 230 225 224 227 233 239 242 247 250 253 254 254 252 251 253 254 253 253 253 253 253 254 255 253 252 252 253 253 252 245 239 224 212 195 176 160 147 147 149 167 177 196 214 220 218 216 212 209 204 193 170 131 97 80 77 93 119 149 162 160 155 151 148 148 146 145 146 147 147 148 145 142 141 141 141 141 141 141 141 141 141 141 141 141 141 141 141 140 140 140 141 141 142 142 142 142 142 142 142 142 142 142 142 142 142 142 142 142 142 142 142 145 145 145 145 145 145 145 145 146 146 146 146 146 146 146 146 142 142 142 142 142 142 142 142 140 140 140 140 140 140 140 140 141 141 141 141 141 141 141 141 140 140 140 140 140 140 140 140 140 140 140 141 141 142 142 142 141 141 141 141 141 141 141 141 141 141 141 141 141 141 141 141 139 139 139 140 140 141 141 141 141 141 141 142 142 143 143 143 143 143 143 142 142 141 141 141 141 141 141 141 141 141 141 141 141 141 141 141 141 141 141 141 141 141 141 141 141 141 141 141 140 140 140 140 140 140 140 140 141 141 141 141 141 141 141 141 141 141 141 141 141 141 141 141 141 141 141 141 141 141 141 141 141 141 142 142 142 142 143 143 143 143 145 145 145 145 145 145 145 145 146 146 146 147 147 147 148 149 150 151 151 151 150 150 143 143 143 143 143 143 143 143 143 143 143 143 143 143 143 143 144 144 145 146 148 149 150 150 150 150 151 151 151 152 152 152 153 153 153 153 153 153 151 151 151 151 150 150 150 150 149 149 149 149 149 149 149 149 149 149 149 149 149 149 149 149 149 149 147 146 148 148 148 149 151 152 152 152 153 153 153 153 155 155 156 156 156 156 156 156 156 156 155 155 155 155 155 155 155 155 155 155 155 155 155 155 155 155 155 155 155 155 155 155 155 155 0 0 0 0 0 0 0 0
0 0 0 0 0 0 0 0 139 138 138 139 139 141 142 143 145 145 146 147 148 150 150 151 150 150 150 150 150 150 150 150 149 149 150 151 151 150 150 149 148 148 146 146 146 144 143 142 148 148 146 147 151 147 132 117 85 62 35 18 13 13 18 22 43 55 71 87 99 100 89 73 52 40 47 69 88 99 100 90 101 104 110 117 120 119 111 104 87 77 64 53 47 51 72 92 134 158 187 212 224 232 240 246 247 246 244 242 244 245 244 244 242 243 242 243 244 245 248 251 250 250 248 241 229 214 200 192 181 173 162 156 158 170 186 197 212 218 228 235 240 243 245 246 243 246 247 248 248 247 246 244 247 246 245 243 240 236 232 230 227 221 214 212 214 218 222 223 228 234 242 247 251 250 251 253 252 252 253 252 253 254 255 255 254 252 253 254 252 244 230 219 209 195 175 158 145 140 150 162 201 221 247 255 255 252 254 255 255 249 231 200 157 116 91 80 79 102 135 154 158 157 154 150 149 148 148 148 148 147 147 145 142 141 141 141 141 141 141 141 141 141 141 141 141 141 141 141 140 140 140 141 141 142 142 142 142 142 142 142 142 142 142 142 142 142 142 142 142 142 142 142 144 144 144 144 144 144 144 144 145 145 145 145 145 145 145 145 142 142 142 142 142 142 142 142 140 140 140 140 140 140 140 140 141 141 141 141 141 141 141 141 140 140 140 140 140 140 140 140 140 140 140 141 141 142 142 142 141 141 141 141 141 141 141 141 141 141 141 141 141 141 141 141 139 139 139 140 140 141 141 141 141 141 141 142 142 143 143 143 143 143 142 142 142 142 141 141 141 141 141 141 141 141 141 141 141 141 141 141 141 141 141 141 141 141 141 141 141 141 141 141 140 140 140 140 140 140 140 140 141 141 141 141 141 141 141 141 141 141 141 141 141 141 141 141 141 141 141 141 141 141 141 141 141 141 142 142 142 142 143 143 143 143 145 145 145 145 145 145 145 145 146 146 146 147 147 147 148 149 150 151 151 151 151 151 143 143 143 143 143 143 143 143 143 143 143 143 143 143 143 143 144 144 145 146 148 149 150 150 150 150 150 151 151 151 152 152 153 153 153 153 153 153 151 151 151 151 150 150 150 150 149 149 149 149 149 149 149 149 149 149 149 149 149 149 149 149 149 149 147 146 146 146 148 149 150 151 152 152 152 152 153 153 153 153 156 156 156 156 156 156 156 156 155 155 155 155 155 155 155 155 155 155 155 155 155 155 155 155 155 155 155 155 155 155 155 155 0 0 0 0 0 0 0 0
0 0 0 0 0 0 0 0 138 138 138 138 139 140 142 142 144 145 146 147 148 149 150 151 150 150 150 150 150 150 150 150 150 150 150 150 150 149 148 147 147 147 146 147 146 144 142 141 146 148 147 148 151 149 140 130 120 101 76 59 49 40 36 36 44 58 73 81 83 73 54 37 36 32 50 76 92 100 101 92 109 112 115 115 113 103 92 84 59 48 41 41 43 55 82 108 140 164 196 217 230 238 242 244 250 249 247 245 245 246 247 246 245 244 244 243 244 245 249 250 254 250 241 225 206 189 176 170 166 169 174 182 191 204 216 223 227 231 236 241 242 242 243 245 248 248 251 251 251 250 249 249 243 244 244 243 241 237 234 232 221 214 206 201 200 201 199 195 203 211 222 232 238 243 251 255 252 252 253 253 254 254 255 255 255 255 253 252 249 235 216 202 186 169 155 146 144 148 166 184 212 233 255 255 255 255 255 255 255 244 215 176 133 99 80 72 65 86 118 146 160 165 165 162 148 149 150 151 151 147 144 141 143 140 140 140 140 140 140 140 141 141 141 141 141 141 141 141 140 140 140 141 141 142 142 142 143 143 142 142 142 142 141 141 141 141 141 141 141 141 141 141 142 142 142 142 142 142 142 142 143 143 143 143 143 143 143 143 141 141 141 141 141 141 141 141 141 141 141 141 141 141 141 141 140 140 140 140 140 140 140 140 140 140 140 140 140 140 140 140 140 140 140 141 141 142 142 142 141 141 141 141 141 141 141 141 141 141 141 141 141 141 141 141 139 139 139 140 140 141 141 141 141 141 141 142 142 143 143 143 142 142 142 142 142 142 142 142 142 142 142 142 142 142 142 142 141 141 141 141 141 141 141 141 141 141 141 141 141 141 141 141 141 141 141 141 141 141 141 141 141 141 141 141 141 141 141 141 141 141 141 141 141 141 141 141 141 141 141 141 141 141 141 141 141 141 142 142 142 142 143 143 143 143 145 145 145 145 145 145 144 145 145 145 146 146 146 147 148 149 150 151 151 151 151 150 143 143 143 143 143 143 143 143 142 142 142 142 142 142 142 142 144 144 145 146 148 149 150 150 149 150 150 150 151 151 151 151 152 152 152 152 152 152 150 150 151 151 150 150 150 150 149 149 149 149 149 149 149 149 149 149 149 149 149 149 149 149 149 149 147 146 146 146 148 149 150 151 152 152 152 152 153 153 153 153 156 156 156 156 156 156 156 156 155 155 155 155 155 155 155 155 155 155 155 155 155 155 155 155 155 155 155 155 155 155 155 155 0 0 0 0 0 0 0 0
0 0 0 0 0 0 0 0 138 138 138 138 139 140 141 142 144 144 145 147 148 149 150 150 150 150 150 150 150 150 150 150 151 151 151 151 149 148 146 145 146 147 146 147 146 144 141 140 143 147 148 149 152 155 154 153 149 136 117 100 81 62 50 46 55 71 87 89 80 62 40 23 35 38 63 86 93 97 103 100 109 111 109 101 92 80 69 63 45 34 32 40 50 62 86 109 129 152 178 196 215 230 240 244 244 244 243 243 243 244 246 247 248 247 249 249 249 249 251 251 247 238 222 201 182 171 165 165 172 183 199 215 226 234 240 244 236 238 242 244 243 242 241 242 248 248 248 247 246 246 247 247 245 246 248 249 248 245 244 242 232 225 218 211 207 201 191 184 188 193 202 211 219 230 243 253 252 251 252 251 253 254 254 255 255 255 253 251 248 236 219 205 185 166 154 149 150 152 167 182 201 215 230 234 236 242 244 244 236 219 187 147 110 84 71 64 54 71 100 131 153 163 165 163 148 150 152 154 154 149 143 137 142 139 139 139 139 139 139 139 141 141 141 141 141 141 141 141 140 140 140 141 141 142 142 142 143 143 143 142 142 141 141 141 141 141 141 141 141 141 141 141 141 141 141 141 141 141 141 141 142 142 142 142 142 142 142 142 141 141 141 141 141 141 141 141 141 141 141 141 141 141 141 141 140 140 140 140 140 140 140 140 140 140 140 140 140 140 140 140 140 140 140 141 141 142 142 142 141 141 141 141 141 141 141 141 141 141 141 141 141 141 141 141 139 139 139 140 140 141 141 141 141 141 141 142 142 143 143 143 142 142 142 142 142 142 142 142 142 142 142 142 142 142 142 142 141 141 141 141 141 141 141 141 141 141 141 141 141 141 141 141 141 141 141 141 141 141 141 141 141 141 141 141 141 141 141 141 141 141 141 141 141 141 141 141 141 141 141 141 141 141 141 141 141 141 142 142 142 142 143 143 143 143 145 145 145 145 145 145 143 144 144 144 145 145 145 146 148 148 149 150 150 150 150 150 143 143 143 143 143 143 143 143 142 142 142 142 142 142 142 142 144 144 145 146 148 149 150 150 149 149 150 150 150 151 151 151 152 152 152 152 152 152 150 150 151 151 150 150 150 150 149 149 149 149 149 149 149 149 149 149 149 149 149 149 149 149 149 149 147 146 146 146 146 147 150 151 152 152 152 152 153 153 153 153 156 156 156 156 156 156 156 156 155 155 155 155 155 155 155 155 155 155 155 155 155 155 155 155 155 155 155 155 155 155 155 155 0 0 0 0 0 0 0 0
0 0 0 0 0 0 0 0 138 138 137 138 139 140 141 142 144 144 145 146 148 149 150 150 150 150 150 150 150 150 150 150 152 152 152 151 149 147 145 144 146 145 146 147 146 144 141 141 142 147 150 149 154 162 168 171 167 158 143 125 102 76 60 53 49 69 91 97 88 71 52 39 44 51 76 94 95 96 105 108 105 104 101 89 74 62 55 53 58 46 43 49 56 60 75 92 98 118 139 158 180 205 223 232 239 241 241 241 243 244 246 247 250 250 251 251 252 252 252 252 233 222 203 182 167 164 169 175 194 205 219 231 236 237 236 236 238 242 246 248 248 245 242 241 239 237 238 236 235 236 237 236 248 250 253 255 255 254 253 251 252 247 239 234 227 217 203 193 183 187 192 197 204 217 234 248 250 251 251 251 251 252 254 255 255 255 252 251 250 243 229 218 209 188 170 161 151 143 146 157 160 168 176 184 197 211 217 212 203 189 160 123 88 65 52 44 46 57 84 117 141 154 156 154 153 154 157 159 158 151 144 137 142 139 139 139 139 139 139 138 141 141 141 141 141 141 141 141 140 140 140 141 141 142 142 142 143 143 143 142 142 141 141 141 141 141 141 141 141 141 141 141 140 140 140 140 140 140 140 140 141 141 141 141 141 141 141 141 141 141 141 141 141 141 141 141 142 142 142 142 142 142 142 142 140 140 140 140 140 140 140 140 140 140 140 140 140 140 140 140 140 140 140 141 141 142 142 142 141 141 141 141 141 141 141 141 141 141 141 141 141 141 141 141 139 139 139 140 140 141 141 141 141 141 141 142 142 143 143 143 142 142 142 142 142 142 142 142 142 142 142 142 142 142 142 142 141 141 141 141 141 141 141 141 141 141 141 141 141 141 141 141 141 141 141 141 141 141 141 141 141 141 141 141 141 141 141 141 141 141 141 141 141 141 141 141 141 141 141 141 141 141 141 141 141 141 142 142 142 142 143 143 143 143 143 143 145 143 145 143 143 143 143 144 144 144 145 145 147 148 149 150 150 150 149 149 143 143 143 143 143 143 143 143 142 142 142 142 142 142 142 142 144 144 145 146 148 149 150 150 149 149 149 150 150 151 151 151 150 150 152 150 152 150 150 150 151 151 150 150 150 150 149 149 149 149 149 149 149 149 149 149 149 149 149 149 149 147 149 147 149 146 148 146 148 149 150 151 152 152 152 152 153 153 153 153 156 156 156 156 156 156 156 156 155 155 155 155 155 155 155 155 155 155 155 155 155 155 155 155 155 155 155 155 155 155 155 155 0 0 0 0 0 0 0 0
0 0 0 0 0 0 0 0 135 135 136 137 139 140 141 141 143 143 144 145 147 148 149 149 149 149 149 150 150 151 151 151 149 149 148 147 146 146 145 145 145 142 140 140 141 142 142 142 144 149 155 159 159 162 165 167 162 156 145 126 103 78 57 45 56 71 90 104 102 87 67 55 61 68 80 90 99 104 110 114 105 95 82 69 59 52 54 61 64 74 80 75 78 87 87 81 90 96 110 131 161 191 217 231 235 236 240 242 244 244 245 245 250 254 255 254 255 255 244 231 210 192 172 161 159 169 191 211 227 232 239 245 248 246 242 239 240 240 244 245 244 242 240 239 231 237 239 236 237 242 243 239 247 243 240 236 232 230 229 228 231 225 221 220 218 212 201 191 184 182 173 171 181 194 211 236 241 253 252 248 252 252 251 255 250 252 254 252 247 243 241 238 222 215 203 190 178 166 157 153 153 151 154 161 172 182 187 188 179 163 134 103 77 58 48 41 36 48 72 97 120 134 142 145 140 148 156 160 161 158 153 145 150 144 139 139 142 144 143 139 141 141 140 140 140 140 139 139 140 140 141 141 141 142 142 142 143 143 143 142 142 141 141 141 141 141 141 141 141 141 141 141 141 141 141 141 141 141 141 141 141 141 141 141 141 141 141 141 142 142 142 142 142 142 142 142 141 141 141 141 141 141 141 141 140 140 140 140 140 140 140 140 140 140 140 140 140 140 140 140 140 140 140 140 140 140 140 140 141 141 141 141 141 141 141 141 141 141 141 141 141 141 141 141 140 140 140 140 140 140 140 140 141 141 141 142 142 143 143 143 142 142 142 142 142 142 142 142 143 143 143 142 142 141 141 141 141 141 141 141 141 141 141 141 141 141 141 141 141 141 141 141 141 141 141 141 141 141 141 141 141 141 141 141 141 141 141 141 141 141 141 141 141 141 141 141 141 141 141 141 141 141 141 141 142 142 142 142 142 142 142 142 142 142 142 142 143 142 143 143 143 145 145 146 146 147 147 147 148 148 149 150 151 151 152 153 146 145 145 144 144 145 145 146 146 146 146 145 145 144 144 144 145 146 148 149 150 151 151 151 152 152 152 152 152 152 152 150 151 150 150 148 149 149 149 150 150 150 150 150 150 150 150 150 150 150 150 150 150 150 149 149 147 147 147 147 147 146 147 147 149 149 150 149 150 150 150 150 152 152 152 152 152 152 152 152 153 153 153 153 153 153 153 153 153 153 153 153 153 153 153 153 155 155 155 154 154 153 153 153 154 154 154 154 154 154 154 154 0 0 0 0 0 0 0 0
0 0 0 0 0 0 0 0 135 135 136 137 138 140 141 141 143 143 144 145 146 148 149 149 149 149 149 150 150 150 151 151 150 150 150 149 148 148 147 145 146 143 141 141 142 142 142 143 146 152 156 158 157 153 153 151 152 145 136 119 99 79 63 53 58 72 93 106 106 95 79 69 71 78 87 94 101 105 107 111 97 85 72 59 50 46 53 64 82 94 102 101 104 106 98 86 69 73 84 105 137 173 202 218 233 234 239 242 245 246 245 246 248 252 254 253 252 247 234 220 179 166 155 155 165 184 208 229 243 245 248 251 252 250 245 241 241 240 240 239 238 236 236 235 239 239 239 238 241 247 248 242 233 226 218 210 203 197 194 191 184 182 179 181 184 184 181 175 169 168 156 152 161 171 190 218 235 249 248 244 250 251 249 254 254 255 254 251 249 246 248 246 247 240 231 217 203 188 176 168 154 151 150 151 153 154 155 154 144 129 107 81 60 46 39 35 41 48 65 86 106 118 125 125 130 134 145 151 155 158 160 155 150 145 140 140 143 144 143 141 141 141 140 140 140 140 139 139 140 140 140 141 141 141 142 142 143 143 143 142 142 141 141 141 141 141 141 141 141 141 141 141 141 141 141 141 141 141 141 141 141 141 141 141 141 141 141 141 142 142 142 142 142 142 142 142 141 141 141 141 141 141 141 141 140 140 140 140 140 140 140 140 140 140 140 140 140 140 140 140 140 140 140 140 140 140 140 140 141 141 141 141 141 141 141 141 141 141 141 141 141 141 141 141 140 140 140 140 140 140 140 140 141 141 141 142 142 143 143 143 142 142 142 142 142 142 142 142 143 143 143 142 142 141 141 141 141 141 141 141 141 141 141 141 141 141 141 141 141 141 141 141 141 141 141 141 141 141 141 141 141 141 141 141 141 141 141 141 141 141 141 141 141 141 141 141 141 141 141 141 141 141 141 141 142 142 142 142 142 142 142 142 142 142 142 142 142 142 142 142 145 145 145 146 146 147 147 147 148 148 149 149 150 151 152 152 146 145 145 144 144 145 145 146 146 146 146 145 145 144 144 144 145 146 148 149 150 151 151 151 152 152 152 152 152 152 152 150 151 149 149 148 148 148 149 149 150 150 150 150 150 150 150 150 150 150 150 150 150 150 149 149 148 148 148 148 147 147 147 148 150 151 151 151 151 151 151 151 152 152 152 152 152 152 152 152 153 153 153 153 153 153 153 153 153 153 153 153 153 153 153 153 155 155 154 154 154 153 153 153 153 153 153 153 153 153 153 153 0 0 0 0 0 0 0 0
0 0 0 0 0 0 0 0 134 135 136 137 138 139 140 141 142 143 144 145 146 147 148 149 149 149 149 149 150 150 150 151 151 151 151 150 150 150 150 148 145 142 141 141 143 144 144 144 145 146 144 140 133 122 114 108 97 94 89 79 68 56 46 41 59 73 92 106 109 102 91 84 85 91 97 100 102 102 104 106 94 82 68 57 53 55 66 78 97 111 122 127 128 125 108 91 76 77 84 105 140 179 210 225 233 235 238 240 243 245 245 247 248 250 252 250 246 236 219 202 157 152 152 166 189 213 237 252 253 252 251 252 254 253 249 245 243 240 237 233 233 235 239 240 245 245 245 243 244 241 236 226 203 193 181 169 161 155 149 145 152 150 150 156 164 171 174 173 162 157 142 133 140 150 172 200 227 243 245 242 248 248 248 252 255 255 255 252 251 251 254 254 254 251 248 242 234 223 213 205 196 194 188 179 171 162 160 158 159 148 132 114 101 91 88 86 73 72 78 90 105 111 110 105 111 111 120 129 138 149 160 163 148 145 141 141 141 143 142 142 141 141 140 140 139 139 139 139 139 139 140 140 140 141 141 141 142 142 142 142 141 141 141 141 141 141 141 141 141 141 141 141 141 141 141 141 141 141 141 141 141 141 141 141 141 141 141 141 142 142 142 142 142 142 142 142 141 141 141 141 141 141 141 141 140 140 140 140 140 140 140 140 140 140 140 140 140 140 140 140 140 140 140 140 140 140 140 140 141 141 141 141 141 141 141 141 141 141 141 141 141 141 141 141 140 140 140 140 140 140 140 140 141 141 141 142 142 143 143 143 142 142 142 142 142 142 142 142 143 143 143 142 142 141 141 141 141 141 141 141 141 141 141 141 141 141 141 141 141 141 141 141 141 141 141 141 141 141 141 141 141 141 141 141 141 141 141 141 141 141 141 141 141 141 141 141 141 141 141 141 141 141 141 141 142 142 142 142 142 142 142 142 142 142 142 142 142 142 142 142 145 145 145 146 146 147 147 147 148 148 149 149 150 151 151 151 146 145 145 144 144 145 145 146 146 146 146 145 145 144 144 144 145 146 148 149 150 151 151 151 152 152 152 152 152 151 151 149 150 148 148 147 147 148 149 149 150 150 150 150 150 150 150 150 150 150 150 150 150 150 149 149 148 148 148 148 147 147 147 148 150 151 151 151 151 151 151 151 152 152 152 152 152 152 152 152 153 153 153 153 153 153 153 153 153 153 153 153 153 153 153 153 155 154 154 154 153 153 153 153 152 152 152 152 152 152 152 152 0 0 0 0 0 0 0 0
0 0 0 0 0 0 0 0 134 135 135 137 138 139 140 140 142 143 143 145 146 147 148 148 148 148 149 149 149 150 150 150 150 150 150 150 150 150 150 148 142 140 141 142 145 145 145 145 142 136 124 111 98 82 70 60 54 56 60 61 62 58 57 55 64 76 92 104 108 105 99 95 95 98 102 103 101 101 101 102 95 86 74 67 66 70 82 96 104 116 128 135 136 127 109 91 75 76 86 109 146 184 213 227 234 236 239 243 245 246 248 247 250 251 252 247 238 221 201 186 160 160 170 191 217 239 253 255 249 245 242 243 248 251 251 247 240 236 232 230 233 238 244 245 247 249 249 242 230 214 199 189 168 159 147 140 137 135 132 129 126 127 129 136 144 150 156 158 164 155 137 123 125 136 159 189 222 237 243 242 248 249 248 252 255 255 255 255 253 252 254 254 246 246 249 250 249 245 241 237 228 226 220 210 197 188 185 183 174 167 156 144 135 128 126 124 132 124 119 121 127 126 117 107 101 96 97 105 117 132 152 163 148 144 141 141 141 142 142 140 140 139 139 138 138 138 138 138 138 139 139 139 140 140 140 140 142 141 141 141 141 141 141 141 141 141 141 141 141 141 141 141 141 141 141 141 141 141 141 141 141 141 141 141 141 141 141 141 142 142 142 142 142 142 142 142 141 141 141 141 141 141 141 141 140 140 140 140 140 140 140 140 140 140 140 140 140 140 140 140 140 140 140 140 140 140 140 140 141 141 141 141 141 141 141 141 141 141 141 141 141 141 141 141 140 140 140 140 140 140 140 140 141 141 141 142 142 143 143 143 142 142 142 142 142 142 142 142 143 143 143 142 142 141 141 141 141 141 141 141 141 141 141 141 141 141 141 141 141 141 141 141 141 141 141 141 141 141 141 141 141 141 141 141 141 141 141 141 141 141 141 141 141 141 141 141 141 141 141 141 141 141 141 141 142 142 142 142 142 142 142 142 142 142 142 142 142 142 142 142 145 145 145 146 146 147 147 147 148 148 148 149 149 150 150 151 146 145 145 144 144 145 145 146 146 146 146 145 145 144 144 144 145 146 148 149 150 151 151 151 152 152 152 151 151 151 151 148 148 147 147 146 147 147 148 149 150 150 150 150 150 150 150 150 150 150 150 150 150 150 149 149 149 149 149 149 148 148 148 149 151 152 152 152 152 152 152 152 151 151 151 151 151 151 151 151 152 152 152 152 152 152 152 152 152 152 152 152 152 152 152 152 154 154 154 153 153 153 152 152 150 150 150 150 150 150 150 150 0 0 0 0 0 0 0 0
0 0 0 0 0 0 0 0 134 134 135 136 137 139 139 140 142 142 143 144 145 147 147 148 148 148 148 149 149 149 150 150 149 149 149 148 148 148 148 145 142 141 143 145 146 144 140 139 131 119 98 80 67 54 45 37 38 44 55 65 73 76 78 78 72 82 94 103 106 104 99 98 99 101 105 104 102 100 98 99 93 87 81 80 81 84 94 104 112 118 125 127 124 113 97 84 66 74 92 121 159 194 220 231 237 240 243 246 248 250 250 249 250 248 247 243 229 208 187 172 170 178 194 216 238 251 251 247 241 235 230 230 233 240 245 247 236 233 231 232 237 242 245 245 239 236 229 211 187 166 153 151 142 141 139 143 151 158 161 163 166 170 173 177 181 183 187 186 176 167 143 122 118 125 149 182 216 233 241 243 251 250 246 252 253 255 255 255 252 250 248 247 245 244 244 245 245 243 243 242 238 238 236 229 221 216 216 217 219 216 210 201 196 193 192 191 191 182 170 165 163 156 141 125 110 97 87 87 96 112 137 152 146 143 142 142 142 141 142 140 140 139 139 138 138 136 136 138 138 138 138 138 139 139 139 140 140 141 141 141 141 141 141 141 141 141 141 141 141 141 141 141 141 141 141 141 141 141 141 141 141 141 141 141 141 141 141 141 142 142 142 142 142 142 142 142 141 141 141 141 141 141 141 141 140 140 140 140 140 140 140 140 140 140 140 140 140 140 140 140 140 140 140 140 140 140 140 140 141 141 141 141 141 141 141 141 141 141 141 141 141 141 141 141 140 140 140 140 140 140 140 140 141 141 141 142 142 143 143 143 142 142 142 142 142 142 142 142 143 143 143 142 142 141 141 141 141 141 141 141 141 141 141 141 141 141 141 141 141 141 141 141 141 141 141 141 141 141 141 141 141 141 141 141 141 141 141 141 141 141 141 141 141 141 141 141 141 141 141 141 141 141 141 141 142 142 142 142 142 142 142 142 142 142 142 142 142 142 142 142 145 145 145 146 146 147 147 147 148 148 148 149 149 149 149 150 146 145 145 144 144 145 145 146 146 146 146 145 145 144 144 144 145 146 148 149 150 151 151 151 152 152 152 151 151 150 150 147 147 146 145 146 146 147 148 149 150 150 150 150 150 150 150 150 150 150 150 150 150 150 149 149 149 149 149 149 148 148 148 149 151 152 152 152 152 152 152 152 151 151 151 151 151 151 151 151 152 152 152 152 152 152 152 152 152 152 152 152 152 152 152 152 154 154 153 153 153 152 152 152 149 149 149 149 149 149 149 149 0 0 0 0 0 0 0 0
0 0 0 0 0 0 0 0 133 134 135 136 137 138 139 140 141 142 143 144 145 146 147 148 147 148 148 148 149 149 149 149 149 149 148 147 146 145 145 142 144 143 144 143 139 131 121 115 99 84 61 46 41 38 36 31 37 45 56 69 79 85 89 89 82 88 95 100 101 100 99 98 102 103 106 105 101 99 98 100 96 92 94 96 97 98 105 113 121 122 121 116 107 94 84 76 69 84 111 145 181 212 232 243 242 245 248 250 252 252 252 251 248 245 243 237 223 199 181 171 187 199 217 235 249 255 247 238 235 230 223 216 218 226 237 243 243 240 241 244 247 245 240 235 209 198 178 157 135 124 126 135 139 146 157 172 185 197 207 213 210 213 216 216 214 212 213 214 207 195 164 135 125 128 148 180 214 232 241 244 252 251 246 248 250 253 255 255 251 248 246 245 244 243 241 240 241 243 246 245 247 245 247 244 244 243 245 247 237 235 234 232 231 231 229 229 233 225 215 210 206 194 177 161 136 115 92 82 82 95 120 141 145 142 144 143 142 141 141 141 139 138 137 137 135 135 135 135 136 137 137 138 138 138 139 139 140 140 140 140 141 141 141 141 141 141 141 141 141 141 141 141 141 141 141 141 141 141 141 141 141 141 141 141 141 141 141 141 142 142 142 142 142 142 142 142 141 141 141 141 141 141 141 141 140 140 140 140 140 140 140 140 140 140 140 140 140 140 140 140 140 140 140 140 140 140 140 140 141 141 141 141 141 141 141 141 141 141 141 141 141 141 141 141 140 140 140 140 140 140 140 140 141 141 141 142 142 143 143 143 142 142 142 142 142 142 142 142 143 143 143 142 142 141 141 141 141 141 141 141 141 141 141 141 141 141 141 141 141 141 141 141 141 141 141 141 141 141 141 141 141 141 141 141 141 141 141 141 141 141 141 141 141 141 141 141 141 141 141 141 141 141 141 141 142 142 142 142 142 142 142 142 142 142 142 142 142 142 142 142 143 145 145 146 146 147 147 147 148 148 148 148 148 149 149 149 146 145 145 144 144 145 145 146 146 146 146 145 145 144 144 144 145 146 148 149 150 151 151 151 152 152 151 151 150 149 149 147 145 145 144 145 145 147 148 148 150 150 150 150 150 150 150 150 150 150 150 150 150 150 149 149 148 148 148 148 147 147 147 148 150 151 151 151 151 151 151 151 150 150 150 150 150 150 150 150 151 151 151 151 151 151 151 151 151 151 151 151 151 151 151 151 153 153 153 153 152 152 152 151 149 149 149 149 149 149 149 149 0 0 0 0 0 0 0 0
0 0 0 0 0 0 0 0 133 133 134 136 137 138 139 139 141 141 142 144 145 146 147 147 147 147 148 148 148 149 149 149 150 150 149 147 146 144 143 140 144 142 140 134 122 104 86 75 60 46 26 18 22 28 32 30 46 52 60 70 80 88 95 98 90 95 99 100 100 99 100 100 105 107 108 106 102 101 100 101 103 103 105 108 110 110 114 121 121 120 116 107 93 82 79 80 78 97 128 162 191 215 231 241 245 248 249 251 252 251 251 251 249 245 242 237 223 203 189 183 206 220 236 247 252 254 245 235 226 222 213 206 205 213 228 239 246 245 246 246 243 231 215 201 171 154 133 123 120 126 139 153 167 179 196 212 222 231 240 245 254 255 255 254 249 247 250 253 239 224 189 153 133 130 148 178 210 230 240 243 252 251 245 246 250 252 253 253 249 249 249 249 245 242 242 241 243 246 249 251 243 240 240 239 242 244 245 245 247 248 249 248 249 249 248 249 248 247 242 240 239 227 212 196 171 140 106 86 77 85 112 133 145 142 145 145 144 141 141 141 139 138 137 137 135 135 134 135 135 136 137 137 137 138 138 138 139 139 139 140 140 141 141 141 141 141 141 141 141 141 141 141 141 141 141 141 141 141 141 141 141 141 141 141 141 141 141 141 142 142 142 142 142 142 142 142 141 141 141 141 141 141 141 141 140 140 140 140 140 140 140 140 140 140 140 140 140 140 140 140 140 140 140 140 140 140 140 140 141 141 141 141 141 141 141 141 141 141 141 141 141 141 141 141 140 140 140 140 140 140 140 140 141 141 141 142 142 143 143 143 142 142 142 142 142 142 142 142 143 143 143 142 142 141 141 141 141 141 141 141 141 141 141 141 141 141 141 141 141 141 141 141 141 141 141 141 141 141 141 141 141 141 141 141 141 141 141 141 141 141 141 141 141 141 141 141 141 141 141 141 141 141 141 141 142 142 142 142 142 142 142 142 142 142 142 142 142 142 142 142 143 143 143 144 144 145 145 145 146 146 146 146 146 146 146 146 144 143 143 142 142 143 143 144 144 144 144 143 143 142 142 142 143 144 146 147 148 149 149 149 150 150 149 149 148 147 146 146 144 144 144 144 145 146 147 148 150 150 150 150 150 150 150 150 150 150 150 150 150 150 149 149 148 148 148 148 147 147 147 148 150 150 150 150 150 150 150 150 149 149 149 149 149 149 149 149 150 150 150 150 150 150 150 150 150 150 150 150 150 150 150 150 151 151 151 150 150 150 149 149 148 148 148 148 148 148 148 148 0 0 0 0 0 0 0 0
0 0 0 0 0 0 0 0 133 133 134 135 137 138 139 139 141 141 142 143 145 146 147 147 147 147 147 148 148 149 149 149 152 151 150 148 146 144 143 140 141 138 133 123 105 81 57 43 40 27 9 6 16 26 32 32 38 41 47 54 65 74 85 90 96 98 100 100 99 99 100 103 108 110 110 107 105 101 100 100 107 106 107 111 113 112 116 122 115 114 111 101 87 77 78 86 104 125 156 185 208 224 237 247 246 248 251 251 252 252 251 249 253 248 244 240 229 210 200 196 215 228 242 246 248 247 239 230 217 214 206 198 195 205 224 239 238 236 237 237 228 207 181 161 149 131 118 122 138 154 170 182 202 216 234 245 250 251 254 255 252 254 253 248 243 242 247 254 253 237 198 157 134 125 140 169 208 229 238 243 250 250 243 244 251 252 251 251 251 250 254 255 252 251 248 247 246 244 246 244 248 242 240 240 243 245 244 242 244 245 245 246 246 245 243 243 245 245 248 252 250 244 228 214 194 159 118 92 79 84 110 132 145 143 147 146 145 143 142 143 141 139 138 137 137 135 135 135 135 136 136 137 137 137 138 138 139 139 139 140 140 141 141 141 141 141 141 141 141 141 141 141 141 141 141 141 141 141 141 141 141 141 141 141 141 141 141 141 142 142 142 142 142 142 142 142 141 141 141 141 141 141 141 141 140 140 140 140 140 140 140 140 140 140 140 140 140 140 140 140 140 140 140 140 140 140 140 140 141 141 141 141 141 141 141 141 141 141 141 141 141 141 141 141 140 140 140 140 140 140 140 140 141 141 141 142 142 143 143 143 142 142 142 142 142 142 142 142 143 143 143 142 142 141 141 141 141 141 141 141 141 141 141 141 141 141 141 141 141 141 141 141 141 141 141 141 141 141 141 141 141 141 141 141 141 141 141 141 141 141 141 141 141 141 141 141 141 141 141 141 141 141 141 141 142 142 142 142 142 142 142 142 142 142 142 142 142 142 142 142 143 143 143 144 144 145 145 145 146 146 146 146 146 146 146 146 144 143 143 142 142 143 143 144 144 144 144 143 143 142 142 142 143 144 146 147 148 149 149 149 150 150 149 148 147 147 146 145 143 143 143 144 145 146 147 148 150 150 150 150 150 150 150 150 150 150 150 150 150 150 149 149 147 147 147 147 146 146 146 146 147 149 149 149 149 149 149 149 149 149 149 149 149 149 149 149 150 150 150 150 150 150 150 150 150 150 150 150 150 150 150 150 151 151 151 150 150 149 149 149 148 148 148 148 148 148 148 148 0 0 0 0 0 0 0 0
0 0 0 0 0 0 0 0 133 133 134 135 137 138 139 139 140 141 143 144 146 146 146 146 147 147 148 148 148 149 149 149 150 149 149 150 149 147 143 138 142 138 128 109 83 55 33 22 17 13 9 15 27 33 33 28 25 24 23 25 35 48 65 74 103 101 98 96 96 98 101 105 110 114 114 109 103 100 102 106 108 111 116 118 118 118 119 120 111 106 103 96 81 69 82 105 123 157 186 205 222 232 236 245 248 254 255 249 248 252 254 254 254 252 247 241 235 227 222 218 229 231 242 248 247 250 240 217 216 194 196 194 197 218 228 239 236 237 231 211 187 164 143 127 126 118 123 148 182 206 219 224 248 252 255 255 255 255 255 247 242 240 236 232 223 222 235 253 247 240 204 157 126 118 136 168 198 222 236 244 255 252 244 243 248 251 254 253 252 251 254 255 255 253 254 255 253 247 247 249 240 242 244 242 237 233 231 232 231 233 236 238 239 239 238 238 232 241 250 250 248 244 237 229 211 182 140 104 82 85 111 130 144 145 148 146 144 145 145 141 141 139 138 137 137 135 136 136 134 136 138 139 140 141 141 141 143 140 138 139 142 144 143 141 142 142 142 142 142 142 142 142 141 141 141 141 141 141 141 141 141 141 141 141 141 141 141 141 142 142 142 142 142 142 142 142 141 141 141 141 141 141 141 141 140 140 140 140 140 140 140 140 140 140 140 140 140 140 140 140 140 140 140 140 140 140 140 140 141 141 141 141 141 141 141 141 141 141 141 141 141 141 141 141 140 140 140 140 140 140 140 140 142 142 142 142 142 142 142 142 142 142 142 142 142 142 142 142 142 142 142 142 142 142 142 142 142 142 142 142 142 142 142 142 142 142 142 142 142 142 142 142 142 142 142 142 142 142 142 142 141 141 141 141 141 141 141 141 141 141 141 141 141 141 141 141 141 141 141 141 141 141 141 141 142 142 142 142 142 142 142 142 142 142 142 142 142 142 142 142 143 143 143 144 144 145 145 145 145 145 145 145 145 145 145 145 143 143 143 143 143 143 143 143 143 143 143 143 143 143 143 143 145 145 146 147 148 149 149 150 151 150 150 149 148 147 146 146 144 144 145 146 147 148 148 149 149 149 149 149 149 149 149 149 150 150 150 150 150 150 149 149 145 145 145 145 144 144 144 144 147 147 147 147 147 147 147 147 147 147 147 147 147 147 147 147 148 148 149 149 150 150 150 150 149 149 149 149 149 149 149 150 151 151 150 150 150 150 150 150 149 149 149 148 148 147 147 147 0 0 0 0 0 0 0 0
0 0 0 0 0 0 0 0 133 133 134 135 136 138 138 139 140 141 142 144 145 146 146 146 147 147 147 148 148 148 149 149 149 149 149 149 148 146 142 138 141 136 125 103 73 44 23 13 21 31 44 60 69 64 54 43 24 20 14 16 31 55 79 94 105 103 101 98 97 96 98 102 109 113 113 109 104 101 104 107 113 114 116 115 115 109 108 107 100 94 89 82 70 64 81 106 141 177 208 226 238 239 233 237 247 252 252 247 245 248 251 250 255 255 253 249 245 241 236 234 232 232 243 250 249 250 235 207 193 175 185 194 207 230 238 243 240 230 214 188 155 129 114 107 132 152 182 207 220 231 240 246 251 250 255 255 250 247 242 228 223 208 191 180 172 175 191 210 220 214 182 144 121 115 135 164 195 216 232 240 251 251 245 248 249 253 255 255 253 251 251 250 252 248 247 247 245 238 241 242 238 241 245 245 244 242 245 246 240 242 244 246 247 246 245 245 237 243 246 243 243 244 239 232 218 186 144 109 91 94 118 135 146 147 150 147 146 146 146 143 141 140 139 138 138 138 138 138 136 136 137 138 138 138 137 137 140 138 136 137 140 142 141 140 142 142 142 142 142 142 142 142 141 141 141 141 141 141 141 141 141 141 141 141 141 141 141 141 142 142 142 142 142 142 142 142 141 141 141 141 141 141 141 141 140 140 140 140 140 140 140 140 140 140 140 140 140 140 140 140 140 140 140 140 140 140 140 140 141 141 141 141 141 141 141 141 141 141 141 141 141 141 141 141 140 140 140 140 140 140 140 140 142 142 142 142 142 142 142 142 142 142 142 142 142 142 142 142 142 142 142 142 142 142 142 142 142 142 142 142 142 142 142 142 142 142 142 142 142 142 142 142 142 142 142 142 142 142 142 142 141 141 141 141 141 141 141 141 141 141 141 141 141 141 141 141 141 141 141 141 141 141 141 141 142 142 142 142 142 142 142 142 142 142 142 142 142 142 142 142 143 143 143 144 144 145 145 145 145 145 145 145 145 145 145 145 143 143 143 143 143 143 143 143 143 143 143 143 143 143 143 143 144 144 145 146 147 148 148 149 150 149 149 148 147 146 145 145 143 143 144 145 146 147 147 148 149 149 149 149 149 149 149 149 150 150 150 150 150 150 149 149 145 145 145 145 144 144 144 144 146 146 146 146 146 146 146 146 146 146 146 146 146 146 146 146 147 147 147 148 148 149 149 149 148 148 148 148 148 148 148 148 150 151 150 150 150 150 150 150 149 149 149 148 148 147 147 147 0 0 0 0 0 0 0 0
0 0 0 0 0 0 0 0 132 133 133 135 136 137 138 138 140 140 141 142 143 145 145 146 146 146 147 147 147 148 148 148 148 149 149 148 147 144 142 138 139 135 125 105 78 53 38 33 48 69 94 111 109 90 70 56 28 24 19 25 43 69 93 108 109 109 106 102 100 99 100 102 107 111 112 109 104 103 105 108 113 114 114 113 110 103 98 94 89 81 72 65 56 58 77 101 139 172 201 218 230 231 227 232 246 249 250 246 246 249 251 249 255 255 255 255 254 253 250 248 237 237 247 252 250 247 225 191 169 155 177 199 221 245 244 241 222 200 176 151 127 109 111 121 156 192 230 248 252 255 255 255 253 247 249 250 247 242 226 202 195 169 141 128 126 128 141 156 167 166 149 125 115 113 130 153 185 208 225 235 249 251 248 250 250 254 255 255 255 250 247 243 246 239 233 230 228 226 231 235 239 240 246 248 249 249 251 252 248 249 252 253 254 253 251 251 243 244 242 239 241 244 239 230 213 181 139 109 97 106 129 146 150 150 152 150 148 149 148 144 142 141 140 140 139 138 138 137 137 138 138 138 138 137 136 135 137 136 135 137 139 141 141 140 142 142 142 142 142 142 142 142 141 141 141 141 141 141 141 141 141 141 141 141 141 141 141 141 142 142 142 142 142 142 142 142 141 141 141 141 141 141 141 141 140 140 140 140 140 140 140 140 140 140 140 140 140 140 140 140 140 140 140 140 140 140 140 140 141 141 141 141 141 141 141 141 141 141 141 141 141 141 141 141 140 140 140 140 140 140 140 140 142 142 142 142 142 142 142 142 142 142 142 142 142 142 142 142 142 142 142 142 142 142 142 142 142 142 142 142 142 142 142 142 142 142 142 142 142 142 142 142 142 142 142 142 142 142 142 142 141 141 141 141 141 141 141 141 141 141 141 141 141 141 141 141 141 141 141 141 141 141 141 141 142 142 142 142 142 142 142 142 142 142 142 142 142 142 142 142 142 142 142 143 143 144 144 144 144 144 144 144 144 144 144 144 142 142 142 142 142 142 142 142 142 142 142 142 142 142 142 142 142 142 143 143 144 145 145 146 147 146 146 145 144 144 143 143 142 142 143 143 144 145 145 146 148 148 148 148 148 148 148 148 149 149 149 149 149 149 148 148 144 144 144 144 143 143 143 143 143 143 143 143 143 143 143 143 143 143 143 143 143 143 143 143 145 145 145 146 146 146 147 147 146 146 146 146 146 146 146 146 148 148 148 148 149 149 149 149 148 148 148 148 147 147 147 147 0 0 0 0 0 0 0 0
0 0 0 0 0 0 0 0 131 132 133 134 135 136 137 138 139 139 140 141 142 143 144 145 145 146 146 146 147 147 147 147 147 148 148 147 144 142 140 138 137 136 132 118 100 86 81 83 93 115 135 140 124 94 71 57 41 41 45 55 72 89 102 107 113 111 110 107 105 104 103 105 106 109 110 109 106 105 107 109 109 108 111 110 110 102 97 92 82 75 64 55 49 51 67 87 106 132 153 169 187 198 209 228 240 246 249 248 249 252 253 251 253 255 255 255 255 255 253 252 241 240 249 255 251 243 215 176 158 145 176 207 233 250 237 223 186 155 131 122 121 129 152 178 202 222 241 248 255 255 255 247 247 239 243 247 249 245 218 182 143 112 84 75 76 75 81 89 107 119 121 117 117 117 123 139 171 196 218 233 249 252 248 250 251 253 255 255 255 251 247 245 241 228 216 211 211 214 224 232 241 242 245 247 248 247 249 249 252 254 255 255 255 255 254 253 249 248 246 245 247 246 235 222 193 161 124 101 99 114 142 157 158 157 158 154 150 149 147 142 140 140 140 140 139 137 136 134 138 139 139 140 140 139 138 138 136 136 137 138 140 141 141 141 142 142 142 142 142 142 142 142 141 141 141 141 141 141 141 141 141 141 141 141 141 141 141 141 142 142 142 142 142 142 142 142 141 141 141 141 141 141 141 141 140 140 140 140 140 140 140 140 140 140 140 140 140 140 140 140 140 140 140 140 140 140 140 140 141 141 141 141 141 141 141 141 141 141 141 141 141 141 141 141 140 140 140 140 140 140 140 140 141 141 141 141 141 141 141 141 141 141 141 141 141 141 141 141 141 141 141 141 141 141 141 141 141 141 141 141 141 141 141 141 141 141 141 141 141 141 141 141 141 141 141 141 141 141 141 141 141 141 141 141 141 141 141 141 141 141 141 141 141 141 141 141 141 141 141 141 141 141 141 141 142 142 142 142 142 142 142 142 142 142 142 142 142 142 142 142 142 142 142 143 143 144 144 144 144 144 144 144 144 144 144 144 142 142 142 142 142 142 142 142 142 142 142 142 142 142 142 142 141 141 142 142 143 143 143 144 145 144 144 144 143 143 142 142 141 141 142 142 143 143 143 144 145 145 145 145 145 145 145 145 146 146 146 146 146 146 145 145 141 141 141 141 140 140 140 140 141 141 141 141 141 141 141 141 141 141 141 141 141 141 141 141 143 143 143 143 144 144 145 145 144 144 144 144 144 144 144 144 145 146 146 146 146 147 147 147 148 148 148 148 148 148 148 147 0 0 0 0 0 0 0 0
0 0 0 0 0 0 0 0 130 131 132 133 134 135 136 137 138 138 138 139 140 142 143 145 145 145 145 145 146 146 146 147 145 147 148 146 142 139 139 138 138 138 137 130 121 115 117 121 127 144 155 149 124 90 66 54 52 57 65 76 89 96 100 100 103 104 105 104 105 105 106 106 105 106 107 107 106 105 106 107 107 106 108 109 111 106 100 94 82 74 63 55 51 51 60 69 75 94 107 120 139 158 180 206 224 234 244 246 248 251 253 254 252 252 252 252 251 251 251 250 246 244 251 255 250 239 208 168 155 145 180 213 237 245 219 195 153 123 104 111 133 160 196 225 237 245 248 241 246 255 252 238 239 235 242 250 255 250 214 169 111 78 48 43 47 44 49 58 77 98 114 124 132 128 123 132 163 190 217 234 251 254 248 249 250 251 252 253 253 252 249 245 232 218 203 198 202 209 225 235 244 243 246 247 248 248 248 246 251 252 253 255 254 254 253 253 251 253 255 253 252 243 223 204 166 138 107 93 101 121 151 166 163 161 161 157 151 148 145 141 142 142 141 141 139 137 135 132 135 135 137 138 139 139 139 139 137 139 141 142 142 142 142 143 142 142 142 142 142 142 142 142 141 141 141 141 141 141 141 141 141 141 141 141 141 141 141 141 142 142 142 142 142 142 142 142 141 141 141 141 141 141 141 141 140 140 140 140 140 140 140 140 140 140 140 140 140 140 140 140 140 140 140 140 140 140 140 140 141 141 141 141 141 141 141 141 141 141 141 141 141 141 141 141 140 140 140 140 140 140 140 140 141 141 141 141 141 141 141 141 141 141 141 141 141 141 141 141 141 141 141 141 141 141 141 141 141 141 141 141 141 141 141 141 141 141 141 141 141 141 141 141 141 141 141 141 141 141 141 141 141 141 141 141 141 141 141 141 141 141 141 141 141 141 141 141 141 141 141 141 141 141 141 141 142 142 142 142 142 142 142 142 142 142 142 142 142 142 142 142 142 142 142 143 143 144 144 144 144 144 144 144 144 144 144 144 142 142 142 142 142 142 142 142 142 142 142 142 142 142 142 142 141 141 141 141 142 142 142 142 143 143 143 143 142 142 142 142 141 141 141 141 142 142 142 142 142 142 142 142 142 142 142 142 143 143 143 143 143 143 142 142 138 138 138 138 137 137 137 137 138 138 138 138 138 138 138 138 138 138 138 138 138 138 138 138 139 139 139 140 140 141 141 141 140 140 140 140 140 140 140 142 142 142 143 143 144 144 145 145 148 148 148 148 148 148 148 149 0 0 0 0 0 0 0 0
0 0 0 0 0 0 0 0 130 130 131 132 133 135 135 136 138 137 137 137 138 140 143 144 144 144 144 145 145 145 146 146 144 146 147 145 140 137 138 138 140 139 137 133 129 127 129 132 139 148 150 139 113 81 57 45 51 57 66 74 81 84 87 89 82 84 89 94 97 101 103 104 105 106 107 107 108 107 106 105 110 109 109 111 112 108 103 97 87 81 72 66 66 66 68 70 75 87 93 99 111 124 143 171 199 215 233 240 243 247 252 254 254 255 254 253 252 251 250 248 247 246 253 255 246 234 206 167 153 145 179 210 226 226 188 159 136 116 109 125 154 186 217 237 246 255 254 245 237 239 240 238 235 237 246 254 255 247 209 158 107 70 40 33 39 44 59 78 93 114 130 137 144 136 131 138 168 197 221 238 254 254 247 246 249 249 251 252 252 248 242 238 219 206 194 194 203 215 230 240 244 243 244 247 252 253 251 251 249 251 251 252 252 252 252 252 251 254 255 253 244 227 201 180 147 126 104 97 103 122 145 157 156 154 157 153 150 150 146 143 146 145 143 143 141 137 134 132 131 131 132 134 135 136 136 136 139 142 144 145 144 143 143 143 142 142 142 142 142 142 142 142 141 141 141 141 141 141 141 141 141 141 141 141 141 141 141 141 142 142 142 142 142 142 142 142 141 141 141 141 141 141 141 141 140 140 140 140 140 140 140 140 140 140 140 140 140 140 140 140 140 140 140 140 140 140 140 140 141 141 141 141 141 141 141 141 141 141 141 141 141 141 141 141 140 140 140 140 140 140 140 140 140 140 140 140 140 140 140 140 140 140 140 140 140 140 140 140 140 140 140 140 140 140 140 140 140 140 140 140 140 140 140 140 140 140 140 140 140 140 140 140 140 140 140 140 140 140 140 140 141 141 141 141 141 141 141 141 141 141 141 141 141 141 141 141 141 141 141 141 141 141 141 141 142 142 142 142 142 142 142 142 142 142 142 142 142 142 142 142 142 142 142 143 143 144 144 144 144 144 144 144 144 144 144 144 142 142 142 142 142 142 142 142 142 142 142 142 142 142 142 142 141 141 141 141 141 141 142 142 143 143 142 142 142 142 142 142 141 141 141 141 141 141 142 142 141 141 141 141 141 141 141 141 142 142 142 142 142 142 141 141 137 137 137 137 136 136 136 136 137 137 137 137 137 137 137 137 137 137 137 137 137 137 137 137 138 138 139 139 139 140 140 140 139 139 139 139 139 139 139 139 140 141 141 142 143 144 144 144 148 148 148 148 149 149 149 149 0 0 0 0 0 0 0 0
0 0 0 0 0 0 0 0 129 130 130 132 133 134 135 135 137 137 136 136 137 139 142 144 143 143 144 144 144 145 145 145 143 146 147 144 138 135 137 139 142 138 135 134 136 137 137 138 146 142 128 108 82 56 37 27 34 44 56 63 64 61 62 63 59 65 73 82 90 97 101 103 105 105 106 107 108 107 105 103 110 108 107 109 113 110 107 103 98 93 87 84 87 93 94 93 96 100 93 89 92 98 114 140 173 198 224 236 239 242 250 255 255 255 255 255 253 252 251 249 247 247 255 255 243 231 206 170 155 146 177 201 207 197 151 117 117 120 135 158 187 215 235 246 251 253 253 247 238 235 237 242 241 243 251 253 249 235 196 144 94 59 34 35 46 59 87 117 138 151 153 146 142 135 136 149 187 211 231 241 254 254 247 247 249 250 252 254 251 241 229 219 206 197 192 200 213 226 238 246 243 242 244 248 253 255 254 253 249 250 250 252 253 254 255 253 249 251 250 238 221 201 177 158 141 126 111 104 106 111 123 128 141 141 147 146 148 153 153 150 150 149 149 148 145 141 137 133 130 130 131 132 133 133 133 132 140 144 147 147 144 142 141 142 142 142 142 142 142 142 142 142 141 141 141 141 141 141 141 141 141 141 141 141 141 141 141 141 142 142 142 142 142 142 142 142 141 141 141 141 141 141 141 141 140 140 140 140 140 140 140 140 140 140 140 140 140 140 140 140 140 140 140 140 140 140 140 140 141 141 141 141 141 141 141 141 141 141 141 141 141 141 141 141 140 140 140 140 140 140 140 140 140 140 140 140 140 140 140 140 140 140 140 140 140 140 140 140 140 140 140 140 140 140 140 140 140 140 140 140 140 140 140 140 140 140 140 140 140 140 140 140 140 140 140 140 140 140 140 140 141 141 141 141 141 141 141 141 141 141 141 141 141 141 141 141 141 141 141 141 141 141 141 141 142 142 142 142 142 142 142 142 142 142 142 142 142 142 142 142 141 141 141 142 142 143 143 143 143 143 143 143 143 143 143 143 141 141 141 141 141 141 141 141 141 141 141 141 141 141 141 141 141 141 141 141 141 141 141 141 142 142 142 142 142 142 142 142 142 142 142 142 142 142 142 142 142 142 142 142 142 142 142 142 143 143 143 143 143 143 142 142 138 138 138 138 137 137 137 137 136 136 136 136 136 136 136 136 136 136 136 136 136 136 136 136 138 138 138 139 139 140 140 140 139 139 139 139 139 139 139 139 140 141 141 142 143 144 145 145 147 147 147 148 148 149 149 149 0 0 0 0 0 0 0 0
0 0 0 0 0 0 0 0 129 129 130 131 133 134 135 135 137 136 135 135 136 139 142 143 143 143 143 144 144 144 145 145 143 145 147 143 137 134 137 139 143 138 136 138 145 149 149 149 155 138 109 76 49 30 15 10 17 33 51 58 55 45 40 39 47 52 63 74 87 95 101 104 106 106 106 107 108 107 104 102 108 105 105 108 112 114 110 108 105 103 98 99 107 115 118 116 114 111 92 79 76 78 97 128 159 189 220 235 236 241 251 255 255 255 255 255 254 253 252 251 246 247 255 255 243 230 207 176 159 148 175 193 191 172 123 86 97 119 154 184 213 240 255 255 255 251 244 245 246 246 245 249 252 254 255 255 244 228 186 136 94 67 51 61 76 95 129 164 178 182 169 147 135 128 138 157 202 225 237 244 254 252 245 245 249 251 254 255 250 236 217 203 195 191 193 206 222 234 242 247 245 243 243 247 251 253 252 249 250 250 250 250 253 255 255 255 250 249 243 227 204 183 162 146 140 129 118 112 106 102 103 103 129 132 141 145 150 158 161 161 159 157 157 154 150 144 140 136 137 136 137 137 135 134 133 132 141 144 147 146 143 140 139 140 142 142 142 142 142 142 142 142 141 141 141 141 141 141 141 141 141 141 141 141 141 141 141 141 142 142 142 142 142 142 142 142 141 141 141 141 141 141 141 141 140 140 140 140 140 140 140 140 140 140 140 140 140 140 140 140 140 140 140 140 140 140 140 140 141 141 141 141 141 141 141 141 141 141 141 141 141 141 141 141 140 140 140 140 140 140 140 140 140 140 140 140 140 140 140 140 140 140 140 140 140 140 140 140 140 140 140 140 140 140 140 140 140 140 140 140 140 140 140 140 140 140 140 140 140 140 140 140 140 140 140 140 140 140 140 140 141 141 141 141 141 141 141 141 141 141 141 141 141 141 141 141 141 141 141 141 141 141 141 141 142 142 142 142 142 142 142 142 142 142 142 142 142 142 142 142 141 141 141 142 142 143 143 143 143 143 143 143 143 143 143 143 141 141 141 141 141 141 141 141 141 141 141 141 141 141 141 141 141 141 141 141 141 141 141 141 142 142 142 142 142 142 142 142 142 142 142 142 142 142 142 142 143 143 143 143 143 143 143 143 144 144 144 144 144 144 143 143 139 139 139 139 139 138 139 138 136 136 136 136 136 136 136 136 136 136 136 136 136 136 136 136 138 138 138 139 139 140 140 140 139 139 139 139 139 139 139 139 142 142 143 144 145 145 146 147 147 147 147 148 149 149 150 149 0 0 0 0 0 0 0 0
0 0 0 0 0 0 0 0 127 128 129 130 132 133 135 135 137 137 137 138 139 140 142 143 140 140 140 141 141 142 142 142 144 144 143 141 138 137 139 141 142 138 138 138 146 149 146 143 145 125 86 52 36 17 3 8 23 41 58 63 61 54 44 33 46 51 62 76 93 102 106 106 106 105 103 102 102 103 105 106 106 107 108 110 112 114 115 116 106 105 103 104 107 114 121 126 128 118 102 83 69 72 92 118 156 192 225 237 238 244 249 248 250 250 249 250 253 255 253 250 246 246 255 255 246 232 210 179 167 154 165 190 183 158 131 108 125 154 192 221 239 254 255 255 255 250 243 243 248 252 252 251 252 242 228 216 199 175 146 126 95 96 103 115 131 153 177 196 203 186 163 143 131 133 154 178 215 226 241 249 250 249 245 244 248 255 251 246 241 221 198 190 183 192 205 217 232 246 252 252 246 244 245 250 252 253 253 252 247 248 251 253 255 253 247 243 248 238 220 202 185 176 169 166 159 158 151 137 118 99 85 75 89 91 102 110 120 129 138 144 148 148 150 148 144 143 144 145 145 150 150 145 142 141 138 130 133 134 136 138 139 136 134 135 140 141 141 141 141 141 141 141 141 141 141 141 141 141 141 141 140 140 140 140 140 140 140 140 140 140 140 140 140 140 140 140 140 140 140 140 140 140 140 140 140 140 140 140 140 140 140 140 140 140 140 140 140 140 140 140 140 140 140 140 140 140 140 140 141 141 141 141 141 141 141 141 141 141 141 141 141 141 141 141 140 140 140 140 140 140 140 140 140 140 140 140 140 140 140 140 140 140 140 140 140 140 140 140 140 140 140 140 140 140 140 140 140 140 140 140 140 140 140 140 140 140 140 140 140 140 140 140 140 140 140 140 140 140 140 140 141 141 141 141 141 141 141 141 141 141 141 141 141 141 141 141 141 141 141 141 141 141 141 141 142 142 142 141 141 140 140 140 140 140 140 141 141 142 142 142 142 142 142 142 142 142 142 142 143 143 143 143 143 143 143 143 141 141 141 141 141 141 141 141 141 141 141 141 141 141 141 141 141 141 141 141 141 141 141 141 141 141 141 141 141 141 141 141 141 141 141 141 141 141 141 141 142 142 142 142 142 142 142 142 142 142 142 142 142 142 142 142 140 140 140 140 140 138 140 138 138 138 138 138 138 138 138 138 138 138 138 138 138 138 138 138 138 138 138 138 138 138 138 138 139 139 139 139 139 139 139 139 136 137 138 139 143 144 145 145 149 149 149 148 149 148 148 147 0 0 0 0 0 0 0 0
0 0 0 0 0 0 0 0 127 127 128 130 132 133 134 135 137 137 137 137 139 140 142 143 140 140 140 141 141 141 142 142 143 143 143 140 138 138 140 142 145 140 138 140 145 146 144 140 132 106 63 30 18 9 8 20 41 61 79 83 75 66 53 44 53 58 69 83 97 106 107 106 106 105 103 102 102 103 105 106 106 106 108 109 111 113 114 115 112 111 110 108 110 113 121 126 127 120 105 88 74 74 96 121 160 196 227 239 241 244 248 246 251 249 249 251 254 255 255 253 246 246 255 255 245 232 209 180 161 150 164 180 170 154 144 137 170 193 224 244 255 255 255 255 247 244 242 243 244 244 242 240 220 208 188 172 158 144 131 121 119 131 148 164 179 192 203 210 194 173 151 137 137 151 175 199 225 235 245 251 251 247 244 243 247 254 248 237 228 206 185 181 188 201 217 230 241 251 255 254 248 248 248 249 251 251 251 250 251 252 253 255 254 249 242 238 231 221 203 186 177 174 176 177 192 188 178 156 128 98 76 60 55 56 63 72 82 92 103 109 121 124 129 130 131 136 142 147 150 156 156 152 150 151 147 139 134 133 132 134 135 135 134 134 140 141 141 141 141 141 141 141 141 141 141 141 141 141 141 141 140 140 140 140 140 140 140 140 140 140 140 140 140 140 140 140 140 140 140 140 140 140 140 140 140 140 140 140 140 140 140 140 140 140 140 140 140 140 140 140 140 140 140 140 140 140 140 140 141 141 141 141 141 141 141 141 141 141 141 141 141 141 141 141 140 140 140 140 140 140 140 140 140 140 140 140 140 140 140 140 140 140 140 140 140 140 140 140 140 140 140 140 140 140 140 140 140 140 140 140 140 140 140 140 140 140 140 140 140 140 140 140 140 140 140 140 140 140 140 140 141 141 141 141 141 141 141 141 141 141 141 141 141 141 141 141 141 141 141 141 141 141 141 141 142 142 142 141 141 140 140 140 140 140 140 141 141 142 142 142 142 142 142 142 142 142 142 142 143 143 143 143 143 143 143 143 141 141 141 141 141 141 141 141 141 141 141 141 141 141 141 141 141 141 141 141 141 141 141 141 141 141 141 141 141 141 141 141 141 141 141 141 141 141 141 141 142 142 142 142 142 142 142 142 142 142 142 142 142 142 142 142 140 140 140 140 140 140 140 140 138 138 138 138 138 138 138 138 138 138 138 138 138 138 138 138 138 138 138 138 138 138 138 138 139 139 139 139 139 139 139 139 137 138 139 140 143 144 145 146 149 149 149 149 148 148 148 148 0 0 0 0 0 0 0 0
0 0 0 0 0 0 0 0 126 127 128 129 131 133 134 134 136 136 136 137 138 140 142 143 140 140 140 140 141 141 141 142 141 142 142 140 138 138 141 143 145 141 135 137 140 143 139 134 127 101 59 30 26 30 40 59 79 98 115 114 99 83 67 60 64 70 80 93 104 110 109 108 105 104 103 102 102 103 104 105 105 106 107 108 109 111 112 112 111 112 111 109 108 108 115 120 122 117 106 91 78 80 103 130 174 207 237 248 248 250 251 251 252 251 250 251 253 254 253 252 250 247 255 255 244 231 208 179 168 164 176 188 180 174 187 198 209 224 245 252 253 250 242 235 232 232 229 220 205 190 181 179 171 160 140 126 122 125 131 137 146 168 191 204 210 213 205 194 176 156 139 137 153 179 207 225 235 243 251 254 251 249 247 247 249 255 245 228 212 189 172 172 194 212 233 245 251 255 255 253 251 251 251 250 250 249 249 249 253 253 254 254 251 244 235 230 220 212 197 184 182 187 199 204 215 210 199 179 150 119 95 80 68 66 68 70 74 79 86 90 92 93 96 98 98 104 113 121 131 138 145 149 151 154 151 146 139 134 130 130 134 135 136 137 140 141 141 141 141 141 141 141 141 141 141 141 141 141 141 141 140 140 140 140 140 140 140 140 140 140 140 140 140 140 140 140 140 140 140 140 140 140 140 140 140 140 140 140 140 140 140 140 140 140 140 140 140 140 140 140 140 140 140 140 140 140 140 140 141 141 141 141 141 141 141 141 141 141 141 141 141 141 141 141 140 140 140 140 140 140 140 140 140 140 140 140 140 140 140 140 140 140 140 140 140 140 140 140 140 140 140 140 140 140 140 140 140 140 140 140 140 140 140 140 140 140 140 140 140 140 140 140 140 140 140 140 140 140 140 140 141 141 141 141 141 141 141 141 141 141 141 141 141 141 141 141 141 141 141 141 141 141 141 141 142 142 142 141 141 140 140 140 140 140 140 141 141 142 142 142 142 142 142 142 142 142 142 142 143 143 143 143 143 143 143 143 141 141 141 141 141 141 141 141 141 141 141 141 141 141 141 141 141 141 141 141 141 141 141 141 141 141 141 141 141 141 141 141 141 141 141 141 141 141 141 141 142 142 142 142 142 142 142 142 142 142 142 142 142 142 142 142 140 140 140 140 140 140 140 140 138 138 138 138 138 138 138 138 138 138 138 138 138 138 138 138 138 138 138 138 138 138 138 138 139 139 139 139 139 139 139 139 138 139 139 140 144 145 146 146 148 148 148 148 148 147 147 147 0 0 0 0 0 0 0 0
0 0 0 0 0 0 0 0 125 126 127 129 130 132 133 134 136 136 136 137 138 140 141 142 139 139 140 140 140 141 141 141 140 141 141 139 138 138 141 144 145 141 135 136 139 138 134 129 112 90 53 31 38 50 66 90 122 137 148 140 115 91 74 68 74 80 90 101 109 112 110 109 105 104 103 102 102 103 104 105 105 105 106 107 108 109 110 110 109 111 112 109 107 105 109 114 116 111 102 90 83 91 118 147 185 214 242 252 254 252 255 255 255 254 254 252 253 252 251 249 255 253 255 255 244 232 211 183 167 164 178 190 185 187 208 223 230 236 244 243 235 222 212 205 192 194 194 183 163 146 138 139 127 125 119 118 125 140 160 172 185 202 216 217 211 199 180 158 152 147 145 158 185 211 233 246 244 248 253 255 252 250 251 251 253 255 245 223 202 179 166 171 198 219 242 253 254 253 252 250 253 253 253 252 250 249 249 249 252 252 252 252 249 242 233 227 222 217 209 203 205 212 222 228 225 223 214 199 178 157 142 130 108 102 98 92 87 81 78 77 77 75 71 66 64 68 79 85 98 106 120 133 145 151 154 151 147 139 133 131 133 136 137 136 139 140 140 140 140 140 140 140 141 141 141 141 141 141 141 141 140 140 140 140 140 140 140 140 139 139 139 139 139 139 139 139 139 139 139 139 139 139 139 139 140 140 140 140 140 140 140 140 140 140 140 140 140 140 140 140 140 140 140 140 140 140 140 140 141 141 141 141 141 141 141 141 141 141 141 141 141 141 141 141 140 140 140 140 140 140 140 140 140 140 140 140 140 140 140 140 140 140 140 140 140 140 140 140 140 140 140 140 140 140 140 140 140 140 140 140 140 140 140 140 140 140 140 140 140 140 140 140 140 140 140 140 140 140 140 140 141 141 141 141 141 141 141 141 141 141 141 141 141 141 141 141 141 141 141 141 141 141 141 141 142 142 142 141 141 140 140 140 140 140 140 141 141 142 142 142 142 142 142 142 142 142 142 142 142 142 142 142 142 142 142 142 141 141 141 141 141 141 141 141 141 141 141 141 141 141 141 141 141 141 141 141 141 141 141 141 141 141 141 141 141 141 141 141 141 141 141 141 141 141 141 141 142 142 142 142 142 142 142 142 142 142 142 142 142 142 142 142 140 140 140 140 140 140 140 140 138 138 138 138 138 138 138 138 138 138 138 138 138 138 138 138 138 138 138 138 138 138 138 138 138 138 138 138 138 138 138 138 139 139 140 141 144 145 145 146 147 147 147 147 146 146 146 146 0 0 0 0 0 0 0 0
0 0 0 0 0 0 0 0 124 125 126 128 129 131 132 133 135 135 136 136 138 139 141 142 139 139 139 140 140 140 141 141 140 140 140 139 137 138 141 143 143 139 135 136 139 137 133 127 111 91 55 38 51 71 94 122 153 160 161 145 114 85 68 65 81 87 96 104 109 110 108 107 105 104 104 104 104 104 104 105 105 105 106 106 107 107 108 108 110 112 114 113 113 110 112 115 110 104 96 88 85 99 128 157 186 207 231 240 243 243 249 252 254 255 255 255 254 251 250 249 255 252 255 255 246 239 225 200 184 180 192 201 195 191 200 203 201 201 197 190 176 160 149 145 141 144 143 132 116 103 100 102 115 123 136 149 164 179 196 205 218 223 220 206 191 176 155 138 143 155 174 196 218 238 249 252 245 251 254 254 251 250 254 255 253 255 244 219 197 175 165 172 198 219 241 249 247 245 245 244 249 252 254 254 252 250 250 251 252 252 252 252 250 245 238 234 229 229 228 227 229 232 235 237 239 236 228 218 208 197 190 183 177 170 165 159 150 139 129 120 94 88 77 66 60 59 63 67 70 77 94 114 133 146 153 156 153 147 139 135 135 136 137 136 139 140 140 140 140 140 140 140 141 141 141 141 141 141 141 141 140 140 140 140 140 140 140 140 139 139 139 139 139 139 139 139 139 139 139 139 139 139 139 139 140 140 140 140 140 140 140 140 140 140 140 140 140 140 140 140 140 140 140 140 140 140 140 140 141 141 141 141 141 141 141 141 141 141 141 141 141 141 141 141 140 140 140 140 140 140 140 140 140 140 140 140 140 140 140 140 140 140 140 140 140 140 140 140 140 140 140 140 140 140 140 140 140 140 140 140 140 140 140 140 140 140 140 140 140 140 140 140 140 140 140 140 140 140 140 140 141 141 141 141 141 141 141 141 141 141 141 141 141 141 141 141 141 141 141 141 141 141 141 141 142 142 142 141 141 140 140 140 140 140 140 141 141 142 142 142 142 142 142 142 142 142 142 142 142 142 142 142 142 142 142 142 141 141 141 141 141 141 141 141 141 141 141 141 141 141 141 141 141 141 141 141 141 141 141 141 141 141 141 141 141 141 141 141 141 141 141 141 141 141 141 141 142 142 142 142 142 142 142 142 142 142 142 142 142 142 142 142 140 140 140 140 140 140 140 140 138 138 138 138 138 138 138 138 138 138 138 138 138 138 138 138 138 138 138 138 138 138 138 138 138 138 138 138 138 138 138 138 139 139 140 141 143 144 144 145 145 145 146 146 145 145 144 144 0 0 0 0 0 0 0 0
0 0 0 0 0 0 0 0 124 124 125 127 129 130 131 132 135 135 135 136 137 139 140 141 138 139 139 139 140 140 140 140 140 141 140 139 137 137 139 142 142 138 136 137 141 139 135 129 123 103 68 53 68 92 119 149 163 161 152 131 99 71 57 58 86 91 98 104 106 107 105 106 106 106 106 106 106 106 106 106 106 106 106 106 106 107 107 107 107 108 110 111 111 111 109 107 96 88 79 76 77 91 116 140 168 184 203 212 216 220 230 240 241 245 252 253 255 253 253 252 248 244 249 253 249 250 243 223 213 207 215 221 206 193 183 172 177 169 159 149 135 123 118 118 128 128 129 127 124 126 129 136 148 162 183 200 213 218 221 220 216 207 193 178 165 156 148 143 158 182 210 231 245 252 252 251 246 250 253 255 252 252 255 255 253 255 241 217 197 176 166 172 193 210 226 231 229 230 233 234 241 246 252 254 253 251 251 252 254 253 253 254 254 252 248 245 240 242 246 249 249 248 245 242 242 238 236 233 232 231 232 228 210 206 206 204 200 190 181 172 155 143 125 109 95 83 74 67 62 63 74 91 110 125 138 148 153 149 146 141 138 137 137 138 139 139 139 139 139 139 139 139 141 141 141 141 141 141 141 141 140 140 140 140 140 140 140 140 138 138 138 138 138 138 138 138 138 138 138 138 138 138 138 138 140 140 140 140 140 140 140 140 140 140 140 140 140 140 140 140 140 140 140 140 140 140 140 140 141 141 141 141 141 141 141 141 141 141 141 141 141 141 141 141 140 140 140 140 140 140 140 140 140 140 140 140 140 140 140 140 140 140 140 140 140 140 140 140 140 140 140 140 140 140 140 140 140 140 140 140 140 140 140 140 140 140 140 140 140 140 140 140 140 140 140 140 140 140 140 140 141 141 141 141 141 141 141 141 141 141 141 141 141 141 141 141 141 141 141 141 141 141 141 141 142 142 142 141 141 140 140 140 140 140 140 141 141 142 142 142 142 142 142 142 142 142 142 142 141 141 141 141 141 141 141 141 141 141 141 141 141 141 141 141 141 141 141 141 141 141 141 141 141 141 141 141 141 141 141 141 141 141 141 141 141 141 141 141 141 141 141 141 141 141 141 141 142 142 142 142 142 142 142 142 142 142 142 142 142 142 142 142 140 140 140 140 140 140 140 140 138 138 138 138 138 138 138 138 138 138 138 138 138 138 138 138 138 138 138 138 138 138 138 138 137 137 137 137 137 137 137 137 139 139 139 140 142 143 143 143 144 144 145 144 144 144 143 143 0 0 0 0 0 0 0 0
0 0 0 0 0 0 0 0 123 124 125 126 128 130 131 131 135 135 135 136 137 139 140 141 138 138 139 139 139 140 140 140 141 142 141 139 136 136 138 140 141 138 135 138 142 142 138 133 123 109 84 75 91 109 127 149 162 152 135 112 84 62 54 58 90 94 100 103 103 104 104 106 107 107 107 108 108 107 107 107 107 107 107 107 107 107 106 106 105 103 104 107 110 107 103 97 85 76 67 65 68 79 93 108 127 138 153 161 169 176 192 205 213 222 234 242 248 250 254 255 245 241 244 248 247 253 252 238 224 219 224 227 210 191 173 153 141 129 118 112 105 100 103 110 106 108 114 127 145 163 175 183 200 211 228 240 243 236 226 216 196 180 168 165 164 160 165 176 195 213 236 248 255 255 251 244 248 253 255 255 253 252 255 255 255 255 242 219 200 179 167 172 180 192 201 203 203 208 215 218 229 237 247 253 252 250 251 252 255 253 252 252 254 254 253 252 251 253 255 255 255 255 250 249 241 241 242 243 247 251 254 251 244 240 242 245 247 244 239 232 215 203 186 172 157 137 115 97 83 72 69 75 86 101 121 136 146 147 148 145 141 137 138 141 139 139 139 139 139 139 139 139 141 141 141 141 141 141 141 141 140 140 140 140 140 140 140 140 138 138 138 138 138 138 138 138 138 138 138 138 138 138 138 138 140 140 140 140 140 140 140 140 140 140 140 140 140 140 140 140 140 140 140 140 140 140 140 140 141 141 141 141 141 141 141 141 141 141 141 141 141 141 141 141 140 140 140 140 140 140 140 140 140 140 140 140 140 140 140 140 140 140 140 140 140 140 140 140 140 140 140 140 140 140 140 140 140 140 140 140 140 140 140 140 140 140 140 140 140 140 140 140 140 140 140 140 140 140 140 140 141 141 141 141 141 141 141 141 141 141 141 141 141 141 141 141 141 141 141 141 141 141 141 141 142 142 142 141 141 140 140 140 140 140 140 141 141 142 142 142 142 142 142 142 142 142 142 142 141 141 141 141 141 141 141 141 141 141 141 141 141 141 141 141 141 141 141 141 141 141 141 141 141 141 141 141 141 141 141 141 141 141 141 141 141 141 141 141 141 141 141 141 141 141 141 141 142 142 142 142 142 142 142 142 142 142 142 142 142 142 142 142 140 140 140 140 140 140 140 140 138 138 138 138 138 138 138 138 138 138 138 138 138 138 138 138 138 138 138 138 138 138 138 138 137 137 137 137 137 137 137 137 138 138 138 138 141 141 141 142 143 143 144 144 143 143 142 142 0 0 0 0 0 0 0 0
0 0 0 0 0 0 0 0 123 123 125 126 128 129 130 131 135 135 135 136 137 138 140 141 138 138 138 139 139 140 140 140 142 142 141 139 136 135 137 139 140 137 136 139 144 144 138 134 134 129 116 115 130 137 144 158 159 144 123 101 77 60 56 64 92 96 100 102 101 102 103 106 107 108 109 109 109 109 108 107 108 108 108 107 107 107 106 106 110 107 106 109 114 111 103 94 84 76 67 67 69 74 81 89 85 92 104 113 121 132 151 167 189 200 217 231 239 244 250 254 247 242 243 246 245 253 254 241 238 236 244 247 231 212 194 175 170 160 151 148 149 153 164 175 186 182 180 189 202 215 219 218 231 237 247 251 248 235 217 204 192 174 165 177 184 185 197 215 224 238 249 254 255 255 250 241 252 255 255 255 253 252 254 255 255 255 245 223 205 184 170 172 168 176 181 180 182 190 200 204 221 231 243 251 251 250 250 252 253 251 249 249 251 252 253 252 254 253 253 252 252 252 249 249 251 250 252 251 253 253 252 247 243 238 238 242 246 248 245 241 236 229 220 215 207 190 163 141 113 95 78 72 78 91 113 131 140 146 151 149 142 139 139 142 139 139 139 139 139 139 139 139 141 141 141 141 141 141 141 141 140 140 140 140 140 140 140 140 138 138 138 138 138 138 138 138 138 138 138 138 138 138 138 138 140 140 140 140 140 140 140 140 140 140 140 140 140 140 140 140 140 140 140 140 140 140 140 140 141 141 141 141 141 141 141 141 141 141 141 141 141 141 141 141 140 140 140 140 140 140 140 140 140 140 140 140 140 140 140 140 140 140 140 140 140 140 140 140 140 140 140 140 140 140 140 140 140 140 140 140 140 140 140 140 140 140 140 140 140 140 140 140 140 140 140 140 140 140 140 140 141 141 141 141 141 141 141 141 141 141 141 141 141 141 141 141 141 141 141 141 141 141 141 141 142 142 142 141 141 140 140 140 140 140 140 141 141 142 142 142 142 142 142 142 142 142 142 142 141 141 141 141 141 141 141 141 141 141 141 141 141 141 141 141 141 141 141 141 141 141 141 141 141 141 141 141 141 141 141 141 141 141 141 141 141 141 141 141 141 141 141 141 141 141 141 141 142 142 142 142 142 142 142 142 142 142 142 142 142 142 142 142 140 140 140 140 140 140 140 140 138 138 138 138 138 138 138 138 138 138 138 138 138 138 138 138 138 138 138 138 138 138 138 138 137 137 137 137 137 137 137 137 137 137 137 138 140 140 140 140 143 143 143 143 143 142 142 142 0 0 0 0 0 0 0 0
0 0 0 0 0 0 0 0 123 123 123 124 126 128 130 131 135 135 135 135 136 137 138 139 138 138 139 139 139 140 140 140 141 140 139 139 138 137 136 136 136 137 138 139 139 139 140 141 138 136 144 145 143 152 163 159 158 132 111 78 75 62 75 79 100 101 101 102 103 104 103 103 108 108 108 109 109 110 111 111 109 109 109 108 108 108 107 107 107 108 110 110 109 106 104 104 86 81 73 71 70 71 70 69 58 63 69 73 79 92 110 122 141 163 182 201 226 239 245 253 245 250 240 234 242 247 248 254 244 246 248 246 240 230 221 214 204 199 192 189 194 204 218 226 235 236 237 238 241 244 246 247 255 252 248 245 239 228 215 205 193 187 181 188 203 220 233 237 252 254 255 254 253 250 248 249 255 255 254 253 253 253 252 250 255 251 245 233 217 197 180 170 167 166 164 166 173 183 193 200 216 226 240 248 249 249 250 252 254 253 252 251 249 248 247 246 243 244 246 248 249 249 248 247 255 255 255 255 253 251 249 245 239 237 238 239 241 242 244 245 250 246 242 242 242 232 213 194 160 127 107 81 69 80 96 128 136 149 149 143 146 144 136 135 138 138 138 138 138 138 138 138 137 138 139 141 141 142 142 141 140 140 140 140 140 140 140 140 138 138 138 138 138 138 138 138 138 138 138 138 138 138 138 138 141 141 141 141 141 141 141 141 139 139 139 139 139 139 139 139 141 141 141 141 141 141 141 141 141 141 141 141 141 141 141 141 142 142 142 142 142 142 142 142 139 139 139 139 139 139 139 139 141 141 140 139 139 140 141 141 139 139 139 139 139 139 139 139 140 140 140 140 140 140 140 140 140 140 140 140 140 140 140 140 140 139 139 138 138 139 139 140 139 139 139 139 139 139 139 139 141 141 141 141 141 141 141 141 141 141 141 141 141 141 141 141 142 142 142 142 142 142 142 142 141 141 141 141 141 141 141 141 142 142 142 142 142 142 142 142 142 142 142 142 142 142 142 142 141 141 141 141 141 141 141 141 141 141 141 141 141 141 141 141 141 141 141 141 141 141 141 141 141 141 141 141 141 141 141 141 142 142 142 141 141 140 140 140 140 140 140 141 141 142 142 142 142 142 142 142 142 142 142 142 142 142 142 142 142 142 142 142 140 140 140 140 140 140 140 140 138 138 138 138 138 138 138 138 138 138 138 138 138 138 138 138 139 139 138 137 137 136 135 135 137 137 137 137 137 137 137 137 138 138 138 138 140 140 140 140 141 141 142 141 141 141 140 140 0 0 0 0 0 0 0 0
0 0 0 0 0 0 0 0 123 123 123 124 126 128 130 131 135 134 134 135 135 137 138 139 138 138 138 139 139 139 140 140 140 140 139 138 137 137 136 136 136 136 137 138 138 138 139 139 138 138 144 145 140 151 163 160 152 123 99 65 64 57 75 83 103 103 104 105 105 106 105 105 108 108 108 108 109 109 109 109 109 109 109 108 108 108 107 107 104 105 108 108 108 106 105 103 105 101 96 94 94 95 96 95 92 93 89 84 81 79 80 84 99 119 138 160 188 208 220 235 243 252 245 237 243 246 246 251 248 249 249 248 245 242 239 235 237 232 227 224 227 230 236 241 237 238 239 240 242 245 247 247 249 247 243 243 242 238 230 225 227 221 216 220 230 240 244 246 253 255 255 255 254 252 252 252 255 255 254 254 254 253 252 251 251 249 246 240 231 219 207 201 193 191 189 189 193 201 210 215 224 233 243 249 249 248 249 251 254 254 253 252 251 251 250 250 245 246 247 249 250 250 249 249 249 249 251 251 252 252 252 248 244 241 239 238 237 236 237 236 241 239 239 242 243 237 225 212 199 161 134 95 71 71 86 115 136 148 147 140 143 141 136 133 136 136 136 136 136 136 136 136 136 137 139 140 141 141 141 141 140 140 140 140 140 140 140 140 138 138 138 138 138 138 138 138 138 138 138 138 138 138 138 138 141 141 141 141 141 141 141 141 139 139 139 139 139 139 139 139 141 141 141 141 141 141 141 141 141 141 141 141 141 141 141 141 142 142 142 142 142 142 142 142 139 139 139 139 139 139 139 139 140 140 139 139 139 139 140 140 139 139 139 139 139 139 139 139 140 140 140 140 140 140 140 140 140 140 140 140 140 140 140 140 140 139 139 138 138 139 139 140 139 139 139 139 139 139 139 139 141 141 141 141 141 141 141 141 141 141 141 141 141 141 141 141 142 142 142 142 142 142 142 142 141 141 141 141 141 141 141 141 142 142 142 142 142 142 142 142 142 142 142 142 142 142 142 142 141 141 141 141 141 141 141 141 141 141 141 141 141 141 141 141 141 141 141 141 141 141 141 141 141 141 141 141 141 141 141 141 142 142 142 141 141 140 140 140 140 140 140 141 141 142 142 142 142 142 142 142 142 142 142 142 142 142 142 142 142 142 142 142 140 140 140 140 140 140 140 140 138 138 138 138 138 138 138 138 138 138 138 138 138 138 138 138 139 139 138 137 137 136 135 135 137 137 137 137 137 137 137 137 138 138 138 138 140 140 140 140 140 140 141 141 140 140 139 139 0 0 0 0 0 0 0 0
0 0 0 0 0 0 0 0 123 123 123 124 126 128 130 131 134 134 134 134 135 136 138 138 137 137 138 138 138 139 139 139 139 139 139 138 137 137 136 136 135 133 134 135 136 135 137 138 141 140 145 145 140 150 162 159 148 116 87 52 55 54 79 91 106 106 106 107 108 109 107 107 108 108 108 108 107 107 107 107 108 108 108 107 107 107 106 106 101 102 104 106 107 107 106 105 111 109 109 109 110 111 111 110 112 110 105 100 93 84 75 70 70 87 99 117 146 169 190 213 235 249 250 244 246 244 243 248 252 251 248 247 248 249 252 253 255 253 251 249 248 247 247 245 238 238 241 241 243 244 246 247 248 244 240 242 244 246 244 243 247 243 239 243 248 252 250 246 252 255 255 255 255 254 255 255 255 255 254 254 253 252 252 251 248 248 248 247 244 239 235 232 224 221 218 217 219 224 229 233 236 242 248 251 250 249 250 251 255 255 254 254 253 253 253 252 246 247 250 252 252 253 253 252 250 250 252 254 255 255 255 255 249 247 244 242 240 239 239 236 238 238 239 240 243 240 236 229 232 193 161 110 73 66 75 106 132 144 143 135 138 138 134 133 134 134 134 134 134 134 134 134 135 136 137 139 139 140 140 139 140 140 140 140 140 140 140 140 139 139 139 139 139 139 139 139 139 139 139 139 139 139 139 139 140 140 140 140 140 140 140 140 139 139 139 139 139 139 139 139 141 141 141 141 141 141 141 141 141 141 141 141 141 141 141 141 142 142 142 142 142 142 142 142 139 139 139 139 139 139 139 139 139 138 138 137 137 138 138 139 139 139 139 139 139 139 139 139 140 140 140 140 140 140 140 140 140 140 140 140 140 140 140 140 139 139 138 138 138 138 139 139 139 139 139 139 139 139 139 139 141 141 141 141 141 141 141 141 141 141 141 141 141 141 141 141 142 142 142 142 142 142 142 142 141 141 141 141 141 141 141 141 142 142 142 142 142 142 142 142 142 142 142 142 142 142 142 142 142 142 142 142 142 142 142 142 141 141 141 141 141 141 141 141 141 141 141 141 141 141 141 141 141 141 141 141 141 141 141 141 142 142 142 141 141 140 140 140 140 140 140 141 141 142 142 142 142 142 142 142 142 142 142 142 142 142 142 142 142 142 142 142 140 140 140 140 140 140 140 140 138 138 138 138 138 138 138 138 138 138 138 138 138 138 138 138 139 139 138 137 137 136 135 135 137 137 137 137 137 137 137 137 138 138 138 138 140 140 140 140 139 139 140 139 139 139 138 138 0 0 0 0 0 0 0 0
0 0 0 0 0 0 0 0 123 123 123 124 126 128 130 131 134 134 134 134 135 136 137 138 136 137 137 137 138 138 138 138 139 138 138 137 137 136 136 135 134 133 134 134 135 135 136 137 144 142 146 146 140 149 159 157 147 113 82 48 53 57 85 99 107 107 108 108 109 109 108 108 108 108 108 107 107 106 105 105 106 106 106 106 105 105 105 104 101 102 104 106 108 108 108 108 107 107 107 108 111 111 111 111 113 113 113 113 114 108 95 85 76 82 82 88 108 128 153 180 213 234 244 244 246 245 244 250 254 252 248 246 246 249 253 254 250 251 251 250 250 247 245 243 241 242 242 243 243 245 246 248 252 249 245 244 247 248 248 247 247 244 244 246 250 251 249 246 253 255 255 255 255 254 255 255 255 255 255 254 254 252 253 251 249 248 248 248 248 247 246 246 242 240 238 236 237 239 242 244 246 250 253 254 253 252 253 255 255 255 255 254 253 252 252 251 249 250 252 253 254 255 255 255 255 255 255 255 255 254 253 251 248 245 245 245 245 244 244 243 244 243 243 242 239 239 239 235 236 203 171 120 78 68 75 106 126 139 141 132 135 136 132 134 133 133 133 133 133 133 133 133 134 135 136 137 138 139 138 138 139 139 139 139 139 139 139 139 139 139 139 139 139 139 139 139 139 139 139 139 139 139 139 139 139 139 139 139 139 139 139 139 138 138 138 138 138 138 138 138 140 140 140 140 140 140 140 140 141 141 141 141 141 141 141 141 141 141 141 141 141 141 141 141 139 139 139 139 139 139 139 139 138 137 137 136 136 137 137 138 138 138 138 138 138 138 138 138 139 139 139 139 139 139 139 139 139 139 139 139 139 139 139 139 139 139 138 137 137 138 139 139 139 139 139 139 139 139 139 139 140 140 140 140 140 140 140 140 141 141 141 141 141 141 141 141 141 141 141 141 141 141 141 141 141 141 141 141 141 141 141 141 141 141 141 141 141 141 141 141 141 141 141 141 141 141 141 141 142 142 142 142 142 142 142 142 141 141 141 141 141 141 141 141 141 141 141 141 141 141 141 141 141 141 141 141 141 141 141 141 142 142 142 141 141 140 140 140 140 140 140 141 141 142 142 142 142 142 142 142 142 142 142 142 142 142 142 142 142 142 142 142 140 140 140 140 140 140 140 140 138 138 138 138 138 138 138 138 138 138 138 138 138 138 138 138 139 139 138 137 137 136 135 135 137 137 137 137 137 137 137 137 138 138 138 138 140 140 140 140 138 138 139 138 138 137 137 137 0 0 0 0 0 0 0 0
0 0 0 0 0 0 0 0 123 123 123 124 126 128 130 131 134 133 133 134 134 136 137 138 136 136 136 136 137 137 137 138 138 137 137 137 137 136 136 135 134 133 134 134 135 135 136 137 144 142 148 147 140 148 156 153 143 109 79 47 55 61 89 103 107 107 107 108 108 108 106 107 108 108 108 107 107 106 105 105 105 105 105 104 104 103 103 103 103 104 105 107 108 109 110 111 107 108 110 110 111 110 109 111 117 118 120 125 131 127 115 105 93 90 77 70 77 86 109 139 182 210 229 238 247 248 246 252 251 249 248 246 246 248 250 250 248 249 249 247 247 245 244 243 244 244 245 247 246 247 249 250 254 253 251 250 251 250 249 247 249 246 247 248 251 253 252 251 255 255 255 255 252 251 252 253 254 254 254 253 253 251 253 250 248 248 248 247 248 248 249 249 248 248 247 246 246 247 249 250 252 253 255 255 255 255 255 255 255 255 255 253 252 250 249 248 249 249 250 250 251 252 253 254 254 253 253 252 250 248 246 243 243 241 242 243 246 244 244 243 245 245 245 240 237 235 236 234 233 204 176 128 85 71 75 105 121 136 140 132 133 136 133 136 133 133 133 133 133 133 133 133 134 135 136 137 138 138 138 138 139 139 139 139 139 139 139 139 139 139 139 139 139 139 139 139 139 139 139 139 139 139 139 139 139 139 139 139 139 139 139 139 138 138 138 138 138 138 138 138 140 140 140 140 140 140 140 140 141 141 141 141 141 141 141 141 141 141 141 141 141 141 141 141 139 139 139 139 139 139 139 139 137 137 136 136 136 136 137 137 138 138 138 138 138 138 138 138 139 139 139 139 139 139 139 139 139 139 139 139 139 139 139 139 139 138 137 137 137 137 138 139 139 139 139 139 139 139 139 139 140 140 140 140 140 140 140 140 141 141 141 141 141 141 141 141 141 141 141 141 141 141 141 141 141 141 141 141 141 141 141 141 141 141 141 141 141 141 141 141 141 141 141 141 141 141 141 141 142 142 142 142 142 142 142 142 141 141 141 141 141 141 141 141 141 141 141 141 141 141 141 141 141 141 141 141 141 141 141 141 142 142 142 141 141 140 140 140 140 140 140 141 141 142 142 142 142 142 142 142 142 142 142 142 142 142 142 142 142 142 142 142 140 140 140 140 140 140 140 140 138 138 138 138 138 138 138 138 138 138 138 138 138 138 138 138 139 139 138 137 137 136 135 135 137 137 137 137 137 137 137 137 138 138 138 138 140 140 140 140 138 138 138 138 137 137 137 137 0 0 0 0 0 0 0 0
0 0 0 0 0 0 0 0 123 123 123 124 126 128 130 131 133 133 133 133 134 135 137 137 135 135 135 136 136 136 137 137 137 137 137 136 136 136 136 135 135 133 134 135 136 135 137 137 143 142 149 148 140 145 152 147 135 101 72 43 55 62 91 104 107 107 107 107 107 108 106 106 108 108 108 108 107 107 107 107 106 106 105 105 105 104 104 104 107 107 107 107 108 109 110 110 108 110 112 112 110 109 110 113 117 117 120 126 134 134 130 123 112 105 88 74 70 66 81 108 151 185 213 231 246 248 246 251 245 246 247 248 250 250 251 251 253 250 249 248 245 244 243 242 245 246 248 248 249 251 251 251 250 251 252 253 254 253 251 250 254 252 252 252 253 254 253 253 255 255 255 254 251 250 251 253 254 254 254 252 252 251 251 251 248 248 248 248 249 250 251 252 250 250 251 251 252 252 252 252 253 253 254 254 255 255 255 255 255 255 254 252 250 249 248 247 246 246 246 246 247 248 250 250 252 252 253 253 252 249 250 247 246 245 245 246 248 247 244 244 240 240 240 240 237 235 236 233 237 205 181 132 90 74 77 103 120 137 143 135 135 135 132 136 134 134 134 134 134 134 134 134 134 135 136 137 138 138 138 138 138 138 138 138 138 138 138 138 138 138 138 138 138 138 138 138 138 138 138 138 138 138 138 138 138 138 138 138 138 138 138 138 137 137 137 137 137 137 137 137 139 139 139 139 139 139 139 139 141 141 141 141 141 141 141 141 140 140 140 140 140 140 140 140 139 139 139 139 139 139 139 139 138 137 137 136 136 137 137 138 137 137 137 137 137 137 137 137 138 138 138 138 138 138 138 138 138 138 138 138 138 138 138 138 138 138 137 137 137 137 138 138 139 139 139 139 139 139 139 139 139 139 139 139 139 139 139 139 141 141 141 141 141 141 141 141 140 140 140 140 140 140 140 140 141 141 141 141 141 141 141 141 140 140 140 140 140 140 140 140 140 140 140 140 140 140 140 140 141 141 141 141 141 141 141 141 141 141 141 141 141 141 141 141 141 141 141 141 141 141 141 141 141 141 141 141 141 141 141 141 142 142 142 141 141 140 140 140 140 140 140 141 141 142 142 142 142 142 142 142 142 142 142 142 142 142 142 142 142 142 142 142 140 140 140 140 140 140 140 140 138 138 138 138 138 138 138 138 138 138 138 138 138 138 138 138 139 139 138 137 137 136 135 135 137 137 137 137 137 137 137 137 138 138 138 138 140 140 140 140 138 138 139 138 138 137 137 137 0 0 0 0 0 0 0 0
0 0 0 0 0 0 0 0 123 123 123 124 126 128 130 131 133 133 133 133 134 135 136 137 134 134 135 135 135 136 136 136 136 136 136 136 136 136 136 135 136 134 134 135 136 136 138 138 141 141 149 150 141 143 149 142 127 93 65 38 53 63 94 108 108 108 108 108 108 108 106 106 108 108 108 108 109 109 109 109 109 109 108 108 108 107 107 107 109 108 108 107 106 106 106 106 103 106 108 108 106 106 108 112 112 112 114 118 127 132 135 134 132 127 113 99 87 71 75 96 132 168 201 225 246 248 244 246 244 245 248 248 249 250 251 250 250 248 247 247 244 244 242 242 245 245 247 248 249 251 252 253 250 252 253 254 254 253 254 254 253 253 252 252 253 252 249 248 252 253 253 251 249 250 250 252 252 252 252 252 252 251 251 251 250 250 250 250 250 250 251 251 251 252 253 254 254 253 251 250 252 251 251 251 252 251 250 249 252 252 252 251 251 251 251 251 248 248 247 247 246 247 249 250 251 251 252 253 253 252 252 251 246 245 247 248 249 248 245 244 239 238 240 242 242 240 239 233 234 203 176 128 89 76 79 104 124 142 149 140 138 135 130 132 133 133 133 133 133 133 133 133 135 135 137 138 139 139 139 139 138 138 138 138 138 138 138 138 137 137 137 137 137 137 137 137 137 137 137 137 137 137 137 137 137 137 137 137 137 137 137 137 137 137 137 137 137 137 137 137 139 139 139 139 139 139 139 139 141 141 141 141 141 141 141 141 140 140 140 140 140 140 140 140 139 139 139 139 139 139 139 139 138 138 137 137 137 137 138 138 137 137 137 137 137 137 137 137 138 138 138 138 138 138 138 138 138 138 138 138 138 138 138 138 138 137 137 136 136 137 137 138 139 139 139 139 139 139 139 139 139 139 139 139 139 139 139 139 141 141 141 141 141 141 141 141 140 140 140 140 140 140 140 140 141 141 141 141 141 141 141 141 140 140 140 140 140 140 140 140 140 140 140 140 140 140 140 140 140 140 140 140 140 140 140 140 141 141 141 141 141 141 141 141 141 141 141 141 141 141 141 141 141 141 141 141 141 141 141 141 142 142 142 141 141 140 140 140 140 140 140 141 141 142 142 142 142 142 142 142 142 142 142 142 142 142 142 142 142 142 142 142 140 140 140 140 140 140 140 140 138 138 138 138 138 138 138 138 138 138 138 138 138 138 138 138 139 139 138 137 137 136 135 135 137 137 137 137 137 137 137 137 138 138 138 138 140 140 140 140 139 138 139 139 138 138 138 138 0 0 0 0 0 0 0 0
0 0 0 0 0 0 0 0 123 123 123 124 126 128 130 131 133 133 132 133 134 135 136 137 136 136 136 135 137 135 136 136 136 136 136 136 136 136 136 135 134 135 135 136 137 137 139 138 140 141 150 151 141 143 146 139 124 90 61 35 52 64 98 114 107 107 109 109 109 109 109 109 108 108 108 109 109 110 111 111 112 111 111 111 110 110 109 109 110 107 107 104 105 104 104 104 101 103 106 106 105 105 109 114 116 114 111 112 117 122 127 129 143 142 133 120 104 81 76 93 124 161 196 223 245 248 241 241 246 246 248 248 248 249 250 248 247 247 249 249 250 249 249 248 246 247 247 248 250 252 253 253 253 253 253 252 251 252 254 255 250 251 253 254 255 253 249 246 247 248 248 248 247 248 251 254 252 252 252 252 252 251 252 251 252 252 251 250 249 248 247 247 251 252 253 254 253 251 249 247 252 251 250 249 249 247 245 242 249 250 250 251 252 251 252 253 251 250 249 249 249 251 253 254 248 248 249 249 248 247 247 245 238 237 241 243 244 243 243 242 243 244 245 248 251 248 245 236 228 195 167 122 86 77 82 110 127 146 152 144 140 134 128 130 132 132 132 132 132 132 132 132 135 136 137 138 139 140 140 139 138 138 138 138 138 138 138 138 136 136 136 136 136 136 136 136 136 136 136 136 136 136 136 136 137 137 137 137 137 137 137 137 137 137 137 137 137 137 137 137 139 139 139 139 139 139 139 139 141 141 141 141 141 141 141 141 140 140 140 140 140 140 140 140 139 139 139 139 139 139 139 139 139 138 138 137 137 138 138 139 137 137 137 137 137 137 137 137 138 138 138 138 138 138 138 138 138 138 138 138 138 138 138 138 138 137 137 136 136 137 137 138 139 139 139 139 139 139 139 139 139 139 139 139 139 139 139 139 141 141 141 141 141 141 141 141 140 140 140 140 140 140 140 140 141 141 141 141 141 141 141 141 140 140 140 140 140 140 140 140 140 140 140 140 140 140 140 140 139 139 139 139 139 139 139 139 141 141 141 141 141 141 141 141 141 141 141 141 141 141 141 141 141 141 141 141 141 141 141 141 142 142 142 141 141 140 140 140 140 140 140 141 141 142 142 142 142 142 142 142 142 142 142 142 142 142 143 142 142 142 142 142 140 140 140 138 138 138 138 138 138 138 138 138 138 138 138 138 138 138 138 138 138 138 138 138 139 139 138 137 137 136 135 135 137 137 137 137 137 137 137 137 138 138 140 140 140 140 140 140 139 139 140 139 139 139 138 138 0 0 0 0 0 0 0 0
0 0 0 0 0 0 0 0 123 123 124 125 127 128 129 129 131 131 131 132 132 133 133 133 136 136 137 136 137 137 137 137 137 137 136 136 136 137 136 136 134 134 134 134 134 134 136 136 141 141 149 150 141 141 144 137 120 85 56 29 49 62 98 113 106 107 107 108 108 109 109 110 107 107 107 109 109 110 110 110 111 110 111 111 110 110 107 106 110 106 103 101 104 105 104 103 100 100 102 102 102 103 105 106 106 113 118 120 117 117 122 127 130 139 135 123 108 87 82 96 126 165 201 226 246 247 243 244 242 243 246 249 252 254 253 251 253 252 252 251 251 252 252 251 252 252 252 251 251 251 251 251 252 252 252 252 252 252 252 252 251 252 251 251 249 248 246 245 243 253 250 245 249 249 249 255 255 251 249 251 252 252 254 254 253 253 253 253 253 253 253 253 254 255 255 254 253 251 252 252 255 255 255 253 248 242 243 246 251 251 248 248 249 248 249 250 249 245 241 239 239 238 235 232 229 228 225 222 221 218 220 218 213 211 211 210 212 215 216 217 216 224 233 238 243 243 236 220 205 182 152 119 94 85 95 110 131 140 146 141 136 137 135 131 131 130 131 131 131 132 132 132 132 133 134 135 136 137 136 136 138 138 138 138 138 138 138 138 136 136 136 136 136 136 136 136 136 136 136 136 136 136 136 136 136 136 136 136 136 136 136 136 134 134 135 136 136 137 138 138 137 137 137 138 138 139 139 139 139 139 139 139 139 139 139 139 139 139 139 139 139 139 139 139 138 138 138 138 138 138 138 138 139 139 139 138 138 137 137 137 137 137 137 137 137 137 137 137 137 137 137 137 137 137 137 137 138 138 138 138 138 138 138 138 137 137 137 138 138 139 139 139 139 139 139 139 139 139 139 139 138 138 138 138 138 138 138 138 141 141 141 141 141 141 141 141 140 140 140 140 140 140 140 140 138 138 138 138 138 138 138 138 140 140 140 140 140 140 140 140 139 139 139 139 139 139 139 139 140 140 140 140 140 140 140 140 140 140 140 140 140 140 140 140 140 140 140 140 140 140 140 140 139 139 139 139 139 139 139 139 139 139 139 139 139 139 139 139 141 141 141 141 141 141 141 141 142 142 142 143 143 144 144 144 143 143 144 143 143 143 142 142 138 138 138 137 137 137 137 137 139 139 139 139 139 139 139 139 138 138 138 138 138 138 138 138 138 138 137 136 136 135 134 134 135 135 135 135 135 135 135 136 139 140 141 142 142 141 141 140 140 140 140 139 139 138 138 138 0 0 0 0 0 0 0 0
0 0 0 0 0 0 0 0 122 123 123 125 126 127 128 128 131 131 131 132 132 132 133 133 135 136 136 136 137 137 136 136 137 137 135 136 136 136 136 136 134 134 134 134 134 134 136 136 139 140 148 149 140 142 145 137 117 83 55 28 48 60 96 110 104 104 107 106 109 108 109 108 103 103 104 108 110 111 112 113 110 110 111 111 112 111 111 109 109 106 104 102 101 100 99 98 102 102 103 103 104 105 106 107 111 115 117 117 118 119 121 125 126 131 124 109 100 87 91 111 140 176 209 230 248 248 243 245 243 242 246 249 253 254 255 253 255 255 253 254 254 255 254 254 255 255 253 252 252 251 251 251 252 252 252 252 252 252 252 252 252 251 250 248 246 245 244 243 244 253 249 243 247 245 246 255 254 252 251 252 255 255 255 255 253 253 253 253 252 252 252 252 248 249 250 251 251 251 251 252 255 255 255 255 255 255 253 254 242 242 240 238 236 234 231 229 228 221 213 207 204 203 201 199 197 196 194 192 191 190 190 190 183 181 181 181 182 183 185 185 190 199 207 212 220 223 219 208 183 161 136 111 95 93 105 118 136 142 146 141 136 136 134 131 131 131 131 132 132 132 133 133 132 133 134 135 136 137 136 136 138 138 138 138 138 138 138 138 136 136 136 136 136 136 136 136 136 136 136 136 136 136 136 136 136 136 136 136 136 136 136 136 134 134 135 135 136 137 138 138 136 136 137 137 137 138 138 138 139 139 139 139 139 139 139 139 139 139 139 139 139 139 139 139 138 138 138 138 138 138 138 138 138 138 138 137 137 137 136 136 137 137 137 137 137 137 137 137 137 137 137 137 137 137 137 137 138 138 138 138 138 138 138 138 136 136 137 137 137 138 138 138 138 138 138 138 138 138 138 138 138 138 138 138 138 138 138 138 140 140 140 140 140 140 140 140 140 140 140 140 140 140 140 140 138 138 138 138 138 138 138 138 140 140 140 140 140 140 140 140 139 139 139 139 139 139 139 139 140 140 140 140 140 140 140 140 139 139 139 139 139 139 139 139 139 139 139 139 139 139 139 139 139 139 139 139 139 139 139 139 139 139 139 139 139 139 139 139 141 141 141 141 141 141 141 141 141 141 141 141 142 142 143 143 144 144 144 144 143 143 142 142 138 138 137 137 135 135 135 135 138 138 138 138 138 138 138 138 137 137 137 137 137 137 137 137 137 137 136 136 135 134 133 133 135 135 135 135 135 135 135 136 138 140 140 141 141 140 140 139 140 140 139 139 139 138 138 138 0 0 0 0 0 0 0 0
0 0 0 0 0 0 0 0 122 122 123 124 125 127 127 128 131 131 131 131 132 132 132 133 134 134 135 135 134 135 135 135 134 134 135 135 134 135 135 135 133 132 132 132 132 132 133 135 138 139 145 146 140 143 146 138 114 80 52 28 48 59 94 107 103 103 107 107 109 109 108 106 103 102 104 107 109 111 114 114 114 114 115 114 114 114 115 113 108 109 109 107 107 104 103 103 105 105 105 105 106 106 107 109 113 113 113 113 117 120 121 122 117 117 107 92 89 85 96 121 165 196 221 236 250 249 244 245 244 244 247 249 253 254 255 253 255 255 253 254 254 255 254 254 255 255 252 252 252 252 251 251 252 252 252 252 252 252 252 252 252 250 248 245 244 243 243 243 248 254 248 240 239 234 236 248 250 250 251 251 253 254 255 255 253 252 251 251 250 250 249 249 246 247 249 250 251 252 252 253 255 255 255 255 255 254 250 247 240 238 233 228 221 215 210 207 201 193 183 175 170 168 168 167 159 159 158 157 156 157 157 156 151 149 148 147 148 147 148 148 154 160 165 166 169 172 172 162 146 128 112 102 100 106 123 135 143 146 146 140 135 134 133 130 131 131 131 132 132 132 133 133 132 133 134 135 136 137 136 136 138 138 138 138 138 138 138 138 135 135 135 135 135 135 135 135 135 135 135 135 135 135 135 135 135 135 135 135 135 135 135 135 134 134 134 135 136 137 137 138 136 136 136 137 137 137 138 138 140 140 140 140 140 140 140 140 140 140 140 140 140 140 140 140 139 139 139 139 139 139 139 139 138 138 137 137 137 136 136 136 138 138 138 138 138 138 138 138 138 138 138 138 138 138 138 138 137 137 137 137 137 137 137 137 136 136 136 137 137 137 138 138 138 138 138 138 138 138 138 138 139 139 139 139 139 139 139 139 139 139 139 139 139 139 139 139 139 139 139 139 139 139 139 139 139 139 139 139 139 139 139 139 139 139 139 139 139 139 139 139 139 139 139 139 139 139 139 139 139 139 139 139 139 139 139 139 139 139 139 139 139 139 139 139 139 139 139 139 139 139 139 139 140 140 140 140 140 140 140 140 140 140 140 140 140 140 140 140 141 141 141 141 141 141 141 141 139 139 140 140 141 141 141 141 144 144 144 144 143 143 142 142 138 138 137 137 137 137 135 135 136 136 136 136 136 136 136 136 137 137 137 137 137 137 137 137 137 137 136 135 134 134 133 133 136 136 136 136 136 136 136 137 138 140 140 141 141 140 140 139 140 139 139 139 138 138 138 138 0 0 0 0 0 0 0 0
0 0 0 0 0 0 0 0 123 123 124 125 126 127 128 129 130 130 131 131 131 132 132 132 133 133 133 134 133 134 134 132 133 134 134 133 134 134 134 132 131 131 131 131 131 131 132 134 138 138 142 144 140 144 146 138 113 80 53 27 46 59 91 106 102 104 107 108 110 110 108 106 106 106 108 109 110 112 112 113 115 115 114 113 111 111 111 110 105 108 110 111 110 107 108 108 106 106 105 105 105 106 106 108 112 109 107 109 114 118 118 118 110 107 94 83 85 90 107 134 191 216 233 243 252 250 245 246 247 247 248 250 253 254 255 254 255 255 253 254 254 255 254 254 254 254 252 252 252 252 252 252 252 252 252 252 252 252 252 252 251 249 247 245 244 245 246 247 251 254 244 233 227 218 220 234 243 247 249 248 250 252 253 250 251 251 250 250 250 249 249 249 248 248 249 251 254 254 253 252 255 254 250 251 249 246 239 232 222 218 209 200 191 184 179 177 176 170 164 158 155 155 155 156 158 158 158 159 159 159 160 159 157 155 155 153 153 152 152 151 155 157 155 151 149 149 147 137 106 95 91 98 110 125 140 149 148 147 144 140 135 131 130 130 129 130 130 130 131 131 131 132 132 133 134 135 136 137 136 136 137 137 137 137 137 137 137 137 134 134 134 134 134 134 134 134 134 134 134 134 134 134 134 134 134 134 134 134 134 134 134 134 133 133 134 135 136 136 137 137 137 137 137 137 138 138 139 139 140 140 140 140 140 140 140 140 140 140 140 140 140 140 140 140 139 139 139 139 139 139 139 139 139 139 138 138 137 137 137 137 138 138 138 138 138 138 138 138 138 138 138 138 138 138 138 138 136 136 136 136 136 136 136 136 137 137 137 137 138 138 139 139 139 139 139 139 139 139 139 139 139 139 139 139 139 139 139 139 140 140 140 140 140 140 140 140 138 138 138 138 138 138 138 138 139 139 139 139 139 139 139 139 138 138 138 138 138 138 138 138 138 138 138 138 138 138 138 138 138 138 138 138 138 138 138 138 140 140 140 140 140 140 140 140 140 140 140 140 140 140 140 140 140 140 140 140 140 140 140 140 140 140 140 140 140 140 140 140 140 140 140 140 140 140 140 140 139 140 140 140 141 141 141 142 143 144 144 143 143 143 142 142 138 138 137 137 137 137 135 135 137 137 137 137 137 137 137 137 138 138 138 138 138 138 138 138 138 137 137 136 135 134 134 134 136 136 136 136 136 136 136 137 139 140 141 141 141 141 140 140 139 139 139 138 138 138 137 137 0 0 0 0 0 0 0 0
0 0 0 0 0 0 0 0 124 124 125 126 127 128 129 130 130 130 130 131 131 131 132 132 132 132 132 132 133 133 132 132 133 132 132 132 133 131 131 132 131 130 130 130 130 131 132 134 137 135 140 142 139 145 148 139 116 81 53 27 44 56 91 105 104 105 107 108 110 109 110 109 108 108 108 109 111 113 114 116 116 114 112 107 105 103 102 100 100 101 104 106 108 106 108 107 106 106 105 105 104 105 105 106 111 108 107 110 117 119 117 115 108 101 84 76 88 105 133 167 213 235 244 246 251 249 245 249 250 249 250 250 253 254 253 252 255 255 253 254 254 255 254 254 254 254 252 252 252 252 252 252 252 252 252 252 252 252 252 252 251 249 247 246 247 248 251 252 250 250 238 223 211 197 198 214 237 245 250 248 248 251 251 249 250 250 250 250 250 250 250 250 248 248 249 252 255 255 255 253 251 245 235 232 230 226 216 208 199 194 184 177 172 170 171 171 165 166 168 170 171 171 172 173 177 177 178 179 180 181 181 179 182 180 181 179 179 177 176 175 157 153 146 136 127 120 110 96 76 67 73 94 119 138 148 152 149 145 142 138 135 131 129 131 128 126 127 127 127 128 128 128 130 131 132 133 134 135 134 134 135 135 135 135 135 135 135 135 132 132 132 132 132 132 132 132 134 134 134 134 134 134 134 134 134 134 134 134 134 134 134 134 133 133 134 134 135 136 137 137 138 138 138 138 139 139 140 140 139 139 139 139 139 139 139 139 139 139 139 139 139 139 139 139 139 139 139 139 139 139 139 139 140 140 139 139 138 138 138 138 137 137 137 137 137 137 137 137 137 137 137 137 137 137 137 137 136 136 136 136 136 136 136 136 138 138 138 138 139 139 140 140 140 140 140 140 140 140 140 140 139 139 139 139 139 139 139 139 140 140 140 140 140 140 140 140 138 138 138 138 138 138 138 138 139 139 139 139 139 139 139 139 138 138 138 138 138 138 138 138 136 136 136 136 136 136 136 136 136 136 136 136 136 136 136 136 141 141 141 141 141 141 141 141 141 141 141 141 141 141 141 141 140 140 140 140 140 140 140 140 140 140 140 140 140 140 140 140 140 140 140 140 140 140 140 140 140 141 141 141 142 142 142 143 143 143 143 143 143 142 142 142 138 138 138 138 137 137 137 137 138 138 138 138 138 138 138 138 140 140 140 140 140 140 140 140 140 139 139 138 137 136 136 136 137 137 137 137 137 137 137 137 140 141 142 142 142 142 141 141 139 139 138 138 138 137 137 137 0 0 0 0 0 0 0 0
0 0 0 0 0 0 0 0 123 123 124 125 127 128 129 129 129 130 130 130 131 131 131 131 132 132 132 133 133 132 132 131 131 131 131 130 130 130 131 130 129 129 129 129 129 129 130 131 135 133 137 139 139 145 147 138 118 83 52 25 41 53 88 102 104 104 106 106 108 108 110 110 107 107 107 109 112 114 116 117 117 115 109 105 100 97 94 93 97 96 98 102 107 110 110 109 108 108 107 106 106 104 106 107 111 109 112 115 120 119 114 110 98 90 73 71 94 124 161 200 230 246 248 245 248 249 246 250 253 251 251 251 253 254 253 252 255 255 253 254 254 255 254 254 253 253 252 252 252 252 253 253 252 252 252 252 252 252 252 252 251 250 249 249 250 251 253 254 251 247 231 212 195 176 176 194 234 245 252 249 248 252 253 249 248 249 249 250 251 252 252 253 253 251 251 254 255 255 253 249 237 229 212 201 193 185 174 167 168 166 161 160 163 170 176 181 184 189 197 204 207 208 209 210 211 212 213 215 215 216 216 215 217 218 218 218 218 217 216 214 211 203 187 168 152 134 110 85 62 53 60 89 122 143 150 150 147 141 138 138 136 130 129 130 126 126 127 127 128 128 128 128 130 131 132 133 134 135 134 134 134 134 134 134 134 134 134 134 131 131 131 131 131 131 131 131 133 133 133 133 133 133 133 133 133 133 133 133 133 133 133 133 132 133 133 134 135 136 136 136 137 137 138 138 138 139 139 139 137 137 137 137 137 137 137 137 137 137 137 137 137 137 137 137 138 138 138 138 138 138 138 138 139 139 139 138 138 138 137 137 135 135 135 135 135 135 135 135 135 135 135 135 135 135 135 135 135 135 135 135 135 135 135 135 137 137 138 138 138 139 139 139 139 139 139 139 139 139 139 139 138 138 138 138 138 138 138 138 140 140 140 140 140 140 140 140 137 137 137 137 137 137 137 137 138 138 138 138 138 138 138 138 137 137 137 137 137 137 137 137 135 135 135 135 135 135 135 135 135 135 135 135 135 135 135 135 140 140 140 140 140 140 140 140 140 140 140 140 140 140 140 140 139 139 139 139 139 139 139 139 139 139 139 139 139 139 139 139 139 139 139 139 139 139 139 139 141 141 141 141 142 142 143 143 143 143 143 143 142 142 142 142 138 138 138 138 137 137 137 137 139 139 139 139 139 139 139 139 139 139 139 139 139 139 139 139 139 139 138 138 137 136 135 135 136 136 136 136 136 136 136 136 140 141 141 142 142 141 141 140 138 138 138 138 137 137 137 136 0 0 0 0 0 0 0 0
0 0 0 0 0 0 0 0 121 121 122 123 124 126 127 127 129 129 130 130 130 131 131 131 131 131 131 131 132 131 131 132 130 128 129 129 129 129 129 129 128 126 126 126 126 128 128 129 135 130 134 136 137 146 148 139 120 83 50 20 37 49 83 99 104 103 103 102 104 105 108 110 110 110 109 110 111 111 111 110 107 104 99 93 87 84 81 81 82 80 81 89 102 111 111 110 111 110 109 108 108 107 108 108 108 110 115 118 119 113 104 98 83 82 77 87 119 150 182 216 240 253 250 243 247 248 246 251 255 252 252 251 252 253 253 253 255 255 253 254 254 255 254 254 253 253 251 252 252 253 253 253 252 252 252 252 252 252 252 252 253 252 252 252 251 251 251 251 252 245 225 203 182 158 157 176 227 241 249 245 245 249 250 245 247 246 247 249 250 252 253 254 252 248 244 242 241 235 226 221 207 197 182 169 160 156 153 150 151 153 157 164 173 183 192 195 214 221 231 237 240 240 241 242 250 251 253 254 255 255 254 253 253 254 255 255 255 255 255 255 236 226 207 190 176 152 119 87 66 54 59 87 122 146 151 149 144 137 135 137 136 131 129 130 128 128 129 129 129 130 130 130 130 131 132 133 134 135 134 134 134 134 134 134 134 134 134 134 130 130 130 130 130 130 130 130 132 132 132 132 132 132 132 132 132 132 132 132 132 132 132 132 132 132 133 134 135 135 136 136 135 135 135 136 136 136 137 137 136 136 136 136 136 136 136 136 136 136 136 136 136 136 136 136 137 137 137 137 137 137 137 137 137 137 136 136 136 135 135 135 134 134 134 134 134 134 134 134 134 134 134 134 134 134 134 134 134 134 134 134 134 134 134 134 135 135 135 136 136 136 137 137 137 137 137 137 137 137 137 137 137 137 137 137 137 137 137 137 137 137 137 137 137 137 137 137 136 136 136 136 136 136 136 136 137 137 137 137 137 137 137 137 136 136 136 136 136 136 136 136 135 135 135 135 135 135 135 135 134 134 134 134 134 134 134 134 138 138 138 138 138 138 138 138 138 138 138 138 138 138 138 138 138 138 138 138 138 138 138 138 138 138 138 138 138 138 138 138 139 139 139 139 139 139 139 139 139 139 140 140 141 141 141 141 142 142 142 142 142 142 142 142 140 140 138 138 138 138 138 138 137 137 137 137 137 137 137 137 137 137 137 137 137 137 137 137 137 137 136 135 134 134 133 133 135 135 135 135 135 135 135 135 138 139 139 140 140 139 139 138 138 138 138 137 137 137 136 136 0 0 0 0 0 0 0 0
0 0 0 0 0 0 0 0 119 119 120 121 122 124 124 125 129 129 129 130 130 131 131 131 131 131 132 131 131 132 132 130 128 128 128 128 128 128 129 128 126 126 126 126 126 126 128 128 132 128 132 135 137 146 148 138 120 82 46 16 32 45 80 95 101 100 99 98 98 102 107 109 117 117 114 110 108 105 103 102 89 86 81 75 69 66 64 64 59 55 57 71 90 105 109 108 115 115 114 111 111 111 111 109 107 110 115 119 116 107 94 86 77 87 96 119 152 176 195 219 243 254 249 241 245 247 246 252 255 253 252 251 252 253 253 253 255 255 253 254 254 255 254 254 253 253 251 252 252 253 253 253 252 252 252 252 252 252 252 252 254 254 254 253 251 249 247 246 253 245 223 199 175 149 147 167 221 236 245 241 240 245 246 239 245 245 247 249 251 253 255 255 246 240 231 224 217 206 192 181 171 165 157 152 153 159 167 172 180 185 194 205 216 227 234 238 231 236 245 249 250 249 250 250 247 247 250 250 252 250 250 249 247 246 251 251 252 253 251 249 244 233 221 214 209 192 159 126 75 60 61 87 123 149 154 152 141 132 132 137 137 130 128 128 130 130 131 131 131 132 132 132 130 131 132 133 134 135 134 134 134 134 134 134 134 134 134 134 130 130 130 130 130 130 130 130 132 132 132 132 132 132 132 132 132 132 132 132 132 132 132 132 132 132 133 134 134 135 136 136 133 133 133 134 134 134 135 135 135 135 135 135 135 135 135 135 135 135 135 135 135 135 135 135 136 136 136 136 136 136 136 136 135 135 134 134 134 133 133 133 133 133 133 133 133 133 133 133 133 133 133 133 133 133 133 133 134 134 134 134 134 134 134 134 133 133 133 134 134 134 135 135 135 135 135 135 135 135 135 135 136 136 136 136 136 136 136 136 135 135 135 135 135 135 135 135 136 136 136 136 136 136 136 136 136 136 136 136 136 136 136 136 136 136 136 136 136 136 136 136 135 135 135 135 135 135 135 135 134 134 134 134 134 134 134 134 136 136 136 136 136 136 136 136 136 136 136 136 136 136 136 136 137 137 137 137 137 137 137 137 137 137 137 137 137 137 137 137 139 139 139 139 139 139 139 139 138 138 138 139 139 140 140 140 142 142 142 142 142 142 142 142 140 140 138 138 138 138 138 138 136 136 136 136 136 136 136 136 135 135 135 135 135 135 135 135 135 135 134 133 132 132 131 131 134 134 134 134 134 134 134 136 136 136 137 138 138 137 136 136 138 138 138 137 137 136 136 136 0 0 0 0 0 0 0 0
0 0 0 0 0 0 0 0 114 115 116 118 120 122 123 124 127 127 128 129 131 132 133 134 131 130 131 131 131 130 130 130 131 129 129 127 127 126 126 126 124 123 123 123 123 123 124 126 130 130 131 132 136 139 143 144 123 91 49 23 23 41 71 94 98 101 100 97 97 104 108 107 119 113 109 108 103 93 85 80 76 77 76 74 75 78 75 70 70 63 61 69 77 84 95 105 109 115 120 120 119 116 112 108 110 112 107 107 111 99 87 89 81 92 116 146 175 198 214 227 245 248 248 249 250 251 251 251 254 254 254 254 254 254 254 255 255 255 255 255 255 255 254 254 254 254 252 252 252 252 252 252 252 252 252 252 252 252 252 252 251 253 255 255 250 246 246 250 255 241 219 191 162 143 151 170 216 228 240 243 242 243 244 243 245 246 248 253 255 252 243 234 231 218 201 188 180 171 160 151 150 146 146 155 170 183 188 188 208 214 223 233 242 247 250 250 254 251 253 250 252 249 251 248 252 250 252 250 252 250 252 250 250 248 249 249 252 251 249 245 239 242 234 230 233 214 173 141 85 67 65 88 122 146 154 152 133 131 132 133 135 135 135 132 133 132 132 132 132 132 132 132 132 132 132 132 132 132 132 132 133 133 133 133 133 133 133 133 129 129 129 129 129 129 129 130 132 132 132 132 132 132 132 132 132 132 132 132 132 132 132 132 132 132 132 132 132 132 132 132 132 132 132 132 132 132 132 132 132 132 132 132 132 132 132 132 132 132 132 132 132 132 132 132 137 137 137 136 136 136 135 135 132 132 132 132 132 132 132 132 132 132 132 132 132 132 132 132 132 132 132 132 132 132 132 132 132 132 132 132 132 132 132 132 132 132 132 132 132 132 132 132 132 132 132 132 132 132 132 132 134 134 134 134 134 134 134 134 134 134 134 134 134 134 134 134 134 134 134 134 134 134 134 134 133 133 133 134 134 135 135 135 135 135 135 135 135 135 135 135 133 132 132 132 132 132 132 132 132 132 132 132 132 132 132 133 136 136 136 136 136 136 136 136 134 134 134 134 134 134 134 134 134 134 134 134 134 134 134 134 134 134 134 135 135 136 136 136 137 137 137 137 137 137 137 137 137 137 138 138 138 139 139 139 138 138 138 138 138 138 140 140 138 138 138 138 138 138 138 138 140 139 138 138 137 136 135 135 133 133 133 133 133 133 133 133 134 134 134 134 134 134 134 134 136 136 136 136 136 136 136 136 136 136 136 136 136 136 136 136 136 136 136 136 136 136 136 136 0 0 0 0 0 0 0 0
0 0 0 0 0 0 0 0 115 115 117 118 120 121 123 123 126 127 128 129 130 132 132 131 129 130 130 128 129 129 129 129 129 128 127 127 126 126 126 123 123 123 123 123 123 123 124 124 129 128 129 130 133 136 140 141 123 93 54 28 21 35 62 83 98 102 101 100 101 109 113 113 123 115 105 97 88 76 71 70 77 87 95 100 106 113 112 110 109 105 99 90 76 68 74 83 105 108 114 117 123 124 124 122 118 119 114 109 107 93 79 81 85 101 127 159 189 212 228 237 247 248 249 250 250 251 251 251 254 254 254 254 254 254 254 254 255 255 255 255 255 255 254 254 254 254 252 252 252 252 252 252 252 252 252 252 252 252 252 252 252 254 255 253 247 244 246 249 252 233 207 180 153 140 151 170 218 227 236 237 238 242 247 248 253 251 250 250 246 233 214 200 184 174 161 151 146 143 140 137 155 156 163 179 198 213 218 217 224 228 234 241 247 250 252 252 254 253 252 252 252 252 251 251 252 252 252 252 252 252 252 252 252 251 249 248 246 245 245 243 242 244 239 232 233 207 161 127 86 72 71 94 126 147 150 148 132 132 133 133 135 133 133 132 132 132 132 132 132 132 132 132 132 132 132 132 132 132 132 132 133 133 133 133 133 133 133 133 129 129 129 129 129 129 129 129 132 132 132 132 132 132 132 132 132 132 132 132 132 132 132 132 132 132 132 132 132 132 132 132 132 132 132 132 132 132 132 132 132 132 132 132 132 132 132 132 132 132 132 132 132 132 132 132 137 137 136 136 136 135 135 135 132 132 132 132 132 132 132 132 132 132 132 132 132 132 132 132 132 132 132 132 132 132 132 132 132 132 132 132 132 132 132 132 132 132 132 132 132 132 132 132 132 132 132 132 132 132 132 132 134 134 134 134 134 134 134 134 134 134 134 134 134 134 134 134 134 134 134 134 134 134 134 134 133 133 133 134 134 134 135 135 135 135 135 135 135 135 135 133 133 132 132 132 132 132 132 132 132 132 132 132 132 132 132 132 136 136 136 136 136 136 136 136 134 134 134 134 134 134 134 134 134 134 134 134 134 134 134 134 134 134 134 135 135 136 136 136 136 136 136 136 136 136 136 136 137 137 137 137 138 138 139 139 138 138 138 138 138 138 140 140 138 138 138 138 138 138 138 138 139 139 138 137 136 135 135 134 134 134 134 134 134 134 134 134 134 134 134 134 134 134 134 134 136 136 136 136 136 136 136 136 136 136 136 136 136 136 136 136 136 136 136 136 136 136 136 136 0 0 0 0 0 0 0 0
0 0 0 0 0 0 0 0 115 116 117 118 120 121 122 123 126 126 127 128 129 130 131 130 128 126 127 126 127 127 127 126 127 126 126 124 124 123 123 123 123 121 121 121 121 121 123 124 128 128 129 129 131 133 135 138 126 102 67 40 25 29 50 70 93 97 101 102 105 113 116 115 110 102 90 81 74 71 78 87 106 122 142 154 162 171 175 174 170 168 160 138 104 80 75 81 89 91 97 108 121 126 127 126 119 121 115 109 103 86 75 80 92 113 146 180 209 228 241 249 248 249 251 252 252 253 253 253 254 254 254 254 254 254 254 254 255 255 255 255 255 255 254 254 254 254 252 252 252 252 252 252 252 252 252 252 252 252 252 252 252 254 255 250 244 244 248 251 246 220 188 161 141 136 154 175 222 230 237 238 240 247 255 255 253 245 236 227 215 195 171 153 154 150 144 140 142 147 154 159 172 177 189 209 229 242 247 245 243 245 248 250 252 253 255 253 252 252 253 253 253 253 254 254 253 253 253 253 253 253 253 252 255 253 251 245 240 238 241 242 245 246 239 235 229 197 146 109 85 77 82 103 132 146 147 142 133 131 132 133 134 133 132 131 132 132 132 132 132 132 132 132 132 132 132 132 132 132 132 132 133 133 133 133 133 133 133 133 129 129 129 129 129 129 129 129 132 132 132 132 132 132 132 132 132 132 132 132 132 132 132 132 132 132 132 132 132 132 132 132 132 132 132 132 132 132 132 132 132 132 132 132 132 132 132 132 132 132 132 132 132 132 132 132 136 136 136 135 135 135 134 134 132 132 132 132 132 132 132 132 132 132 132 132 132 132 132 132 132 132 132 132 132 132 132 132 132 132 132 132 132 132 132 132 132 132 132 132 132 132 132 132 132 132 132 132 132 132 132 132 134 134 134 134 134 134 134 134 134 134 134 134 134 134 134 134 134 134 134 134 134 134 134 134 133 133 133 133 134 134 134 135 135 135 135 135 135 135 135 133 133 132 132 132 132 132 132 132 132 132 132 132 132 132 132 132 136 136 136 136 136 136 136 136 134 134 134 134 134 134 134 134 134 134 134 134 134 134 134 134 134 134 134 134 135 135 135 135 134 134 134 134 134 134 134 134 136 136 136 137 137 137 138 138 136 135 135 135 136 136 136 136 137 137 137 137 138 138 138 138 139 139 138 138 137 136 136 135 135 135 135 135 135 135 135 135 135 135 135 135 135 135 135 135 137 137 137 137 137 137 137 137 136 136 136 136 136 136 136 136 136 136 136 136 136 136 136 136 0 0 0 0 0 0 0 0
0 0 0 0 0 0 0 0 116 116 117 118 120 121 122 122 125 126 126 127 128 129 130 128 127 125 124 125 125 125 125 125 125 123 123 123 123 122 122 121 120 120 120 120 120 120 122 122 126 126 128 127 128 128 132 136 131 111 84 55 34 27 40 56 81 91 100 103 108 110 110 106 95 87 77 72 74 84 108 127 150 170 192 206 214 221 224 222 216 215 207 185 155 125 107 98 76 75 81 95 111 119 121 121 116 122 116 106 98 84 76 86 102 129 165 198 222 238 248 250 249 251 251 252 252 253 253 253 254 254 254 254 254 254 254 254 255 255 255 255 255 255 254 254 254 254 252 252 252 252 252 252 252 252 252 252 252 252 252 252 251 254 253 248 245 248 252 254 239 206 168 143 134 141 166 190 228 236 244 246 248 252 255 251 237 223 205 188 175 159 143 130 136 140 144 150 157 169 182 191 206 210 219 234 248 255 255 254 254 253 254 253 253 253 255 255 251 252 252 253 253 254 254 255 253 253 253 253 253 253 253 253 255 255 253 245 238 235 241 243 245 245 235 226 215 177 126 93 82 81 92 113 135 145 142 135 132 132 133 133 134 133 131 131 132 132 132 132 132 132 132 132 132 132 132 132 132 132 132 132 132 132 132 132 132 132 132 132 129 129 129 129 129 129 129 129 130 132 132 132 132 132 132 132 132 132 132 132 132 132 132 132 132 132 132 132 132 132 132 132 132 132 132 132 132 132 132 132 132 132 132 132 132 132 132 132 132 132 132 132 132 132 132 132 135 135 135 135 134 134 134 133 131 131 131 131 131 131 131 131 131 131 131 131 131 131 131 131 131 131 131 131 131 131 131 131 131 131 131 131 131 131 131 131 131 131 131 131 131 131 131 131 131 131 131 131 131 131 131 131 133 133 133 133 133 133 133 133 133 133 133 133 133 133 133 133 133 133 133 133 133 133 133 133 132 132 133 133 133 134 134 134 134 134 134 134 134 134 134 132 131 131 131 131 131 131 131 131 131 131 131 131 131 131 131 131 133 135 135 135 135 135 135 135 134 134 134 134 134 134 134 134 134 134 134 134 134 134 134 134 134 134 134 134 134 134 134 135 132 132 132 132 132 132 132 132 135 135 135 135 136 136 137 135 134 134 134 134 135 135 135 135 136 136 136 136 137 137 137 137 138 138 137 137 136 136 135 135 136 136 136 136 136 136 136 136 135 135 135 135 135 135 135 135 136 136 136 136 136 136 136 136 135 135 135 135 135 135 135 135 135 135 135 135 135 135 135 135 0 0 0 0 0 0 0 0
0 0 0 0 0 0 0 0 116 117 117 118 120 121 121 122 125 125 125 126 127 127 128 126 123 122 123 123 122 123 123 123 121 121 121 120 120 121 121 121 120 119 119 119 119 119 120 122 124 126 128 126 126 126 131 136 134 120 95 69 44 27 29 39 69 83 97 105 109 108 102 93 84 78 74 77 90 112 144 170 191 208 226 236 240 243 245 243 239 234 227 217 202 176 144 121 89 77 73 81 94 106 116 124 124 128 121 109 97 83 80 94 119 150 187 213 230 240 244 244 251 252 252 253 253 254 253 253 254 254 254 254 254 254 254 254 255 255 255 255 255 255 254 254 254 254 252 252 252 252 252 252 252 252 252 252 252 252 252 252 249 252 251 247 248 254 255 253 229 190 150 132 138 157 186 210 237 245 252 251 247 240 231 222 205 189 167 149 140 139 139 140 147 156 169 182 193 206 219 228 238 238 241 246 253 255 255 253 254 253 252 251 252 252 253 254 253 254 254 255 255 255 255 255 255 255 255 255 255 255 255 253 254 254 253 246 240 239 241 246 247 242 224 206 186 147 102 78 79 86 101 121 136 143 140 133 133 131 131 134 135 133 131 131 130 130 130 130 130 130 130 130 130 130 130 130 130 130 130 130 130 130 130 130 130 130 130 130 127 127 127 127 127 127 127 129 130 132 132 132 132 132 132 132 132 132 132 132 132 132 132 132 132 132 132 132 132 132 132 132 132 132 132 132 132 132 132 132 132 132 132 132 132 132 132 132 132 132 132 132 132 132 132 132 135 134 134 134 133 133 133 133 131 131 131 131 131 131 131 131 131 131 131 131 131 131 131 131 131 131 131 131 131 131 131 131 131 131 131 131 131 131 131 131 131 131 131 131 131 131 131 131 131 131 131 131 131 131 131 131 133 133 133 133 133 133 133 133 133 133 133 133 133 133 133 133 133 133 133 133 133 133 133 133 132 132 132 133 133 133 134 134 134 134 134 134 134 134 134 132 131 129 129 129 129 129 129 129 129 129 129 129 129 129 129 131 133 135 135 135 135 135 135 135 134 134 134 134 134 134 134 134 134 134 134 134 134 134 134 134 134 134 134 134 134 134 134 133 131 131 131 131 131 131 131 131 133 133 134 134 135 135 135 133 132 130 132 132 132 132 133 133 136 136 137 137 138 138 138 138 136 136 136 136 135 135 135 135 136 136 136 136 136 136 136 136 135 135 135 135 135 135 135 135 136 136 136 136 136 136 136 136 135 135 135 135 135 135 135 135 135 135 135 135 135 135 135 135 0 0 0 0 0 0 0 0
0 0 0 0 0 0 0 0 117 117 118 119 119 120 121 121 124 124 125 125 125 126 126 124 122 121 121 121 121 121 122 120 119 120 119 119 119 120 120 118 118 118 118 118 118 118 119 121 120 125 126 127 125 126 131 136 134 123 105 79 52 30 22 26 56 73 91 101 106 102 92 83 70 73 81 101 127 158 191 214 230 239 248 250 252 253 253 251 251 244 237 233 230 216 187 159 127 104 80 72 74 82 100 118 129 135 125 108 94 80 83 103 141 172 207 226 235 239 241 237 251 252 252 253 253 254 253 253 254 254 254 254 254 254 254 254 255 255 255 255 255 255 254 254 254 254 252 252 252 252 252 252 252 252 252 252 252 252 252 252 249 251 249 247 252 255 255 244 212 174 140 134 154 180 209 230 251 255 255 248 234 218 199 184 163 153 138 127 128 139 154 165 183 193 209 223 234 243 251 255 255 252 250 249 252 252 254 253 250 250 249 249 251 252 253 253 254 254 255 255 255 255 255 255 255 255 255 255 255 255 255 255 252 253 254 250 246 244 243 245 241 231 205 174 147 111 82 75 84 97 116 128 137 141 138 132 133 132 132 133 133 132 131 131 130 130 130 130 130 130 130 130 130 130 130 130 130 130 130 130 129 129 129 129 129 129 129 129 127 127 127 127 127 127 127 129 130 132 132 132 132 132 132 132 132 132 132 132 132 132 132 132 132 132 132 132 132 132 132 132 132 132 132 132 132 132 132 132 132 132 132 132 132 132 132 132 132 132 132 132 132 132 132 132 134 134 133 133 133 132 132 132 130 130 130 130 130 130 130 130 130 130 130 130 130 130 130 130 130 130 130 130 130 130 130 130 130 130 130 130 130 130 130 130 130 130 130 130 130 130 130 130 130 130 130 130 130 130 130 130 132 132 132 132 132 132 132 132 132 132 132 132 132 132 132 132 132 132 132 132 132 132 132 132 131 132 132 132 133 133 133 133 133 133 133 133 133 133 133 131 130 128 128 128 128 128 128 128 128 128 128 128 128 128 128 130 132 134 134 134 134 134 134 134 134 134 134 134 134 134 134 134 134 134 134 134 134 134 134 134 134 134 134 134 133 133 133 133 131 131 131 131 131 131 131 131 132 132 133 133 133 134 134 132 131 129 131 131 131 131 132 132 135 135 136 136 137 137 137 137 135 135 135 135 135 135 135 135 135 135 135 135 135 135 135 135 135 135 135 135 135 135 135 135 135 135 135 135 135 135 135 135 134 134 134 134 134 134 134 134 134 134 134 134 134 134 134 134 0 0 0 0 0 0 0 0
0 0 0 0 0 0 0 0 117 117 118 119 119 120 121 121 123 124 124 124 125 125 125 123 119 119 119 119 120 120 118 119 118 117 118 118 117 117 117 118 118 118 117 117 118 118 119 121 119 123 127 127 125 126 132 138 138 128 113 92 65 38 21 18 40 57 76 88 94 91 83 74 67 78 101 136 172 202 228 243 246 248 245 238 237 236 235 232 235 232 228 223 226 226 215 201 180 151 116 92 76 69 78 94 113 120 112 99 87 80 93 119 160 193 226 238 239 242 241 236 252 254 252 253 253 254 254 254 254 254 254 254 254 254 252 254 255 255 255 255 255 255 254 254 254 254 252 252 252 252 252 252 252 252 252 252 252 252 252 252 251 251 247 246 255 255 249 229 192 159 136 144 175 204 227 242 251 249 240 223 206 187 167 152 137 137 139 142 149 164 185 200 208 216 227 238 245 250 252 252 253 251 248 246 247 248 251 251 248 249 252 252 253 254 255 255 255 255 255 255 255 255 254 254 255 255 255 255 255 255 255 255 252 251 253 252 250 247 241 239 227 211 178 142 113 85 75 85 97 111 130 138 142 143 140 133 133 131 132 134 133 132 131 128 130 130 130 130 130 130 130 130 130 130 130 130 130 130 130 130 129 129 129 129 129 129 129 129 127 127 127 127 127 127 127 129 130 132 132 132 132 132 132 132 132 132 132 132 132 132 132 132 132 132 132 132 132 132 132 132 132 132 132 132 132 132 132 132 132 132 132 132 132 132 132 132 132 132 132 132 132 132 132 132 133 133 133 132 132 132 131 131 130 130 130 130 130 130 130 130 130 130 130 130 130 130 130 130 130 130 130 130 130 130 130 130 130 130 130 130 130 130 130 130 130 130 130 130 130 130 130 130 130 130 130 130 130 130 130 130 132 132 132 132 132 132 132 132 132 132 132 132 132 132 132 132 132 132 132 132 132 132 132 132 131 131 132 132 132 133 133 133 133 133 133 133 133 133 133 131 130 128 128 128 128 128 128 128 128 128 128 128 128 128 128 130 132 134 134 134 134 134 134 134 134 134 134 134 134 134 134 134 134 134 134 134 134 134 134 134 134 134 134 133 133 132 132 132 131 131 131 131 131 131 131 131 131 131 132 132 133 133 133 131 129 127 127 127 129 129 130 130 134 134 135 135 136 136 136 136 134 134 134 134 134 134 134 134 135 135 135 135 135 135 135 135 135 135 135 135 135 135 135 135 135 135 135 135 135 135 135 135 134 134 134 134 134 134 134 134 134 134 134 134 134 134 134 134 0 0 0 0 0 0 0 0
0 0 0 0 0 0 0 0 117 118 118 119 119 120 120 121 123 123 124 122 124 122 124 122 119 118 118 119 119 119 120 118 117 118 118 119 118 119 119 119 119 118 118 118 118 119 119 119 117 123 127 126 125 126 131 138 141 132 120 101 73 44 25 18 28 43 63 75 83 83 75 68 81 97 126 167 202 225 238 245 237 233 224 210 204 204 200 196 198 202 202 197 201 212 221 223 227 197 162 131 97 72 67 74 88 97 95 86 81 83 104 136 174 207 237 245 245 245 243 237 252 254 252 253 253 254 254 254 254 254 254 254 254 254 254 254 255 255 255 255 255 255 254 254 254 254 252 252 252 252 252 252 252 252 252 252 252 252 252 252 252 251 246 245 255 255 244 218 178 149 136 154 189 219 237 247 236 230 215 194 175 159 143 129 135 145 162 173 185 199 219 232 234 237 245 251 255 255 255 253 249 247 244 243 243 243 246 247 249 250 252 253 255 255 255 255 255 255 255 255 255 254 254 253 255 255 255 255 255 255 255 255 252 253 252 253 252 246 239 231 210 194 156 119 91 72 77 98 103 121 137 143 143 141 140 133 133 132 132 134 133 132 131 128 130 130 130 130 130 130 130 130 130 130 130 130 130 130 130 130 129 129 129 129 129 129 129 129 127 127 129 129 129 129 129 129 130 132 132 132 132 132 132 132 132 132 132 132 132 132 132 132 132 132 132 132 132 132 132 132 132 132 132 132 132 132 132 132 132 132 132 132 132 132 132 132 132 132 132 132 132 132 132 132 133 133 132 132 132 131 131 131 130 130 130 130 130 130 130 130 130 130 130 130 130 130 130 130 130 130 130 130 130 130 130 130 130 130 130 130 130 130 130 130 130 130 130 130 130 130 130 130 130 130 130 130 130 130 130 130 132 132 132 132 132 132 132 132 132 132 132 132 132 132 132 132 132 132 132 132 132 132 132 132 131 131 131 132 132 133 133 133 133 133 133 133 133 133 133 131 130 128 128 128 128 128 128 128 128 128 128 128 128 128 128 130 132 134 134 134 134 134 134 134 134 134 134 134 134 134 134 134 134 134 134 134 134 134 134 134 134 134 134 133 133 132 132 132 131 129 131 129 131 129 131 129 131 129 131 130 132 130 133 131 129 127 127 127 129 129 130 130 134 134 135 135 136 136 136 136 134 134 134 134 134 134 134 134 134 134 134 134 134 134 134 134 135 135 135 135 135 135 135 135 135 135 135 135 135 135 135 135 134 134 134 134 134 134 134 134 134 134 134 134 134 134 134 134 0 0 0 0 0 0 0 0
0 0 0 0 0 0 0 0 118 119 120 121 121 122 122 123 118 119 119 119 120 120 122 121 118 118 118 118 118 118 118 117 119 118 117 118 120 121 120 119 121 120 120 118 118 118 118 118 118 120 124 125 125 126 129 132 127 129 125 111 89 63 41 30 19 25 46 57 70 69 55 71 80 127 150 193 225 246 224 224 204 189 175 164 154 146 146 152 155 152 150 152 160 175 201 221 238 229 206 172 137 106 83 68 70 74 81 84 84 95 123 152 197 224 248 251 250 251 250 244 252 252 252 253 253 254 254 254 255 255 255 255 255 255 255 254 255 254 254 254 254 254 254 254 254 254 254 254 254 254 254 254 252 252 252 252 252 252 252 252 252 249 246 249 255 252 226 198 161 149 147 167 200 227 233 229 204 188 170 155 142 133 137 146 160 175 197 213 226 233 241 245 249 249 252 251 252 251 250 249 246 245 244 246 246 248 249 251 254 254 254 254 255 255 255 255 253 253 253 253 253 253 253 253 253 253 253 253 253 253 253 253 253 255 255 253 254 249 235 219 194 161 132 105 76 70 94 111 123 127 140 146 143 139 135 133 135 132 130 130 132 133 133 132 130 130 130 130 130 130 130 130 130 130 130 129 129 128 128 128 128 128 128 128 130 130 130 130 129 129 130 130 130 130 130 130 130 130 130 130 130 130 130 130 130 130 130 130 130 130 130 130 132 132 132 132 132 132 132 132 133 133 133 133 133 133 133 133 132 132 132 132 132 132 132 132 132 132 132 132 132 132 132 132 130 130 130 130 130 130 130 130 130 130 130 130 130 130 130 130 129 129 129 129 129 129 129 129 130 130 130 130 130 130 130 130 128 128 128 128 128 128 128 128 128 128 128 128 128 128 128 128 128 128 128 128 128 128 128 128 128 128 128 128 128 128 128 128 128 128 128 128 128 128 128 128 128 128 128 128 128 128 128 128 131 131 131 132 132 133 133 133 132 132 132 132 132 132 132 130 129 127 127 127 127 127 127 127 127 127 127 127 127 127 127 129 131 131 131 131 131 131 131 131 132 132 132 132 132 132 132 132 132 132 132 132 132 132 132 132 130 130 130 130 130 130 130 130 131 130 131 130 131 130 131 130 130 129 129 128 129 127 128 127 128 128 128 127 128 127 127 127 131 131 132 132 132 132 132 132 134 134 134 133 133 133 132 132 133 133 133 133 133 133 133 133 133 133 133 133 133 133 133 134 133 133 133 133 133 133 133 133 132 132 132 132 132 132 132 132 133 133 133 133 133 133 133 133 0 0 0 0 0 0 0 0
0 0 0 0 0 0 0 0 119 119 120 121 120 121 121 122 120 120 119 119 119 119 118 116 118 117 117 117 117 117 117 117 118 117 116 118 121 123 123 121 122 120 119 119 119 119 117 117 118 119 122 123 124 126 126 127 125 126 126 118 104 82 63 53 29 28 40 42 53 56 51 76 97 143 167 203 219 224 186 176 167 154 142 134 127 121 120 124 118 117 118 123 129 140 161 178 198 199 198 186 171 152 131 113 99 96 95 98 104 119 150 178 213 237 254 255 253 253 253 251 252 252 253 253 253 254 254 254 255 255 255 255 255 255 255 255 254 254 254 254 254 254 254 254 254 254 254 254 254 254 254 254 252 252 252 252 252 252 252 252 252 250 247 247 249 239 210 181 152 148 152 172 198 213 211 203 162 153 144 140 140 144 157 170 193 207 227 242 249 250 250 251 253 254 255 255 255 255 254 253 251 250 249 249 249 251 252 253 254 254 254 254 254 254 254 254 253 253 253 253 253 253 253 253 253 253 253 253 253 253 253 253 252 253 253 252 252 242 222 202 169 137 114 99 85 90 116 131 130 132 140 143 140 137 136 136 135 133 131 131 134 134 133 132 130 130 130 130 130 130 130 130 130 130 129 129 129 128 128 128 128 128 128 128 130 130 130 130 130 130 130 130 132 132 132 132 130 130 130 130 130 130 130 130 130 130 130 130 130 130 130 130 132 132 132 132 132 132 132 132 133 133 133 133 133 133 133 133 132 132 132 132 132 132 132 132 132 132 132 132 132 132 132 132 130 130 130 130 130 130 130 130 130 130 130 130 130 130 130 130 129 129 129 129 129 129 129 129 130 130 130 130 130 130 130 130 128 128 128 128 128 128 128 128 128 128 128 128 128 128 128 128 128 128 128 128 128 128 128 128 128 128 128 128 128 128 128 128 128 128 128 128 128 128 128 128 128 128 128 128 128 128 128 128 131 131 131 132 132 132 133 133 132 132 132 132 132 132 132 130 129 127 127 127 127 127 127 127 127 127 127 127 127 127 127 127 131 131 131 131 131 131 131 131 132 132 132 132 132 132 132 132 132 132 132 132 132 132 132 132 131 131 131 131 131 131 131 131 131 131 131 131 131 131 131 131 130 129 129 129 128 128 128 127 128 128 128 127 128 127 127 127 131 131 132 132 132 132 132 132 134 134 133 133 133 132 132 132 133 133 133 133 133 133 133 133 131 132 132 132 133 134 134 134 133 133 133 133 133 133 133 133 132 132 132 132 132 132 132 132 132 132 132 132 132 132 132 132 0 0 0 0 0 0 0 0
0 0 0 0 0 0 0 0 120 120 119 120 120 120 118 118 121 121 119 119 118 117 116 114 116 115 115 115 115 115 115 115 115 114 115 117 121 124 124 123 122 120 120 120 119 119 117 117 119 119 120 123 126 127 124 121 121 123 126 125 122 109 92 84 54 45 45 34 38 46 51 83 115 162 185 211 212 196 142 122 102 96 91 92 94 94 95 97 99 101 104 107 105 103 110 118 140 153 171 182 190 187 173 157 144 134 124 125 133 155 185 208 231 248 255 255 250 252 255 253 252 253 253 253 254 254 254 254 255 255 255 255 255 255 255 255 254 254 254 254 254 254 254 254 254 254 254 254 254 254 254 254 252 252 252 252 252 252 252 252 252 250 248 245 239 219 186 158 137 145 161 181 193 189 172 157 134 132 134 142 155 170 190 205 228 237 248 255 255 254 252 252 254 255 255 255 255 255 255 254 254 254 253 253 253 254 255 255 254 254 254 254 254 254 254 254 253 253 253 253 253 253 253 253 253 253 253 253 253 253 253 253 251 253 254 254 251 236 208 179 145 117 101 99 99 113 136 145 140 139 142 140 137 136 137 138 137 135 132 132 134 134 132 131 130 130 130 130 130 130 130 130 130 129 129 129 128 128 128 128 128 128 128 128 130 130 130 130 130 130 130 130 132 132 132 132 130 130 130 130 130 130 130 130 130 130 130 130 130 130 130 130 132 132 132 132 132 132 132 132 133 133 133 133 133 133 133 133 132 132 132 132 132 132 132 132 132 132 132 132 132 132 132 132 130 130 130 130 130 130 130 130 130 130 130 130 130 130 130 130 129 129 129 129 129 129 129 129 130 130 130 130 130 130 130 130 128 128 128 128 128 128 128 128 128 128 128 128 128 128 128 128 128 128 128 128 128 128 128 128 128 128 128 128 128 128 128 128 128 128 128 128 128 128 128 128 128 128 128 128 128 128 128 128 131 131 131 131 132 132 132 133 132 132 132 132 132 132 132 130 130 128 128 128 128 128 128 128 128 128 128 128 128 128 128 128 131 131 131 131 131 131 131 131 132 132 132 132 132 132 132 132 132 132 132 132 132 132 132 132 131 131 131 131 131 131 131 131 131 129 129 129 129 129 129 129 129 128 128 128 127 127 127 126 128 128 128 127 128 127 127 127 131 131 132 132 132 132 132 132 133 133 133 132 132 132 131 131 132 132 132 132 132 132 132 132 129 130 131 132 133 134 135 135 134 134 134 134 134 134 134 134 133 133 133 133 133 133 133 133 132 132 132 132 132 132 132 132 0 0 0 0 0 0 0 0
0 0 0 0 0 0 0 0 121 121 120 119 119 119 117 117 120 119 118 118 117 117 116 114 116 115 115 115 115 115 115 115 114 114 114 117 120 123 123 122 121 119 119 119 118 118 116 116 120 117 119 121 127 126 121 117 117 118 124 129 132 128 115 107 82 71 61 40 34 40 49 88 126 176 193 209 197 172 114 97 100 103 111 124 139 148 154 156 151 153 156 151 135 114 101 97 89 103 127 150 174 192 197 194 191 178 165 160 172 192 214 230 244 252 255 249 244 247 250 250 253 253 253 254 254 254 255 255 255 255 255 255 255 255 255 255 254 254 254 254 254 254 254 254 255 255 255 255 255 255 255 255 253 253 252 252 252 252 251 251 251 252 250 244 229 200 165 139 129 145 168 184 184 166 141 122 127 134 146 164 184 205 226 239 250 250 250 248 246 247 250 254 251 252 252 252 252 252 252 251 255 255 255 255 255 255 255 255 253 253 253 253 253 253 253 253 253 253 253 253 253 253 253 253 253 253 253 253 253 253 253 253 251 253 255 255 251 228 193 160 125 103 99 109 120 137 154 153 144 138 137 132 130 130 135 139 138 134 132 132 132 133 132 131 129 129 129 129 129 129 129 129 129 129 129 128 128 128 127 127 127 127 127 127 129 129 129 129 130 130 130 130 132 132 132 132 130 130 130 130 130 130 130 130 130 130 130 130 130 130 130 130 132 132 132 132 132 132 132 132 132 132 132 132 132 132 132 132 132 132 132 132 132 132 132 132 132 132 132 132 132 132 132 132 129 129 129 129 129 129 129 129 129 129 129 129 129 129 129 129 129 129 129 129 129 129 129 129 129 129 129 129 129 129 129 129 127 127 127 127 127 127 127 127 127 127 127 127 127 127 127 127 127 127 127 127 127 127 127 127 127 127 127 127 127 127 127 127 127 127 127 127 127 127 127 127 127 127 127 127 127 127 127 127 130 130 131 131 131 132 132 132 131 131 131 131 131 131 131 129 130 128 128 128 128 128 128 128 128 128 128 128 128 128 128 128 130 130 130 130 130 130 130 130 131 131 131 131 131 131 131 131 131 131 131 131 131 131 131 131 132 132 132 132 132 132 132 131 130 130 130 130 130 130 130 130 129 129 129 128 128 128 127 127 128 128 128 127 128 127 127 127 130 130 131 131 131 131 131 131 132 132 132 132 131 131 131 130 131 131 131 131 131 131 131 131 128 128 129 131 132 133 135 135 134 134 134 134 134 134 134 134 133 133 133 133 133 133 133 133 133 133 133 133 133 133 133 133 0 0 0 0 0 0 0 0
0 0 0 0 0 0 0 0 120 120 120 120 119 118 118 118 116 117 116 116 117 117 118 116 116 115 115 115 115 115 115 115 116 115 114 116 119 121 121 120 121 121 119 119 118 118 118 118 120 117 119 121 127 126 121 115 118 119 123 131 137 137 130 124 109 100 87 61 47 45 51 90 140 188 199 203 179 152 101 92 93 106 127 149 172 186 196 199 208 211 213 200 171 133 103 89 68 80 98 115 141 172 198 211 221 212 203 199 208 222 235 241 252 254 252 247 242 244 246 247 253 253 254 254 254 255 255 255 255 255 255 255 255 255 255 255 254 254 254 254 254 254 254 254 255 255 255 255 255 255 255 255 253 253 253 252 252 251 251 251 251 252 251 242 219 184 149 127 125 138 155 163 158 146 134 127 141 153 172 193 213 232 247 254 254 252 250 247 246 248 252 255 250 250 250 250 250 250 250 250 255 255 255 255 255 255 255 254 253 253 253 253 253 253 253 253 253 253 253 253 253 253 253 253 253 253 253 253 253 253 253 253 245 251 255 255 244 218 177 143 106 94 103 124 140 157 167 157 142 136 133 128 128 130 135 137 137 133 132 132 132 132 131 128 129 129 129 129 129 129 129 129 129 129 128 128 128 127 127 127 127 127 127 127 129 129 129 129 130 130 130 130 132 132 132 132 130 130 130 130 130 130 130 130 130 130 130 130 130 130 130 130 132 132 132 132 132 132 132 132 132 132 132 132 132 132 132 132 132 132 132 132 132 132 132 132 132 132 132 132 132 132 132 132 129 129 129 129 129 129 129 129 129 129 129 129 129 129 129 129 129 129 129 129 129 129 129 129 129 129 129 129 129 129 129 129 127 127 127 127 127 127 127 127 127 127 127 127 127 127 127 127 127 127 127 127 127 127 127 127 127 127 127 127 127 127 127 127 127 127 127 127 127 127 127 127 127 127 127 127 127 127 127 127 130 130 130 131 131 131 132 132 131 131 131 131 131 131 131 129 129 127 127 127 127 127 127 127 127 127 127 127 127 127 127 127 130 130 130 130 130 130 130 130 131 131 131 131 131 131 131 131 131 131 131 131 131 131 131 131 132 132 132 132 132 132 132 131 130 129 129 129 129 129 129 129 128 128 128 127 127 127 126 127 128 128 128 127 128 127 127 127 130 130 131 131 131 131 131 131 132 131 131 131 130 130 130 130 129 129 129 129 129 129 129 129 127 127 129 130 131 133 134 134 134 134 134 134 134 134 134 134 133 133 133 133 133 133 133 133 134 134 134 134 134 134 134 134 0 0 0 0 0 0 0 0
0 0 0 0 0 0 0 0 119 119 119 119 119 119 119 119 117 115 116 115 116 117 118 118 116 115 116 115 116 115 116 115 116 114 115 115 119 120 120 118 123 122 122 120 120 119 119 119 119 119 120 122 126 125 123 119 123 124 127 131 138 139 136 134 133 129 122 95 74 62 62 97 152 200 204 196 161 132 93 96 121 144 173 196 214 228 237 238 233 235 235 221 185 141 107 91 88 99 109 112 119 141 169 188 222 224 226 226 233 240 245 246 252 251 250 246 245 245 248 248 254 254 254 254 255 255 255 255 255 255 255 255 255 255 255 255 254 254 254 254 254 254 254 254 255 255 255 255 255 255 255 255 254 254 253 252 252 251 250 250 251 252 250 237 207 168 135 119 111 117 123 125 127 133 146 156 185 198 213 224 234 242 246 245 243 245 248 251 252 252 252 251 252 252 251 250 250 251 252 252 254 254 255 255 255 254 253 252 252 252 252 252 252 252 252 252 253 253 253 253 253 253 253 253 253 253 253 253 253 253 253 253 240 246 253 250 235 203 161 128 107 102 118 138 151 160 161 146 139 134 132 130 129 132 135 136 135 131 129 129 131 132 129 128 128 128 128 128 128 128 128 128 128 128 128 128 127 127 127 126 126 126 126 126 128 128 128 128 130 130 130 130 132 132 132 132 130 130 130 130 130 130 130 130 130 130 130 130 130 130 130 130 132 132 132 132 132 132 132 132 131 131 131 131 131 131 131 131 132 132 132 132 132 132 132 132 132 132 132 132 132 132 132 132 128 128 128 128 128 128 128 128 128 128 128 128 128 128 128 128 129 129 129 129 129 129 129 129 128 128 128 128 128 128 128 128 126 126 126 126 126 126 126 126 126 126 126 126 126 126 126 126 126 126 126 126 126 126 126 126 126 126 126 126 126 126 126 126 126 126 126 126 126 126 126 126 126 126 126 126 126 126 126 126 129 130 130 130 131 131 131 131 130 130 130 130 130 130 130 128 127 125 125 125 125 125 125 125 125 125 125 125 125 125 125 125 129 129 129 129 129 129 129 129 130 130 130 130 130 130 130 130 130 130 130 130 130 130 130 130 131 131 131 131 131 131 131 130 129 128 128 128 128 128 128 128 128 127 127 127 126 126 126 125 126 128 128 127 128 127 127 127 129 129 130 130 130 130 130 130 131 131 130 130 130 129 129 129 128 128 128 128 128 128 128 128 127 127 128 129 130 131 132 133 133 133 133 133 133 133 133 133 132 132 132 132 132 132 132 132 133 133 133 133 133 133 133 133 0 0 0 0 0 0 0 0
0 0 0 0 0 0 0 0 118 119 119 119 119 120 121 120 118 118 118 116 116 116 117 116 116 114 116 114 116 114 116 114 115 113 115 115 121 121 124 121 124 123 123 122 122 120 120 120 119 119 122 122 124 124 125 125 126 127 128 129 133 135 134 137 144 146 149 124 98 78 69 102 147 199 206 192 151 124 94 108 141 169 203 223 233 241 248 246 248 248 244 228 195 155 125 112 122 140 153 145 129 128 143 159 197 211 225 231 237 245 247 246 249 248 247 249 252 251 251 249 254 254 254 255 255 255 255 255 255 255 255 255 255 255 255 255 254 254 254 254 254 254 254 254 255 255 255 255 255 255 255 255 254 254 253 252 252 251 250 250 250 250 247 230 195 152 122 111 101 105 110 115 125 144 171 190 224 234 242 244 244 245 242 237 237 240 244 249 252 252 250 248 253 253 251 251 251 251 253 253 253 254 255 255 255 253 252 251 252 252 252 252 252 252 252 252 253 253 253 253 253 253 253 253 253 253 253 253 253 253 253 253 240 248 254 246 226 191 148 117 113 114 131 148 151 154 150 136 137 132 132 131 132 132 133 130 130 128 127 127 130 131 129 128 128 128 128 128 128 128 128 128 128 128 128 127 127 127 126 126 126 126 126 126 128 128 128 128 130 130 130 130 132 132 132 132 130 130 130 130 130 130 130 130 130 130 130 130 130 130 130 130 132 132 132 132 132 132 132 132 131 131 131 131 131 131 131 131 132 132 132 132 132 132 132 132 132 132 132 132 132 132 132 132 128 128 128 128 128 128 128 128 128 128 128 128 128 128 128 128 129 129 129 129 129 129 129 129 128 128 128 128 128 128 128 128 126 126 126 126 126 126 126 126 126 126 126 126 126 126 126 126 126 126 126 126 126 126 126 126 126 126 126 126 126 126 126 126 126 126 126 126 126 126 126 126 126 126 126 126 126 126 126 126 129 129 130 130 130 131 131 131 130 130 130 130 130 130 130 128 126 124 124 124 124 124 124 124 124 124 124 124 124 124 124 124 129 129 129 129 129 129 129 129 130 130 130 130 130 130 130 130 130 130 130 130 130 130 130 130 131 131 131 131 131 131 131 130 128 127 127 127 127 127 127 127 126 125 125 125 124 124 124 124 126 128 128 127 128 127 127 127 129 129 130 130 130 130 130 130 130 130 130 129 129 129 128 128 127 127 127 127 127 127 127 127 128 128 128 129 130 130 130 131 132 132 132 132 132 132 132 132 131 131 131 131 131 131 131 131 131 131 131 131 131 131 131 131 0 0 0 0 0 0 0 0
0 0 0 0 0 0 0 0 119 118 120 119 120 121 122 122 121 120 120 118 118 117 116 114 116 116 116 116 116 116 116 116 114 113 114 118 122 126 127 126 127 127 125 125 124 123 123 123 121 122 123 124 123 125 126 129 125 127 127 126 126 127 131 136 141 145 153 130 103 78 67 98 134 189 203 191 149 124 101 120 147 178 213 230 237 240 243 242 237 235 227 211 180 145 120 111 136 167 192 185 160 145 149 161 169 192 217 228 234 241 245 245 245 243 245 249 254 253 251 248 255 254 254 255 255 255 255 255 255 255 255 255 255 255 255 255 254 254 254 254 254 254 254 254 255 255 255 255 255 255 255 255 254 254 253 252 252 251 250 250 250 249 244 225 186 142 114 106 103 111 123 134 148 170 196 215 227 237 244 244 246 249 248 243 243 243 242 244 248 251 253 253 252 252 250 249 249 250 252 252 254 254 255 255 255 254 252 251 252 252 252 252 252 252 252 252 253 253 253 253 253 253 253 253 253 253 253 253 253 253 253 252 241 251 255 246 221 184 143 111 106 110 132 146 148 152 151 139 134 129 130 131 131 129 127 124 127 126 126 126 129 131 129 128 128 128 128 128 128 128 128 128 128 128 128 127 127 126 126 126 126 126 126 126 128 128 128 128 130 130 130 130 132 132 132 132 130 130 130 130 130 130 130 130 130 130 130 130 130 130 130 130 132 132 132 132 132 132 132 132 131 131 131 131 131 131 131 131 132 132 132 132 132 132 132 132 132 132 132 132 132 132 132 132 128 128 128 128 128 128 128 128 128 128 128 128 128 128 128 128 129 129 129 129 129 129 129 129 128 128 128 128 128 128 128 128 126 126 126 126 126 126 126 126 126 126 126 126 126 126 126 126 126 126 126 126 126 126 126 126 126 126 126 126 126 126 126 126 126 126 126 126 126 126 126 126 126 126 126 126 126 126 126 126 129 129 129 130 130 131 131 131 130 130 130 130 130 130 130 128 125 123 123 123 123 123 123 123 123 123 123 123 123 123 123 123 129 129 129 129 129 129 129 129 130 130 130 130 130 130 130 130 130 130 130 130 130 130 130 130 130 130 130 130 130 130 130 129 127 126 126 126 126 126 126 126 125 125 124 124 124 123 123 124 126 128 128 127 128 127 127 127 129 129 130 130 130 130 130 130 130 130 129 129 129 128 128 128 127 127 127 127 127 127 127 127 128 129 129 129 129 129 129 129 131 131 131 131 131 131 131 131 130 130 130 130 130 130 130 130 129 129 129 129 129 129 129 129 0 0 0 0 0 0 0 0
0 0 0 0 0 0 0 0 120 120 122 122 123 123 123 121 123 123 123 121 121 121 120 119 116 116 116 116 116 116 116 116 119 119 120 121 123 124 125 126 126 126 125 125 125 123 124 123 122 122 122 122 124 125 124 126 125 124 123 122 123 124 128 130 143 150 150 135 103 76 75 92 134 178 193 180 164 140 128 143 173 197 223 236 241 242 243 242 236 229 222 207 171 133 127 141 163 207 228 214 194 175 161 157 158 175 200 218 227 234 240 248 250 250 251 251 252 252 253 253 255 255 255 255 255 255 255 255 255 255 255 255 255 255 255 255 255 255 255 255 255 255 255 255 254 255 255 255 255 255 255 254 253 253 252 251 251 250 249 249 247 246 245 215 176 134 100 111 113 134 149 163 187 205 218 231 242 244 247 250 251 249 247 245 247 247 247 248 249 250 251 252 252 252 252 252 252 252 252 252 255 255 255 254 254 253 253 253 253 253 253 253 253 253 253 253 253 253 253 253 253 253 253 253 253 253 253 253 253 253 253 252 241 249 253 244 219 179 139 112 106 115 130 143 147 147 144 138 132 129 130 130 130 129 129 127 127 126 127 126 127 128 127 127 128 128 128 128 128 128 128 128 127 127 127 126 126 125 125 125 126 126 126 126 128 128 128 128 130 130 130 130 132 132 132 132 130 130 130 130 130 130 130 130 130 130 130 130 130 130 130 130 131 131 131 131 131 131 131 131 131 131 131 131 131 131 131 131 132 132 132 132 132 132 132 132 132 132 132 131 131 130 130 130 128 128 128 128 128 128 128 128 128 128 129 130 130 130 129 129 128 128 128 128 128 128 128 128 128 128 128 128 128 128 128 128 126 126 126 126 126 126 126 126 126 126 126 126 126 126 126 126 126 126 126 126 126 126 126 126 126 126 126 126 126 126 126 126 126 126 126 126 126 126 126 126 127 127 127 127 127 127 127 127 129 129 129 129 129 129 129 129 131 131 131 131 131 131 131 129 126 124 124 123 123 122 122 122 123 123 123 123 123 123 123 123 129 129 129 129 129 129 129 129 129 129 129 129 129 129 129 129 130 130 130 130 130 130 130 130 129 129 129 129 129 129 129 128 126 125 125 125 125 125 125 125 125 125 125 125 125 125 125 125 125 127 127 127 128 128 128 128 130 130 131 131 131 131 131 131 130 130 130 129 129 128 128 128 128 128 128 128 128 128 128 128 129 129 128 128 128 128 128 127 127 127 127 128 128 129 129 130 130 128 126 125 126 128 130 132 133 133 132 131 130 129 128 127 0 0 0 0 0 0 0 0
0 0 0 0 0 0 0 0 118 119 121 122 123 124 122 122 122 121 121 122 122 123 121 122 125 125 125 125 125 125 125 125 121 121 121 122 122 122 122 122 122 123 122 121 122 120 120 120 123 123 124 123 123 124 123 123 124 123 122 121 123 123 127 129 140 147 150 136 107 79 76 88 125 167 185 182 176 160 152 165 192 213 236 245 246 244 242 238 232 228 222 204 166 131 130 148 186 233 255 248 225 198 175 169 161 173 192 208 222 233 245 252 251 251 252 252 253 253 254 253 255 255 255 255 255 255 255 255 255 255 255 255 255 255 255 255 255 255 255 255 255 255 255 255 254 255 255 255 255 255 255 254 253 253 252 251 250 250 249 249 250 246 240 207 168 129 99 113 132 157 177 193 214 229 239 251 246 247 249 250 250 249 248 247 247 247 247 247 248 250 251 252 252 252 252 252 252 252 252 252 255 255 255 254 254 253 253 253 253 253 253 253 253 253 253 253 253 253 253 253 253 253 253 253 253 253 253 253 253 253 253 252 242 246 250 239 212 171 134 108 106 114 129 141 145 143 141 137 130 126 129 128 128 128 127 126 126 124 125 125 127 128 127 127 128 128 128 128 128 128 128 128 127 127 126 126 126 125 125 125 126 126 126 126 128 128 128 128 130 130 130 130 132 132 132 132 130 130 130 130 130 130 130 130 130 130 130 130 130 130 130 130 131 131 131 131 131 131 131 131 131 131 131 131 131 131 131 131 132 132 132 132 132 132 132 132 132 132 131 131 131 130 130 130 128 128 128 128 128 128 128 128 128 128 129 130 130 129 129 128 128 128 128 128 128 128 128 128 128 128 128 128 128 128 128 128 126 126 126 126 126 126 126 126 126 126 126 126 126 126 126 126 126 126 126 126 126 126 126 126 126 126 126 126 126 126 126 126 126 126 126 126 126 126 126 126 127 127 127 127 127 127 127 127 129 129 129 129 129 129 129 129 131 131 131 131 131 131 131 129 126 124 124 123 123 122 122 122 123 123 123 123 123 123 123 123 129 129 129 129 129 129 129 129 129 129 129 129 129 129 129 129 130 130 130 130 130 130 130 130 129 129 129 129 129 129 129 128 126 125 125 125 125 125 125 125 125 125 125 125 125 125 125 126 127 127 127 127 128 128 128 128 130 130 131 131 131 131 131 131 130 130 129 129 129 128 128 128 128 128 128 128 128 128 128 128 129 128 128 128 128 127 127 127 126 127 127 127 128 128 129 129 127 126 125 125 125 127 128 129 133 133 132 131 130 130 129 129 0 0 0 0 0 0 0 0
0 0 0 0 0 0 0 0 126 126 127 127 126 125 124 124 121 122 123 122 123 124 125 126 121 121 121 121 121 121 121 121 124 125 125 126 127 127 128 128 128 128 127 126 126 125 125 123 125 125 123 124 123 122 121 120 124 123 122 121 122 124 128 129 136 144 148 137 112 86 77 82 111 147 174 186 192 185 181 191 210 229 247 250 246 243 242 238 234 230 224 202 161 128 133 155 181 229 255 255 238 213 193 186 190 195 202 212 225 236 245 250 252 252 252 252 254 254 254 254 255 255 255 255 255 255 255 255 255 255 255 255 255 255 255 255 255 255 255 255 255 255 255 255 254 255 255 255 255 255 255 254 253 252 252 251 250 249 249 249 250 242 232 196 160 128 107 126 153 185 210 225 240 245 249 255 250 250 250 250 249 249 249 248 247 247 247 247 248 249 250 251 252 252 252 252 252 252 252 252 255 255 255 254 254 253 253 253 253 253 253 253 253 253 253 253 253 253 253 253 253 253 253 253 253 253 253 253 253 253 253 252 243 247 248 233 202 164 127 103 106 115 132 142 144 141 139 136 129 125 127 127 127 126 127 126 126 124 125 125 127 126 127 127 128 128 128 128 128 128 128 128 127 126 126 126 125 125 125 125 125 125 125 125 127 127 127 127 130 130 130 130 132 132 132 132 130 130 130 130 130 130 130 130 130 130 130 130 130 130 130 130 131 131 131 131 131 131 131 131 131 131 131 131 131 131 131 131 132 132 132 132 132 132 132 132 132 131 131 131 130 130 130 130 128 128 128 128 128 128 128 128 128 128 129 129 129 129 128 128 127 127 127 127 127 127 127 127 127 127 127 128 128 128 128 128 126 126 126 126 126 126 126 126 126 126 126 126 126 126 126 126 126 126 126 126 126 126 126 126 126 126 126 126 126 126 126 126 126 126 126 126 126 126 126 126 127 127 127 127 127 127 127 127 129 129 129 129 129 129 129 129 131 131 131 131 131 131 131 129 126 124 124 123 123 122 122 122 123 123 123 123 123 123 123 123 129 129 129 129 129 129 129 129 129 129 129 129 129 129 129 129 130 130 130 130 130 130 130 130 129 129 129 129 129 129 129 128 126 126 126 126 126 126 126 126 126 126 126 126 126 126 126 126 127 127 127 127 128 128 128 128 130 130 131 131 131 131 131 131 130 129 129 129 128 128 128 128 128 128 128 128 128 128 128 128 128 128 128 127 127 126 126 126 126 126 126 126 127 127 127 127 124 124 125 125 125 126 126 126 131 131 131 130 130 129 128 128 0 0 0 0 0 0 0 0
0 0 0 0 0 0 0 0 135 134 134 133 130 127 125 122 121 121 121 122 123 123 124 124 126 126 126 126 126 126 126 126 122 123 125 128 130 133 135 136 135 135 134 132 132 129 129 128 126 126 125 125 125 124 126 123 125 125 124 124 125 127 128 131 133 143 148 140 118 91 75 71 95 125 159 184 201 207 207 212 224 238 247 247 242 241 242 241 239 238 233 206 162 129 134 157 182 225 255 255 247 232 221 220 221 219 218 222 233 241 247 249 252 253 253 253 253 255 255 254 255 255 255 255 255 255 255 255 255 255 255 255 255 255 255 255 255 255 255 255 255 255 255 255 254 255 255 255 255 255 255 254 252 252 251 251 250 249 248 248 248 238 225 189 158 134 121 146 174 208 236 247 252 247 244 250 252 251 249 248 247 247 248 248 248 248 247 247 248 249 250 251 252 252 252 252 252 252 252 252 255 255 255 254 254 253 253 253 253 253 253 253 253 253 253 253 253 253 253 253 253 253 253 253 253 253 253 253 253 253 253 252 247 248 245 228 195 156 121 100 105 117 135 144 143 137 135 134 128 125 126 125 125 125 126 125 124 124 124 125 125 126 127 127 127 127 127 127 127 127 127 127 126 126 126 125 125 125 124 124 124 124 124 124 126 126 126 126 129 129 129 129 131 131 131 131 129 129 129 129 129 129 129 129 129 129 129 129 129 129 129 129 131 131 131 131 131 131 131 131 131 131 131 131 131 131 131 131 131 131 131 131 131 131 131 131 131 131 131 130 130 130 129 129 128 128 128 128 128 128 128 128 128 129 129 129 129 128 127 127 126 126 126 126 126 126 126 126 126 127 127 127 127 128 128 128 126 126 126 126 126 126 126 126 126 126 126 126 126 126 126 126 126 126 126 126 126 126 126 126 126 126 126 126 126 126 126 126 126 126 126 126 126 126 126 126 127 127 127 127 127 127 127 127 129 129 129 129 129 129 129 129 130 130 130 130 130 130 130 128 126 124 124 123 123 122 122 122 123 123 123 123 123 123 123 123 129 129 129 129 129 129 129 129 129 129 129 129 129 129 129 129 129 129 129 129 129 129 129 129 128 128 128 128 128 128 128 128 127 127 127 127 127 127 127 127 127 127 127 127 127 127 127 127 126 126 126 126 127 127 127 127 129 129 130 130 130 130 130 130 129 129 129 128 128 128 127 127 127 127 127 127 127 127 127 127 128 128 127 127 126 125 125 125 125 125 125 125 125 125 125 125 123 123 124 125 126 125 125 125 126 126 126 126 126 126 125 125 0 0 0 0 0 0 0 0
0 0 0 0 0 0 0 0 129 129 130 130 130 130 127 126 125 124 124 124 122 122 122 122 126 126 126 126 126 126 126 126 123 124 126 128 131 134 135 136 134 134 132 131 131 128 128 127 125 125 125 126 129 130 131 130 128 127 128 128 129 131 132 134 131 140 146 141 123 99 77 65 80 101 139 177 201 218 225 229 235 244 247 241 237 238 241 242 244 244 238 210 166 133 132 148 173 211 241 248 250 242 232 235 232 229 228 231 240 247 252 252 251 252 253 253 253 254 253 252 255 255 255 255 255 255 255 255 255 255 255 255 255 255 255 255 255 255 255 255 255 255 255 255 254 255 255 255 255 255 255 254 252 252 251 250 249 249 248 248 247 236 222 187 158 138 130 159 189 224 251 255 255 248 240 245 251 250 247 246 245 246 247 248 249 249 249 248 249 249 250 251 252 252 252 252 252 252 252 252 255 255 255 254 254 253 253 253 253 253 253 253 253 253 253 253 253 253 253 253 253 253 253 253 253 253 253 253 253 253 253 252 251 251 245 225 189 150 117 98 106 119 138 146 143 134 133 132 126 123 124 124 124 125 126 125 124 124 124 125 125 126 127 127 127 127 127 127 127 127 127 127 126 126 125 125 125 124 124 124 124 124 124 124 126 126 126 126 129 129 129 129 131 131 131 131 129 129 129 129 129 129 129 129 129 129 129 129 129 129 129 129 131 131 131 131 131 131 131 131 131 131 131 131 131 131 131 131 131 131 131 131 131 131 131 131 131 131 130 130 130 129 129 129 128 128 128 128 128 128 128 128 128 129 129 129 128 127 126 126 126 126 126 126 126 126 126 126 125 126 126 127 127 128 128 128 126 126 126 126 126 126 126 126 126 126 126 126 126 126 126 126 126 126 126 126 126 126 126 126 126 126 126 126 126 126 126 126 126 126 126 126 126 126 126 126 127 127 127 127 127 127 127 127 129 129 129 129 129 129 129 129 130 130 130 130 130 130 130 128 126 124 124 123 123 122 122 122 123 123 123 123 123 123 123 123 129 129 129 129 129 129 129 129 129 129 129 129 129 129 129 129 129 129 129 129 129 129 129 129 128 128 128 128 128 128 128 128 128 128 128 128 128 128 128 128 128 128 128 128 128 128 128 128 126 126 126 126 127 127 127 127 129 129 130 130 130 130 130 130 129 129 128 128 128 127 127 127 127 127 127 127 127 127 127 127 128 128 127 126 125 124 124 123 123 123 123 123 123 123 123 123 122 123 124 124 125 125 124 124 121 121 121 121 122 122 122 122 0 0 0 0 0 0 0 0
0 0 0 0 0 0 0 0 113 115 120 124 130 133 136 136 135 135 135 132 132 131 131 131 127 127 129 127 129 127 129 127 135 133 136 135 137 136 139 139 137 135 134 133 131 129 128 126 127 127 129 130 132 135 136 135 129 129 130 131 132 132 134 136 131 139 145 141 130 109 83 66 71 81 115 157 184 210 230 235 244 248 249 241 235 238 241 240 242 244 238 216 177 144 133 138 146 180 212 232 248 248 240 243 246 244 241 243 247 250 252 251 250 251 253 254 254 253 252 251 255 255 255 255 255 255 255 255 255 255 255 255 255 255 255 255 255 255 255 255 255 255 255 255 254 255 255 255 255 255 255 254 251 251 251 250 249 248 248 247 248 238 226 192 164 144 135 163 192 224 249 255 255 245 239 244 249 248 246 245 245 246 247 248 251 251 250 250 250 251 251 252 252 252 252 252 252 252 252 252 255 255 255 254 254 253 253 253 253 253 253 253 253 253 253 253 253 253 253 253 253 253 253 253 253 253 253 253 253 253 253 250 252 250 244 221 184 145 115 96 106 121 142 148 142 132 131 132 125 122 123 124 124 124 125 123 124 124 124 125 125 126 127 127 126 126 126 126 126 126 126 126 125 125 125 125 124 124 124 123 123 123 123 123 125 125 125 125 128 128 128 128 130 130 130 130 128 128 128 128 128 128 128 128 128 128 128 128 128 128 128 128 131 131 131 131 131 131 131 131 131 131 131 131 131 131 131 131 130 130 130 130 130 130 130 130 130 130 130 130 129 129 129 128 128 128 128 128 128 128 128 128 128 129 129 129 128 127 125 125 125 125 125 125 125 125 125 125 125 125 125 126 127 127 128 128 126 126 126 126 126 126 126 126 126 126 126 126 126 126 126 126 126 126 126 126 126 126 126 126 126 126 126 126 126 126 126 126 126 126 126 126 126 126 126 126 127 127 127 127 127 127 127 127 129 129 129 129 129 129 129 129 129 129 129 129 129 129 129 127 126 124 124 123 123 122 122 122 123 123 123 123 123 123 123 123 129 129 129 129 129 129 129 129 129 129 129 129 129 129 129 129 128 128 128 128 128 128 128 128 127 127 127 127 127 127 127 127 129 129 129 129 129 129 129 129 129 129 129 129 129 129 129 129 126 125 125 125 126 126 126 126 128 128 129 129 129 129 129 129 128 128 128 128 127 127 127 126 126 126 126 126 126 126 126 126 128 127 126 125 124 123 122 122 122 122 122 122 121 121 121 121 121 121 121 121 122 122 123 123 119 119 119 120 121 121 122 122 0 0 0 0 0 0 0 0
0 0 0 0 0 0 0 0 93 95 104 110 121 127 132 134 136 136 136 135 136 134 136 136 141 141 142 141 142 141 142 141 139 138 139 138 140 139 140 140 140 140 139 136 135 132 131 130 130 128 131 132 133 135 136 136 129 129 131 132 133 133 135 137 131 138 143 140 134 121 95 75 69 67 93 128 151 183 215 224 237 244 247 242 239 240 241 239 237 239 237 222 193 162 142 136 132 158 185 210 239 250 249 254 252 251 248 246 246 247 247 247 247 249 250 252 252 250 251 249 255 255 255 255 255 255 255 255 255 255 255 255 255 255 255 255 255 255 255 255 255 255 255 255 254 255 255 255 255 255 255 254 251 251 250 250 249 248 247 247 249 242 233 203 176 156 145 172 193 222 242 247 249 243 239 245 248 247 247 247 247 248 249 249 253 253 252 251 251 252 252 253 252 252 252 252 252 252 252 252 255 255 255 254 254 253 253 253 253 253 253 253 253 253 253 253 253 253 253 253 253 253 253 253 253 253 253 253 253 253 253 250 251 249 243 219 182 141 112 94 107 124 144 149 141 130 129 132 125 122 123 123 123 124 125 123 124 123 124 125 125 126 127 127 126 126 126 126 126 126 126 126 125 125 125 124 124 124 123 123 122 122 122 122 124 124 124 124 128 128 128 128 130 130 130 130 128 128 128 128 128 128 128 128 128 128 128 128 128 128 128 128 131 131 131 131 131 131 131 131 131 131 131 131 131 131 131 131 130 130 130 130 130 130 130 130 130 130 130 129 129 129 128 128 128 128 128 128 128 128 128 128 129 129 129 128 127 126 125 124 124 124 124 124 124 124 124 124 124 124 125 126 127 127 128 128 126 126 126 126 126 126 126 126 126 126 126 126 126 126 126 126 126 126 126 126 126 126 126 126 126 126 126 126 126 126 126 126 126 126 126 126 126 126 126 126 127 127 127 127 127 127 127 127 129 129 129 129 129 129 129 129 129 129 129 129 129 129 129 127 126 124 124 123 123 122 122 122 123 123 123 123 123 123 123 123 129 129 129 129 129 129 129 129 129 129 129 129 129 129 129 129 128 128 128 128 128 128 128 128 127 127 127 127 127 127 127 127 129 130 130 130 130 130 130 130 130 130 130 130 130 130 130 129 126 125 125 125 126 126 126 126 128 128 129 129 129 129 129 129 128 128 128 127 127 127 126 126 126 126 126 126 126 126 126 126 128 127 126 125 124 122 121 121 122 121 121 121 120 120 119 119 119 118 117 117 117 118 120 121 121 121 122 122 123 124 125 125 0 0 0 0 0 0 0 0
0 0 0 0 0 0 0 0 73 78 85 95 105 113 119 122 127 127 126 127 128 128 130 130 130 130 130 130 130 130 130 130 130 131 132 133 134 136 137 137 140 140 139 137 135 133 131 129 132 132 133 133 133 134 135 134 131 131 133 134 136 136 137 137 134 139 143 143 139 128 104 83 73 61 78 104 123 155 195 206 224 232 240 240 240 243 243 240 235 237 239 230 208 177 153 140 125 140 155 175 204 223 226 233 238 238 239 237 242 244 251 252 246 248 250 251 251 250 250 248 255 255 255 255 255 255 255 255 255 255 255 255 255 254 255 254 255 255 255 255 255 255 255 255 254 255 255 255 255 253 255 252 251 251 250 249 249 248 247 247 249 244 240 213 188 168 157 183 201 227 242 245 248 244 242 248 247 248 248 249 249 250 250 251 254 254 253 252 252 253 253 254 252 252 252 252 252 252 252 252 255 255 255 254 254 253 253 253 253 253 253 253 253 253 253 253 253 253 253 253 253 253 253 253 253 253 253 253 253 253 253 250 249 247 242 218 180 139 110 92 106 124 145 149 138 127 127 129 123 121 122 123 121 122 123 122 123 123 124 125 125 126 127 127 126 126 126 126 126 126 126 126 125 125 125 124 124 123 123 123 122 122 122 122 124 124 124 124 128 128 128 128 130 130 130 130 128 128 128 128 128 128 128 128 128 128 128 128 128 128 128 128 131 131 131 131 131 131 131 131 131 131 131 131 131 131 131 131 130 130 130 130 130 130 130 130 130 130 130 129 129 128 128 128 128 128 128 128 128 128 128 128 129 129 129 128 127 126 125 124 124 124 124 124 124 124 124 124 123 124 125 125 126 127 128 128 126 126 126 126 126 126 126 126 126 126 126 126 126 126 126 126 126 126 126 126 126 126 126 126 126 126 126 126 128 126 128 126 126 126 126 126 126 126 126 126 127 127 127 127 127 127 127 127 129 129 129 129 129 129 129 129 129 129 129 129 129 127 129 127 126 124 126 123 125 122 124 122 125 123 125 123 125 123 125 125 129 129 129 129 129 129 129 129 129 128 128 128 128 128 128 128 128 128 128 128 128 128 128 128 127 127 127 127 129 127 129 129 130 130 130 130 130 130 130 130 130 130 130 130 130 130 130 130 128 126 128 128 128 128 128 128 129 129 129 129 129 129 129 129 128 128 128 127 127 126 126 126 126 126 126 126 126 126 126 126 127 127 126 125 123 122 121 120 121 121 121 120 120 119 119 117 117 116 114 113 113 115 118 119 123 124 125 126 127 128 129 129 0 0 0 0 0 0 0 0
0 0 0 0 0 0 0 0 60 64 70 79 87 95 101 104 109 107 105 104 106 108 114 117 115 115 116 117 116 116 115 115 113 113 115 120 126 133 137 138 139 140 139 140 140 140 139 138 135 133 132 130 130 131 132 132 134 135 136 137 138 139 138 139 136 138 141 141 145 140 120 103 89 76 66 77 91 112 146 178 195 218 237 243 242 242 245 243 240 244 240 231 224 211 184 154 134 127 133 155 175 185 194 207 212 219 226 229 231 235 245 251 248 250 252 253 251 250 248 249 255 255 254 255 255 255 254 253 254 254 254 254 254 252 254 254 255 255 255 255 255 255 255 255 254 254 254 253 253 251 252 252 250 250 249 248 247 246 246 245 244 249 246 227 199 182 183 192 217 228 240 244 242 242 247 253 251 252 253 254 254 254 254 254 254 255 253 254 254 254 253 253 250 251 252 253 253 253 253 253 251 255 255 255 251 249 251 253 251 252 253 254 255 255 255 255 250 250 252 252 252 251 249 248 250 251 252 253 253 252 251 248 253 248 243 212 181 143 99 96 107 128 139 143 142 132 121 121 120 120 120 120 120 119 120 120 122 121 121 123 128 129 129 128 126 125 125 125 125 125 125 125 124 124 124 123 123 123 122 122 121 121 121 121 123 123 123 123 126 126 126 126 128 128 128 128 129 129 129 129 129 129 129 129 129 129 129 129 129 129 129 129 130 130 131 131 131 132 132 132 132 132 132 131 131 131 130 130 131 132 133 133 133 133 132 131 131 131 131 130 130 130 129 129 129 129 129 129 129 129 129 129 128 128 128 128 127 126 125 124 124 124 124 123 123 122 122 122 121 121 123 124 126 128 129 130 125 125 126 126 127 127 127 127 127 126 126 126 126 126 126 126 126 126 126 126 127 127 127 127 128 128 128 128 129 128 129 128 128 127 127 127 127 128 129 130 129 129 128 128 128 127 127 127 129 129 129 129 129 129 128 128 126 126 126 126 126 125 126 125 126 125 126 125 126 125 126 125 126 125 126 125 126 125 126 126 129 129 129 129 128 128 128 128 127 125 126 126 126 125 124 123 127 127 127 127 128 128 128 128 128 129 129 129 130 129 131 131 132 132 132 131 131 130 130 130 131 131 130 130 130 131 132 132 130 130 132 131 131 131 128 128 129 129 129 129 129 129 129 129 130 129 129 129 128 127 127 127 127 127 127 127 127 127 127 127 127 127 126 125 124 124 123 124 120 121 121 121 120 119 118 118 116 113 112 110 109 112 117 121 120 125 129 128 124 120 121 124 0 0 0 0 0 0 0 0
0 0 0 0 0 0 0 0 62 64 68 72 76 78 79 79 82 81 79 78 78 79 80 81 76 76 78 78 78 76 75 75 73 70 72 81 94 105 108 108 113 113 116 120 124 125 127 127 128 126 128 128 129 129 129 129 138 140 142 143 146 146 146 146 142 141 137 135 142 146 138 131 104 86 67 64 72 88 118 148 173 198 226 239 240 241 240 238 236 238 238 235 236 228 201 173 153 140 134 142 149 151 156 167 182 194 207 218 226 234 244 251 250 251 252 253 251 250 249 251 255 254 253 254 255 255 255 255 254 254 254 254 252 252 252 252 255 255 255 255 255 255 255 253 254 254 254 252 252 251 251 251 251 251 250 249 248 247 247 246 245 249 247 232 211 198 200 207 230 239 248 250 247 245 250 255 250 250 251 252 252 252 252 252 253 253 252 252 252 252 252 251 252 252 252 252 251 251 250 251 251 254 254 254 252 252 253 254 250 251 251 251 251 251 251 250 253 253 253 254 253 252 252 251 248 249 251 252 253 253 253 250 252 249 246 217 182 143 101 99 108 128 141 141 139 131 121 123 120 120 119 119 118 119 119 120 120 119 120 122 127 128 129 127 126 125 125 125 125 125 125 125 124 123 123 123 122 122 122 121 121 121 121 121 123 123 123 123 126 126 126 126 128 128 128 128 128 128 128 128 128 128 128 128 128 128 128 128 128 128 128 128 129 129 130 130 130 131 131 131 132 132 132 132 131 131 130 130 130 131 131 132 132 131 131 130 130 130 130 129 129 129 128 128 129 129 129 129 129 129 129 129 129 129 129 129 128 127 125 125 123 123 123 122 122 122 121 121 122 122 123 124 125 126 127 128 125 125 126 126 126 127 127 127 126 126 126 126 126 126 126 125 126 126 126 126 127 127 127 127 128 128 129 129 129 129 129 129 128 127 127 127 127 128 129 130 129 129 129 129 128 128 128 127 130 130 130 129 129 129 128 128 127 127 127 127 126 126 126 126 127 127 127 127 127 127 127 127 127 127 127 127 127 127 127 127 129 129 129 129 128 128 128 128 126 126 125 125 125 124 123 122 127 127 127 127 128 128 128 128 128 128 129 130 130 130 130 131 132 132 132 131 131 131 130 130 133 132 132 131 131 131 132 133 134 134 133 133 133 132 131 131 131 129 129 129 129 128 129 129 130 129 129 129 128 128 127 127 127 127 127 127 127 127 127 127 129 128 127 125 124 123 121 121 119 119 119 119 118 118 117 117 117 118 120 121 122 122 122 122 122 123 121 116 109 104 104 102 0 0 0 0 0 0 0 0
0 0 0 0 0 0 0 0 94 93 92 90 86 82 78 75 65 65 65 64 62 60 57 56 61 61 62 61 60 57 55 54 57 53 53 63 77 89 91 88 93 92 95 97 101 105 107 106 106 107 111 113 115 116 117 117 120 121 125 129 133 137 139 142 132 131 127 129 137 145 146 145 126 104 78 61 55 63 84 106 137 165 198 222 232 237 238 237 237 240 240 239 243 242 225 207 186 167 150 141 137 132 135 145 160 175 193 209 223 234 242 249 250 250 250 250 250 251 252 252 255 255 254 253 253 253 254 255 254 254 253 253 253 253 252 252 255 255 255 255 255 253 253 253 254 253 253 252 252 250 250 251 252 252 251 251 250 249 249 248 247 250 249 240 228 222 224 229 244 249 254 253 250 248 251 255 249 250 251 252 252 252 252 251 254 254 252 252 251 251 251 251 254 253 251 250 249 249 249 249 252 251 250 250 252 252 252 251 252 252 252 252 252 253 253 253 249 248 247 246 246 246 246 246 250 251 252 253 254 254 254 252 248 248 249 218 178 137 98 99 108 128 141 140 136 127 120 124 120 119 118 118 118 119 119 118 117 116 117 119 123 124 126 125 125 124 124 124 124 124 124 124 123 122 122 122 121 121 121 120 121 121 121 121 123 123 123 123 126 126 126 126 128 128 128 128 127 127 127 127 127 127 127 127 127 127 127 127 127 127 127 127 128 128 128 129 129 129 130 130 132 131 131 131 130 130 130 129 128 129 130 130 130 130 129 128 128 128 128 127 127 127 126 126 128 128 128 128 128 128 128 128 129 129 130 129 128 127 126 125 123 123 122 122 122 121 121 121 123 123 123 124 124 124 125 125 124 124 124 124 125 125 126 126 125 125 125 125 125 125 125 125 125 125 125 125 126 126 126 126 128 128 129 129 129 129 129 129 128 128 128 128 128 129 130 130 131 131 131 130 130 129 129 129 130 130 130 130 130 130 129 129 127 127 127 127 126 126 126 126 127 127 127 127 127 127 127 127 127 127 127 127 127 127 127 127 128 128 128 128 127 127 127 127 126 126 126 126 125 124 123 123 126 126 126 126 127 127 127 127 127 127 128 129 129 130 130 130 133 133 132 132 131 131 131 131 133 133 132 131 131 130 130 129 131 133 133 133 130 130 128 128 128 128 128 127 127 126 127 127 127 127 127 127 126 126 126 126 125 125 125 125 125 125 125 125 127 127 125 123 121 119 118 117 119 119 118 118 118 119 119 120 124 122 123 125 128 129 128 125 126 118 109 99 93 90 91 88 0 0 0 0 0 0 0 0
0 0 0 0 0 0 0 0 149 143 139 129 123 114 111 106 112 112 116 114 114 107 105 102 96 96 95 93 89 86 82 79 73 69 67 69 76 80 79 76 73 72 70 69 69 68 65 64 62 64 65 69 71 74 77 76 83 85 91 97 106 112 118 120 124 127 132 139 146 152 155 156 142 127 103 82 65 58 61 69 97 122 153 184 204 220 230 235 236 240 240 236 237 242 241 236 221 203 180 164 154 148 153 162 171 184 199 214 227 237 244 249 247 246 246 246 247 249 252 254 255 255 255 252 250 250 251 252 255 254 253 252 252 253 252 253 255 255 255 253 253 253 253 252 253 253 253 251 251 250 250 250 252 253 252 252 251 251 251 250 250 251 251 247 243 241 243 245 250 252 254 252 249 248 251 253 250 251 252 252 253 253 252 252 255 254 252 251 251 251 251 251 252 251 249 248 248 248 249 250 250 247 245 247 251 253 251 248 254 253 253 253 253 254 254 255 255 254 253 251 250 251 251 252 250 250 251 251 252 252 252 251 244 249 252 217 174 130 92 96 109 129 142 138 134 123 117 122 117 115 115 116 116 116 116 116 116 115 114 117 120 123 122 121 123 123 123 123 123 123 123 123 122 122 121 121 121 120 120 120 122 122 122 122 124 124 124 124 126 126 126 126 128 128 128 128 126 126 126 126 126 126 126 126 126 126 126 126 126 126 126 126 126 126 127 127 127 128 128 128 129 129 129 128 128 128 127 127 127 127 128 128 128 128 127 127 127 126 126 126 125 125 125 124 127 127 127 127 128 128 128 128 130 130 130 130 129 128 126 125 124 124 123 123 122 122 122 122 124 123 123 123 122 122 122 122 121 121 121 121 122 122 122 123 123 123 123 123 124 124 124 124 124 124 124 124 125 125 125 125 127 127 128 128 128 128 128 128 128 128 127 127 128 128 129 130 131 131 131 131 130 130 129 129 130 130 130 130 130 131 130 130 128 128 128 128 127 127 127 127 128 128 128 128 128 128 128 128 128 128 128 128 128 128 128 128 127 127 127 127 126 126 126 126 126 126 125 126 125 124 123 123 125 125 125 125 126 126 126 126 126 126 127 128 129 129 130 130 133 132 132 132 131 131 131 131 131 131 130 130 129 127 128 127 129 129 129 128 126 125 124 124 125 124 124 123 123 121 121 123 123 123 124 123 124 123 124 123 124 123 124 123 124 123 124 124 123 123 122 121 119 117 115 114 119 119 118 118 119 120 121 123 129 126 121 122 128 130 128 127 102 88 70 59 60 65 71 74 0 0 0 0 0 0 0 0
0 0 0 0 0 0 0 0 199 192 184 172 166 159 159 156 156 156 161 160 161 155 153 150 155 156 154 151 146 142 137 134 130 128 124 116 108 101 97 94 90 87 83 77 69 64 58 54 55 54 52 51 49 50 52 52 53 53 59 64 70 76 81 84 90 95 105 115 123 130 139 144 144 141 132 116 97 81 64 55 69 82 103 127 151 172 192 206 213 223 231 232 230 235 244 252 249 236 217 200 190 187 189 195 201 208 216 225 234 241 248 252 248 247 246 246 247 250 254 255 255 255 255 252 248 246 247 249 255 254 252 251 251 252 254 255 253 253 253 253 253 252 252 252 253 252 252 249 249 248 248 250 252 253 253 253 252 252 252 252 252 252 252 252 251 251 251 252 252 252 251 250 250 251 252 253 248 249 250 251 251 251 251 250 251 250 249 248 247 247 248 248 248 248 248 249 250 251 252 253 249 247 246 248 253 255 255 253 251 249 246 243 240 238 237 237 234 233 231 229 228 228 229 230 231 232 234 236 239 241 243 244 240 248 255 223 178 132 93 98 114 133 143 140 135 123 117 120 115 113 113 114 113 114 113 112 112 111 111 115 118 120 120 119 123 123 123 123 123 123 123 123 122 122 121 121 121 120 120 120 122 122 122 122 124 124 124 124 126 126 126 126 128 128 128 128 126 126 126 126 126 126 126 126 126 126 126 126 126 126 126 126 125 126 126 126 127 127 127 127 127 126 126 126 125 125 125 125 125 126 127 127 127 127 126 125 125 125 125 124 124 124 123 123 125 125 126 126 127 127 128 128 129 129 129 129 128 127 126 125 125 125 124 124 123 123 123 123 124 123 123 122 121 120 120 119 117 117 118 118 118 119 119 119 121 121 122 122 123 123 124 124 124 124 124 124 125 125 125 125 127 127 128 128 128 128 128 128 128 127 127 127 127 128 129 130 131 131 131 130 130 129 129 129 129 129 129 130 130 131 130 130 128 128 128 128 127 127 127 127 128 128 128 128 128 128 128 128 128 128 128 128 128 128 128 128 127 127 127 127 126 126 126 126 125 125 125 125 124 123 122 122 123 123 123 123 124 124 124 124 124 125 126 127 128 129 130 130 132 132 131 131 131 130 131 131 133 133 133 133 132 130 129 128 128 129 128 127 125 125 123 123 122 121 120 118 118 117 117 117 118 118 120 119 121 119 121 119 123 121 123 121 123 121 123 123 121 121 122 122 121 120 118 117 117 116 116 116 117 119 121 125 130 132 130 132 135 130 123 115 88 72 54 45 52 67 83 90 0 0 0 0 0 0 0 0
0 0 0 0 0 0 0 0 227 222 215 208 203 202 203 204 214 216 218 220 220 218 215 214 209 211 209 205 201 197 192 189 193 191 187 176 159 146 141 139 131 127 122 116 107 100 94 91 87 82 78 72 67 62 60 58 46 44 44 44 47 49 50 51 61 63 67 72 76 84 99 113 129 140 147 142 130 113 90 71 69 66 68 78 92 111 130 145 167 184 202 212 214 219 232 245 254 250 243 236 230 227 226 227 226 228 231 235 240 246 251 255 254 252 250 249 249 251 253 255 253 255 255 253 249 246 246 248 255 253 251 250 250 251 253 255 253 253 253 253 252 252 252 251 252 252 250 249 249 248 248 250 252 253 253 253 253 253 252 252 252 253 253 253 252 252 252 252 253 251 250 251 253 255 255 254 246 246 247 248 249 249 248 248 248 247 245 243 242 243 243 244 245 246 248 250 252 253 255 253 254 253 252 253 254 255 254 253 238 234 228 220 212 207 203 201 191 190 189 187 186 185 185 185 197 198 202 207 214 220 225 227 228 240 253 225 184 138 99 105 117 136 146 144 142 131 122 121 114 112 112 112 113 112 113 111 111 110 111 112 117 119 119 119 122 122 122 122 122 122 122 122 123 122 122 122 121 121 121 120 123 123 123 123 125 125 125 125 126 126 126 126 128 128 128 128 126 126 126 126 126 126 126 126 126 126 126 126 126 126 126 126 125 125 126 126 127 127 127 127 126 125 125 125 124 124 124 123 125 125 126 127 127 126 125 125 125 125 124 124 124 123 123 123 124 124 125 125 126 127 127 128 128 128 128 128 127 126 125 124 124 124 124 123 123 123 122 122 123 122 122 121 120 119 118 118 115 115 116 116 117 117 117 117 119 120 120 121 122 122 123 123 123 123 123 123 124 124 124 124 126 126 127 127 127 127 127 127 127 127 126 126 127 128 129 129 130 130 129 129 129 128 128 128 127 127 128 129 129 130 129 130 127 127 127 127 126 126 126 126 127 127 127 127 127 127 127 127 127 127 127 127 127 127 127 127 126 126 126 126 125 125 125 125 124 124 123 123 123 122 121 120 122 122 122 122 123 123 123 123 123 123 125 126 127 128 129 130 130 130 130 129 129 129 129 129 133 134 135 136 136 134 134 133 132 132 132 130 130 127 127 126 121 120 119 117 117 116 116 116 117 117 117 117 118 118 118 118 120 120 120 120 120 120 120 122 123 123 125 125 125 123 123 122 113 113 113 113 114 117 119 124 130 137 143 145 142 127 107 94 79 71 63 66 81 101 120 128 0 0 0 0 0 0 0 0
0 0 0 0 0 0 0 0 233 232 230 229 229 230 231 232 232 233 233 234 234 234 234 236 238 241 240 238 237 234 232 229 222 220 216 209 198 190 185 182 173 169 164 159 151 145 140 138 129 127 125 120 114 108 100 95 88 85 82 78 75 73 72 72 85 81 76 69 60 59 72 88 104 122 141 145 145 139 121 101 89 75 60 55 55 61 74 86 107 121 137 151 163 174 190 205 221 229 240 248 252 251 250 248 242 242 242 243 246 250 252 253 255 254 251 248 246 244 244 244 243 248 253 252 250 248 249 251 255 253 252 250 250 252 254 255 253 252 252 252 252 252 251 251 252 250 250 249 248 247 247 248 251 252 252 252 252 252 252 252 251 252 253 253 251 250 251 251 252 249 248 249 253 254 252 250 246 247 248 249 249 249 249 248 249 247 244 242 241 242 245 246 247 249 252 255 255 255 255 252 251 249 245 239 230 223 219 218 203 198 190 180 171 164 159 157 157 157 157 156 155 153 151 151 151 153 157 163 170 177 183 185 200 214 234 214 180 139 102 105 114 131 141 143 146 138 126 122 116 114 114 113 114 113 114 113 111 110 110 111 115 117 117 118 121 121 121 121 121 121 121 121 124 123 123 123 122 122 122 121 123 123 123 123 125 125 125 125 126 126 126 126 128 128 128 128 127 127 127 127 127 127 127 127 127 127 127 127 127 127 127 127 126 126 126 127 127 127 128 128 127 126 126 126 125 125 125 125 125 125 126 127 127 126 125 125 125 125 124 124 124 123 123 123 123 123 124 125 126 127 127 128 127 127 127 127 126 125 124 123 122 122 121 121 121 120 120 120 121 121 120 120 119 118 118 118 116 116 116 117 117 117 118 118 118 118 119 120 121 122 122 123 122 122 122 122 123 123 123 123 126 126 127 127 127 127 127 127 128 128 127 127 128 128 129 130 130 130 129 129 128 128 128 128 125 126 126 127 128 129 129 129 127 127 127 127 126 126 126 126 127 127 127 127 127 127 127 127 127 127 127 127 127 127 127 127 125 125 125 125 124 124 124 124 122 122 122 122 121 120 120 119 121 121 121 121 122 122 122 122 122 122 124 126 127 128 129 130 129 129 128 128 129 128 130 130 131 132 134 137 137 135 134 133 134 134 134 133 132 131 128 127 122 121 120 118 118 117 117 117 117 118 118 118 119 119 120 120 119 119 119 119 119 119 119 121 123 125 126 127 126 123 123 121 116 115 114 115 117 120 123 129 135 142 145 140 127 106 83 71 60 65 79 100 125 146 161 170 0 0 0 0 0 0 0 0
0 0 0 0 0 0 0 0 226 228 231 234 237 239 239 240 243 243 242 241 241 242 243 245 246 248 248 249 249 247 247 246 247 243 240 238 238 235 232 227 222 218 214 208 203 197 194 190 188 189 191 189 185 177 169 163 151 148 143 138 133 129 127 126 113 104 93 77 56 41 44 55 86 107 129 140 147 152 141 126 110 90 68 52 43 38 43 51 59 63 69 81 99 118 140 157 177 195 218 239 252 255 255 253 249 248 247 247 248 249 251 250 255 253 250 245 241 237 235 234 237 244 251 253 252 250 251 254 255 253 252 250 250 252 254 255 253 252 252 252 252 252 251 251 252 250 250 249 248 247 247 248 251 252 252 252 252 252 252 252 249 251 253 253 250 249 249 251 250 247 246 248 252 253 249 245 250 251 252 253 253 253 253 252 252 250 247 245 244 245 248 249 248 251 254 255 255 255 253 251 239 234 226 212 194 180 172 169 162 158 150 141 133 127 123 121 119 120 120 120 118 116 114 112 113 114 116 120 126 132 137 139 172 191 214 201 172 133 98 101 108 124 134 141 147 142 127 123 119 117 116 116 116 116 116 114 111 110 110 112 115 117 117 116 121 121 121 121 121 121 121 121 124 124 124 123 123 123 122 122 123 123 123 123 125 125 125 125 126 126 126 126 128 128 128 128 127 127 127 127 127 127 127 127 127 127 127 127 127 127 127 127 126 126 126 127 127 128 128 128 128 128 128 127 127 126 126 126 125 126 126 127 127 126 126 125 125 125 125 124 124 123 123 123 122 123 124 124 125 126 127 127 126 126 126 126 125 124 123 122 120 120 119 119 119 118 118 118 120 120 120 119 119 118 118 118 117 117 117 118 118 119 119 119 117 118 118 119 120 121 122 122 122 122 122 122 123 123 123 123 126 126 127 127 127 127 127 127 128 127 127 127 127 128 129 130 129 129 128 128 128 127 127 127 124 125 125 126 127 128 128 128 126 126 126 126 125 125 125 125 126 126 126 126 126 126 126 126 126 126 126 126 126 126 126 126 125 125 125 125 124 124 124 124 121 121 121 121 120 120 119 118 121 121 121 121 122 122 122 122 121 122 124 125 127 128 129 129 128 128 127 127 128 127 129 129 126 129 131 134 134 133 132 131 135 135 135 132 132 131 129 127 125 123 123 122 121 121 119 119 121 121 121 122 122 123 123 123 121 121 121 121 121 121 121 122 123 126 127 126 125 122 119 117 121 121 120 121 123 126 130 135 140 143 137 124 104 81 65 55 63 81 112 147 179 202 214 220 0 0 0 0 0 0 0 0
0 0 0 0 0 0 0 0 222 225 230 234 237 238 237 236 234 231 228 225 225 227 231 234 241 242 240 240 239 237 238 238 234 230 228 229 233 235 235 233 227 225 223 218 215 212 210 207 205 205 208 209 209 205 202 200 194 195 195 193 190 185 181 177 177 166 149 128 94 63 56 63 74 104 136 145 145 147 147 143 127 117 104 90 80 73 67 65 65 58 55 64 75 82 94 106 120 139 166 192 216 232 241 242 244 241 241 242 244 242 240 240 245 245 247 243 230 215 210 211 225 240 248 251 255 249 245 251 253 253 253 253 255 255 255 253 252 250 251 252 251 252 253 252 252 252 250 249 249 248 248 250 252 253 253 253 253 253 253 253 252 252 252 252 252 252 252 252 251 251 251 251 251 251 251 251 253 254 255 255 255 253 251 250 248 248 249 249 249 248 249 248 255 255 255 252 250 246 233 218 202 192 181 168 152 138 137 145 138 137 136 135 136 137 138 139 139 140 142 143 142 140 137 136 138 137 134 132 130 130 131 129 145 156 168 168 145 114 95 87 99 111 125 127 129 131 131 127 126 121 120 117 115 114 112 110 110 110 111 112 113 115 117 118 120 120 121 121 121 122 122 122 120 121 122 123 123 123 123 122 123 123 123 123 125 125 125 125 125 125 125 125 127 127 127 127 127 127 127 127 127 127 127 127 127 127 127 127 127 127 127 127 128 128 128 127 127 127 126 126 127 127 127 126 126 126 125 125 126 125 125 124 124 123 123 123 123 123 123 123 123 123 123 123 122 122 123 123 123 124 124 124 125 125 126 125 124 122 119 118 120 120 120 119 119 119 118 118 118 118 118 118 118 118 118 118 116 116 116 117 117 118 118 119 118 118 118 119 119 120 120 121 118 118 119 119 120 121 121 121 124 124 125 125 125 125 125 125 125 125 125 125 125 125 125 125 125 125 125 125 125 125 125 125 124 124 125 125 125 126 125 125 124 124 124 124 123 123 123 123 123 123 123 123 123 123 123 123 122 122 122 122 122 122 122 122 123 123 123 123 122 122 122 122 119 119 118 118 118 118 118 118 119 119 119 118 119 119 118 118 119 120 122 123 124 125 126 126 125 124 124 124 126 127 130 131 132 130 129 130 131 130 130 128 131 131 131 130 130 130 128 127 126 124 124 124 122 122 122 122 122 122 122 123 123 123 123 123 122 122 122 122 122 122 122 122 126 128 129 127 124 122 123 124 126 127 130 132 132 129 125 123 133 119 102 88 76 60 52 53 70 98 142 183 208 221 223 222 0 0 0 0 0 0 0 0
0 0 0 0 0 0 0 0 219 222 226 231 234 234 234 233 227 225 222 220 220 222 225 228 232 233 232 231 231 230 231 231 233 231 228 230 233 235 235 231 230 228 225 224 223 221 220 218 223 224 225 226 225 226 225 226 234 234 236 233 231 225 221 218 218 204 182 153 115 80 68 70 80 108 137 149 153 156 153 146 145 140 132 123 114 101 87 79 73 67 64 65 65 63 65 68 82 97 121 147 176 200 216 227 242 242 240 239 237 234 233 233 237 237 238 232 218 199 189 190 212 230 242 249 255 250 246 252 253 253 253 253 255 255 255 255 252 250 251 251 252 252 253 253 253 252 252 249 251 248 250 250 252 253 253 253 253 253 253 253 252 252 252 252 252 252 252 252 251 251 251 251 251 251 251 251 251 251 250 249 248 247 246 245 247 247 248 250 252 253 255 254 252 253 250 241 233 225 208 192 166 152 139 131 126 120 121 124 131 132 137 140 146 150 155 157 169 168 170 170 170 168 167 165 156 153 151 146 143 138 137 135 130 138 147 144 125 97 80 73 86 100 112 113 111 117 126 129 129 125 123 121 116 113 110 108 111 110 111 111 113 114 117 119 119 120 120 120 121 121 121 122 120 120 121 122 123 123 122 122 123 123 123 123 125 125 125 125 125 125 125 125 127 127 127 127 127 127 127 127 127 127 127 127 127 127 127 127 127 127 127 127 128 128 127 127 126 126 126 126 127 127 126 126 125 125 125 125 125 125 124 124 124 123 123 123 123 123 123 123 123 123 123 123 122 122 122 123 123 123 124 124 125 125 125 125 123 121 119 118 119 119 119 118 118 118 117 117 118 118 118 118 118 118 118 118 116 116 116 117 117 117 118 118 117 118 118 118 119 119 120 120 117 118 118 118 120 120 120 121 123 123 124 124 124 124 124 124 124 124 124 124 124 124 124 124 125 125 125 125 125 125 125 125 123 123 124 124 124 125 124 124 123 123 123 123 122 122 122 122 122 122 122 122 122 122 122 122 121 121 121 121 121 121 121 121 122 122 122 122 121 121 121 121 118 118 117 117 117 117 117 117 119 118 118 118 118 118 118 117 119 119 121 122 122 123 123 124 123 122 122 122 125 126 129 132 134 133 132 133 132 133 133 132 133 133 134 134 133 133 131 131 132 130 129 129 128 128 129 129 128 128 128 128 128 128 128 128 122 122 122 122 122 122 122 122 123 126 127 125 123 122 122 125 135 135 136 135 132 124 115 111 109 96 82 73 66 61 62 69 97 125 167 202 223 229 227 222 0 0 0 0 0 0 0 0
0 0 0 0 0 0 0 0 222 224 228 233 235 237 237 236 230 228 226 225 225 226 229 230 232 232 232 232 232 231 232 232 232 231 230 231 234 235 233 232 228 226 225 224 223 221 221 219 214 214 212 213 215 218 220 222 230 230 230 226 222 214 208 204 208 194 174 147 114 84 74 75 96 120 145 158 165 168 166 159 158 158 157 153 147 136 123 114 116 110 107 107 104 91 80 73 67 76 93 116 144 176 206 225 241 241 239 234 231 227 227 227 237 237 236 228 211 188 173 168 194 215 233 246 255 252 248 253 253 253 255 255 255 255 255 254 253 252 252 253 254 253 253 254 254 253 253 251 252 250 251 251 253 253 253 253 253 253 253 253 252 252 252 252 252 252 252 252 251 250 250 250 250 250 250 250 247 245 243 241 239 239 239 239 243 244 246 250 254 254 254 251 239 237 227 213 199 186 169 154 140 125 117 118 129 133 138 138 157 159 169 177 188 194 202 203 207 205 206 204 206 203 205 203 204 200 198 191 187 178 175 171 131 133 136 130 111 87 71 64 72 86 97 95 88 97 118 134 132 130 128 124 117 113 108 108 112 110 111 112 113 114 117 118 118 118 119 119 120 120 120 120 119 120 121 121 122 122 121 121 122 122 122 122 124 124 124 124 124 124 124 124 126 126 126 126 126 126 126 126 126 126 126 126 126 126 126 126 126 126 126 126 127 127 126 126 126 125 125 125 126 126 125 125 125 124 124 124 124 124 124 123 123 123 122 122 123 123 123 123 123 123 123 123 121 121 122 122 122 123 123 123 124 124 124 123 122 121 119 118 118 118 117 117 117 116 116 116 117 117 117 118 118 118 118 118 115 115 116 116 116 117 117 117 117 117 117 117 118 118 118 118 116 116 117 117 119 119 119 119 122 122 123 123 123 123 123 123 123 125 125 125 125 125 125 125 125 125 125 125 125 125 125 123 121 121 122 122 122 123 122 122 121 121 121 121 120 120 120 120 120 120 120 120 120 120 120 120 119 119 119 119 119 119 119 119 119 119 119 119 118 118 118 118 115 115 114 114 114 114 114 114 117 117 117 117 117 117 116 116 118 118 119 119 120 120 120 120 119 119 120 120 123 125 127 130 133 135 136 136 134 135 136 138 138 138 138 135 135 135 135 134 136 135 135 135 133 133 133 133 131 131 131 131 131 131 131 131 134 134 134 134 134 134 134 136 134 137 138 137 137 136 139 141 146 146 147 141 132 119 107 100 86 79 74 73 75 82 95 106 133 156 188 217 232 232 223 217 0 0 0 0 0 0 0 0
0 0 0 0 0 0 0 0 223 225 228 232 234 236 236 236 233 232 231 230 231 232 233 234 235 235 235 235 236 237 238 239 234 233 233 234 237 235 235 234 231 230 229 227 224 222 220 220 219 218 218 219 219 222 224 227 235 233 228 220 210 198 189 181 165 154 139 122 102 82 79 82 95 114 136 146 150 153 157 156 166 165 163 161 157 152 147 143 137 132 131 135 135 126 106 91 69 69 74 89 112 145 181 207 232 239 241 235 230 227 227 227 239 236 234 224 204 178 159 152 176 203 226 244 255 253 246 252 253 253 255 254 255 255 255 254 254 252 253 253 255 254 255 253 255 254 254 252 253 251 252 252 253 253 253 253 253 253 253 253 252 252 252 252 252 252 252 251 251 250 250 250 250 250 250 250 247 245 241 239 238 239 240 242 244 245 249 252 254 249 242 235 221 211 194 175 160 148 137 130 133 128 129 141 158 172 179 181 184 189 198 208 217 223 226 228 228 227 226 226 225 226 226 227 224 223 220 216 210 204 198 194 158 151 145 133 112 86 68 58 66 78 89 83 72 81 110 133 130 130 132 127 120 111 109 107 112 111 112 112 115 115 115 116 117 117 117 118 118 118 119 119 118 118 119 120 121 121 120 120 121 121 121 121 123 123 123 123 123 123 123 123 125 125 125 125 125 125 125 125 125 125 125 125 125 125 125 125 125 125 125 125 126 126 125 125 124 124 124 124 125 125 124 124 123 123 123 123 123 123 123 122 122 122 122 122 122 122 122 122 122 122 122 122 120 121 121 121 122 122 122 122 123 123 122 121 120 119 118 118 116 116 116 115 115 115 114 114 116 117 117 117 117 118 118 118 115 115 115 115 115 116 116 116 116 116 116 116 116 116 116 116 115 115 115 116 117 117 118 118 120 120 121 121 121 121 121 121 123 123 123 123 123 123 123 123 124 124 124 124 124 124 124 122 120 120 120 120 121 121 120 121 119 119 119 119 118 118 118 118 118 118 118 118 118 118 118 118 117 117 117 117 117 117 117 117 117 117 117 117 116 116 116 116 113 113 112 112 112 112 112 112 116 116 115 115 116 115 115 115 117 117 118 117 117 116 116 116 115 116 117 118 121 123 127 128 130 135 138 138 138 137 138 141 141 140 140 139 138 137 136 136 140 139 139 139 138 137 137 137 136 136 136 135 135 135 135 135 133 133 133 133 133 133 133 133 132 135 135 136 134 133 135 137 132 134 133 126 115 100 87 80 79 83 92 103 117 131 149 160 173 185 204 222 229 228 224 219 0 0 0 0 0 0 0 0
0 0 0 0 0 0 0 0 220 222 224 227 229 230 230 230 229 229 230 230 230 231 232 232 233 233 233 234 235 236 237 238 241 241 241 241 241 241 241 240 242 240 239 238 236 236 233 233 235 234 234 235 236 236 235 235 231 226 217 203 186 169 155 145 120 111 101 90 75 65 63 63 89 104 120 125 125 132 143 150 161 161 161 160 156 153 151 151 147 138 137 143 153 148 126 105 85 77 72 76 89 114 149 180 211 224 236 234 231 231 234 233 238 231 224 211 190 164 146 140 161 190 219 241 255 254 246 251 253 253 255 254 255 254 255 253 255 254 255 253 255 255 255 255 255 255 255 253 255 252 254 252 253 253 253 253 253 253 253 253 252 252 252 252 252 252 252 251 251 250 250 250 250 250 250 250 252 250 247 245 244 246 249 251 252 253 255 255 253 240 223 210 195 180 160 142 132 128 129 132 140 147 159 172 186 199 207 210 212 215 221 226 229 230 230 229 227 227 226 226 226 226 227 228 223 223 223 221 218 214 211 208 190 181 169 151 124 93 70 56 67 78 88 79 67 70 96 122 123 127 134 130 121 112 109 109 110 111 113 113 115 115 114 114 115 115 116 116 116 117 117 117 117 117 118 119 119 119 119 119 119 119 119 119 121 121 121 121 121 121 121 121 123 123 123 123 125 125 125 125 125 125 125 125 125 125 125 125 125 125 125 125 124 124 124 124 123 123 122 122 123 123 123 123 122 122 121 121 121 121 121 122 122 122 122 122 122 122 122 122 122 122 122 122 120 120 120 120 121 121 121 122 121 121 120 119 119 118 118 118 115 115 115 115 114 114 114 113 115 116 116 117 117 118 118 118 115 115 115 115 115 114 114 114 114 114 114 114 114 114 114 114 113 113 114 114 115 116 116 116 118 118 119 119 119 119 119 119 121 121 121 121 121 121 121 121 122 122 122 122 122 122 122 120 119 118 119 119 119 120 119 119 117 117 117 117 116 116 116 116 117 117 117 117 117 117 117 117 116 116 116 116 116 116 116 116 115 115 115 115 114 114 114 114 111 111 110 110 110 110 110 110 114 114 114 113 114 114 113 113 116 115 116 115 114 114 113 113 113 114 116 117 120 121 124 125 127 132 136 140 140 138 138 140 141 142 140 139 137 136 136 135 134 134 134 133 135 134 134 134 131 131 130 130 129 129 129 128 127 127 127 127 127 127 127 127 129 129 127 124 119 115 113 115 115 116 115 108 100 88 82 78 79 97 123 145 167 185 199 209 207 210 215 220 225 230 232 232 0 0 0 0 0 0 0 0
0 0 0 0 0 0 0 0 226 227 228 230 231 231 231 231 230 230 232 233 234 234 234 233 235 233 235 236 237 239 241 242 245 246 248 247 244 244 244 245 244 244 245 244 246 246 247 246 240 239 239 240 240 237 235 233 239 234 223 206 185 165 148 139 119 114 107 101 95 89 88 87 86 93 99 99 99 104 115 125 130 133 140 146 150 151 153 154 157 151 147 151 159 159 143 124 108 94 80 73 75 87 118 146 175 200 221 227 229 236 239 239 240 230 214 198 175 152 135 132 149 180 212 237 255 253 246 249 253 253 254 254 254 253 254 254 254 255 255 255 255 255 255 255 255 255 255 255 255 254 254 254 253 253 253 253 253 253 253 253 252 252 252 252 252 252 252 251 250 250 250 250 250 250 250 250 255 255 253 251 250 252 254 255 255 255 253 249 241 221 200 183 163 150 135 124 122 126 137 147 170 184 199 207 212 217 222 223 227 229 230 231 230 227 223 221 219 219 220 220 220 220 221 221 224 224 224 225 224 224 223 221 216 209 196 175 145 108 81 66 73 81 91 87 69 64 81 99 109 117 130 133 124 113 111 111 110 110 112 114 114 114 113 112 114 114 114 114 115 115 116 116 115 116 117 118 118 118 118 117 118 118 118 118 120 120 120 120 120 120 120 120 122 122 122 122 124 124 124 124 124 124 124 124 124 124 124 124 124 124 124 124 123 123 123 122 122 122 121 121 122 122 122 121 121 121 120 120 120 120 120 121 121 121 122 122 121 121 121 121 121 121 121 121 119 119 119 120 120 120 121 121 120 120 119 118 117 117 118 118 115 115 115 115 114 114 113 113 115 115 115 116 117 117 118 118 115 115 114 114 114 113 113 113 113 113 113 113 112 112 112 112 112 112 112 112 114 114 115 115 116 116 117 117 117 117 117 117 119 119 119 119 119 119 119 119 121 121 121 121 121 121 121 119 119 118 118 119 119 119 119 119 116 116 116 116 115 115 115 115 117 117 117 117 117 117 117 117 116 116 116 116 116 116 116 116 114 114 114 114 113 113 113 113 110 110 109 109 109 109 109 109 113 113 112 112 112 112 112 112 114 114 114 114 113 113 112 112 113 113 115 116 120 119 122 122 129 128 128 128 130 130 128 128 130 131 129 127 127 125 124 124 114 114 113 112 113 112 111 111 111 109 109 108 107 107 106 106 110 110 110 110 110 110 110 110 111 109 107 100 93 86 83 81 89 91 93 89 85 82 84 88 90 119 155 181 200 216 227 232 223 221 218 217 221 227 234 237 0 0 0 0 0 0 0 0
0 0 0 0 0 0 0 0 235 235 235 235 235 235 235 234 233 234 236 238 239 239 238 237 238 237 238 239 241 243 247 248 249 252 254 252 248 247 247 249 246 246 247 249 250 251 252 251 252 250 247 246 246 246 247 244 229 222 211 196 178 158 143 133 122 120 116 115 116 116 113 111 107 101 94 87 85 84 86 87 95 98 105 111 119 129 137 143 144 145 143 140 141 145 144 137 125 109 88 73 62 59 79 105 135 169 201 216 225 234 241 242 239 225 203 181 157 136 122 121 135 169 204 232 253 253 247 250 253 253 254 255 255 254 253 253 255 255 255 255 255 255 255 255 255 255 255 255 255 255 255 254 253 253 253 253 253 253 253 253 252 252 252 252 252 252 252 251 250 248 248 248 248 248 248 248 255 253 249 246 245 244 245 246 247 240 233 224 212 192 170 153 144 138 134 136 143 150 165 178 204 216 227 228 227 228 228 226 219 219 220 219 217 214 211 209 213 215 216 217 218 218 217 216 215 215 215 215 216 217 218 217 226 222 214 197 165 126 97 81 84 92 102 99 81 65 68 77 94 108 126 133 125 115 113 113 111 111 113 114 115 114 112 111 112 113 113 113 114 114 114 115 114 115 116 117 117 117 117 117 117 117 117 117 119 119 119 119 119 119 119 119 121 121 121 121 123 123 123 123 123 123 123 123 123 123 123 123 123 123 123 123 122 122 122 122 121 121 120 120 121 121 121 121 120 120 119 119 119 119 120 120 120 121 121 121 121 121 121 121 121 121 121 121 118 118 119 119 119 120 120 120 120 119 117 116 116 116 117 118 116 116 115 115 115 114 114 114 114 114 115 116 117 117 118 118 114 114 114 113 113 113 112 112 113 112 112 112 111 111 110 110 110 111 111 111 113 113 113 114 115 115 116 116 116 116 116 116 118 118 118 118 118 118 118 118 119 119 119 119 119 119 119 117 119 118 118 119 119 119 119 119 116 116 116 116 115 115 115 115 117 117 117 117 117 117 117 117 116 116 116 116 116 116 116 116 113 113 113 113 112 112 112 112 109 109 108 108 108 108 108 108 112 111 111 111 111 111 111 110 113 113 113 113 113 113 113 112 114 114 116 117 119 118 120 119 126 117 109 105 108 109 109 107 108 110 108 105 104 101 101 101 93 93 94 93 93 93 92 92 90 90 89 88 88 87 86 86 81 81 81 81 81 81 81 79 80 79 78 73 68 63 62 61 70 72 74 75 77 82 92 102 126 156 188 209 219 226 233 234 230 226 221 221 225 232 237 239 0 0 0 0 0 0 0 0
0 0 0 0 0 0 0 0 237 236 236 235 235 234 233 233 233 235 238 240 241 240 239 238 237 237 238 239 242 244 246 249 251 253 255 252 250 247 249 251 252 250 252 251 252 252 251 252 252 250 246 243 244 246 249 249 253 246 237 223 208 193 179 170 185 185 184 182 184 186 181 176 167 150 132 121 116 109 98 91 87 85 79 77 81 91 106 116 132 138 140 133 131 137 146 151 156 137 113 91 70 58 70 90 104 142 181 202 214 229 237 238 230 211 186 160 136 115 105 105 125 159 195 224 248 249 245 250 250 252 252 253 253 253 252 251 255 255 255 255 255 255 255 255 255 255 255 255 255 254 255 254 253 253 253 253 253 253 253 252 252 251 251 251 251 251 251 250 250 248 248 248 248 248 248 248 249 246 244 239 237 234 234 233 231 222 210 197 185 166 145 130 145 145 151 163 175 183 195 208 215 225 230 228 226 226 224 219 225 225 226 226 225 224 222 221 212 214 216 218 219 218 216 215 221 220 219 218 218 219 221 221 221 221 219 204 173 134 105 90 96 101 112 111 93 70 63 65 86 103 126 134 128 118 114 116 112 112 113 114 116 115 113 112 113 112 113 113 114 113 115 114 115 115 117 116 117 117 116 116 116 117 117 117 119 119 119 119 119 119 119 119 121 121 121 121 123 123 123 123 123 123 123 123 123 123 123 123 123 123 123 123 122 122 121 121 121 120 120 120 121 121 120 120 120 119 119 119 118 119 119 120 120 121 121 121 121 121 121 121 121 121 121 121 118 118 119 119 120 119 121 120 120 118 118 115 116 116 118 118 117 116 117 115 116 114 115 114 114 114 116 115 117 117 119 118 116 114 116 113 115 112 114 111 114 112 114 111 113 110 112 109 111 111 111 112 114 114 115 115 114 115 115 115 115 115 115 116 115 117 117 117 117 117 117 117 119 119 119 119 119 119 119 117 118 118 118 119 119 120 119 119 118 116 118 116 116 116 116 116 117 117 117 117 117 117 117 117 116 116 116 116 116 116 116 116 113 113 113 113 112 112 112 112 111 111 109 109 109 109 109 111 111 112 111 111 113 112 112 112 113 113 114 114 114 114 114 114 115 116 119 120 121 120 120 120 123 110 93 87 89 94 93 92 91 92 91 88 86 86 84 83 93 94 93 93 94 93 92 92 90 89 89 88 87 86 85 85 85 85 85 85 85 85 85 85 86 87 89 87 85 84 87 88 94 98 101 103 107 119 135 148 167 195 219 228 229 232 232 231 237 234 233 234 238 241 244 243 0 0 0 0 0 0 0 0
0 0 0 0 0 0 0 0 237 237 237 237 237 237 237 237 240 240 240 241 241 242 242 241 241 241 241 242 243 243 246 246 249 249 250 250 252 252 253 252 251 250 251 250 250 250 250 250 252 246 240 238 244 247 250 250 251 251 248 239 227 217 210 207 229 228 230 232 231 232 231 230 209 195 180 168 158 146 127 112 99 85 72 66 61 63 76 92 107 116 125 125 121 126 138 148 156 151 132 103 77 65 62 62 84 108 143 176 198 209 214 216 206 185 157 137 117 99 92 93 109 141 182 213 235 247 248 244 240 243 247 250 252 252 253 253 255 255 255 255 255 255 255 255 255 255 255 255 255 255 255 253 252 251 251 251 252 252 253 252 252 252 253 252 251 250 248 249 247 251 251 247 246 248 244 236 233 225 219 213 214 210 206 202 194 189 177 159 144 135 136 140 147 161 181 195 203 209 216 224 230 230 227 225 224 224 225 226 225 226 226 227 227 226 226 225 226 224 222 220 219 220 222 223 221 222 222 223 223 222 222 221 221 219 222 214 189 162 129 94 100 108 122 128 96 85 53 59 72 93 121 135 131 124 114 109 109 110 112 113 113 114 115 116 113 112 115 114 116 115 116 114 116 115 119 118 119 119 118 116 116 116 116 116 117 117 119 119 118 118 120 120 120 120 121 121 122 122 122 122 122 122 122 122 121 121 121 121 121 121 121 121 121 121 121 120 120 119 119 119 119 119 119 119 119 119 119 119 119 119 119 119 119 119 119 119 121 121 121 121 121 121 121 121 121 121 122 121 122 121 122 121 119 118 120 119 119 118 118 116 117 116 117 116 117 116 117 116 117 116 117 117 118 118 119 118 117 116 117 116 117 116 117 116 116 115 116 114 115 113 114 114 115 115 115 115 115 115 115 115 114 115 115 115 115 115 115 115 114 113 113 113 113 114 115 116 117 117 117 117 117 117 117 117 117 117 117 117 117 117 117 117 118 117 118 117 117 117 117 117 115 115 115 115 115 115 115 115 115 115 115 115 115 115 115 115 114 113 112 111 110 111 112 113 113 112 111 109 109 111 114 118 112 112 113 113 113 113 114 114 116 113 114 116 119 121 120 118 116 116 118 120 121 120 118 115 123 102 86 82 80 89 91 83 89 89 88 86 85 87 88 89 107 108 109 109 111 111 111 111 108 106 105 105 105 104 104 104 106 106 106 106 106 106 106 108 109 109 107 114 123 129 129 128 131 139 146 150 154 161 175 188 212 226 240 243 238 230 230 233 239 241 243 246 247 246 244 243 0 0 0 0 0 0 0 0
0 0 0 0 0 0 0 0 237 237 237 237 237 237 237 237 240 240 240 241 241 241 242 242 242 242 243 243 244 244 246 247 249 249 250 250 252 252 253 252 251 250 250 250 250 250 250 250 250 248 245 244 246 248 249 247 247 247 247 243 239 234 234 234 237 237 237 238 237 236 235 234 225 219 212 206 202 189 172 158 155 138 117 98 81 65 59 61 68 76 86 98 108 121 132 139 140 140 131 116 99 86 73 62 61 75 101 126 150 162 169 172 159 143 124 111 100 89 85 88 88 118 154 187 214 234 241 238 235 240 244 247 251 251 251 252 255 255 255 255 255 255 255 255 255 255 255 255 253 253 253 253 252 252 253 254 254 254 252 252 250 248 248 247 245 244 244 244 251 254 253 246 242 238 228 218 188 182 174 168 162 155 146 142 132 132 130 127 129 138 153 165 179 191 206 214 217 217 221 226 223 222 220 219 219 221 223 224 225 226 226 227 227 226 226 225 227 224 224 220 222 220 224 223 223 222 224 223 225 222 224 221 219 217 223 220 203 183 154 119 105 93 95 115 112 115 69 54 54 74 103 123 128 122 113 105 114 114 116 115 114 114 115 115 113 112 114 114 114 114 114 113 113 115 117 119 118 119 118 118 116 115 116 116 117 117 119 119 118 118 120 120 120 120 121 121 122 122 122 122 122 122 122 122 121 121 121 121 121 121 121 121 121 121 120 120 120 119 119 119 119 119 119 119 119 119 119 119 119 119 119 119 119 119 119 119 121 121 121 121 121 121 121 121 122 122 122 122 122 122 122 122 121 121 122 122 121 120 119 119 117 117 117 117 117 117 117 117 117 117 117 118 118 119 119 119 117 117 117 117 117 117 117 117 116 116 116 115 115 114 114 114 116 116 116 116 116 116 116 116 115 115 115 115 115 115 115 115 114 114 114 114 114 115 116 117 117 117 117 117 117 117 117 117 117 117 117 117 117 117 117 117 118 118 118 118 118 118 118 117 117 115 115 115 115 115 115 115 115 115 115 115 115 115 115 115 113 112 111 110 110 113 115 116 115 116 115 112 111 112 117 120 119 118 119 118 116 115 115 115 118 116 117 119 122 123 123 121 127 126 126 123 123 117 111 108 106 93 86 89 91 104 112 108 121 125 127 130 135 139 143 144 167 167 170 170 171 171 171 171 174 174 174 173 173 173 172 172 174 174 174 174 174 174 174 176 178 177 178 183 193 199 198 197 195 197 201 202 203 207 216 223 225 233 242 244 240 237 237 240 242 243 246 247 249 248 246 245 0 0 0 0 0 0 0 0
0 0 0 0 0 0 0 0 239 239 239 239 239 239 239 239 242 242 242 242 243 243 243 242 243 244 244 244 247 247 247 248 249 249 250 250 252 252 252 252 251 251 251 251 250 250 250 250 248 250 251 251 248 246 244 241 243 242 244 245 246 246 250 252 241 241 240 240 238 237 235 234 234 232 230 228 227 223 216 209 207 190 169 148 124 97 77 66 63 60 64 79 97 113 121 123 133 133 130 126 120 110 89 72 57 57 61 73 92 104 111 111 99 92 84 84 84 83 83 84 80 103 133 170 203 228 238 238 233 238 243 247 251 251 251 252 255 255 255 255 255 255 255 255 255 255 253 252 250 251 252 253 254 254 254 254 252 251 249 248 246 247 248 248 248 249 249 248 248 246 240 228 217 203 188 177 157 154 148 142 131 119 107 100 93 97 102 109 123 142 166 182 201 210 220 223 222 219 219 222 216 217 216 217 218 221 223 225 226 226 227 227 227 227 226 226 228 225 225 222 223 223 225 225 224 224 225 225 226 224 225 223 219 215 222 225 217 202 177 144 108 80 76 102 126 136 87 59 41 57 86 114 128 127 119 111 118 117 118 116 113 112 113 113 115 113 115 113 114 114 114 114 113 115 116 118 120 120 120 117 117 117 117 117 118 118 120 120 119 119 121 121 121 121 122 122 121 121 121 121 121 121 121 121 122 122 122 122 122 122 122 122 121 120 120 120 119 119 119 119 120 120 120 120 120 120 120 120 120 120 120 120 120 120 120 120 122 122 122 122 122 122 122 122 123 123 123 123 123 123 123 123 123 123 123 123 123 122 121 120 117 117 117 117 117 117 117 117 117 117 117 117 118 118 118 118 118 118 118 118 118 118 118 118 116 116 116 115 115 114 114 114 116 116 116 116 116 116 116 116 115 115 115 115 115 115 115 115 116 115 115 115 115 116 117 118 117 117 117 117 117 117 117 117 117 117 117 117 117 117 117 117 118 118 118 118 118 118 118 117 117 115 115 115 115 115 115 115 115 115 115 115 115 115 115 115 114 113 112 111 111 113 115 116 116 117 116 114 113 113 118 121 123 123 121 119 117 114 115 114 117 116 117 118 120 122 122 123 131 129 127 123 118 112 103 100 94 92 101 114 121 134 148 147 157 163 168 175 182 189 194 196 206 206 209 209 210 212 212 213 216 216 215 215 214 214 214 214 214 214 214 214 214 214 214 214 217 215 215 219 226 228 228 227 232 233 233 233 234 234 237 237 235 237 241 242 241 242 243 245 243 244 248 249 250 249 247 246 0 0 0 0 0 0 0 0
0 0 0 0 0 0 0 0 238 238 239 239 239 239 240 240 241 241 242 242 242 243 243 243 244 244 245 245 247 248 248 248 249 249 250 250 252 252 252 252 250 250 250 250 249 249 249 249 246 251 255 255 250 244 241 238 241 241 243 245 247 247 247 247 240 237 237 236 234 234 234 232 234 232 230 226 227 228 233 234 224 212 197 186 170 149 127 109 93 80 71 74 83 95 105 111 131 132 131 127 125 120 104 91 82 69 51 47 55 62 62 60 56 57 61 72 82 89 90 91 86 99 125 160 199 225 236 236 232 236 242 246 249 251 251 252 255 255 255 255 254 254 253 252 255 253 250 247 247 248 251 251 255 254 253 250 248 247 247 244 245 245 247 250 252 250 247 242 232 222 210 190 174 160 147 139 132 133 133 128 116 101 87 79 88 95 106 118 134 155 175 190 205 211 217 220 217 215 215 218 217 217 218 218 221 222 226 226 226 226 228 227 228 227 227 225 227 226 226 224 225 224 226 226 225 225 226 226 227 225 226 224 221 216 219 223 218 210 187 154 112 82 78 98 128 139 100 74 45 50 70 99 121 128 125 120 119 119 119 117 115 113 114 115 114 113 115 114 115 117 118 116 116 117 119 119 120 120 119 118 118 117 117 117 118 118 120 120 119 119 121 121 121 121 122 122 120 120 120 120 120 120 120 120 122 122 122 122 122 122 122 122 120 120 120 119 119 119 118 118 120 120 120 120 120 120 120 120 120 120 120 120 120 120 120 120 122 122 122 122 122 122 122 122 123 123 123 123 123 123 123 123 122 123 123 123 123 122 121 120 117 117 117 117 117 117 117 117 117 117 117 117 117 117 117 118 118 118 118 118 118 118 118 118 116 116 116 115 115 114 114 114 116 116 116 116 116 116 116 116 116 116 116 116 116 116 116 116 117 116 116 116 116 117 118 119 118 118 118 118 118 118 118 118 117 117 117 117 117 117 117 117 117 117 117 117 117 117 117 117 116 114 114 114 114 114 114 114 114 114 114 114 114 114 114 114 116 115 113 112 112 113 114 115 119 119 120 118 116 116 118 123 123 122 121 120 119 119 118 118 120 122 122 122 125 125 125 127 130 129 127 123 118 112 105 102 97 105 131 152 159 172 184 185 189 193 198 206 212 217 220 222 233 234 236 237 240 240 241 241 241 241 241 240 240 240 239 239 239 239 239 239 239 239 239 239 238 235 234 233 235 235 234 232 234 233 233 235 238 239 238 235 241 241 241 242 244 246 246 247 246 247 247 249 249 248 249 247 0 0 0 0 0 0 0 0
0 0 0 0 0 0 0 0 238 238 238 239 239 240 240 240 241 241 241 242 242 242 243 243 244 244 247 247 247 248 249 249 249 249 250 250 250 250 250 250 250 250 250 250 250 250 249 249 245 250 255 255 249 243 240 239 241 240 243 244 245 242 238 235 231 228 229 229 228 230 230 231 233 233 232 227 227 228 233 236 225 219 212 208 206 196 179 163 132 111 88 73 65 69 87 103 120 127 133 131 127 125 119 113 111 93 66 52 49 49 45 41 41 50 63 81 97 108 109 111 86 94 114 148 189 217 229 232 234 236 241 245 248 250 251 253 255 255 255 254 254 253 253 251 254 251 249 246 246 246 248 250 253 250 250 246 246 247 249 249 248 248 247 244 240 231 219 210 197 183 166 149 137 130 126 126 136 140 143 137 122 104 87 79 88 101 121 140 159 174 188 198 206 211 216 218 216 216 217 220 220 220 223 221 224 224 227 226 228 226 229 228 230 227 228 226 228 226 228 225 228 226 228 227 227 226 228 227 229 226 228 225 223 215 217 221 217 211 192 163 123 87 80 91 127 141 115 94 50 43 49 74 99 114 118 121 121 122 121 120 119 117 116 116 112 111 112 112 113 115 117 118 121 121 123 121 121 120 118 116 117 117 117 117 119 119 119 119 119 119 121 121 121 121 121 121 120 120 120 120 120 120 120 120 121 121 121 121 121 121 121 121 120 120 119 119 119 118 118 118 120 120 120 120 120 120 120 120 120 120 120 120 120 120 120 120 121 121 121 121 121 121 121 121 122 122 122 122 122 122 122 122 120 121 121 121 121 120 119 118 117 117 117 117 117 117 117 117 117 117 117 117 117 117 117 116 118 118 118 118 118 118 118 118 116 116 116 115 115 114 114 114 116 116 116 116 116 116 116 116 116 116 116 116 116 116 116 116 117 117 116 116 117 118 119 119 118 118 118 118 118 118 118 118 117 117 117 117 117 117 117 117 117 117 117 117 117 117 117 117 116 116 116 116 116 116 116 116 116 116 116 116 116 116 116 116 118 117 115 114 113 115 115 116 120 123 123 122 119 119 122 124 123 124 125 126 126 129 130 130 133 134 135 134 135 134 135 137 136 136 134 132 129 122 117 112 105 123 158 185 191 200 209 208 215 218 223 226 229 231 234 235 240 242 243 245 247 247 249 249 252 253 253 253 252 252 252 252 251 251 251 251 251 251 251 249 246 244 242 241 241 239 237 236 237 237 236 239 245 247 243 241 241 240 240 243 248 248 246 245 248 248 248 249 249 249 251 249 0 0 0 0 0 0 0 0
0 0 0 0 0 0 0 0 237 237 238 239 239 240 241 241 240 241 241 241 242 242 242 242 245 244 246 246 247 247 248 249 249 249 250 250 250 250 250 250 249 249 249 249 249 248 248 247 247 249 251 250 248 245 244 243 243 241 241 243 244 242 238 234 224 223 223 223 225 227 230 229 230 233 236 237 235 230 226 222 218 218 218 221 229 231 222 209 169 144 112 78 51 45 65 90 101 117 133 137 134 130 127 126 124 110 90 78 71 67 60 55 57 70 86 103 121 130 129 126 85 88 104 137 177 209 227 234 237 238 242 244 245 248 251 253 255 255 255 254 253 252 250 250 251 248 247 245 245 246 247 247 247 247 248 249 250 250 252 250 255 247 239 228 216 199 181 169 150 138 127 121 120 123 129 135 165 171 173 163 141 115 96 86 96 114 141 165 183 192 201 205 210 213 215 215 215 214 217 219 222 222 224 223 225 224 226 225 229 228 230 229 230 229 229 229 228 228 229 229 229 230 230 230 228 229 229 230 230 229 229 227 225 217 219 220 216 216 202 178 142 91 75 76 126 147 132 112 68 48 38 50 71 88 102 109 114 117 121 121 123 120 120 119 114 113 112 111 112 112 114 114 121 120 122 122 122 119 117 116 117 115 117 117 117 117 117 117 118 118 120 120 120 120 120 120 119 119 119 119 119 119 119 119 119 119 119 119 119 119 119 119 119 119 119 119 118 118 118 117 119 119 119 119 119 119 119 119 119 119 119 119 119 119 119 119 119 119 119 119 119 119 119 119 120 120 120 120 120 120 120 120 119 119 120 120 119 118 117 117 117 117 117 117 117 117 117 117 117 117 117 117 116 116 116 116 117 117 117 117 117 117 117 117 116 116 116 115 115 114 114 114 116 116 116 116 116 116 116 116 117 117 117 117 117 117 117 117 117 117 116 116 116 117 118 119 119 119 119 119 119 119 119 119 117 117 117 117 117 117 117 117 116 116 116 116 116 116 116 116 115 115 115 115 115 115 115 115 115 115 115 115 115 115 115 115 118 117 116 117 116 118 121 122 126 127 129 128 125 125 127 130 130 131 132 133 136 137 138 138 143 144 146 144 142 140 140 142 146 145 144 140 137 131 124 121 114 136 176 204 210 217 225 223 227 228 229 233 234 237 239 240 236 237 240 241 243 244 245 245 249 249 248 248 248 247 247 247 247 247 247 247 247 247 247 245 243 241 242 241 241 239 240 239 244 244 243 246 249 249 247 244 241 242 244 246 249 249 247 245 249 249 251 251 251 251 251 251 0 0 0 0 0 0 0 0
0 0 0 0 0 0 0 0 238 238 239 240 240 241 242 242 241 241 242 242 242 243 243 242 244 245 245 245 247 247 247 248 249 249 249 249 249 249 249 249 249 249 249 249 248 248 248 247 249 245 243 242 245 246 250 248 245 242 240 239 241 242 241 238 224 224 222 223 224 226 229 231 230 233 236 238 236 230 220 211 210 213 219 222 230 234 227 215 177 153 121 83 47 33 50 78 94 111 125 130 129 129 128 128 126 124 118 111 104 97 91 89 93 104 116 128 137 141 133 125 86 85 94 123 163 197 223 237 241 241 242 241 244 247 252 255 255 255 254 252 252 250 251 250 250 248 248 247 247 246 246 246 244 246 250 252 251 245 240 235 235 224 209 193 179 162 146 135 119 114 114 123 133 140 149 157 179 184 184 169 140 109 86 76 102 123 154 180 197 202 205 206 210 211 212 212 212 213 216 217 222 223 226 225 228 227 229 227 230 229 231 230 232 229 231 230 229 230 231 231 232 232 232 232 230 231 231 232 232 231 231 228 229 220 221 222 217 218 213 192 155 99 78 67 116 140 142 131 95 62 38 35 46 57 71 83 89 94 105 114 120 123 124 124 123 119 116 114 113 112 113 111 116 116 118 120 121 120 119 117 117 116 117 117 117 117 117 117 117 117 119 119 119 119 119 119 118 118 118 118 118 118 118 118 118 118 118 118 118 118 118 118 119 119 119 118 118 118 117 117 118 118 118 118 118 118 118 118 118 118 118 118 118 118 118 118 118 118 118 118 118 118 118 118 119 119 119 119 119 119 119 119 119 119 119 119 119 118 117 117 117 117 117 117 117 117 117 117 117 117 117 116 116 115 115 115 116 116 116 116 116 116 116 116 116 116 116 115 115 114 114 114 116 116 116 116 116 116 116 116 117 117 117 117 117 117 117 117 116 116 115 115 116 117 118 118 119 119 119 119 119 119 119 119 117 117 117 117 117 117 117 117 116 116 116 116 116 116 116 116 115 115 115 115 115 115 115 115 115 115 115 115 115 115 115 116 115 116 116 118 122 125 129 130 133 135 137 136 134 133 134 137 140 141 140 139 139 138 139 138 139 141 141 138 134 132 132 135 141 141 139 136 134 128 122 120 115 135 174 204 212 220 231 232 231 231 232 232 233 235 238 240 244 245 248 249 252 252 254 254 254 252 252 252 251 251 250 250 252 252 252 252 252 252 252 252 250 250 251 250 250 248 249 250 248 247 246 246 248 248 249 245 245 244 246 247 249 249 249 250 252 251 252 251 251 252 252 253 0 0 0 0 0 0 0 0
0 0 0 0 0 0 0 0 238 238 239 240 240 241 242 242 241 241 241 242 242 243 243 243 244 244 244 245 246 246 247 247 249 249 249 249 249 249 249 249 249 249 249 248 248 247 247 245 248 242 238 236 242 247 251 252 248 243 237 235 236 240 241 240 228 225 223 223 224 226 228 230 235 234 233 233 234 228 222 215 209 212 213 212 211 210 200 185 153 134 107 76 45 30 50 76 98 108 115 117 118 121 123 123 127 133 137 136 129 121 115 114 121 131 139 142 143 139 123 113 86 81 84 108 145 181 211 232 241 243 241 241 243 247 252 255 254 253 253 250 250 250 250 249 247 247 247 247 247 246 246 243 243 246 253 252 248 236 224 216 202 189 171 154 145 133 124 114 116 114 123 141 156 166 173 180 189 195 194 178 146 111 87 76 90 115 148 179 196 204 206 208 210 211 211 212 213 215 219 223 225 226 228 229 231 232 232 232 230 231 231 232 232 231 231 230 230 230 232 232 233 233 233 233 231 232 232 233 233 232 232 230 231 223 223 222 216 218 214 199 159 109 89 68 105 124 143 145 112 74 40 27 27 32 44 55 63 73 90 105 117 125 130 131 133 130 126 120 117 114 113 113 113 112 115 117 119 121 121 120 118 116 116 116 116 116 116 116 116 116 118 118 118 118 118 118 118 118 118 118 118 118 118 118 117 117 117 117 117 117 117 117 119 119 119 118 118 117 117 117 117 117 117 117 117 117 117 117 117 117 117 117 117 117 117 117 117 117 117 117 117 117 117 117 118 118 118 118 118 118 118 118 119 119 120 120 119 119 118 117 117 117 117 117 117 117 117 117 117 117 117 116 116 115 115 115 115 115 115 115 115 115 115 115 116 116 116 115 115 114 114 114 116 116 116 116 116 116 116 116 117 117 117 117 117 117 117 117 116 115 115 115 115 116 117 118 119 119 119 119 119 119 119 119 117 117 117 117 117 117 117 117 116 116 116 116 116 116 116 116 115 115 115 115 115 115 115 115 115 115 115 115 115 115 115 116 113 114 117 120 124 130 135 141 140 142 144 144 141 142 142 145 147 148 146 143 140 138 137 136 130 131 131 127 124 120 120 123 129 129 129 128 128 123 117 114 106 124 161 191 201 215 229 232 239 239 238 236 236 236 239 241 241 243 245 248 249 250 252 250 251 249 251 249 250 248 250 247 252 250 252 250 252 250 252 250 251 251 252 248 247 245 245 246 252 251 252 251 252 253 254 254 250 249 250 249 248 249 252 255 253 252 252 251 251 252 252 253 0 0 0 0 0 0 0 0
0 0 0 0 0 0 0 0 239 239 239 240 240 241 241 241 241 241 241 242 242 243 243 243 245 245 245 246 246 247 247 247 249 249 249 249 248 248 248 248 250 250 250 249 249 247 247 246 242 239 239 241 245 247 246 245 240 237 235 235 236 240 244 244 237 232 230 228 227 223 219 215 218 218 216 214 214 212 211 209 204 196 189 179 166 149 128 113 94 81 64 47 40 45 60 71 99 104 110 113 114 114 116 120 120 126 130 131 127 123 121 121 128 136 141 140 137 130 115 107 79 81 74 103 125 173 201 229 235 242 244 241 242 248 252 252 252 250 249 250 252 253 253 251 255 249 252 251 244 246 254 250 246 248 244 232 223 212 192 171 160 146 130 120 121 125 130 131 140 146 156 167 174 179 180 180 183 182 176 158 124 88 67 65 86 115 150 179 193 199 204 210 205 206 207 211 216 219 221 220 227 228 228 229 229 229 229 229 232 232 232 232 232 232 232 231 235 235 235 235 235 235 235 235 234 234 234 234 234 234 234 232 228 227 226 224 219 213 210 205 169 129 98 80 74 107 147 148 130 101 64 32 15 13 21 31 42 50 63 82 100 114 121 124 129 136 136 131 128 126 122 115 116 117 120 120 121 120 118 117 116 116 116 116 116 116 116 116 116 116 116 116 114 114 114 114 117 117 117 117 117 117 117 117 116 116 116 116 116 116 116 116 116 116 116 116 116 116 116 116 116 116 116 116 116 116 116 116 116 116 116 116 116 116 116 116 117 117 117 117 117 117 117 117 117 117 117 117 117 117 117 117 117 117 117 117 117 117 117 117 116 116 116 116 116 116 116 116 117 116 116 115 115 114 114 113 113 113 113 113 113 113 113 113 112 113 114 115 116 117 116 116 116 116 116 116 116 116 116 116 116 116 116 116 116 116 116 116 116 115 115 115 115 116 117 118 118 118 118 118 118 118 118 118 117 117 117 116 116 115 115 115 116 116 116 116 116 116 116 116 116 116 116 115 115 114 114 114 115 115 115 115 115 115 115 116 116 117 119 124 131 135 135 135 143 139 136 134 133 132 127 126 127 126 123 118 114 110 109 107 102 100 97 94 95 96 98 102 103 105 107 107 107 103 99 96 88 110 143 172 193 211 225 234 237 237 236 236 238 242 248 251 248 251 253 255 255 255 255 255 253 250 251 250 251 250 251 250 252 251 252 252 253 253 254 254 254 254 254 252 252 251 251 249 250 251 253 253 254 253 255 253 251 250 250 251 251 252 252 252 254 254 254 255 255 255 255 255 0 0 0 0 0 0 0 0
0 0 0 0 0 0 0 0 240 240 240 241 241 241 242 242 242 242 242 243 243 244 244 244 244 244 245 245 245 246 246 246 249 249 249 249 248 248 248 248 247 247 247 245 245 244 244 242 243 242 241 243 243 242 239 238 240 239 237 235 233 230 225 223 222 217 213 210 207 202 198 194 184 182 179 174 171 169 166 164 163 156 146 131 114 95 74 61 50 45 42 41 48 61 76 87 103 105 109 109 109 108 110 114 112 117 124 126 124 120 119 121 123 129 134 133 132 127 117 110 95 87 68 87 107 157 193 227 235 242 243 241 242 246 249 251 252 251 250 250 253 252 251 249 249 242 248 254 255 255 255 246 244 236 222 202 186 168 152 134 125 119 114 116 127 141 158 165 168 168 170 175 178 182 184 186 179 177 172 153 120 85 64 61 85 114 150 180 194 199 204 208 205 205 209 213 218 221 223 222 229 230 230 230 231 231 231 231 233 233 233 233 233 233 233 233 234 234 234 234 234 234 234 234 235 234 234 234 234 234 234 231 227 225 226 222 215 209 206 204 178 139 106 80 68 97 138 149 149 119 81 46 22 13 16 20 28 33 42 53 67 80 93 100 118 128 134 136 135 134 130 123 125 123 121 119 119 116 115 115 116 115 116 115 115 116 116 116 116 116 116 116 114 114 114 114 116 116 116 116 116 116 116 116 116 116 116 116 116 116 116 116 115 115 115 115 115 115 115 115 115 115 115 115 115 115 115 115 115 115 115 115 115 115 115 115 115 115 115 115 115 115 115 115 117 117 117 117 117 117 117 117 117 117 117 117 117 117 117 117 116 116 116 116 116 116 116 116 117 116 116 115 114 114 113 113 113 113 113 113 113 113 113 113 112 113 114 115 116 116 116 116 116 116 116 116 116 116 116 116 116 116 116 116 116 116 116 116 116 115 115 115 115 116 117 118 118 118 118 118 118 118 118 118 117 117 117 116 116 115 115 115 116 116 116 116 116 116 116 116 116 116 115 115 115 114 114 114 115 115 115 115 115 115 115 118 123 124 124 127 130 130 128 127 119 118 117 116 115 112 105 103 114 116 114 111 109 106 105 104 101 100 99 98 99 101 103 105 104 107 108 108 106 103 98 97 92 110 138 165 189 207 223 233 238 237 238 238 239 243 248 251 252 254 255 255 255 255 255 255 253 250 250 250 250 250 250 250 250 250 250 251 251 251 252 253 254 255 255 254 254 252 252 251 252 254 255 255 255 255 255 255 253 252 252 253 252 252 253 253 254 254 254 255 255 255 255 255 0 0 0 0 0 0 0 0
0 0 0 0 0 0 0 0 241 241 242 242 242 243 243 243 243 243 244 244 244 245 245 245 245 245 245 246 246 246 246 246 248 248 247 248 248 248 246 246 245 245 245 244 242 241 241 240 239 240 240 241 237 235 232 231 240 237 234 230 222 211 198 190 177 173 167 160 155 149 143 139 128 123 118 112 106 103 101 99 100 94 86 71 55 38 27 21 28 31 41 53 68 82 96 101 109 108 109 108 107 107 108 110 107 112 119 121 120 118 116 117 116 121 124 124 127 127 123 123 111 93 64 73 89 142 180 216 232 239 242 238 239 245 248 250 251 250 250 251 253 253 252 250 255 245 246 253 255 255 255 237 226 206 184 161 143 126 117 112 109 113 122 134 149 163 179 187 189 185 180 178 177 182 187 191 183 179 171 150 119 85 64 60 85 112 150 180 195 200 203 205 205 206 210 215 220 222 223 224 228 228 229 229 229 230 230 230 231 231 231 232 232 232 232 233 232 232 232 232 232 232 232 232 235 235 235 234 234 233 233 230 224 225 226 222 213 205 204 204 187 154 120 83 61 79 122 143 159 137 105 66 35 20 18 19 24 25 26 29 34 44 62 74 92 103 117 126 131 133 131 126 131 128 124 120 120 119 119 116 114 113 115 114 115 116 116 116 115 115 115 115 113 113 113 113 115 115 115 115 115 115 115 115 115 115 115 115 115 115 115 115 114 114 114 114 114 114 114 114 114 114 114 114 114 114 114 114 114 114 114 114 114 114 114 114 114 114 114 114 114 114 114 114 117 117 117 117 117 117 117 117 117 117 117 117 117 117 117 117 116 116 116 116 116 116 116 116 117 117 116 115 114 113 113 112 112 112 112 112 112 112 112 112 112 112 114 115 116 116 116 116 117 117 117 117 117 117 117 117 117 117 117 117 117 117 117 117 116 115 115 115 115 116 117 118 118 118 118 118 118 118 118 118 117 117 117 116 116 115 115 115 116 116 116 116 116 116 116 116 117 116 116 116 115 115 115 115 116 116 116 116 116 116 116 118 123 124 123 122 123 118 114 111 103 101 97 93 93 92 90 92 94 96 98 100 103 105 106 107 115 116 118 120 122 124 125 128 129 132 133 132 129 126 122 120 121 130 148 169 191 209 224 232 239 238 239 239 241 243 247 250 255 255 255 255 255 255 255 255 251 248 248 248 248 248 248 248 247 247 247 248 248 248 249 251 255 255 255 254 254 252 252 252 255 255 255 255 255 255 255 255 255 253 253 253 253 254 253 253 254 254 252 253 253 254 254 254 0 0 0 0 0 0 0 0
0 0 0 0 0 0 0 0 240 240 241 241 242 242 242 242 243 243 243 243 243 244 244 244 246 246 246 246 247 247 247 247 247 248 247 247 247 248 246 246 245 243 243 243 242 241 239 238 235 235 237 236 231 228 227 228 231 227 221 213 200 183 163 151 140 134 127 119 113 106 100 94 89 86 81 75 70 67 65 64 62 62 59 54 47 44 46 48 57 65 79 87 93 98 104 109 112 110 109 108 107 107 110 111 108 111 115 117 115 113 111 110 108 112 114 116 122 129 131 134 115 97 62 67 80 131 169 206 227 235 238 238 239 246 249 251 251 249 248 247 250 252 254 253 255 243 240 242 239 237 233 218 200 174 149 132 118 107 108 114 121 136 157 172 181 186 189 191 186 180 175 173 173 178 184 190 188 184 174 153 123 89 69 64 84 110 146 177 193 199 202 204 205 206 210 215 220 223 222 222 224 226 226 227 228 228 229 229 229 229 229 230 230 230 230 230 231 233 233 233 233 233 233 233 236 236 235 234 234 233 232 229 222 224 226 220 211 206 207 208 195 172 136 95 61 63 102 132 152 147 129 94 56 35 31 33 32 32 30 22 17 21 35 46 62 73 88 100 110 117 122 121 126 123 122 121 122 121 120 119 114 113 113 114 115 114 115 115 114 114 114 114 112 112 112 112 115 115 115 115 115 115 115 115 114 114 114 114 114 114 114 114 113 113 113 113 113 113 113 113 113 113 113 113 113 113 113 113 112 112 112 112 112 112 112 112 113 113 113 113 113 113 113 113 117 117 117 117 117 117 117 117 117 117 117 117 117 117 117 117 116 116 116 116 116 116 116 116 117 117 116 115 114 113 112 111 111 111 111 111 111 111 111 111 111 112 113 115 115 116 116 115 117 117 117 117 117 117 117 117 117 117 117 117 117 117 117 117 116 115 115 115 115 116 117 118 118 118 118 118 118 118 118 118 117 117 117 116 116 115 115 115 115 115 115 115 115 115 115 115 116 116 116 115 115 115 114 114 115 115 115 115 115 115 115 118 122 124 122 120 115 109 104 100 99 96 89 86 87 93 101 108 116 120 128 134 142 149 155 158 161 164 168 171 174 176 180 180 183 185 186 185 183 179 176 174 176 178 183 194 208 223 231 237 239 240 240 241 242 245 248 249 254 255 255 255 255 255 255 255 250 247 249 247 249 247 249 247 249 247 250 248 251 249 251 252 255 255 255 255 255 253 253 253 255 255 255 255 255 255 255 255 254 252 252 252 253 253 252 252 254 252 252 253 253 253 254 253 0 0 0 0 0 0 0 0
0 0 0 0 0 0 0 0 239 239 240 240 241 241 241 241 243 243 243 242 242 242 242 242 249 249 249 249 248 248 248 248 245 246 246 247 245 246 246 245 243 242 242 241 239 238 236 235 232 231 233 232 229 228 226 226 220 210 197 182 168 150 129 114 83 78 71 66 63 59 56 54 50 49 46 42 41 40 39 39 51 56 62 64 65 69 80 88 102 109 119 117 109 102 104 109 109 106 104 103 104 106 109 110 107 107 110 111 112 111 110 108 109 111 113 113 117 127 132 134 119 100 61 62 70 122 163 203 222 231 237 237 241 247 250 249 248 246 244 245 249 252 255 255 249 239 238 232 213 204 198 185 164 144 126 119 115 111 120 133 147 162 182 194 197 196 194 193 176 174 171 171 172 176 179 183 187 181 171 151 120 87 69 62 79 104 137 167 185 194 200 203 203 205 209 214 219 221 221 220 223 223 224 225 226 226 227 227 227 227 228 228 229 229 229 232 231 231 231 231 231 231 231 231 233 233 233 232 232 231 231 228 218 217 219 215 211 206 209 210 199 185 152 108 68 56 82 114 141 153 155 125 80 52 44 44 42 44 44 34 22 14 18 25 35 40 53 67 79 91 103 109 110 112 117 121 121 118 116 114 114 114 115 113 114 114 114 114 114 114 114 114 112 112 112 112 115 115 115 115 115 115 115 115 114 114 114 114 114 114 114 114 113 113 113 113 113 113 113 113 113 113 113 113 113 113 113 113 111 111 111 111 111 111 111 111 113 113 113 113 113 113 113 113 117 117 117 117 117 117 117 117 117 117 117 117 117 117 117 117 116 116 116 116 116 116 116 116 117 117 116 114 113 112 111 110 111 111 111 111 111 111 111 111 111 112 113 114 115 115 115 115 117 117 117 117 117 117 117 117 117 117 117 117 117 117 117 117 116 115 115 115 115 116 117 118 118 118 118 118 118 118 118 118 117 117 117 116 116 115 115 115 115 115 115 115 115 115 115 115 116 116 115 115 115 114 114 114 115 115 115 115 115 115 115 118 125 127 126 121 115 106 101 100 98 99 102 107 114 124 134 145 159 163 171 178 187 194 201 205 212 216 220 224 227 229 231 231 231 231 233 232 231 227 226 225 225 222 219 222 231 238 242 243 242 242 242 244 245 247 248 249 252 252 252 253 253 254 254 253 250 249 250 249 250 249 250 249 252 251 252 251 253 252 254 254 255 255 255 255 255 253 253 252 253 252 254 255 255 255 255 255 253 251 251 251 252 252 251 251 252 252 252 252 252 251 253 251 0 0 0 0 0 0 0 0
0 0 0 0 0 0 0 0 240 240 240 241 241 241 242 242 244 244 243 243 243 242 242 242 248 248 249 249 247 248 247 247 245 245 245 246 245 245 246 245 241 240 240 238 237 235 234 233 233 233 232 234 234 230 224 217 199 184 165 148 135 121 109 98 87 83 79 78 81 83 83 82 89 90 90 89 90 89 90 89 81 84 92 95 98 103 113 120 123 128 133 126 112 103 104 109 102 100 98 99 102 105 108 106 104 103 103 105 109 112 113 114 116 117 116 113 115 122 126 127 127 106 63 56 57 108 157 203 216 227 236 239 243 247 249 246 247 245 244 246 248 251 252 250 248 242 241 223 190 167 155 142 123 118 116 119 129 141 155 166 179 186 192 193 190 186 187 186 177 176 178 178 178 177 177 176 179 175 165 146 117 85 65 57 72 93 123 154 175 187 197 204 204 205 210 214 218 219 219 217 221 222 223 224 226 227 227 228 228 228 229 229 230 231 231 231 231 232 232 232 232 232 232 232 232 232 232 232 232 232 232 229 216 213 213 210 208 208 210 209 201 193 161 118 78 52 64 96 136 158 173 149 105 69 51 43 49 56 62 58 44 31 25 25 18 17 23 32 43 55 70 82 92 102 114 121 120 117 115 117 117 115 115 115 113 113 113 112 114 113 113 113 111 111 111 111 114 114 114 114 114 114 114 114 113 113 113 113 113 113 113 113 113 113 113 113 113 113 113 113 113 113 113 113 113 113 113 113 111 111 111 111 111 111 111 111 112 112 112 112 112 112 112 112 117 117 117 117 117 117 117 117 117 117 117 117 117 117 117 117 116 116 116 116 116 116 116 116 117 117 116 114 113 111 110 109 110 110 110 110 110 110 110 110 111 111 113 114 115 115 115 115 116 116 116 116 116 116 116 116 116 116 116 116 116 116 116 116 116 115 115 115 115 116 117 118 118 118 118 118 118 118 118 118 117 117 117 116 116 115 115 115 114 114 114 114 114 114 114 114 115 115 115 115 114 114 114 113 114 114 114 114 114 114 114 117 123 128 127 122 117 111 109 110 115 125 141 154 167 176 182 189 196 201 204 209 215 219 222 224 233 235 237 240 244 245 245 245 246 247 247 249 248 247 244 244 244 241 238 240 244 246 246 246 244 244 246 247 248 248 249 249 251 251 251 251 251 251 251 251 251 251 251 251 251 251 251 251 254 254 255 255 255 255 255 255 255 255 255 254 254 253 253 253 251 252 252 254 254 255 255 255 252 252 251 252 252 251 252 250 252 251 251 250 250 251 251 251 0 0 0 0 0 0 0 0
0 0 0 0 0 0 0 0 242 242 243 243 243 244 244 244 246 246 246 245 245 244 244 244 246 247 246 247 245 245 245 245 244 244 243 244 245 245 245 243 243 241 241 240 238 237 236 234 235 233 234 238 236 226 210 195 168 151 129 115 111 112 112 109 102 98 95 96 101 103 105 104 118 119 121 121 123 121 121 118 123 124 129 132 131 133 138 140 125 125 125 119 111 106 105 104 101 98 97 99 103 106 108 105 107 102 101 102 105 111 115 117 119 120 117 114 116 120 121 124 126 110 69 59 53 97 145 192 215 228 238 242 245 246 245 240 244 246 248 251 252 250 244 238 231 222 213 189 153 132 125 117 109 116 128 140 156 173 186 190 198 197 195 190 181 177 176 177 180 179 183 183 182 178 174 173 178 174 165 148 121 88 67 58 66 84 111 139 165 182 197 205 206 208 212 217 220 220 218 216 217 217 218 219 221 222 223 223 224 224 225 226 227 227 228 229 229 230 230 230 230 230 230 230 230 230 231 232 232 233 234 231 223 214 211 210 212 212 211 207 202 196 164 122 85 52 53 81 124 152 175 162 127 92 61 41 47 58 74 78 69 57 48 42 27 20 16 16 19 24 34 46 58 75 95 106 106 107 113 118 119 118 117 116 115 113 112 111 113 113 112 112 110 110 110 110 111 111 111 111 111 111 111 111 112 112 112 112 112 112 112 112 114 114 114 114 114 114 114 114 114 114 114 114 114 114 114 114 112 112 112 112 112 112 112 112 111 111 111 111 111 111 111 111 117 117 117 117 117 117 117 117 117 117 117 117 117 117 117 117 116 116 116 116 116 116 116 116 117 117 116 114 112 111 109 109 109 109 109 109 109 109 109 109 110 111 112 114 114 115 115 114 115 115 115 115 115 115 115 115 115 115 115 115 115 115 115 115 116 115 115 115 115 116 117 118 118 118 118 118 118 118 118 118 117 117 117 116 116 115 115 115 114 114 114 114 114 114 114 114 115 115 115 114 114 114 113 113 114 114 114 114 114 114 114 117 119 124 127 127 128 131 136 142 156 166 183 196 206 212 216 223 230 234 234 236 238 239 240 240 234 235 236 237 238 238 238 238 241 243 244 245 245 245 244 245 243 244 245 247 248 248 246 244 244 245 248 247 248 248 248 248 250 250 250 250 250 250 250 252 252 253 253 253 253 253 253 253 255 255 255 255 255 255 255 255 255 255 255 254 253 251 251 251 251 253 253 255 255 255 255 255 254 253 254 254 253 254 254 252 252 251 251 250 250 250 250 250 0 0 0 0 0 0 0 0
0 0 0 0 0 0 0 0 244 244 245 245 245 246 246 246 249 247 248 247 247 245 246 246 242 242 242 243 242 242 243 242 243 242 242 242 241 242 243 242 247 246 246 244 243 240 239 237 232 229 231 235 233 218 193 172 138 120 101 92 96 110 121 125 123 119 115 115 117 118 120 119 121 123 125 127 126 124 122 120 116 118 122 123 124 123 124 124 123 119 114 111 111 108 103 97 101 99 98 100 106 109 108 106 113 106 102 100 104 109 112 114 115 116 116 114 115 120 122 122 121 110 76 68 57 91 131 174 215 227 240 244 245 245 240 235 243 246 252 255 255 248 235 227 192 175 161 140 113 108 116 116 125 140 155 163 174 188 193 188 191 191 191 189 186 181 181 179 179 180 183 184 182 178 173 170 181 176 169 154 127 95 71 61 59 75 101 131 156 177 194 204 206 208 212 215 218 217 214 212 207 207 209 210 212 213 214 215 216 217 217 218 219 220 221 222 226 228 228 228 228 228 228 228 228 229 230 231 233 234 235 232 229 219 215 213 217 218 213 209 202 197 163 122 88 51 47 75 111 140 168 166 143 111 74 44 40 54 74 86 84 74 65 57 55 44 31 24 17 14 20 29 27 46 72 86 89 93 106 118 123 122 121 118 116 114 113 111 113 113 112 112 110 110 110 110 107 107 109 107 107 107 107 107 110 110 110 109 109 109 109 109 111 111 112 112 112 112 112 112 112 112 112 112 112 112 112 112 112 112 112 112 112 112 112 112 109 109 109 109 109 109 109 110 116 116 117 116 117 116 117 116 117 116 117 116 117 116 117 117 116 116 116 116 116 116 116 116 118 117 116 114 112 110 109 108 109 109 109 109 109 109 109 109 110 111 112 113 114 114 114 114 114 114 114 114 114 114 114 114 114 114 114 114 114 114 114 114 116 115 115 115 115 116 117 118 118 118 118 118 118 118 118 118 117 117 117 116 116 115 115 115 114 114 114 114 114 114 114 114 115 115 115 114 114 113 113 113 114 114 114 114 114 114 114 117 118 127 134 141 149 158 171 180 192 200 207 213 217 222 230 237 236 239 239 239 240 240 240 240 241 241 240 241 240 239 240 239 240 240 241 242 244 244 243 243 242 246 249 251 250 249 246 243 243 244 247 248 247 248 248 247 253 251 251 250 250 250 250 251 252 253 253 253 253 253 253 253 254 254 254 255 255 255 255 255 255 255 254 254 253 251 253 251 254 254 255 254 255 255 255 255 255 254 255 255 253 254 254 253 251 251 249 250 249 250 250 250 0 0 0 0 0 0 0 0
0 0 0 0 0 0 0 0 240 240 242 243 245 246 248 248 249 248 249 247 249 248 250 250 243 236 232 235 238 235 239 245 239 241 240 235 234 240 242 238 243 241 239 236 233 229 226 223 225 214 203 198 193 178 153 132 95 85 78 81 95 113 125 129 130 127 126 123 122 119 119 117 116 116 116 116 115 115 115 115 114 115 116 117 117 116 116 115 110 110 109 106 105 103 102 101 102 100 102 102 103 104 106 106 106 105 104 103 104 104 106 108 108 109 111 112 112 112 114 119 125 107 84 66 49 85 115 169 206 234 237 241 246 238 239 234 241 253 255 247 236 224 203 180 159 135 110 104 108 113 121 128 145 151 163 175 184 188 188 187 184 184 184 183 183 181 182 180 183 182 181 181 181 180 179 179 179 177 169 156 135 106 75 56 51 64 87 108 124 144 170 193 192 193 198 201 203 205 204 206 211 209 208 207 209 207 204 201 204 203 203 204 210 213 216 218 222 223 222 222 223 227 229 231 224 228 230 232 234 235 234 229 222 215 214 213 214 211 207 200 191 194 156 123 93 53 52 66 96 120 153 164 151 132 93 47 42 37 70 89 90 90 81 84 76 67 54 41 30 25 22 23 24 31 47 61 67 75 91 107 115 125 130 123 116 114 112 109 108 109 110 112 113 113 110 105 104 102 101 100 102 104 103 104 103 104 105 105 106 107 104 104 107 107 108 108 108 108 109 109 109 109 111 111 111 111 111 111 115 116 115 114 114 113 112 112 111 111 111 111 111 111 111 111 114 113 114 113 114 113 114 113 114 114 115 114 115 113 113 112 114 114 114 114 114 114 114 114 115 114 113 113 112 111 110 110 110 110 110 110 110 110 110 110 111 111 111 111 111 111 111 111 111 111 111 111 111 111 111 111 110 110 110 111 111 112 112 112 113 113 113 114 114 115 115 115 115 115 115 115 115 115 115 115 114 114 114 114 114 114 114 114 116 115 115 114 114 113 113 113 113 113 113 112 112 112 111 111 113 112 112 113 115 115 114 115 116 120 130 145 161 175 190 203 211 218 221 222 223 226 231 238 239 239 240 239 240 240 241 241 245 245 243 243 242 242 244 242 242 242 242 243 241 242 242 242 243 244 245 247 249 251 253 252 251 250 251 250 252 251 251 251 254 253 253 251 250 250 248 250 253 254 254 254 254 254 254 254 255 255 255 255 255 255 255 255 255 253 253 254 254 254 255 254 255 255 255 255 255 255 255 255 255 255 255 255 255 255 255 253 252 252 252 252 252 252 252 252 0 0 0 0 0 0 0 0
0 0 0 0 0 0 0 0 240 240 241 242 244 245 246 247 246 245 245 246 247 248 250 249 245 236 234 237 239 239 242 248 242 245 244 238 236 239 240 235 238 237 233 227 222 217 213 209 199 184 166 152 137 120 98 81 73 72 76 85 102 116 125 126 125 122 119 118 115 114 112 111 109 109 109 109 109 109 109 109 111 112 112 113 114 114 113 112 109 108 106 105 103 101 101 99 99 99 100 100 103 103 104 106 106 105 104 103 104 104 106 107 108 108 111 111 111 111 112 118 123 106 79 63 46 81 115 170 206 235 235 238 240 233 242 240 245 248 245 232 212 190 163 142 127 114 107 112 123 133 141 146 157 160 169 177 183 184 183 182 180 180 180 180 181 181 181 181 183 183 182 181 181 180 179 179 175 172 167 155 135 106 74 53 47 57 73 89 101 115 138 159 159 164 170 176 184 191 199 202 209 214 217 216 211 206 204 203 198 197 199 201 204 209 213 215 222 224 223 223 223 223 225 227 230 231 234 235 236 235 234 230 211 205 203 205 206 208 208 204 196 196 157 124 94 55 52 61 83 103 136 153 150 140 108 64 52 40 67 83 89 95 88 92 86 81 72 63 53 46 40 38 35 35 37 40 45 53 69 85 99 111 122 120 116 117 118 116 110 110 109 111 112 112 111 110 106 103 102 102 101 102 102 102 102 103 102 103 103 103 101 103 105 105 105 105 107 107 108 108 108 108 109 109 109 109 109 111 115 116 115 114 113 113 112 112 111 111 111 111 111 111 111 111 113 113 113 113 113 113 113 113 113 113 114 114 113 113 112 111 113 113 113 113 113 113 113 113 114 114 113 112 111 111 110 110 110 110 110 110 110 110 110 110 111 111 111 111 111 111 111 111 111 111 111 111 111 111 111 111 110 110 110 111 111 111 112 112 113 113 113 114 114 114 115 115 115 115 115 115 115 115 115 115 114 114 114 114 114 114 114 114 115 115 114 114 113 113 113 112 113 113 112 112 112 111 111 111 113 112 111 112 114 114 112 113 109 113 121 138 155 171 190 206 214 220 224 225 224 223 226 229 234 236 235 235 234 235 235 238 243 243 242 243 242 242 243 243 244 245 245 244 244 242 242 242 246 246 247 248 251 252 254 254 249 249 250 250 253 253 255 255 254 254 253 251 251 250 248 250 251 253 253 253 253 253 253 253 254 254 254 255 255 255 255 255 253 253 253 254 254 255 255 255 255 255 255 255 255 255 255 255 255 253 253 253 253 253 253 253 252 252 252 252 252 252 252 252 0 0 0 0 0 0 0 0
0 0 0 0 0 0 0 0 241 242 242 243 244 245 246 246 243 243 244 245 246 248 250 250 247 240 237 238 241 243 246 250 247 248 241 229 214 206 198 194 187 182 176 169 163 157 153 150 157 143 124 109 95 83 72 64 60 68 85 102 116 124 127 126 122 120 117 115 113 111 111 110 108 107 107 107 107 107 107 107 109 110 111 112 112 112 112 111 109 108 106 105 103 101 101 99 99 99 100 100 103 103 104 104 106 105 104 103 104 104 106 107 108 108 111 111 111 111 112 118 123 106 78 59 41 77 112 169 206 236 236 236 240 238 249 249 246 234 220 201 176 144 117 104 101 102 114 132 149 159 166 169 174 175 178 182 183 181 179 177 178 178 178 179 180 181 181 181 183 183 182 181 181 180 179 179 171 170 167 158 139 110 77 56 48 54 64 72 78 84 98 114 113 120 129 137 148 159 173 184 193 203 211 211 205 200 201 204 202 202 204 205 206 210 211 213 219 220 220 222 223 224 224 226 233 232 233 232 233 232 231 228 206 201 201 205 208 213 216 214 202 198 157 126 96 61 58 60 68 83 114 138 149 150 125 84 66 43 57 70 82 96 93 97 93 93 91 86 79 69 60 53 46 36 25 19 18 25 40 54 73 86 101 108 113 116 120 119 113 111 110 110 110 111 113 113 107 107 105 104 103 102 101 102 102 102 102 103 103 103 103 103 105 107 107 107 107 107 108 108 108 108 109 109 109 109 111 112 115 115 115 114 113 112 112 112 111 111 111 111 111 111 111 111 113 113 113 113 113 113 113 113 113 113 114 114 113 112 111 111 112 112 112 112 112 112 112 112 113 113 113 112 111 111 110 110 110 110 110 110 110 110 110 110 111 111 111 111 111 111 111 111 111 111 111 111 111 111 111 111 110 110 110 110 111 111 111 112 113 113 113 113 114 114 114 115 115 115 115 115 115 115 115 115 113 113 113 113 113 113 113 113 114 113 113 113 113 112 112 112 112 112 112 111 111 111 110 110 113 112 111 111 112 111 109 110 99 101 106 120 139 159 181 199 215 224 230 232 231 228 228 230 235 235 234 235 234 235 235 236 239 241 241 242 243 243 246 246 249 249 249 247 247 245 245 245 244 246 247 248 249 250 252 252 246 247 249 250 253 255 255 255 254 254 253 251 251 250 248 250 251 253 253 253 253 253 253 253 254 254 254 254 255 255 255 255 253 253 253 254 254 255 255 255 255 255 255 255 255 255 255 255 255 253 253 253 253 253 253 253 252 252 252 252 252 252 252 252 0 0 0 0 0 0 0 0
0 0 0 0 0 0 0 0 244 243 243 244 245 246 247 247 244 244 244 244 245 247 248 248 243 238 236 238 242 244 246 244 237 235 227 203 175 152 141 140 135 131 124 117 110 106 103 100 91 83 75 64 59 57 59 61 74 85 105 120 125 126 124 120 119 116 114 112 110 109 109 107 106 106 106 106 106 106 106 106 109 109 110 111 111 111 111 110 107 105 106 105 103 102 102 100 100 99 100 102 103 103 104 104 106 105 104 103 104 104 106 107 108 108 111 111 111 111 112 118 123 107 81 62 41 72 103 159 193 226 231 237 247 248 253 245 235 207 179 159 136 108 94 95 104 115 135 156 171 179 183 183 186 184 184 183 181 179 177 175 175 176 177 178 180 181 182 182 183 183 182 181 181 180 179 179 169 170 170 164 147 118 85 62 57 61 69 74 74 70 74 80 80 86 94 100 108 120 134 145 157 165 175 182 185 189 194 199 203 208 211 212 212 208 205 205 209 212 216 218 221 224 225 226 226 227 227 227 226 225 225 222 209 208 211 214 217 219 221 219 205 196 156 127 98 72 72 67 65 73 101 130 153 163 142 105 77 46 48 57 71 92 93 97 97 100 102 101 96 87 78 70 59 44 27 17 14 14 22 30 47 58 76 91 99 107 114 116 115 113 111 108 107 108 111 113 110 108 108 106 104 103 101 101 102 102 103 103 103 103 103 103 106 106 106 106 106 106 107 107 107 107 108 108 108 108 110 111 114 115 114 114 113 112 111 111 110 110 110 110 110 110 110 110 112 112 112 112 112 112 112 112 112 113 113 113 113 112 111 110 110 110 110 110 110 110 110 110 113 112 112 111 111 110 110 110 110 110 110 110 110 110 110 110 111 111 111 111 111 111 111 111 111 111 111 111 111 111 111 111 109 109 110 110 110 111 111 111 112 112 113 113 113 114 114 114 114 114 114 114 114 114 114 114 113 113 113 113 112 112 112 112 112 112 112 112 112 111 111 111 111 111 111 111 110 110 110 109 112 111 110 110 110 110 107 108 90 89 91 101 118 136 160 178 205 215 227 234 237 236 236 240 239 239 239 238 237 237 239 239 237 237 240 241 245 245 246 246 247 247 246 245 245 243 243 242 242 242 244 244 245 246 247 246 247 247 248 251 253 254 255 255 254 254 253 251 251 250 248 250 251 253 253 253 253 253 253 253 253 253 254 254 254 255 255 255 253 253 253 254 254 255 255 255 255 255 255 255 255 255 255 255 254 252 252 252 252 252 252 252 251 251 251 251 251 251 251 251 0 0 0 0 0 0 0 0
0 0 0 0 0 0 0 0 246 245 246 247 248 249 248 248 248 248 246 245 245 245 245 245 241 239 238 241 245 246 241 234 214 213 201 175 140 117 110 112 104 101 95 89 84 82 80 79 80 78 77 75 75 80 88 93 98 108 122 130 129 124 121 117 116 113 112 109 107 106 106 106 105 105 105 105 105 105 105 105 107 107 108 109 110 110 109 109 107 105 105 105 103 103 102 100 100 100 102 102 103 103 103 104 106 105 104 103 104 104 106 107 108 108 111 111 111 111 112 118 124 112 89 68 44 69 92 144 178 215 225 238 254 250 245 225 204 169 135 117 106 96 102 116 131 142 161 175 184 188 189 189 187 185 183 181 179 177 176 175 175 175 177 178 180 181 182 183 183 183 182 181 181 180 179 179 170 172 174 171 155 127 94 72 71 76 87 95 95 85 80 79 81 83 86 86 87 92 99 106 111 116 123 134 149 164 175 182 192 200 208 213 213 208 203 202 204 207 212 216 218 220 219 221 217 218 220 222 223 223 223 220 219 219 223 225 223 220 218 214 205 191 154 126 96 78 86 78 67 68 91 123 153 170 153 120 82 46 40 45 60 81 85 90 97 100 104 106 104 98 92 86 73 61 47 37 29 21 16 16 23 33 48 66 79 92 102 110 115 113 112 108 105 104 107 109 109 109 110 108 104 102 100 101 102 102 103 102 103 103 103 103 106 106 106 106 107 107 107 107 108 108 108 108 110 110 110 111 114 115 114 113 112 112 111 111 110 110 110 110 110 110 110 110 112 112 112 112 112 112 112 112 112 112 113 113 112 112 111 110 109 109 109 109 109 109 109 109 112 111 111 111 111 110 110 110 110 110 110 110 110 110 110 110 111 111 111 111 111 111 111 111 111 111 111 111 111 111 111 111 109 109 109 110 110 110 111 111 112 112 112 113 113 113 114 114 114 114 114 114 114 114 114 114 113 113 112 112 111 111 110 110 110 110 110 110 110 111 111 111 111 110 110 110 109 109 109 109 111 110 109 109 110 109 106 107 89 86 84 89 100 113 131 146 174 186 202 214 221 228 234 238 238 239 239 238 239 239 241 241 239 239 242 243 244 243 242 241 239 239 239 238 238 238 238 238 241 241 243 245 245 245 247 248 249 249 251 250 251 250 251 251 255 254 253 251 251 250 248 250 251 253 253 253 253 253 253 253 253 253 253 254 254 254 255 255 253 253 253 254 254 255 255 255 255 255 255 255 255 255 255 255 254 254 254 254 254 254 254 254 253 253 253 253 253 253 253 253 0 0 0 0 0 0 0 0
0 0 0 0 0 0 0 0 244 243 245 246 248 248 249 248 250 250 248 246 245 245 245 244 243 243 245 246 248 244 231 216 194 183 166 144 122 103 97 101 92 89 87 82 80 79 79 77 70 73 76 81 85 92 103 107 118 120 127 127 125 123 121 120 113 110 109 107 106 105 105 103 105 105 105 105 105 105 105 105 106 107 108 108 109 109 108 106 104 104 104 105 103 103 104 103 102 100 102 102 103 103 103 103 104 105 104 103 104 104 106 107 108 108 111 111 111 111 112 118 127 115 96 77 46 66 84 133 174 216 228 240 248 239 223 195 161 132 106 98 103 112 130 149 159 167 177 182 185 190 191 188 181 181 180 179 178 177 176 176 176 177 178 179 180 182 183 183 183 183 182 181 181 180 179 179 171 174 178 176 162 135 104 82 83 91 107 123 129 121 112 109 107 104 100 97 92 89 87 86 82 81 82 92 107 123 136 145 168 178 193 202 206 205 205 207 204 207 210 213 214 212 212 211 211 214 218 220 221 223 222 220 222 222 224 223 216 212 207 203 194 177 143 117 88 82 103 96 76 69 84 112 143 162 152 123 83 47 40 40 49 68 73 79 91 95 100 106 107 104 101 97 87 78 71 64 52 35 22 16 16 17 27 41 57 70 84 96 107 109 111 108 104 102 103 106 108 110 112 108 104 101 101 101 103 102 104 104 105 103 103 103 105 105 105 105 106 106 106 106 107 107 107 107 109 109 109 110 113 114 114 113 112 111 111 110 109 109 109 109 109 109 109 109 111 111 111 111 111 111 111 111 112 112 112 112 112 111 110 110 109 109 109 109 109 109 109 109 111 111 111 110 110 110 110 110 110 110 110 110 110 110 110 110 111 111 111 111 111 111 111 111 111 111 111 111 111 111 111 111 108 109 109 109 110 110 110 110 111 112 112 112 113 113 113 113 113 113 113 113 113 113 113 113 113 112 112 111 110 110 109 109 108 109 109 109 109 110 110 110 110 110 109 109 109 108 108 108 110 109 108 109 110 109 107 107 97 93 90 90 93 96 106 116 139 151 167 181 191 200 208 216 222 226 226 228 231 233 237 240 242 243 244 245 243 241 239 238 236 239 239 237 238 238 239 239 243 243 244 246 247 249 250 250 251 252 251 251 249 249 249 248 255 254 253 253 251 250 248 250 251 253 253 253 253 253 253 253 252 253 253 253 254 254 254 254 253 253 253 254 254 255 255 255 254 254 254 254 254 254 254 254 253 253 253 253 253 253 253 253 252 252 252 252 252 252 252 252 0 0 0 0 0 0 0 0
0 0 0 0 0 0 0 0 239 238 239 242 244 245 247 247 250 248 247 246 246 245 246 244 244 248 250 249 245 236 214 191 168 145 124 114 113 111 107 108 111 110 110 108 108 108 109 107 101 104 107 112 116 122 130 132 123 121 120 117 116 116 118 120 111 108 107 106 104 103 103 103 104 104 104 104 104 104 104 104 103 104 105 106 106 106 106 105 104 103 104 105 103 103 104 103 102 102 102 102 102 102 102 103 104 105 104 103 104 104 106 107 108 108 111 111 111 111 112 116 128 119 102 80 48 64 80 128 172 217 227 227 220 199 180 153 128 112 101 105 123 142 162 174 177 180 182 178 180 185 185 179 177 177 178 178 177 177 176 176 178 178 179 180 181 182 183 183 183 183 182 181 181 180 179 179 172 175 179 178 166 141 110 89 87 97 119 143 158 159 154 151 147 143 135 130 124 118 107 100 89 87 83 83 86 94 103 111 132 142 159 172 180 187 195 202 202 207 210 213 213 211 208 205 207 211 215 220 222 222 220 215 201 198 197 192 185 180 178 177 168 152 124 104 79 86 122 119 94 78 79 96 118 137 133 111 80 47 44 41 41 55 59 69 80 85 92 100 105 105 104 101 94 91 88 86 73 56 44 38 29 21 20 25 34 45 60 73 97 101 108 109 106 104 104 104 105 109 112 110 106 101 101 101 102 102 103 104 104 105 105 104 106 106 106 106 106 106 107 107 107 107 109 109 109 109 110 110 113 114 113 113 112 111 110 110 109 109 109 109 109 109 109 109 111 111 111 111 111 111 111 111 111 112 112 112 112 111 110 109 109 109 109 109 109 109 109 109 109 109 109 109 109 109 109 109 109 109 109 109 109 109 109 109 110 110 110 110 110 110 110 110 110 110 110 110 110 110 110 110 107 107 108 108 108 109 109 109 110 110 111 111 111 112 112 112 112 112 112 112 112 112 112 112 112 111 111 110 109 108 107 107 106 106 107 107 108 108 108 109 108 108 108 107 107 107 106 106 108 107 107 108 109 109 107 108 110 105 101 98 95 91 92 96 106 116 127 137 145 153 162 171 181 186 189 194 201 207 213 216 224 226 229 232 233 232 232 231 234 235 236 236 237 238 239 240 241 242 244 246 247 249 252 253 252 253 252 251 251 250 249 249 254 254 253 253 251 250 248 250 251 253 253 253 253 253 253 253 252 252 253 253 253 254 254 254 253 253 253 254 254 255 255 255 254 254 254 254 254 254 254 254 253 253 253 253 253 253 253 253 252 252 252 252 252 252 252 252 0 0 0 0 0 0 0 0
0 0 0 0 0 0 0 0 233 234 236 237 240 241 243 243 247 244 244 243 244 245 245 246 243 247 248 246 239 225 198 170 140 111 87 94 116 130 133 129 126 125 125 126 128 127 126 124 126 124 123 123 121 121 123 123 123 116 111 107 107 109 112 113 108 107 106 104 103 101 101 101 103 104 104 104 104 104 104 104 103 104 105 106 106 106 105 104 103 103 104 105 103 104 104 104 103 102 102 102 102 102 102 103 104 105 104 103 104 104 106 107 108 108 111 111 111 111 112 116 130 119 102 81 48 64 80 128 162 209 217 203 183 155 136 112 109 106 107 123 146 167 181 187 185 184 180 173 174 177 176 170 175 176 177 178 178 177 177 176 179 180 180 181 182 182 183 183 183 183 182 181 181 180 179 179 172 175 179 179 167 143 113 93 87 98 123 153 175 181 181 181 184 177 171 166 161 152 137 128 117 115 109 98 87 84 91 98 96 106 122 134 145 157 171 182 197 202 207 210 212 210 209 207 203 207 213 217 219 217 214 210 169 166 161 154 147 144 145 146 143 129 106 92 73 92 138 140 111 86 77 84 99 116 114 94 78 50 48 43 39 48 52 63 70 78 87 97 103 104 102 99 97 96 98 97 89 74 65 63 46 33 22 20 22 27 42 54 89 96 106 109 108 104 106 106 104 108 112 111 106 102 102 104 104 103 104 104 105 104 104 104 106 106 106 106 106 106 107 107 107 107 109 109 109 109 110 110 114 114 113 112 112 111 110 110 109 109 109 109 109 109 109 109 111 111 111 111 111 111 111 111 111 112 112 112 112 111 110 109 109 109 109 109 109 109 109 109 109 109 109 109 109 109 109 109 109 109 109 109 109 109 109 109 110 110 110 110 110 110 110 110 110 110 110 110 110 110 110 110 107 107 107 108 108 109 109 109 110 110 110 111 111 112 112 112 112 112 112 112 112 112 112 112 111 111 110 109 108 108 107 106 105 106 106 107 107 108 108 108 108 108 107 107 107 106 106 106 108 107 107 108 110 110 108 108 119 116 111 107 99 90 85 87 81 87 94 99 104 108 118 126 135 139 144 152 162 171 180 184 192 195 201 207 212 215 216 216 225 225 225 227 228 230 231 233 236 237 238 241 245 246 248 250 251 251 251 250 251 250 251 252 254 254 253 253 251 251 250 250 251 253 253 253 253 253 253 253 252 252 252 253 253 254 254 254 253 253 253 254 254 255 255 255 254 254 254 254 254 254 254 254 253 253 253 253 253 253 253 253 252 252 252 252 252 252 252 252 0 0 0 0 0 0 0 0
0 0 0 0 0 0 0 0 237 238 240 243 246 247 248 248 252 246 242 241 241 243 242 239 239 237 237 236 224 199 167 141 111 82 63 81 115 136 137 130 137 137 135 134 135 132 131 128 126 127 128 128 125 120 118 114 113 108 105 102 101 101 103 103 106 104 103 101 101 100 100 101 102 102 102 103 103 104 104 104 104 104 104 104 104 104 104 104 104 102 102 103 103 104 104 104 105 104 104 104 103 103 101 103 105 106 104 103 103 104 107 107 105 106 110 111 112 112 114 118 134 124 104 78 54 50 81 122 172 194 195 170 139 107 88 89 95 113 135 152 167 179 187 186 185 182 177 172 170 170 172 173 175 176 176 177 178 179 180 180 181 180 180 179 179 180 180 181 182 182 181 180 179 179 178 178 178 173 176 174 161 146 120 89 85 83 120 152 177 198 197 197 193 194 195 192 185 180 174 173 157 155 147 134 120 105 96 90 87 81 81 90 103 120 143 164 171 187 200 203 207 211 212 209 208 214 216 213 209 204 194 179 134 124 118 116 111 108 113 121 119 108 87 77 69 99 150 150 131 101 74 67 73 78 81 83 71 71 70 64 55 48 51 56 61 71 82 90 97 101 103 102 105 99 95 95 96 94 89 84 72 56 41 32 23 15 21 34 71 91 107 109 109 113 115 107 102 101 101 101 105 107 108 107 107 105 103 103 104 105 106 107 103 104 104 106 108 109 110 110 109 109 110 109 109 108 108 108 113 113 113 112 112 112 111 111 109 108 108 107 107 108 108 109 110 110 110 110 110 110 110 110 110 110 110 110 110 110 110 110 107 107 107 107 107 107 107 107 107 107 107 107 107 107 107 107 108 108 108 108 108 108 108 108 108 108 108 108 108 108 108 108 108 108 108 108 108 108 108 108 106 106 106 107 107 108 108 108 109 109 110 111 111 111 110 110 108 108 108 108 108 108 108 108 110 109 108 107 106 104 103 103 102 102 103 103 103 104 104 104 105 106 107 108 108 108 108 107 107 107 107 107 107 107 107 108 122 122 120 115 107 101 94 90 82 80 77 77 81 82 81 81 91 95 101 108 117 123 128 130 143 143 148 159 176 187 191 191 198 199 200 203 205 208 210 212 212 218 226 229 231 232 235 237 240 243 248 248 248 249 253 255 255 255 254 254 252 252 252 252 254 254 254 254 254 253 252 251 253 253 253 253 253 253 253 253 252 252 252 252 252 252 252 252 253 253 253 253 253 253 253 253 253 253 253 253 253 253 253 253 254 254 254 254 254 254 254 254 0 0 0 0 0 0 0 0
0 0 0 0 0 0 0 0 234 235 237 236 237 237 235 235 231 229 227 226 223 215 207 198 197 195 193 189 178 154 127 108 95 76 68 86 114 129 130 125 129 128 127 127 126 124 122 122 118 120 120 120 115 112 111 110 112 108 103 101 99 99 101 100 103 101 101 100 100 100 100 100 100 102 102 103 103 104 104 104 104 104 104 104 104 104 104 102 102 102 102 103 103 104 104 104 105 105 104 104 103 101 101 103 104 105 104 103 104 105 108 108 108 108 111 111 111 111 113 117 136 125 103 77 51 46 74 110 152 171 167 139 112 91 85 94 115 133 154 168 174 180 183 180 182 179 178 175 174 173 173 173 176 177 177 178 179 180 181 181 181 181 180 180 180 180 181 181 182 182 182 181 180 179 179 178 177 171 173 174 165 153 130 99 86 79 111 140 166 188 187 185 185 188 189 189 189 186 185 184 182 180 175 167 151 136 124 118 103 93 87 87 91 98 110 124 140 156 172 181 192 203 211 214 208 209 207 201 195 186 165 146 106 104 103 103 101 101 110 122 120 115 97 82 70 98 155 163 142 114 87 71 67 67 70 75 85 92 99 97 83 68 59 57 54 66 79 90 98 101 103 100 98 97 95 94 96 97 94 92 86 71 57 45 29 16 18 26 58 78 99 107 112 117 116 106 106 103 103 103 104 104 104 103 108 106 105 103 104 104 105 106 105 105 105 106 107 107 107 107 109 109 110 109 109 109 108 110 113 113 112 112 112 111 111 111 109 108 108 107 107 108 108 109 109 109 109 109 109 109 109 109 110 110 110 110 110 110 110 110 107 107 107 107 107 107 107 107 107 107 107 107 107 107 107 107 108 108 108 108 108 108 108 108 108 108 108 108 108 108 108 108 108 108 108 108 108 108 108 108 106 106 106 107 107 107 108 108 109 109 110 110 111 110 109 109 109 109 109 109 109 109 109 109 109 109 108 106 105 103 102 101 102 102 102 102 103 103 103 104 105 106 107 108 108 108 108 107 107 107 107 107 107 107 107 108 113 114 114 114 111 108 105 106 96 93 90 87 86 84 80 79 84 88 90 94 98 100 103 104 103 104 109 119 133 142 146 146 153 153 155 157 159 161 163 166 170 179 189 196 201 203 208 213 217 224 234 242 245 249 251 254 251 253 253 253 251 251 251 253 253 253 253 253 252 252 251 250 252 252 252 252 252 252 252 252 251 252 252 252 252 252 252 253 253 253 253 253 253 253 253 253 253 253 253 253 253 253 253 253 254 254 254 254 254 254 254 254 0 0 0 0 0 0 0 0
0 0 0 0 0 0 0 0 228 228 227 227 226 222 218 215 207 205 203 197 190 177 168 157 153 152 149 141 128 109 91 80 72 69 76 94 113 122 124 122 120 119 117 118 117 116 115 112 112 112 111 108 106 104 105 104 112 108 103 100 99 98 99 99 101 101 101 100 100 99 99 100 100 100 100 101 101 102 102 102 102 102 102 102 102 102 102 102 102 101 103 103 105 105 106 106 107 105 104 104 103 101 101 101 104 105 104 104 105 106 109 109 110 110 112 111 110 111 112 116 135 125 101 72 46 40 62 92 120 135 126 102 85 78 91 112 140 158 175 182 181 178 175 172 179 179 180 179 179 177 175 174 177 178 179 180 180 181 181 182 182 181 181 180 180 181 181 182 183 183 182 181 181 180 179 179 176 168 170 174 170 164 144 114 90 75 100 126 152 178 176 173 177 180 182 184 187 189 190 190 194 195 194 190 179 166 158 152 134 122 110 103 99 95 93 97 103 118 136 153 172 187 198 201 208 206 198 189 177 161 133 108 98 101 107 108 105 107 119 132 131 126 105 91 83 111 163 174 160 134 103 76 58 57 68 80 105 121 138 139 122 94 71 57 49 58 72 87 100 105 106 104 97 96 97 96 94 94 97 97 97 86 73 60 40 21 16 20 47 69 95 112 122 127 122 111 102 101 101 100 101 101 102 102 107 105 106 105 106 105 106 106 107 107 107 106 106 106 107 107 111 111 110 110 111 111 111 111 112 112 112 111 111 111 110 110 109 108 108 107 107 108 108 109 109 109 109 109 109 109 109 109 110 110 110 110 110 110 110 110 107 107 107 107 107 107 107 107 107 107 107 107 107 107 107 107 108 108 108 108 108 108 108 108 108 108 108 108 108 108 108 108 108 108 108 108 108 108 108 108 106 106 106 106 107 107 107 108 108 109 109 110 110 109 108 108 109 109 109 109 109 109 109 109 109 108 107 105 103 102 100 100 101 101 101 102 102 103 103 103 106 106 107 108 108 108 108 108 107 107 107 107 107 107 107 107 108 109 110 112 113 115 115 118 113 112 109 106 102 98 92 89 92 92 92 91 91 89 88 87 82 81 84 89 97 102 103 103 112 114 113 114 118 119 121 121 123 133 147 155 160 165 172 179 186 195 208 223 232 241 249 253 250 251 253 253 253 253 253 253 253 253 253 253 253 252 252 252 251 251 251 251 251 251 251 251 251 251 251 252 252 253 253 253 253 253 253 253 253 253 253 253 255 255 255 255 255 254 254 254 255 255 255 255 255 255 255 255 0 0 0 0 0 0 0 0
0 0 0 0 0 0 0 0 186 186 184 182 177 171 166 161 150 144 136 126 118 113 110 106 96 92 89 81 69 58 51 48 60 71 91 106 113 115 117 119 112 112 112 111 112 110 107 106 108 107 105 102 99 98 100 101 108 105 103 99 100 98 99 100 101 101 100 100 99 99 99 100 99 100 100 101 101 102 102 102 102 102 102 102 102 102 102 101 102 102 103 103 105 105 105 105 106 104 104 102 102 100 99 100 103 105 105 105 106 107 109 109 109 109 111 111 111 112 114 118 138 126 100 70 42 31 45 68 85 100 95 78 75 87 111 139 164 179 192 191 186 180 177 175 179 179 180 181 181 178 177 179 179 180 180 181 181 182 182 182 182 182 181 181 181 181 182 182 183 183 183 182 181 180 180 179 177 168 169 174 174 173 156 129 99 76 91 113 143 175 177 175 177 176 177 178 180 182 183 184 185 188 191 190 186 182 178 176 171 161 148 136 127 112 96 87 77 88 106 126 147 167 180 187 201 200 193 181 160 135 110 94 111 121 132 134 131 133 147 161 155 143 114 102 105 128 169 174 172 153 121 85 61 61 81 99 128 147 169 172 152 120 86 63 48 53 66 84 99 106 109 109 101 102 101 98 93 89 92 94 96 91 82 71 53 32 24 22 38 60 91 113 129 133 126 114 97 96 96 97 98 100 106 109 108 108 107 108 108 108 108 106 106 106 106 105 105 105 107 107 111 110 110 110 111 111 111 111 111 111 111 111 110 110 110 109 109 108 108 107 107 108 108 109 108 108 108 108 108 108 108 108 110 110 110 110 110 110 110 110 107 107 107 107 107 107 107 107 107 107 107 107 107 107 107 107 107 107 107 107 107 107 107 107 107 107 107 107 107 107 107 107 107 107 107 107 107 107 107 107 105 105 106 106 106 107 107 107 108 108 108 109 108 108 107 106 107 107 107 107 107 107 107 107 107 107 105 104 102 101 99 99 101 101 101 101 102 102 103 103 106 107 108 108 109 109 108 108 108 108 108 108 108 108 108 108 111 112 110 110 112 114 117 119 120 121 121 121 119 116 114 111 111 110 110 107 105 101 99 97 93 91 89 89 91 91 88 87 93 94 94 95 95 97 98 99 96 104 115 119 122 127 135 141 158 166 180 196 213 230 243 251 248 250 251 253 254 254 255 255 255 254 254 254 253 254 254 254 252 252 252 252 252 252 252 252 250 250 251 252 252 253 254 254 253 253 253 253 253 253 253 253 255 255 255 254 254 254 254 253 254 254 254 254 254 254 254 254 0 0 0 0 0 0 0 0
0 0 0 0 0 0 0 0 129 129 127 124 119 113 107 104 89 84 77 69 66 67 71 72 59 58 58 54 48 46 49 52 73 89 109 118 115 111 111 113 109 108 108 107 107 107 106 104 106 104 102 100 96 96 99 100 101 100 99 98 99 99 100 101 100 100 100 100 100 100 100 100 99 99 99 100 100 101 101 101 101 101 101 101 101 101 101 101 102 102 103 103 105 105 106 106 106 104 104 102 102 100 99 100 102 105 105 105 106 106 108 108 105 106 110 112 114 114 116 120 147 133 103 68 38 24 30 43 50 71 77 77 90 110 137 165 180 190 197 192 186 183 183 183 181 179 178 178 178 179 180 181 180 181 181 181 181 182 182 182 182 181 181 180 180 181 181 182 183 183 182 181 181 180 179 179 179 170 171 175 176 177 165 142 108 77 80 98 133 172 181 183 178 175 173 172 174 176 176 176 177 179 182 184 184 187 189 191 196 191 182 170 156 136 112 96 87 85 86 96 114 137 155 167 177 183 182 166 137 112 102 104 135 149 161 160 153 153 164 174 168 167 141 127 124 128 157 167 176 167 148 117 93 90 107 124 151 168 185 187 170 141 105 79 53 52 59 76 93 102 107 110 106 105 105 99 93 89 90 91 91 89 85 77 64 45 33 26 28 48 77 105 124 132 128 119 108 105 103 98 97 98 104 108 108 108 108 109 110 109 109 109 102 103 103 104 107 108 109 109 110 110 111 111 111 110 110 110 111 110 110 110 109 109 109 109 109 108 108 107 107 108 108 109 108 108 108 108 108 108 108 108 110 110 110 110 110 110 110 110 107 106 106 106 106 106 106 106 106 106 106 106 106 106 106 106 106 106 106 106 106 106 106 106 106 106 106 106 106 106 106 106 106 106 106 106 106 106 106 106 104 104 104 105 105 105 106 106 106 106 106 106 106 105 104 103 103 103 103 103 103 103 103 103 105 104 103 102 101 100 99 99 100 100 100 101 101 102 102 102 104 105 106 107 107 107 107 106 106 106 106 106 106 106 106 106 112 112 110 109 108 109 112 114 118 120 123 125 125 124 124 124 124 124 122 120 119 116 115 114 109 108 106 103 102 99 96 96 96 97 97 97 97 97 98 100 98 100 104 102 102 105 109 111 128 140 160 184 206 224 235 240 242 245 248 251 252 253 254 253 253 252 252 251 251 252 253 254 254 254 254 254 254 254 254 254 251 251 251 252 252 253 253 253 253 253 253 253 253 253 253 253 255 255 255 254 254 253 253 252 254 254 254 254 254 254 254 254 0 0 0 0 0 0 0 0
0 0 0 0 0 0 0 0 80 78 76 72 66 63 59 56 58 58 59 60 62 63 68 68 66 66 69 71 73 78 87 91 98 112 124 123 117 110 108 106 107 106 107 106 106 105 104 102 103 102 100 98 95 95 97 100 97 97 97 97 98 99 100 101 100 100 100 100 100 100 100 100 99 99 99 100 100 101 101 101 101 101 101 101 101 101 101 101 102 102 102 103 105 105 105 105 106 105 103 102 101 98 98 98 102 105 105 105 106 105 105 105 102 104 111 114 116 117 117 119 146 131 101 64 34 19 19 24 31 57 76 92 117 140 158 178 179 184 185 179 176 178 181 179 180 179 178 177 177 178 179 181 180 181 181 181 181 181 181 181 181 180 180 179 179 180 180 181 182 182 181 180 179 179 178 178 179 171 172 175 175 178 172 153 118 80 74 85 120 164 180 188 178 175 173 173 177 179 179 176 174 176 177 178 180 182 185 188 193 195 194 190 182 169 150 135 129 112 89 79 84 95 111 122 145 154 159 142 111 94 105 124 171 182 187 175 157 146 146 149 164 185 172 153 134 117 137 155 172 180 182 168 150 143 146 150 169 181 190 190 181 160 129 101 68 58 56 69 85 94 102 107 106 105 102 97 95 94 94 95 92 90 87 82 72 56 38 25 22 36 60 88 113 124 125 121 119 116 113 107 100 98 99 103 107 109 110 109 110 110 108 107 101 101 102 103 106 108 109 109 108 108 110 109 109 109 108 108 110 110 109 109 109 108 108 108 109 108 108 107 107 108 108 109 109 109 109 109 109 109 109 109 110 110 110 110 110 110 110 108 107 106 106 106 106 106 106 106 106 106 106 106 106 106 106 106 105 105 105 105 105 105 105 105 105 105 105 105 105 105 105 105 105 105 105 105 105 105 105 105 103 104 104 104 105 105 105 105 105 105 106 105 105 104 102 102 100 100 100 100 100 100 100 100 103 103 103 102 102 101 101 101 101 101 102 102 102 103 103 103 105 105 106 107 108 108 107 107 107 107 107 107 107 107 107 107 107 106 105 106 106 107 110 112 113 117 119 120 120 119 121 123 121 121 121 121 121 120 121 120 118 119 120 118 117 116 115 116 118 120 120 120 120 120 123 124 121 119 116 113 112 111 107 103 104 121 151 184 211 226 230 231 236 240 244 247 248 249 250 251 251 249 248 247 248 249 250 252 255 255 255 255 255 255 255 255 252 252 252 252 252 252 252 252 253 253 253 253 253 253 253 253 255 255 254 254 253 252 252 252 253 253 253 253 253 253 253 253 0 0 0 0 0 0 0 0
0 0 0 0 0 0 0 0 60 59 56 52 50 48 46 45 56 59 66 70 72 76 80 81 82 82 86 90 94 99 107 108 115 120 123 118 113 110 108 103 105 104 104 103 104 102 101 100 99 99 98 96 95 94 96 98 95 95 95 95 95 95 96 96 100 100 100 100 100 100 100 100 98 98 98 99 99 100 100 100 100 100 100 100 100 100 100 100 102 102 103 103 105 104 105 105 106 105 103 102 101 98 98 98 102 105 105 105 104 103 103 101 101 105 113 117 119 117 115 116 125 112 84 51 28 16 13 17 29 59 85 113 147 167 174 181 174 175 172 167 167 171 173 170 176 177 177 178 177 177 176 176 180 181 181 180 180 180 180 180 179 179 178 178 178 178 179 179 181 180 180 179 178 177 177 177 176 171 173 175 172 177 176 162 131 88 73 76 105 151 175 188 177 173 171 173 179 182 181 178 172 172 175 175 177 177 179 180 180 187 192 193 191 189 181 172 165 144 115 99 92 87 87 89 117 127 130 117 90 84 112 146 197 205 205 185 159 142 132 128 153 180 173 163 148 121 125 139 156 171 188 190 183 180 176 173 179 183 184 182 182 172 146 121 94 75 62 67 79 86 96 103 109 105 100 98 97 97 96 95 93 89 87 85 80 65 43 26 19 23 38 62 86 102 108 107 108 111 112 110 104 101 99 101 105 106 108 110 108 108 107 105 102 102 104 105 106 106 107 108 107 107 108 108 108 107 107 107 109 109 109 108 108 108 107 107 109 108 108 107 107 108 108 109 109 109 109 109 109 109 109 109 110 110 110 110 110 110 110 108 107 106 106 106 106 106 106 106 106 106 106 106 106 106 106 106 105 105 105 105 105 105 105 105 105 105 105 105 105 105 105 105 105 105 105 105 105 105 105 105 103 103 104 104 104 105 105 105 105 105 105 105 104 102 101 100 100 100 100 100 100 100 100 100 102 102 102 102 103 103 103 104 102 102 103 103 104 104 104 104 105 106 107 107 108 108 107 107 107 107 107 107 107 107 107 107 103 102 102 103 104 106 108 110 110 112 114 114 112 113 116 119 116 116 117 117 118 117 118 117 121 123 125 124 124 123 125 128 134 135 135 135 135 135 138 139 139 136 133 133 133 128 116 105 93 110 141 177 207 224 232 233 236 239 243 247 248 250 253 251 252 250 248 247 248 250 252 253 254 254 254 254 254 254 254 254 254 254 253 252 252 251 250 250 253 253 253 253 253 253 253 253 255 255 254 254 253 252 251 251 252 252 252 252 252 252 252 252 0 0 0 0 0 0 0 0
0 0 0 0 0 0 0 0 90 88 85 82 81 81 80 81 81 83 88 91 95 99 106 109 101 99 101 104 109 111 112 110 111 113 109 104 105 108 107 101 100 99 100 99 99 98 98 97 94 95 97 96 95 93 94 96 93 93 95 92 93 91 93 92 99 99 99 99 99 99 99 99 98 98 98 99 99 100 100 100 100 100 100 100 100 100 100 100 102 102 102 102 103 104 105 107 106 105 105 102 101 99 98 98 101 103 103 104 103 101 101 99 102 107 115 120 121 118 115 113 100 89 65 38 21 15 14 18 34 67 97 130 166 182 181 181 179 177 172 167 169 174 171 167 171 173 178 180 179 177 173 172 179 180 180 180 180 180 180 179 179 177 177 176 176 176 177 178 180 180 179 178 177 177 176 176 173 169 173 174 171 177 179 168 142 96 76 73 98 145 172 187 176 171 171 171 177 179 177 174 169 173 178 180 180 181 180 180 179 188 191 186 183 185 181 176 175 158 141 135 128 115 102 97 102 109 112 99 80 81 117 158 199 209 209 191 169 154 145 138 147 166 156 158 163 138 126 123 131 150 170 180 184 188 188 182 180 180 178 176 180 179 156 129 114 90 69 68 77 83 94 103 112 107 99 97 98 99 97 94 92 88 86 87 86 75 50 28 15 12 19 37 60 74 82 85 89 96 106 111 110 106 107 108 105 105 107 109 109 108 107 103 107 107 106 106 106 105 107 107 108 108 107 107 107 106 106 106 108 108 107 107 107 106 106 106 108 107 107 106 106 107 107 108 110 108 108 108 110 108 110 110 110 110 110 110 110 110 110 110 107 106 107 106 107 106 106 106 106 106 106 106 106 106 106 106 105 105 105 105 105 105 105 105 105 105 105 105 105 105 105 105 105 105 105 105 105 105 105 105 103 103 103 104 104 105 105 105 105 105 105 104 103 102 100 100 101 101 101 101 101 101 101 101 101 101 102 103 104 104 105 105 103 103 104 104 104 105 105 105 104 105 107 107 108 107 108 106 107 106 107 106 107 106 107 106 101 101 101 101 103 103 104 106 105 108 109 110 108 109 113 117 114 114 114 114 115 113 114 114 115 117 120 119 118 119 119 122 122 122 123 125 125 125 129 130 135 133 133 135 139 132 114 98 91 104 130 162 193 216 231 237 235 238 242 245 249 251 252 253 251 250 248 247 248 250 252 254 250 250 250 250 250 250 250 250 254 252 251 250 248 247 248 248 252 252 252 252 252 252 252 252 253 253 252 251 250 250 249 248 250 252 252 252 252 252 252 252 0 0 0 0 0 0 0 0
0 0 0 0 0 0 0 0 100 99 100 98 99 99 100 99 104 104 104 106 109 111 114 112 111 108 108 106 105 104 102 102 103 101 101 100 100 99 99 97 94 93 93 93 93 93 94 94 94 94 94 93 93 91 91 91 92 92 93 92 93 92 93 93 97 97 97 97 97 97 97 97 99 99 99 99 99 99 99 99 100 100 100 101 101 102 102 102 101 101 101 102 104 105 106 106 106 105 105 102 101 99 98 98 100 102 102 101 100 99 99 100 106 113 117 121 123 119 103 87 70 57 39 29 21 15 18 26 43 63 98 135 164 179 181 177 180 180 180 177 172 168 166 166 163 166 170 175 176 177 176 177 179 179 179 179 179 179 179 178 180 179 180 178 178 177 177 177 180 181 180 180 179 178 177 177 169 171 174 178 180 180 179 179 147 116 85 78 97 130 160 180 176 170 168 168 171 171 172 172 173 172 173 176 181 183 181 178 177 179 179 179 179 181 183 185 187 182 174 167 157 142 120 104 104 101 94 78 79 74 132 167 195 214 208 203 189 168 158 133 138 132 144 163 166 156 139 117 118 124 140 162 184 197 198 190 180 175 171 172 180 179 164 146 130 107 85 77 75 73 82 93 105 106 103 100 102 105 105 100 93 85 88 91 86 81 66 40 20 15 19 31 44 50 55 59 66 77 92 104 107 108 109 111 112 111 112 115 114 113 110 107 110 111 110 108 109 109 107 107 107 107 109 110 109 109 108 108 112 110 107 105 104 105 106 107 105 105 105 105 105 105 105 104 106 106 106 106 107 106 107 107 107 107 107 107 107 107 109 109 109 107 109 107 109 107 107 107 106 106 105 105 105 105 103 103 103 103 103 103 103 103 103 103 103 103 103 103 103 103 103 103 103 103 103 103 103 103 103 103 102 102 102 102 102 102 102 102 102 102 102 102 102 102 102 102 101 101 101 101 101 101 101 101 102 102 102 102 102 102 102 102 102 102 102 102 102 102 102 102 103 103 105 103 105 103 105 103 105 103 105 103 105 103 105 103 100 99 99 99 100 100 101 103 103 104 104 106 106 107 107 107 105 104 105 105 107 107 108 108 109 111 112 114 114 115 115 115 116 116 116 118 119 119 122 123 125 128 131 136 134 125 109 97 89 98 113 139 172 202 220 230 226 229 235 238 242 245 247 246 246 247 247 246 244 244 247 248 247 246 246 245 244 244 245 244 241 241 240 240 240 240 242 241 245 245 247 247 247 247 247 247 250 249 247 246 248 249 250 251 251 252 252 251 250 250 249 249 0 0 0 0 0 0 0 0
0 0 0 0 0 0 0 0 118 119 119 120 121 120 120 121 122 121 123 125 124 124 123 121 109 108 108 107 106 105 104 102 98 98 98 97 97 97 97 95 91 90 90 90 91 91 92 92 93 93 93 92 92 91 91 91 92 92 92 92 92 92 92 92 96 96 96 96 96 96 96 96 97 99 99 99 99 99 99 99 100 100 100 101 101 101 102 100 100 100 100 102 103 103 105 106 106 105 103 102 101 99 98 98 100 102 103 99 97 95 97 100 112 118 122 121 116 107 87 72 42 33 25 21 19 18 22 30 51 69 96 124 147 161 168 173 173 176 179 178 175 170 168 166 165 166 168 172 176 177 178 177 179 179 179 179 179 179 178 178 179 179 178 178 176 175 175 177 179 181 180 179 178 177 177 176 174 175 177 179 179 178 177 175 152 124 92 78 89 116 147 171 173 172 171 171 170 169 171 173 175 174 174 176 180 182 181 179 177 176 178 179 180 181 183 187 197 196 192 188 182 165 145 130 112 106 95 77 79 78 138 174 199 214 207 205 197 180 168 142 132 120 129 155 170 170 150 122 103 108 124 148 174 192 198 195 184 179 172 170 179 183 173 160 152 127 101 85 73 68 73 85 99 103 102 100 102 106 103 99 94 86 90 94 90 87 71 46 18 13 14 25 35 37 38 38 43 55 72 84 92 101 109 116 117 118 120 121 122 118 115 112 112 110 104 105 107 109 107 106 105 106 108 109 110 111 111 111 113 111 107 105 104 104 105 105 104 104 104 104 104 104 104 104 104 104 106 106 106 106 106 106 107 107 107 107 107 107 109 109 108 108 108 108 108 108 106 106 106 106 105 105 105 105 103 103 103 103 103 103 103 103 103 103 103 103 103 103 103 103 103 103 103 103 103 103 103 103 103 103 102 102 102 102 102 102 102 102 102 102 102 102 102 102 102 102 101 101 101 101 101 101 101 101 102 102 102 102 102 102 102 102 102 102 102 102 102 102 102 102 103 103 103 103 103 103 103 103 103 103 103 103 103 103 103 102 99 97 97 97 99 99 100 100 101 101 103 103 103 104 104 104 102 101 101 102 102 104 104 105 106 107 108 110 110 110 111 110 110 110 111 113 114 115 117 118 122 122 126 129 127 116 101 92 80 87 99 123 153 182 204 215 224 227 231 234 239 243 245 244 240 239 241 240 238 238 241 243 243 242 241 239 238 237 238 238 236 237 238 237 238 237 238 239 240 240 241 241 241 241 241 241 243 242 242 242 244 245 247 248 255 254 254 251 249 246 245 244 0 0 0 0 0 0 0 0
0 0 0 0 0 0 0 0 113 114 115 116 118 119 119 119 117 117 118 119 117 115 111 107 103 102 102 102 102 100 100 100 99 98 98 96 96 96 96 95 92 91 91 92 92 92 93 93 93 93 93 92 92 91 91 91 92 92 92 92 92 92 92 92 96 96 96 96 96 96 96 96 97 97 97 97 97 97 97 97 98 98 98 98 99 99 99 100 100 99 100 102 102 103 105 105 105 105 103 102 101 99 98 98 101 103 104 99 95 92 97 102 115 121 124 117 103 86 64 51 22 23 24 30 31 33 36 42 53 67 83 99 111 126 144 156 165 169 176 179 178 174 170 168 167 164 163 167 172 178 180 179 179 179 178 179 179 179 179 179 180 179 178 178 177 177 177 178 178 180 179 178 178 177 176 176 176 177 177 177 176 173 171 169 154 131 100 80 76 96 131 160 169 173 177 175 170 168 171 175 178 176 175 176 178 179 180 179 177 176 177 178 178 180 181 185 195 197 199 201 199 186 169 154 136 124 106 84 86 84 145 180 201 213 205 208 208 196 183 153 130 109 112 143 172 181 162 132 103 100 109 129 156 180 194 198 187 181 171 165 173 181 181 176 173 150 120 95 73 62 66 77 92 98 100 102 103 105 102 97 94 88 93 96 94 92 77 53 25 19 21 30 38 37 33 29 31 39 51 57 64 74 88 98 105 108 115 119 120 119 117 115 114 110 106 105 106 109 107 105 105 105 108 109 111 112 113 114 111 109 107 105 104 103 104 104 102 102 102 102 102 102 102 102 105 105 105 105 105 105 105 105 106 106 106 106 106 106 106 106 107 107 107 107 107 107 105 105 105 105 105 105 103 103 103 103 102 102 102 102 102 102 102 102 102 102 102 102 102 102 102 102 102 102 102 102 102 102 102 102 101 101 101 101 101 101 101 101 101 101 101 101 101 101 101 101 100 100 100 100 100 100 100 100 101 101 101 101 101 101 101 101 101 101 101 101 101 101 101 101 102 102 102 102 102 102 102 102 102 102 102 102 102 102 102 102 99 99 99 99 100 100 100 100 101 101 101 101 101 103 103 103 101 100 100 101 101 102 104 105 103 105 106 107 107 107 109 107 107 107 109 109 110 112 114 116 119 120 121 123 121 113 101 92 79 81 87 102 128 155 178 191 212 215 219 223 228 231 234 235 239 240 240 240 241 242 245 247 241 240 239 238 239 239 239 239 237 240 241 239 237 235 236 238 238 238 239 239 239 239 239 239 240 240 242 243 245 247 251 252 255 253 252 248 245 241 239 238 0 0 0 0 0 0 0 0
0 0 0 0 0 0 0 0 108 109 111 111 114 115 115 115 115 114 113 112 110 107 105 101 96 94 96 95 95 95 96 95 99 97 97 96 97 96 97 96 93 92 92 93 93 94 94 94 93 93 93 92 92 91 91 91 92 92 92 92 92 92 92 92 96 96 96 96 96 96 96 96 96 96 97 96 97 96 97 96 97 96 98 97 98 98 99 98 99 99 100 99 102 102 102 104 104 102 101 100 100 98 97 98 100 102 104 100 95 94 102 108 117 122 121 109 89 65 44 33 24 31 39 48 53 52 53 55 54 64 71 74 78 92 116 135 147 155 166 172 176 175 173 171 168 164 163 164 172 177 179 178 178 179 178 178 178 179 179 179 179 179 179 177 178 177 177 177 177 179 178 178 177 177 177 176 174 174 174 173 171 169 167 166 155 137 110 84 69 80 115 147 160 172 182 179 171 168 172 174 179 177 175 174 177 178 179 180 180 180 179 179 179 179 179 182 184 189 193 199 202 195 185 175 169 155 132 105 101 92 147 178 199 210 201 209 217 210 197 167 135 108 105 130 162 180 174 150 126 114 107 114 135 160 182 196 191 185 173 164 165 174 182 185 181 163 133 103 77 60 62 72 83 92 99 103 104 106 102 98 95 88 93 98 96 95 82 59 38 32 33 44 52 52 45 41 32 35 39 39 40 45 58 69 78 83 94 103 110 115 116 117 115 116 116 113 107 104 102 101 100 101 101 103 104 105 106 107 106 105 104 103 103 103 104 104 101 101 101 101 101 101 101 101 104 104 104 104 104 104 104 104 105 105 105 105 105 105 105 105 106 106 106 106 106 106 104 104 104 104 104 104 102 102 102 102 101 101 101 101 101 101 101 101 101 101 101 101 101 101 101 101 101 101 101 101 101 101 101 101 101 101 101 101 101 101 101 101 101 101 101 101 101 101 101 101 101 101 101 101 101 101 101 101 101 101 101 101 101 101 101 101 101 101 101 101 101 101 101 101 101 101 101 101 101 101 101 101 101 101 101 101 101 101 101 101 100 99 100 100 100 100 100 100 101 101 101 100 101 101 101 101 99 97 99 99 99 100 101 103 101 102 104 104 105 105 105 105 105 104 105 106 108 109 111 113 114 115 118 119 118 113 104 99 88 85 82 87 103 125 143 156 184 187 192 197 201 206 209 210 213 214 215 216 219 222 226 230 230 231 232 234 237 239 241 242 242 244 245 241 235 231 231 233 234 234 236 236 236 236 237 237 240 240 242 243 245 247 249 250 248 247 246 244 241 238 236 235 0 0 0 0 0 0 0 0
0 0 0 0 0 0 0 0 99 100 102 104 107 108 110 109 110 107 103 101 99 99 100 100 96 96 97 97 98 96 99 97 97 96 96 95 96 95 96 95 93 92 93 93 94 94 94 94 93 93 93 92 92 91 91 91 92 92 92 92 92 92 92 92 96 96 96 96 96 96 96 96 96 94 96 94 96 94 96 94 96 94 96 95 97 95 98 98 99 99 99 99 102 101 102 102 102 102 101 100 100 98 97 98 99 102 104 101 99 99 107 114 119 119 113 97 71 45 26 20 32 44 56 64 69 68 67 67 68 73 72 67 64 71 92 111 117 127 141 153 164 170 174 177 176 172 170 169 174 176 176 176 177 178 178 179 179 180 180 180 180 180 179 178 179 177 178 178 177 177 176 176 176 176 175 175 171 171 171 171 170 169 168 167 161 147 120 91 68 70 97 126 148 167 182 181 173 170 171 173 178 177 175 174 174 175 176 179 184 182 181 179 178 177 176 179 181 183 187 193 200 200 197 193 189 177 155 124 111 94 143 171 196 205 199 208 219 216 208 179 142 115 106 120 144 168 181 175 158 135 113 105 114 135 162 185 192 189 180 167 163 170 181 186 183 170 144 112 82 62 59 64 73 85 96 102 105 108 106 101 96 89 94 98 98 97 87 64 40 33 37 50 62 66 61 56 38 37 35 30 28 30 36 43 46 53 66 78 88 98 107 112 113 119 125 122 111 102 99 101 99 99 97 97 96 97 97 97 101 101 101 102 102 103 104 104 101 101 100 100 100 100 100 101 104 105 105 105 105 105 105 105 104 104 104 104 104 104 104 105 106 106 106 106 104 104 104 104 104 104 102 102 102 102 102 102 101 101 101 101 101 101 101 101 101 101 101 101 101 101 101 101 101 101 101 101 101 101 101 101 101 101 101 101 101 101 101 101 101 101 101 101 101 101 101 101 101 101 101 101 101 101 101 101 101 101 101 101 101 101 101 101 101 101 101 101 101 101 101 101 101 101 101 101 101 101 101 101 101 101 101 101 101 101 101 101 100 100 101 101 101 101 100 100 100 100 100 99 100 100 100 99 97 96 97 97 97 99 99 100 99 101 101 102 104 104 104 102 102 102 104 104 105 106 108 111 110 111 114 117 118 115 111 110 102 97 88 84 87 96 108 118 141 146 149 154 159 163 167 168 176 177 179 181 184 189 196 200 202 204 210 215 221 225 229 231 234 236 236 233 229 226 228 229 226 227 229 230 231 232 234 234 236 237 240 241 242 242 244 244 244 243 243 240 238 235 233 232 0 0 0 0 0 0 0 0
0 0 0 0 0 0 0 0 92 91 93 95 97 98 100 101 99 97 93 91 88 90 93 94 97 95 98 96 97 96 98 97 96 95 95 95 95 93 95 93 92 92 92 93 93 94 94 94 93 93 93 92 92 91 91 91 92 92 92 92 92 92 92 92 96 96 96 96 96 96 96 96 94 94 94 94 94 94 94 94 93 94 94 94 95 95 95 95 98 98 99 99 100 101 101 100 101 100 100 99 97 97 96 97 99 100 102 103 104 107 112 116 120 112 99 79 54 29 14 13 42 58 70 78 82 84 85 83 83 85 80 72 63 64 73 83 88 98 111 127 140 155 166 174 181 180 180 177 177 174 174 173 177 177 177 178 179 179 180 180 179 179 179 179 178 178 178 177 177 177 177 177 177 177 177 177 174 174 174 175 175 175 176 176 172 160 135 104 75 66 81 102 134 159 179 181 175 174 172 170 174 175 176 175 173 173 175 177 184 184 182 179 177 177 176 176 181 183 184 188 195 198 200 199 190 182 164 133 115 91 136 161 190 203 199 207 217 216 214 191 155 130 116 117 127 153 182 193 179 153 126 108 104 113 140 166 184 187 184 174 166 170 180 187 187 177 156 127 96 73 61 58 64 78 93 100 105 108 108 106 98 91 96 100 99 100 90 68 40 33 36 51 69 76 76 73 58 53 47 39 33 27 23 19 19 26 35 45 54 65 79 86 103 113 126 126 118 111 108 111 110 108 107 103 102 100 100 100 99 100 101 102 103 103 103 104 100 100 99 99 99 99 99 100 103 104 104 104 104 104 104 104 103 103 103 103 103 103 103 103 104 106 106 106 104 104 104 103 103 103 101 101 101 101 101 100 100 100 100 100 100 100 100 100 100 100 100 100 100 100 100 100 100 100 100 100 100 100 100 100 101 101 101 101 101 101 101 101 101 101 101 101 101 101 101 101 102 102 102 102 102 102 102 102 101 101 101 101 101 101 101 101 101 101 101 101 101 101 101 101 100 100 100 100 100 100 100 100 100 100 100 100 100 100 100 100 101 101 101 101 101 101 100 100 100 99 99 99 99 97 97 97 95 95 95 95 96 96 96 98 98 98 99 99 101 101 101 101 99 99 101 101 104 104 105 106 106 110 112 115 115 117 117 119 114 110 99 90 85 85 89 92 97 100 103 107 110 112 115 117 129 130 133 134 137 143 150 156 157 162 167 174 181 186 191 192 198 198 200 202 205 207 208 211 212 213 214 217 219 221 222 224 223 226 228 230 230 231 230 232 233 232 232 231 230 228 227 227 0 0 0 0 0 0 0 0
0 0 0 0 0 0 0 0 97 97 98 101 103 104 106 104 103 102 99 98 96 97 98 99 94 93 94 94 94 93 94 93 94 92 92 92 92 91 92 91 91 92 92 92 93 93 93 93 93 93 93 92 92 91 91 91 92 92 92 92 92 92 92 92 96 96 96 96 96 96 96 96 94 93 93 93 93 93 93 93 92 92 93 93 93 94 94 95 98 99 99 98 100 100 99 99 100 99 99 99 97 97 97 97 101 100 101 102 106 111 113 113 110 96 78 60 40 23 15 20 54 70 82 86 88 92 95 95 93 94 89 85 77 70 68 66 74 80 88 100 112 129 145 155 169 174 180 180 178 173 174 174 175 175 176 177 178 178 179 179 179 179 179 178 178 178 179 179 178 178 178 178 178 178 178 179 177 177 177 177 178 179 180 181 176 165 144 115 85 68 72 85 120 149 175 181 176 175 172 167 171 171 174 173 171 170 173 175 181 181 179 178 176 178 177 179 183 184 183 184 187 188 191 191 186 183 166 134 110 82 124 152 186 203 201 208 213 214 218 202 176 153 133 121 114 137 175 194 191 170 147 124 105 99 119 144 164 175 181 175 169 169 178 184 188 185 168 143 114 90 70 60 55 70 87 95 101 107 108 107 102 94 99 103 104 105 95 73 43 35 36 52 72 83 87 85 80 72 65 60 55 44 30 18 18 20 21 23 25 35 48 56 79 87 101 109 114 115 117 117 117 115 113 110 108 106 106 106 105 105 106 104 104 104 102 102 100 100 99 99 99 99 98 99 103 105 103 103 103 103 103 103 102 102 102 102 102 102 100 102 105 105 105 105 105 105 104 104 103 101 101 101 100 100 100 100 100 99 99 99 99 99 99 99 99 99 99 99 99 99 99 99 99 99 99 99 99 99 99 99 100 100 100 100 100 100 100 100 100 100 100 100 100 100 100 100 101 101 101 101 101 101 101 101 100 100 100 100 100 100 100 100 100 100 100 100 100 100 100 100 99 99 99 99 99 99 99 99 99 99 99 99 99 99 99 100 101 103 103 103 101 101 100 100 99 99 99 97 97 96 96 96 93 93 93 93 95 95 95 96 96 98 99 99 100 100 100 99 98 98 99 99 102 102 103 105 105 107 110 112 114 115 118 122 123 121 114 106 97 91 88 86 75 77 76 77 79 78 78 80 79 81 83 83 84 89 95 101 112 116 121 127 132 136 140 140 145 143 145 151 160 166 167 168 173 174 176 180 183 185 188 190 192 194 196 199 201 201 201 203 205 206 209 212 215 218 220 221 0 0 0 0 0 0 0 0
0 0 0 0 0 0 0 0 90 91 92 94 95 97 98 97 97 97 97 96 95 94 94 93 95 95 95 95 94 94 94 94 92 92 92 92 91 91 91 91 91 91 91 92 92 92 93 93 93 93 93 92 92 91 91 91 92 92 92 92 92 92 92 92 96 96 96 96 96 96 96 94 94 93 93 93 93 93 93 93 92 92 92 93 93 94 94 95 98 99 99 98 98 97 99 97 99 97 99 97 97 97 97 99 102 100 99 103 109 111 111 109 99 82 63 46 33 22 23 29 58 74 85 86 87 91 95 94 101 101 100 98 96 88 76 69 73 74 77 81 92 107 123 134 150 161 171 176 174 172 174 177 174 174 175 175 177 178 179 179 179 179 179 178 178 177 179 177 179 179 179 179 179 179 180 180 178 178 177 177 178 179 180 180 176 165 147 122 93 74 72 79 113 143 172 178 178 178 173 164 166 170 173 174 171 170 173 174 178 178 178 177 177 177 180 181 186 188 187 185 186 185 186 185 187 183 169 133 105 74 116 145 185 205 204 208 211 211 220 209 197 170 147 125 109 126 164 185 199 183 165 142 113 96 105 126 147 163 175 174 168 168 176 180 189 186 174 154 129 104 83 68 49 65 83 93 98 105 107 108 105 99 102 106 106 108 98 76 45 35 34 50 70 83 89 89 86 79 77 77 78 69 52 39 34 33 27 21 18 24 34 43 51 55 67 84 101 111 113 114 113 112 108 106 104 103 103 103 110 110 110 108 107 104 102 100 102 100 100 99 99 99 99 99 103 105 105 103 103 103 103 103 102 102 102 102 102 100 100 100 104 105 105 105 105 104 104 104 101 101 101 101 100 100 100 100 99 99 99 99 99 99 99 99 99 99 99 99 99 99 99 99 99 99 99 99 99 99 99 99 100 100 100 100 100 100 100 100 100 100 100 100 100 100 100 100 101 101 101 101 101 101 101 101 100 100 100 100 100 100 100 100 100 100 100 100 100 100 100 100 99 99 99 99 99 99 99 99 99 99 99 99 99 99 99 100 101 103 103 101 101 100 100 99 99 97 97 96 96 96 94 94 93 93 93 93 95 95 95 95 96 96 96 98 98 98 98 98 96 96 96 98 99 99 100 102 105 107 109 108 109 112 116 120 126 127 124 118 110 101 94 91 77 76 74 73 71 68 66 68 70 72 71 70 70 73 80 85 82 84 88 92 97 99 100 100 104 100 100 108 120 127 127 125 127 128 131 135 139 142 144 147 153 155 159 162 165 166 168 168 175 179 185 192 201 207 213 215 0 0 0 0 0 0 0 0
0 0 0 0 0 0 0 0 94 94 93 93 94 94 94 93 95 98 101 102 101 97 92 89 93 93 92 92 92 92 90 90 90 90 89 90 90 91 89 89 90 90 90 91 91 92 92 92 91 91 91 92 92 92 93 93 91 91 91 91 91 91 91 91 97 97 97 97 97 97 97 95 94 93 93 93 93 93 93 93 93 93 93 93 93 93 93 94 98 98 98 97 97 95 96 94 98 97 98 98 98 98 98 100 97 100 100 100 104 108 106 102 83 63 41 29 27 30 40 51 74 76 80 83 86 91 94 96 100 103 105 105 101 97 91 88 80 77 74 70 73 83 99 111 121 141 159 165 165 169 171 170 170 171 171 170 172 173 176 178 182 180 179 176 175 174 175 176 179 178 178 179 180 180 181 182 184 180 176 174 173 172 168 165 163 159 150 131 100 74 67 74 98 132 163 177 180 180 174 166 169 170 171 171 172 173 176 176 177 177 178 178 178 178 180 181 182 186 187 187 186 183 179 176 178 186 161 136 105 79 104 139 183 202 209 206 210 209 208 212 202 194 176 143 112 108 138 170 184 188 187 165 131 105 98 101 120 141 165 174 173 171 176 181 181 191 192 175 153 128 100 75 54 55 74 93 96 101 107 106 101 100 99 100 106 106 94 78 46 38 37 50 67 79 86 88 86 88 92 94 92 84 76 72 62 55 43 33 24 22 22 21 24 26 36 53 75 89 96 98 99 101 101 101 99 100 104 108 105 111 112 106 104 107 108 103 103 100 102 105 103 95 95 101 103 103 103 103 103 103 101 101 100 100 98 99 99 100 100 100 102 103 102 102 102 102 102 100 100 100 99 99 99 99 99 99 99 99 99 99 99 99 99 99 99 99 99 99 99 99 99 99 99 99 99 99 99 99 99 99 100 100 100 100 100 100 100 100 100 100 100 100 100 100 100 100 99 99 99 99 99 99 99 99 99 99 99 99 99 99 99 99 101 101 101 101 101 101 101 101 98 98 98 98 98 98 98 98 97 97 97 97 97 97 97 98 101 103 101 101 101 100 100 99 99 97 97 96 96 94 94 94 93 93 94 94 94 94 94 94 98 98 98 99 99 99 99 99 98 98 98 98 99 99 101 102 100 101 101 101 103 105 108 113 120 123 125 125 121 114 108 103 91 90 88 87 83 79 76 76 72 75 74 73 72 71 72 71 73 71 71 69 67 67 68 68 65 66 68 71 74 76 78 81 82 83 84 87 89 90 92 93 95 104 116 120 119 120 128 133 131 142 157 172 184 192 201 205 0 0 0 0 0 0 0 0
0 0 0 0 0 0 0 0 87 87 86 87 87 87 88 88 91 93 96 98 99 97 94 92 94 94 93 93 93 93 91 91 89 89 88 89 89 90 88 88 90 90 90 91 91 92 92 92 91 92 92 92 93 93 93 94 92 92 92 92 92 92 92 92 97 97 97 97 97 97 97 97 94 93 93 93 93 93 93 93 92 92 92 92 92 92 92 93 97 97 97 97 96 95 95 93 98 97 96 95 96 96 97 100 102 103 100 101 107 110 104 94 73 51 28 16 23 39 58 75 79 83 84 87 88 91 93 95 95 96 98 100 102 102 104 105 97 92 82 72 67 68 77 84 102 116 131 143 157 170 173 170 169 168 171 171 170 170 174 178 175 178 180 183 183 181 179 176 176 177 179 180 182 183 183 184 178 175 169 165 162 157 150 145 150 146 137 119 91 69 64 72 100 128 159 173 177 181 180 173 171 171 172 173 174 175 177 178 177 178 178 178 178 180 180 181 182 184 187 187 187 185 180 178 183 191 167 141 110 82 106 139 183 203 210 207 210 207 204 209 209 203 186 152 115 103 125 151 172 190 200 182 149 117 94 82 98 125 157 176 178 176 176 178 182 191 194 184 166 142 108 81 59 55 69 86 93 99 107 105 102 101 99 101 105 106 95 81 59 50 45 52 65 75 83 85 85 85 90 92 93 90 88 84 80 75 65 55 44 36 32 28 17 13 18 27 42 55 61 63 70 70 72 72 73 77 82 86 95 103 107 107 108 109 107 103 105 101 102 105 105 98 98 104 103 104 104 103 103 103 101 101 100 100 98 99 99 99 99 99 102 103 102 102 102 102 100 100 100 100 99 99 99 99 99 98 99 99 99 99 99 99 99 99 99 99 99 99 99 99 99 99 99 99 99 99 99 99 99 99 100 100 100 100 100 100 100 100 100 100 100 100 100 100 100 100 99 99 99 99 99 99 99 99 99 99 99 99 99 99 99 99 101 101 101 101 101 101 101 101 98 98 98 98 98 98 98 98 97 97 97 97 97 97 97 97 101 101 101 100 100 99 99 99 97 97 96 96 96 94 94 94 94 93 94 94 94 94 94 94 98 98 98 98 98 98 99 98 96 96 96 96 98 98 99 101 103 103 103 101 101 99 99 100 104 109 113 116 117 115 110 107 104 103 102 100 97 94 91 91 94 95 94 94 95 95 94 94 91 89 85 82 79 76 74 73 74 74 73 71 71 69 68 68 71 72 72 72 74 75 75 75 72 78 82 83 83 84 88 92 104 115 133 151 167 180 191 198 0 0 0 0 0 0 0 0
0 0 0 0 0 0 0 0 83 83 83 83 84 84 84 85 89 90 92 95 96 97 97 97 95 95 95 95 94 94 94 94 88 88 89 89 88 89 89 89 90 90 90 91 91 92 92 92 92 93 93 93 94 94 94 95 93 93 93 93 93 93 93 93 96 96 96 96 96 96 96 96 93 93 93 93 93 93 93 93 92 92 92 92 92 92 92 92 96 98 96 96 95 94 94 93 96 94 92 92 93 93 97 98 104 101 97 99 107 109 96 80 57 34 14 12 28 52 75 92 86 89 89 90 90 91 91 93 93 93 95 96 101 107 113 118 113 107 95 80 70 65 67 70 82 86 96 113 138 161 169 167 169 171 172 172 171 170 172 173 171 174 175 177 178 178 178 178 181 180 181 181 179 177 175 173 161 158 152 147 141 135 128 123 124 124 120 110 93 80 82 90 111 135 159 169 175 181 182 179 175 175 176 176 177 178 179 179 178 180 180 180 180 181 181 181 182 183 184 186 187 187 183 180 185 193 171 145 111 82 103 135 179 201 209 208 210 204 200 205 214 211 198 166 125 103 112 130 156 185 207 198 170 140 107 79 86 108 140 164 175 176 178 179 180 188 192 190 181 162 125 92 66 55 61 75 84 97 108 105 103 101 100 100 103 105 95 82 69 57 48 49 61 72 83 89 88 85 88 88 90 91 93 93 92 89 85 79 68 58 49 43 30 21 17 14 21 28 34 34 47 47 49 49 51 56 63 66 68 75 86 96 105 111 111 107 109 105 103 104 105 102 102 104 104 104 104 104 103 103 101 101 100 100 98 99 98 99 99 99 102 102 102 102 100 100 100 100 99 99 99 99 98 98 98 98 99 97 97 97 97 97 97 97 97 97 97 97 97 97 97 97 97 97 97 97 97 97 97 97 98 98 98 98 98 98 98 98 98 98 98 98 98 98 98 98 97 97 97 97 97 97 97 97 97 97 97 97 97 97 97 97 99 99 99 99 99 99 99 99 96 96 96 96 96 96 96 96 95 95 95 95 95 95 95 97 99 100 100 99 99 99 99 97 97 97 97 96 96 96 96 94 94 94 94 94 96 96 96 96 98 98 98 98 98 98 98 98 95 95 95 95 96 98 98 99 101 103 104 103 101 97 95 92 93 99 104 109 112 113 111 110 109 109 108 107 105 103 101 100 107 107 107 107 109 109 109 109 107 105 102 98 95 92 90 89 91 89 87 83 80 77 74 73 77 76 76 75 75 75 74 75 77 75 73 70 71 70 70 71 82 91 105 123 141 157 171 179 0 0 0 0 0 0 0 0
0 0 0 0 0 0 0 0 85 85 85 86 86 86 87 87 89 89 89 90 92 95 98 98 96 96 96 96 96 95 95 95 92 90 90 90 90 89 89 89 90 90 90 91 91 92 92 92 93 93 94 94 94 95 95 95 94 94 94 94 94 94 94 94 95 95 95 95 95 95 95 95 94 92 94 92 94 92 94 92 93 91 93 91 93 91 93 93 94 96 94 94 95 93 93 93 95 92 90 87 90 91 95 98 103 100 96 98 106 105 86 66 36 22 14 22 44 63 78 87 88 91 91 92 92 92 94 94 96 96 97 98 102 106 112 115 115 111 105 96 88 80 77 76 71 70 71 86 111 136 151 156 171 172 174 173 172 170 168 169 174 171 167 166 166 171 178 181 188 186 181 173 164 155 147 143 112 109 105 102 100 98 97 96 103 109 116 118 115 114 120 128 135 150 164 170 173 178 180 178 175 175 176 176 178 178 179 181 180 180 180 181 181 181 181 182 181 183 184 187 189 188 185 182 184 193 172 146 111 79 98 128 175 198 208 207 209 203 199 203 213 215 209 182 143 112 110 118 140 176 205 203 190 170 137 102 97 102 117 140 160 173 181 184 177 183 186 189 190 176 143 109 75 58 54 65 75 93 108 107 104 103 100 97 101 102 95 84 65 53 42 44 54 70 86 98 95 92 89 85 85 85 88 88 88 89 90 88 83 76 70 64 59 49 38 29 26 26 28 27 23 21 21 22 25 27 31 33 31 38 52 69 89 106 114 115 114 108 105 105 107 104 103 102 104 105 104 104 104 103 101 101 100 100 98 98 98 99 98 99 100 102 102 102 100 100 100 100 99 99 99 99 98 98 98 98 96 96 96 96 96 96 96 96 97 97 97 97 97 97 97 97 97 97 97 97 97 97 97 97 97 97 97 97 97 97 97 97 97 97 97 97 97 97 97 97 97 97 97 97 97 97 97 97 97 97 97 97 97 97 97 97 98 98 98 98 98 98 98 98 97 97 97 97 97 97 97 97 96 96 96 96 96 96 96 96 97 97 99 97 99 97 97 97 97 97 97 97 97 96 97 96 96 94 96 96 96 96 96 96 97 97 97 97 97 97 97 95 94 93 94 94 95 95 97 97 98 98 100 100 100 98 96 95 94 96 99 102 104 105 104 102 103 103 103 103 102 100 99 98 102 102 105 105 105 105 106 106 107 106 105 104 102 102 101 101 103 103 101 99 97 95 96 95 97 96 97 96 95 94 94 96 102 100 95 93 92 90 86 83 79 82 87 96 110 124 137 145 0 0 0 0 0 0 0 0
0 0 0 0 0 0 0 0 87 87 89 89 89 90 90 90 92 91 90 89 90 93 98 97 97 97 97 97 97 96 96 95 94 94 94 92 92 92 92 92 90 90 90 91 91 92 92 92 93 93 94 94 94 95 95 95 94 94 94 94 94 94 94 94 95 95 95 95 95 95 95 95 94 94 95 94 95 94 95 94 94 93 94 93 94 93 94 94 95 95 94 93 94 93 92 91 92 91 89 86 89 90 95 97 104 101 99 101 107 101 78 55 25 18 19 34 57 72 79 83 89 91 92 94 95 95 97 97 97 98 100 101 103 104 105 107 109 109 109 105 100 94 87 83 69 65 63 69 83 105 128 143 164 167 171 173 172 168 167 167 174 172 170 169 170 173 180 183 185 178 165 149 133 118 108 102 79 78 78 79 83 90 97 103 107 117 130 138 143 148 151 154 155 163 169 172 172 175 177 178 175 176 176 176 179 179 179 180 181 181 181 182 182 182 182 182 182 181 183 186 191 190 187 181 182 192 171 146 111 77 93 122 170 195 208 207 209 203 200 205 211 213 212 194 159 124 110 110 131 164 196 204 203 193 163 129 114 100 98 117 144 166 180 185 181 183 183 182 185 177 152 123 89 65 52 57 66 87 106 108 105 102 99 96 98 100 95 86 59 47 36 38 50 68 86 101 101 95 90 82 81 80 83 85 87 88 89 90 90 88 86 85 80 73 63 52 44 37 34 31 27 24 23 21 22 21 22 19 13 16 26 45 68 91 108 119 114 113 109 107 107 106 104 102 104 105 105 104 104 103 101 101 100 100 98 98 98 98 98 99 100 102 100 100 100 100 99 99 99 99 98 98 98 98 98 98 96 96 96 96 96 96 96 96 97 97 97 97 97 97 97 97 97 97 97 97 97 97 97 97 97 97 97 97 97 97 97 97 97 97 97 97 97 97 97 97 97 97 97 97 97 97 97 97 97 97 97 97 97 97 97 97 98 98 98 98 98 98 98 98 97 97 97 97 97 97 97 97 96 96 96 96 96 96 96 96 97 96 97 96 97 97 97 97 97 97 99 99 99 97 99 97 97 96 97 97 97 97 96 96 97 97 97 97 97 97 97 95 94 93 93 93 94 94 95 95 97 96 96 95 97 97 98 99 97 96 97 98 97 98 96 95 99 99 100 100 100 99 99 98 98 98 99 100 100 100 101 101 101 100 102 102 102 103 104 104 106 106 106 106 107 108 108 108 108 108 110 110 109 109 109 110 115 113 110 109 111 108 101 95 87 83 78 76 82 90 100 106 0 0 0 0 0 0 0 0
0 0 0 0 0 0 0 0 86 86 88 88 88 89 89 89 93 92 92 91 92 94 96 98 99 97 97 97 97 97 97 96 97 96 95 95 95 92 92 92 90 90 90 91 91 92 92 92 92 93 93 93 94 94 94 95 94 94 94 94 94 94 94 94 94 94 94 94 94 94 94 94 94 94 94 94 94 94 94 94 94 94 94 94 94 94 94 94 95 95 93 93 91 90 89 89 89 88 87 86 88 91 95 97 103 105 107 106 104 91 65 43 21 18 24 43 66 78 83 87 88 90 92 94 95 96 97 98 95 97 101 103 105 105 104 103 104 105 106 105 102 95 86 80 73 72 69 66 67 78 103 122 143 146 156 163 166 168 168 169 172 175 179 182 180 177 173 170 158 149 133 115 98 87 80 77 79 81 84 90 98 111 124 132 136 145 155 160 163 167 165 162 166 168 171 174 174 177 178 180 176 178 178 178 178 178 180 180 181 181 182 182 182 182 182 182 183 181 182 186 191 191 187 180 182 194 174 150 115 79 92 119 169 195 208 206 208 203 200 207 211 214 213 203 174 139 115 104 124 151 181 199 207 203 176 146 127 106 93 107 133 153 170 180 189 188 184 177 176 173 155 135 109 79 60 55 60 79 101 105 107 104 99 94 95 98 94 88 60 48 36 36 47 63 82 98 99 94 88 83 81 83 87 90 94 92 94 92 93 93 94 94 92 89 82 74 64 57 51 48 52 50 47 46 44 42 36 32 23 18 21 30 46 65 89 105 110 113 115 110 108 108 107 105 105 105 105 105 104 103 103 101 100 98 98 98 97 98 98 98 100 102 100 100 100 100 99 99 99 99 98 98 98 98 98 98 95 95 95 95 95 95 95 95 97 97 97 97 97 97 97 97 97 97 97 97 97 97 97 97 96 96 96 96 96 96 96 96 96 96 96 96 96 96 96 96 97 97 97 97 97 97 97 97 97 97 97 97 97 97 97 97 97 97 97 97 97 97 97 97 98 98 98 98 98 98 98 98 97 97 97 97 97 97 97 97 96 94 96 96 96 96 97 97 97 97 99 99 99 99 99 99 99 97 97 97 97 97 97 96 96 96 96 96 96 96 96 94 93 92 92 92 93 93 94 94 99 97 96 94 95 96 98 97 95 93 93 94 94 95 94 95 95 95 98 99 99 98 97 97 96 94 96 96 96 96 97 97 98 98 99 98 98 98 99 99 100 100 100 101 103 103 103 104 103 103 106 106 106 106 106 108 109 109 108 109 112 110 104 99 93 86 75 67 66 67 70 72 0 0 0 0 0 0 0 0
0 0 0 0 0 0 0 0 86 86 88 89 89 90 90 90 94 93 93 92 93 95 98 99 98 98 98 98 98 96 96 95 96 96 96 94 94 93 93 91 90 90 90 91 91 92 92 92 91 92 92 92 93 93 93 94 93 93 93 93 93 93 93 93 93 93 93 93 93 93 93 93 93 95 95 95 95 95 95 95 97 97 97 97 97 97 97 97 96 96 94 92 90 89 88 86 84 86 86 88 90 92 96 98 98 106 111 107 94 73 48 29 17 20 33 54 74 82 84 87 89 92 93 94 95 96 96 96 98 100 101 103 104 104 104 104 104 103 102 102 102 96 90 85 82 84 83 76 65 62 78 96 109 117 134 148 160 168 171 174 173 176 177 175 167 157 145 138 118 110 96 83 76 75 78 81 93 98 105 113 121 132 144 152 164 170 173 172 171 173 171 166 171 170 171 174 176 177 176 178 180 181 181 181 181 181 182 181 182 182 184 184 184 184 184 184 185 181 180 183 190 190 184 176 180 193 175 152 117 80 92 117 171 197 209 206 207 201 200 209 212 213 214 210 189 156 127 110 118 129 151 174 193 201 189 174 149 122 100 100 112 128 152 171 189 191 186 176 171 170 161 149 128 95 70 58 55 72 93 99 106 104 98 93 93 96 94 90 64 52 40 40 47 62 79 94 96 94 90 88 88 91 95 97 98 97 98 96 96 96 97 97 99 98 95 90 83 77 73 71 64 63 62 63 62 59 51 43 43 33 26 23 26 38 61 83 101 111 117 114 111 110 112 112 105 107 105 105 104 103 103 101 100 98 98 98 97 98 96 98 100 100 100 100 100 100 99 99 99 99 98 98 96 96 96 96 95 95 95 95 95 95 95 95 97 97 97 97 97 97 97 97 97 97 97 97 97 97 97 97 96 96 96 96 96 96 96 96 96 96 96 96 96 96 96 96 97 97 97 97 97 97 97 97 97 97 97 97 97 97 97 97 97 97 97 97 97 97 97 97 98 98 98 98 98 98 98 98 97 97 97 97 97 97 97 96 94 93 94 94 94 94 96 96 97 97 99 99 100 100 100 100 99 99 99 99 99 97 97 97 97 97 96 96 96 96 96 94 93 92 92 92 93 93 94 94 97 97 96 95 95 95 95 94 93 92 92 92 93 94 95 97 93 93 95 95 95 95 94 93 93 91 91 90 91 90 89 89 94 93 94 94 93 93 94 94 95 95 95 95 97 97 97 97 99 99 99 99 101 100 100 101 105 106 106 107 109 108 106 104 101 94 85 76 69 62 56 52 0 0 0 0 0 0 0 0
0 0 0 0 0 0 0 0 86 86 89 89 89 90 90 90 93 92 92 93 94 97 99 100 99 98 98 98 98 98 98 96 96 95 95 94 94 92 92 92 91 90 90 91 91 92 92 92 91 91 91 92 92 92 93 93 93 93 93 93 93 93 93 93 93 91 91 91 91 91 91 93 93 95 95 95 95 95 95 95 97 97 97 97 97 97 98 97 97 96 96 93 92 89 88 87 85 85 87 91 93 96 97 99 94 107 114 106 84 59 33 16 14 24 42 68 85 86 82 82 91 94 94 94 94 94 94 94 103 103 103 102 103 103 104 104 105 102 100 101 102 103 102 99 94 96 93 83 65 51 60 73 84 96 117 138 155 165 174 179 176 173 167 156 142 126 114 106 88 83 73 67 68 77 89 97 128 134 143 152 158 166 174 180 177 181 181 176 175 179 179 173 175 172 172 175 178 174 174 173 181 181 182 181 182 182 182 182 182 182 182 182 184 184 184 184 185 181 179 183 190 189 183 175 177 191 173 151 114 77 88 115 173 200 211 209 206 200 200 209 213 213 217 216 203 173 141 122 111 111 123 149 178 198 205 203 170 141 111 94 93 106 139 168 185 190 188 177 171 172 170 162 142 108 80 61 54 66 88 94 107 104 99 92 91 95 94 91 65 55 45 43 50 63 81 94 98 96 94 93 94 96 99 102 97 97 98 98 98 97 98 98 100 100 99 96 92 89 87 85 84 83 84 85 87 83 76 67 57 47 33 22 16 21 43 65 94 109 120 117 112 112 116 116 107 107 107 105 105 104 103 101 101 100 98 98 98 98 98 98 99 99 99 99 99 99 98 98 98 98 98 96 96 96 96 96 95 95 95 95 95 95 95 95 97 97 97 97 97 97 97 97 97 97 97 97 97 97 97 97 96 96 96 96 96 96 96 96 96 96 96 96 96 96 96 96 97 97 97 97 97 97 97 97 97 97 97 97 97 97 97 97 97 97 97 97 97 97 97 97 98 98 98 98 98 98 98 98 97 97 97 97 97 97 97 96 94 94 94 94 94 96 96 96 97 97 99 99 99 100 100 100 99 99 99 99 99 99 97 97 97 97 96 96 96 96 96 94 93 92 92 92 93 93 94 94 90 91 95 97 97 96 95 92 94 92 92 91 92 93 94 95 93 93 96 96 96 96 95 92 93 90 91 90 89 88 88 87 89 88 89 89 90 90 92 92 91 91 92 92 94 95 95 96 101 101 101 101 100 100 99 100 107 107 107 106 106 107 110 111 108 104 95 86 77 63 51 42 0 0 0 0 0 0 0 0
0 0 0 0 0 0 0 0 89 89 89 90 90 91 91 91 91 91 92 93 93 94 95 96 98 98 98 98 98 97 97 97 97 95 95 94 94 94 94 93 89 89 89 90 90 91 91 91 93 93 93 93 93 93 93 93 93 93 93 93 92 92 90 90 90 89 89 89 88 88 88 89 91 92 92 93 93 94 96 96 97 97 97 97 97 97 98 97 97 97 97 95 95 93 90 88 93 92 92 95 98 99 98 100 102 105 104 96 73 45 25 18 16 37 61 76 86 88 84 80 90 93 94 95 96 98 98 99 97 98 100 101 102 101 100 99 99 100 101 101 102 103 104 104 101 104 104 96 83 69 61 58 63 68 84 108 134 153 160 159 157 142 125 114 106 92 80 73 74 82 93 101 109 119 131 140 167 169 172 175 177 178 178 178 179 177 173 171 170 172 174 176 177 176 175 174 174 175 177 178 180 180 182 179 181 180 180 180 181 181 181 181 182 182 182 182 183 181 181 183 188 187 183 178 178 179 177 153 114 84 87 110 166 196 208 205 205 204 205 210 215 211 217 219 211 196 169 135 116 105 102 119 151 182 198 200 180 162 132 109 97 90 109 142 173 183 187 176 173 179 182 177 153 127 94 66 54 59 79 96 105 105 101 96 94 96 96 93 72 62 51 44 47 58 74 82 87 88 89 90 91 90 89 88 88 86 89 96 100 97 98 99 96 99 100 98 97 94 93 91 89 89 91 91 89 87 86 84 81 70 57 40 22 16 28 45 74 94 113 116 113 113 114 113 107 107 107 105 105 104 104 103 102 100 100 98 98 98 99 99 96 96 96 96 96 96 96 96 96 96 96 95 95 95 95 95 96 96 96 96 96 96 96 96 97 97 97 97 97 97 97 97 97 97 97 97 97 97 97 97 96 96 96 96 96 96 96 96 96 96 96 96 96 96 96 96 97 97 97 97 97 97 97 97 97 97 97 97 97 97 97 97 97 97 97 97 97 97 97 97 97 97 97 97 97 97 97 97 97 97 97 97 97 97 97 97 96 96 96 96 96 97 97 97 97 97 97 97 97 99 99 99 97 97 97 97 97 97 97 97 97 97 97 97 97 97 97 96 94 93 93 93 93 93 93 93 92 92 93 93 93 93 93 92 92 92 92 92 92 92 92 92 92 92 93 93 93 93 93 92 93 92 93 92 92 91 91 91 90 90 90 90 90 90 90 90 87 87 88 89 91 93 95 96 96 96 96 98 98 98 98 99 104 102 102 100 100 102 105 106 104 104 102 97 92 81 76 69 0 0 0 0 0 0 0 0
0 0 0 0 0 0 0 0 89 89 89 90 90 90 91 91 91 91 92 92 93 94 95 95 98 98 98 98 98 98 97 97 97 97 95 95 94 94 94 93 91 89 89 90 90 90 91 91 93 93 93 93 93 93 93 93 93 93 93 93 92 92 90 90 89 89 88 88 86 86 86 88 89 91 92 93 93 93 96 96 97 97 97 97 98 98 98 98 98 97 97 95 93 90 91 91 92 93 96 99 104 103 102 100 105 102 92 79 59 34 20 18 26 44 65 80 86 87 85 81 92 94 95 96 97 98 98 99 98 99 100 101 102 101 101 100 100 100 101 102 103 103 104 104 105 105 104 102 96 84 71 62 54 58 69 89 113 127 132 130 120 105 87 76 71 67 67 69 84 98 117 135 148 159 169 176 188 188 188 188 187 186 185 184 175 174 172 171 171 171 172 172 175 174 174 173 174 175 177 178 180 180 180 179 179 178 180 180 180 180 181 181 181 181 182 182 183 181 181 183 188 187 183 178 178 179 175 152 115 85 86 108 162 193 207 205 206 205 206 212 215 211 217 222 216 207 184 154 127 103 86 94 122 156 185 201 190 179 152 125 103 87 97 125 156 172 182 181 179 184 185 180 159 135 101 72 57 58 75 91 103 104 102 97 95 97 97 94 74 65 51 43 43 51 63 71 73 74 75 76 76 75 74 73 75 74 78 86 91 92 93 97 95 97 100 102 99 98 96 96 92 94 95 93 91 90 88 89 90 81 69 54 35 23 26 33 60 79 100 110 114 113 112 108 107 108 107 107 105 104 104 103 102 100 100 98 98 98 99 99 96 95 95 95 95 95 95 95 95 95 95 95 95 95 95 95 96 96 96 96 96 96 96 96 97 97 97 97 97 97 97 97 97 97 97 97 97 97 97 97 96 96 96 96 96 96 96 96 96 96 96 96 96 96 96 96 97 97 97 97 97 97 97 97 97 97 97 97 97 97 97 97 97 97 97 97 97 97 97 97 97 97 97 97 97 97 97 97 97 97 97 97 97 97 97 97 97 97 97 97 97 97 97 97 97 97 97 97 97 97 97 97 97 97 97 97 97 97 97 97 97 97 97 97 97 97 97 96 94 93 93 93 93 93 93 93 92 92 92 92 92 92 92 92 92 92 92 92 92 92 92 92 92 92 92 92 92 92 92 92 93 93 93 92 92 91 91 91 91 91 91 91 91 91 91 91 88 88 89 89 91 92 93 94 95 95 96 96 96 96 98 99 103 102 101 99 98 98 100 100 103 103 102 100 97 92 88 85 0 0 0 0 0 0 0 0
0 0 0 0 0 0 0 0 89 89 89 89 90 90 90 91 91 91 91 92 93 94 94 95 97 97 97 97 96 96 96 96 94 94 94 94 93 93 93 92 91 89 89 89 90 90 90 91 92 92 92 92 92 92 92 92 92 92 91 91 91 91 89 89 89 89 88 88 88 88 86 88 89 91 91 91 93 93 95 96 97 97 98 98 98 98 100 98 97 98 98 95 92 88 91 94 94 97 101 106 109 105 100 97 100 90 72 55 38 24 18 20 38 54 73 82 85 85 84 81 93 95 96 96 97 98 98 98 99 99 100 101 102 102 101 101 100 101 101 102 103 103 104 104 109 106 105 108 110 103 87 73 52 52 57 68 83 92 94 91 85 72 60 54 56 64 80 93 115 130 152 170 180 185 187 189 184 183 181 178 175 173 172 172 172 173 174 175 174 173 172 171 173 173 173 173 174 176 177 178 179 179 179 179 178 178 180 180 180 180 181 181 181 181 182 182 183 181 181 183 188 187 183 178 177 178 174 153 117 87 86 105 154 189 205 205 206 206 208 214 215 211 217 224 221 219 203 178 139 102 74 74 95 125 162 191 193 192 174 146 116 88 85 104 130 152 174 184 186 190 189 184 166 145 113 82 63 58 70 82 100 102 103 99 97 99 98 96 76 67 52 41 37 40 46 51 56 57 57 58 58 57 56 56 58 58 62 71 78 82 87 93 92 96 100 103 100 99 99 98 94 94 95 94 90 88 87 87 93 87 80 70 53 36 27 21 36 55 79 99 111 115 109 103 107 107 107 107 105 104 104 103 101 100 100 98 98 98 99 98 96 95 95 95 95 95 95 95 95 95 95 95 95 95 95 95 96 96 96 96 96 96 96 96 97 97 97 97 97 97 97 97 97 97 97 97 97 97 97 97 96 96 96 96 96 96 96 96 96 96 96 96 96 96 96 96 97 97 97 97 97 97 97 97 97 97 97 97 97 97 97 97 97 97 97 97 97 97 97 97 97 97 97 97 97 97 97 97 97 97 97 97 97 97 97 97 97 97 97 97 97 97 97 97 97 97 97 97 97 97 97 97 97 97 97 97 97 97 97 97 97 97 97 97 97 97 97 96 94 93 93 93 93 93 93 93 92 92 92 92 92 92 92 92 92 92 92 92 92 92 92 92 92 92 92 92 92 92 92 92 93 93 92 92 92 92 91 91 92 92 92 92 92 92 92 92 91 91 91 91 92 92 92 92 93 93 95 95 96 96 96 98 102 101 101 99 97 95 94 94 97 99 100 100 102 102 103 102 0 0 0 0 0 0 0 0
0 0 0 0 0 0 0 0 88 88 89 89 89 90 90 90 90 90 91 92 93 93 94 94 96 96 96 96 95 95 95 95 93 93 93 93 92 92 92 91 90 88 89 89 89 90 90 90 91 91 91 91 91 91 91 91 91 91 90 90 90 90 88 88 88 88 88 87 87 87 87 87 88 90 91 91 92 93 95 95 96 96 97 97 97 97 99 99 97 99 100 98 94 93 96 99 101 103 108 110 107 100 89 82 87 71 51 35 23 18 22 28 49 63 78 84 83 84 82 81 95 97 97 97 98 98 98 98 99 100 100 101 101 101 101 101 100 101 101 101 102 103 103 103 107 105 105 109 113 110 98 88 68 64 58 57 61 63 63 61 59 56 58 66 78 93 116 134 153 163 176 186 189 187 183 181 179 177 175 173 171 171 171 172 172 174 177 179 179 177 174 172 173 173 174 175 176 178 179 180 179 178 178 178 178 178 180 180 180 180 181 181 181 181 182 182 183 181 181 183 188 187 183 178 177 177 174 155 121 90 86 102 146 182 202 204 206 206 207 216 215 211 216 222 221 225 216 196 151 112 80 75 86 106 140 174 184 195 188 164 135 100 86 93 107 132 161 180 188 193 192 189 170 152 122 93 68 57 64 75 95 100 103 101 99 100 100 98 80 72 58 46 38 36 37 39 45 45 45 45 44 44 43 43 44 43 46 54 61 66 76 85 90 95 100 102 98 95 93 93 92 93 94 91 88 83 84 82 89 88 85 82 73 54 35 21 19 34 60 85 106 113 108 101 106 106 106 104 103 103 102 100 100 98 97 96 97 96 97 96 95 95 95 95 95 95 95 95 95 95 95 95 95 95 95 95 96 96 96 96 96 96 96 96 97 97 97 97 97 97 97 97 97 97 97 97 97 97 97 97 96 96 96 96 96 96 96 96 96 96 96 96 96 96 96 96 97 97 97 97 97 97 97 97 97 97 97 97 97 97 97 97 97 97 97 97 97 97 97 97 97 97 97 97 97 97 97 97 97 97 97 97 97 97 97 97 97 97 97 97 97 97 97 97 97 97 97 97 97 97 97 97 97 97 97 97 97 97 97 97 97 97 97 97 97 97 97 96 94 93 93 93 93 93 93 93 92 92 92 92 92 92 92 92 92 92 92 92 92 92 92 92 92 92 92 92 92 92 92 92 92 92 92 92 92 92 92 92 93 93 93 93 93 93 93 93 93 93 93 92 93 92 92 92 93 93 95 95 96 96 96 96 100 100 99 99 97 95 92 93 90 91 93 95 99 103 106 108 0 0 0 0 0 0 0 0
0 0 0 0 0 0 0 0 86 86 86 87 87 87 88 88 88 88 89 89 90 91 92 94 96 96 95 95 95 95 93 93 93 93 92 92 92 92 92 91 90 88 88 89 89 89 90 90 91 91 91 91 91 91 91 91 91 91 90 90 90 90 88 88 89 88 88 88 88 87 87 87 88 88 90 91 91 92 95 95 96 96 97 97 99 99 99 99 97 99 101 100 101 101 104 107 109 108 106 102 96 83 70 63 61 49 33 22 15 15 25 37 58 71 82 82 79 80 82 83 97 99 99 99 98 98 98 98 99 99 99 99 100 100 101 101 100 100 100 100 101 101 101 101 102 103 104 105 105 104 103 102 92 83 71 59 53 51 48 46 40 48 67 89 109 127 146 164 176 179 183 185 184 182 181 180 173 172 171 169 169 169 170 171 171 173 176 178 179 177 174 172 174 175 176 178 179 180 181 181 177 178 178 178 178 178 180 180 180 180 181 181 181 181 182 182 183 181 181 183 188 187 183 178 177 176 173 157 125 93 86 98 137 177 201 204 207 207 208 217 217 211 214 217 217 224 220 204 169 130 96 85 83 92 120 152 168 188 193 177 154 122 98 94 95 115 143 166 179 189 192 192 172 158 134 104 76 59 61 70 89 96 103 103 101 102 101 100 90 84 72 62 53 48 45 44 48 47 47 46 45 45 45 45 43 39 39 42 46 52 64 76 89 95 100 100 94 88 83 82 88 90 91 91 87 83 82 81 87 89 90 91 85 70 47 28 17 24 44 70 94 105 106 104 107 106 104 104 103 103 102 100 100 97 96 95 95 94 95 95 95 95 95 95 95 95 95 95 95 95 95 95 95 95 95 95 96 96 96 96 96 96 96 96 97 97 97 97 97 97 97 97 97 97 97 97 97 97 97 97 96 96 96 96 96 96 96 96 96 96 96 96 96 96 96 96 97 97 97 97 97 97 97 97 97 97 97 97 97 97 97 97 97 97 97 97 97 97 97 97 97 97 97 97 97 97 97 97 97 97 97 97 97 97 97 97 97 97 97 97 97 97 97 97 97 97 97 97 97 97 97 97 97 97 97 97 97 97 97 97 97 97 97 97 97 97 97 96 94 93 93 93 93 93 93 93 92 92 92 92 92 92 92 92 92 92 92 92 92 92 92 92 92 92 92 92 92 92 92 92 92 92 92 92 92 92 92 92 93 93 93 93 93 93 93 93 94 94 93 93 93 92 92 91 93 93 93 93 95 95 95 96 96 98 99 99 98 97 96 96 88 89 91 93 96 101 105 107 0 0 0 0 0 0 0 0
0 0 0 0 0 0 0 0 85 86 86 86 87 87 87 87 87 88 88 89 90 91 91 91 94 95 94 94 94 94 92 92 92 92 91 91 91 91 91 90 87 88 88 88 89 89 89 89 90 90 90 90 90 90 90 90 90 90 89 89 89 89 87 87 88 88 87 87 87 87 87 87 87 88 90 90 91 92 94 94 95 96 96 98 98 99 99 99 99 101 103 105 108 109 110 110 111 105 97 87 76 62 49 44 38 31 21 12 7 11 26 41 63 74 83 80 77 78 83 88 99 101 100 100 99 98 98 98 98 98 97 97 98 98 100 100 99 99 99 99 99 99 99 99 97 100 101 99 95 96 102 108 108 99 86 72 61 53 49 47 44 57 83 112 136 152 168 180 185 184 180 176 173 172 171 172 173 172 171 170 169 169 169 169 169 170 172 173 173 173 172 171 176 177 178 180 181 181 181 181 177 177 177 177 178 178 180 180 180 180 181 181 181 181 182 182 183 181 181 183 188 187 183 178 176 175 173 159 129 97 85 95 132 172 198 204 206 206 208 217 220 213 213 214 212 220 219 206 187 152 116 93 81 83 107 133 155 178 190 186 175 151 121 104 93 103 121 142 160 176 186 188 175 163 145 116 83 59 58 65 81 93 102 103 101 102 101 100 101 98 90 83 76 70 66 64 63 62 61 60 59 59 59 59 57 50 42 38 37 42 56 70 88 95 100 98 89 79 74 70 80 84 89 91 91 87 86 85 90 92 95 93 90 79 58 39 27 25 34 53 76 92 104 107 106 105 103 103 102 101 99 98 97 96 94 92 93 93 94 94 95 95 95 95 95 95 95 95 95 95 95 95 95 95 95 95 96 96 96 96 96 96 96 96 97 97 97 97 97 97 97 97 97 97 97 97 97 97 97 97 96 96 96 96 96 96 96 96 96 96 96 96 96 96 96 96 97 97 97 97 97 97 97 97 97 97 97 97 97 97 97 97 97 97 97 97 97 97 97 97 97 97 97 97 97 97 97 97 97 97 97 97 97 97 97 97 97 97 97 97 97 97 97 97 97 97 97 97 97 97 97 97 97 97 97 97 97 97 97 97 97 97 97 97 97 97 97 96 94 93 93 93 93 93 93 93 92 92 92 92 92 92 92 92 92 92 92 92 92 92 92 92 92 92 92 92 92 92 92 92 91 91 92 92 92 92 93 93 93 93 93 93 93 93 93 93 94 93 93 92 93 92 92 92 93 93 93 93 93 93 95 95 95 95 96 96 96 96 98 98 92 92 93 93 95 97 100 101 0 0 0 0 0 0 0 0
0 0 0 0 0 0 0 0 85 85 86 86 86 87 87 87 87 87 88 89 90 90 91 91 93 93 93 93 91 91 91 91 90 90 90 90 89 89 89 89 87 87 88 88 88 89 89 89 89 89 89 89 89 89 89 89 88 88 88 88 88 88 88 88 88 88 88 88 88 88 88 88 87 87 90 90 91 92 94 95 96 96 98 99 99 101 101 102 103 102 103 108 115 116 113 109 103 95 82 68 56 44 35 31 29 25 20 12 6 9 26 43 66 78 83 79 76 79 87 94 100 102 101 100 99 98 98 97 97 96 96 95 96 97 98 99 97 97 97 97 97 97 97 97 96 98 98 95 91 93 100 106 110 106 98 89 81 70 63 58 58 66 87 113 135 152 167 179 182 179 175 171 168 167 165 164 179 179 179 179 179 178 177 176 171 170 169 169 169 171 172 173 176 177 179 180 181 180 180 179 176 176 176 177 177 178 180 180 180 180 181 181 181 181 182 182 183 181 181 183 188 187 183 178 176 175 173 160 132 99 85 92 128 170 197 202 206 205 207 215 222 214 214 213 210 218 220 207 199 175 141 108 87 82 97 114 140 166 181 187 195 181 149 123 99 95 100 116 138 160 177 184 182 173 156 127 91 62 57 63 76 89 101 103 102 102 101 100 105 105 101 99 95 91 86 83 83 82 80 79 78 78 78 79 79 68 54 42 35 38 53 68 87 94 100 97 86 73 67 65 68 75 85 90 94 92 92 91 92 97 97 95 93 86 72 56 44 33 30 40 59 78 99 112 108 105 103 103 102 101 99 98 97 96 94 92 92 90 91 92 95 95 95 95 95 95 95 95 95 95 95 95 95 95 95 95 96 96 96 96 96 96 96 96 97 97 97 97 97 97 97 97 97 97 97 97 97 97 97 97 96 96 96 96 96 96 96 96 96 96 96 96 96 96 96 96 97 97 97 97 97 97 97 97 97 97 97 97 97 97 97 97 97 97 97 97 97 97 97 97 97 97 97 97 97 97 97 97 97 97 97 97 97 97 97 97 96 96 96 96 96 96 96 96 96 96 96 96 96 96 96 96 96 96 96 96 96 96 96 96 96 96 96 96 96 96 96 96 94 93 93 93 93 93 93 93 92 92 92 92 92 92 92 92 92 92 92 92 92 92 92 92 92 92 92 92 92 92 92 92 91 91 91 92 92 93 93 93 92 92 92 92 92 92 92 92 92 92 92 92 92 92 92 92 92 92 92 92 92 92 93 93 93 93 93 93 93 94 96 97 95 95 96 96 95 96 96 96 0 0 0 0 0 0 0 0
0 0 0 0 0 0 0 0 85 85 85 86 86 87 87 87 87 87 88 89 89 90 91 91 93 93 93 93 91 91 91 91 90 90 90 90 89 89 89 89 87 87 87 88 88 89 89 89 89 89 89 89 89 89 89 89 88 88 88 88 88 88 88 88 88 88 88 88 88 88 90 88 89 89 89 91 91 94 95 96 96 98 99 101 102 102 103 103 107 105 105 111 120 120 115 107 96 85 71 55 43 34 28 26 31 29 25 16 7 8 27 48 70 79 85 79 76 80 90 100 101 103 102 101 100 98 98 97 96 96 95 94 94 96 97 98 96 96 96 96 96 96 95 95 97 97 96 94 92 93 98 103 107 108 107 104 97 86 77 70 61 63 76 95 115 132 149 161 171 171 171 174 176 177 176 175 163 164 166 168 169 169 168 167 174 172 170 168 169 171 175 177 176 177 178 180 180 179 178 177 176 176 176 177 177 178 180 180 180 180 181 181 181 181 182 182 183 181 181 183 188 187 183 178 176 174 172 161 133 100 85 89 124 168 196 202 205 203 206 214 224 216 216 214 210 218 221 211 202 187 160 126 99 89 92 99 130 156 173 188 208 203 171 141 104 93 89 99 124 150 171 181 187 179 165 135 94 64 55 61 73 87 100 103 101 101 101 100 104 105 105 105 103 100 96 93 96 95 93 91 90 90 90 91 95 81 63 46 36 37 52 68 85 93 99 96 85 72 64 62 56 65 78 88 94 94 95 94 92 97 98 95 94 94 85 71 56 39 29 32 49 70 97 116 109 105 105 103 103 101 99 98 97 95 94 91 91 90 91 92 95 95 95 95 95 95 95 95 95 95 95 95 95 95 95 95 96 96 96 96 96 96 96 96 97 97 97 97 97 97 97 97 97 97 97 97 97 97 97 97 96 96 96 96 96 96 96 96 96 96 96 96 96 96 96 96 97 97 97 97 97 97 97 97 97 97 97 97 97 97 97 97 97 97 97 97 97 97 97 97 97 97 97 97 97 97 97 97 97 97 97 97 97 97 97 97 96 96 96 96 96 96 96 96 96 96 96 96 96 96 96 96 96 96 96 96 96 96 96 96 96 96 96 96 96 96 96 94 94 93 93 93 93 93 93 93 92 92 92 92 92 92 92 92 92 92 92 92 92 92 92 92 92 92 92 92 92 92 92 92 91 91 91 92 92 93 93 93 92 92 92 92 92 92 92 92 91 91 91 91 92 92 92 92 92 92 92 92 92 92 92 92 93 92 89 88 88 89 91 93 96 95 95 94 93 92 91 91 0 0 0 0 0 0 0 0
0 0 0 0 0 0 0 0 82 82 83 84 85 85 86 86 87 87 88 88 88 88 89 89 90 90 90 90 90 90 89 89 89 89 88 88 88 88 86 86 88 88 88 88 88 88 88 88 88 88 88 88 88 88 88 88 88 88 88 88 88 88 88 88 89 89 88 88 88 88 89 88 88 88 87 87 89 91 93 95 100 99 97 97 100 104 108 109 110 113 113 111 113 111 101 86 74 64 51 40 36 35 35 37 46 42 34 23 18 19 29 38 58 65 72 75 76 79 90 99 99 100 99 98 98 99 100 100 96 95 94 93 92 92 93 93 94 94 95 95 96 97 97 98 94 96 98 96 94 93 96 99 104 105 107 108 107 100 91 86 73 65 65 73 87 103 123 141 154 170 184 186 184 181 176 170 161 161 161 162 164 167 170 171 173 175 177 175 173 173 175 178 176 175 175 175 175 176 177 178 176 177 178 179 179 179 181 180 181 181 182 182 182 182 183 183 183 181 180 182 187 186 181 176 174 175 173 161 137 106 87 83 117 159 192 204 209 204 206 216 219 219 219 217 214 213 214 216 214 197 174 147 116 92 88 93 117 141 164 181 203 214 195 162 123 99 83 92 113 136 158 177 185 185 174 144 102 70 58 60 67 78 90 100 105 105 100 95 102 103 102 103 103 103 102 101 102 101 99 97 96 95 95 94 99 87 70 51 37 37 55 75 86 91 95 93 89 81 67 54 54 59 70 80 92 96 99 99 94 97 101 100 97 90 86 81 69 52 35 31 40 61 89 106 105 103 106 106 103 101 99 97 96 95 95 93 93 91 89 90 93 93 94 94 94 95 95 95 95 95 95 94 94 93 93 93 94 94 94 94 94 94 94 94 96 96 96 96 96 96 96 96 95 95 95 95 95 95 95 95 95 95 95 95 95 95 95 95 96 96 96 96 96 96 96 96 96 96 96 96 96 96 96 96 95 95 96 96 96 97 97 97 96 96 96 96 96 96 96 96 96 96 96 96 96 96 96 96 96 96 96 96 96 96 96 96 95 95 95 95 95 95 95 95 95 95 95 95 95 95 95 95 95 95 95 95 95 95 95 95 95 95 95 95 95 95 95 93 93 92 92 92 92 92 92 92 92 92 92 92 92 92 92 92 92 92 92 92 92 92 92 92 92 92 92 92 92 92 92 92 92 92 92 92 92 92 92 92 92 92 92 92 92 92 92 92 92 92 92 92 92 92 91 91 91 91 91 91 91 91 91 91 91 90 89 88 89 89 89 90 94 93 92 91 91 90 89 88 0 0 0 0 0 0 0 0
0 0 0 0 0 0 0 0 82 82 82 83 84 85 85 86 87 87 87 88 88 88 89 89 90 90 90 90 90 90 89 89 89 88 88 88 88 88 86 86 88 88 88 88 88 88 88 88 88 88 88 88 88 88 88 88 88 88 88 88 88 88 88 88 88 88 88 90 90 90 90 90 87 89 89 89 91 94 97 99 96 95 96 98 103 107 111 113 114 116 115 106 98 87 72 57 39 36 35 37 46 55 62 67 67 63 53 41 34 30 32 34 36 43 49 54 60 68 80 89 100 103 104 105 105 105 105 104 100 98 95 93 92 92 93 94 96 96 96 96 96 96 96 96 97 98 100 98 96 95 97 99 103 105 107 109 108 102 95 88 80 71 64 62 65 73 89 103 133 154 173 183 184 182 175 168 166 166 166 167 168 169 170 171 174 176 177 176 174 173 175 178 176 175 175 175 175 176 177 178 176 177 178 179 179 179 181 180 181 181 182 182 182 182 183 183 183 181 180 182 187 186 181 176 172 175 177 168 144 111 87 81 118 157 188 202 208 205 206 214 217 219 220 218 217 216 218 220 223 211 191 163 130 103 92 93 105 127 148 166 189 205 198 175 152 120 92 87 98 119 149 171 178 181 176 157 123 86 65 56 52 64 80 95 104 106 101 97 100 101 100 101 101 101 100 99 99 98 97 95 94 93 93 93 97 86 68 50 36 37 55 74 83 89 93 93 90 84 72 60 56 59 66 77 90 97 100 100 95 97 98 99 96 91 88 86 82 66 48 38 38 46 66 80 95 96 102 103 102 99 98 97 96 94 95 94 94 91 90 90 93 93 93 94 94 94 95 95 94 94 93 93 92 92 92 92 93 93 93 93 93 93 93 93 94 94 94 94 94 94 94 94 95 95 95 95 95 95 95 95 95 95 95 95 95 95 95 95 95 95 95 95 95 95 95 95 95 95 95 95 95 95 95 95 94 94 95 95 96 96 96 96 96 96 96 96 96 96 96 96 96 96 96 96 96 96 96 96 96 96 96 96 96 96 96 96 95 95 95 95 95 95 95 95 95 95 95 95 95 95 95 95 95 95 95 95 95 95 95 95 95 95 95 95 95 95 95 93 92 92 92 92 92 92 92 92 92 92 92 92 92 92 92 92 92 92 92 92 92 92 92 92 92 92 92 92 92 92 92 92 92 92 92 92 92 92 92 92 92 92 92 92 92 92 92 92 92 92 92 92 92 92 91 91 91 91 91 91 91 89 91 91 91 90 89 88 88 88 89 90 92 91 92 91 89 88 90 89 0 0 0 0 0 0 0 0
0 0 0 0 0 0 0 0 80 80 81 81 82 83 84 84 85 86 86 86 87 87 88 89 90 90 90 90 89 89 89 89 88 88 88 86 86 86 86 86 88 88 88 88 88 88 88 88 88 88 88 88 88 88 88 88 88 86 86 86 88 88 88 88 88 88 88 91 92 92 93 93 92 92 92 93 95 97 100 102 98 99 103 107 112 116 119 118 112 111 103 87 72 57 41 28 23 25 32 42 55 68 76 82 88 83 73 63 54 46 40 38 26 28 31 37 46 55 64 70 85 89 93 97 99 100 100 99 101 99 96 93 92 92 93 94 94 94 95 95 95 96 96 96 100 101 101 100 98 97 97 99 99 101 105 107 109 105 100 95 93 84 73 63 58 57 67 78 106 126 151 168 176 177 172 166 167 167 168 168 168 169 169 171 175 177 177 177 175 175 176 177 176 175 175 175 175 176 177 178 176 177 178 179 179 179 181 180 181 181 182 182 182 182 183 183 183 181 180 182 187 186 181 176 172 176 181 174 151 116 88 79 117 153 182 197 209 209 207 213 216 219 221 220 219 220 222 224 225 216 201 176 143 113 96 91 96 114 133 147 169 190 197 189 179 147 112 91 87 101 131 158 171 178 179 166 138 104 73 56 43 54 71 91 104 107 102 97 98 99 98 99 99 99 97 97 97 98 97 95 94 93 93 93 98 86 69 51 38 39 57 75 81 88 93 93 95 91 81 70 59 58 61 71 86 96 101 101 96 96 95 95 93 93 92 90 91 79 64 51 42 38 47 53 75 82 95 102 101 99 97 97 93 93 95 94 94 92 91 90 92 92 93 93 93 94 94 94 92 92 92 92 91 91 90 90 91 91 91 91 91 91 91 91 92 92 92 92 92 92 92 92 95 95 95 95 95 95 95 95 95 95 95 95 95 95 95 95 94 94 94 94 94 94 94 94 94 94 94 94 94 94 94 94 93 93 94 94 94 95 95 95 96 96 96 96 96 96 96 96 96 96 96 96 96 96 96 96 96 96 96 96 96 96 96 96 95 93 93 93 93 93 93 93 93 93 93 93 93 93 93 93 93 93 93 93 93 93 93 93 93 93 93 93 93 93 93 93 92 92 92 92 92 92 92 92 92 92 92 92 92 92 92 92 92 92 92 92 92 92 92 92 92 92 92 92 92 92 92 92 92 92 92 92 92 92 92 92 93 93 93 93 93 93 93 93 92 92 92 92 92 92 91 91 89 89 89 89 89 88 89 89 89 88 87 86 88 88 88 89 90 90 90 89 90 89 89 89 0 0 0 0 0 0 0 0
0 0 0 0 0 0 0 0 79 79 79 80 81 82 82 83 84 85 85 86 87 87 88 88 89 90 90 90 89 89 89 89 88 88 86 86 86 86 86 86 87 87 87 87 87 87 87 87 87 87 87 87 87 87 87 86 87 85 85 85 87 87 87 87 85 86 88 89 90 91 92 93 96 96 97 96 97 99 100 101 105 109 113 117 121 119 115 111 95 90 77 60 44 33 29 27 33 38 46 55 67 75 79 83 92 90 85 81 76 68 57 50 42 38 34 35 40 45 47 49 61 65 70 75 80 85 88 89 94 94 94 94 94 95 95 95 91 91 92 94 95 97 98 99 101 101 101 101 99 98 97 97 96 97 101 104 107 106 103 100 96 94 90 82 74 67 69 73 80 97 120 142 157 167 172 173 171 170 169 168 168 169 170 170 176 176 177 177 177 176 176 176 176 175 175 175 175 176 177 178 176 177 178 179 179 179 181 180 181 181 182 182 182 182 183 183 183 181 180 182 187 186 181 176 173 177 182 176 154 118 90 77 114 148 175 194 209 211 206 211 217 220 222 221 220 219 221 223 222 218 206 183 153 123 104 95 100 112 125 137 153 176 193 196 191 167 134 104 87 90 112 134 166 176 181 171 144 113 82 62 48 53 69 91 106 108 100 95 98 98 97 98 98 98 97 97 98 98 96 95 94 93 93 94 99 86 68 51 40 42 59 77 83 88 93 94 97 95 86 77 64 59 59 66 80 94 101 102 98 96 93 93 93 95 96 96 91 84 76 65 51 41 41 41 56 66 88 101 104 101 98 97 92 93 94 96 95 94 92 89 91 92 92 92 93 93 93 93 93 92 92 92 91 91 91 90 92 92 92 92 92 92 92 92 91 91 91 91 91 91 91 91 94 94 94 94 94 94 94 94 94 94 94 94 94 94 94 94 93 93 93 93 93 93 93 93 93 93 93 93 93 93 93 93 92 92 92 93 93 94 94 94 95 95 95 95 95 95 95 95 95 95 95 95 95 95 95 95 95 95 95 95 95 95 95 94 95 93 93 93 93 93 93 93 93 93 93 93 93 93 93 93 93 93 93 93 93 93 93 93 93 93 93 93 93 93 93 93 92 92 92 92 92 92 92 92 92 92 92 92 92 92 92 92 92 92 92 92 92 92 92 92 92 92 92 92 92 92 92 92 92 92 92 92 92 92 92 92 93 93 93 93 93 93 93 93 92 92 92 92 92 92 91 91 89 89 89 88 88 88 88 88 89 88 87 86 88 88 88 89 89 89 89 89 90 90 90 90 0 0 0 0 0 0 0 0
0 0 0 0 0 0 0 0 77 78 78 79 80 81 81 81 83 84 84 85 86 87 88 88 89 89 89 89 89 89 88 88 88 88 86 86 86 86 85 85 87 87 87 87 87 87 87 87 87 87 87 87 87 87 87 86 87 85 85 85 87 87 88 88 85 86 86 87 89 90 91 92 96 96 97 99 101 103 106 108 113 116 119 120 119 109 98 89 69 59 44 31 24 25 33 42 46 54 63 72 81 86 90 92 93 93 92 92 90 84 75 69 67 60 51 45 44 42 38 35 43 46 49 54 61 68 75 79 83 86 91 96 98 99 98 97 95 95 96 97 98 99 100 100 101 100 100 100 100 98 96 95 93 93 94 97 102 103 102 101 93 98 102 98 91 81 72 68 62 71 87 108 130 151 169 181 178 176 173 170 168 168 169 169 174 174 175 177 178 178 176 175 176 175 175 175 175 176 177 178 176 177 178 179 179 179 181 180 181 181 182 182 182 182 183 183 183 181 180 182 187 186 181 176 175 177 180 174 153 119 90 78 110 144 171 190 207 209 206 211 217 221 222 221 219 217 217 218 225 223 212 190 163 136 115 103 102 110 117 127 142 161 184 197 203 183 153 118 91 81 94 111 152 169 184 178 156 125 92 68 51 51 64 88 105 107 99 95 98 99 98 99 99 99 98 98 99 98 97 96 95 95 95 96 101 87 68 52 42 45 62 79 86 91 96 97 98 97 90 81 71 65 62 66 77 90 99 103 101 97 94 95 96 99 99 98 90 86 82 75 61 45 37 32 39 54 80 100 107 106 101 98 94 94 93 95 96 94 92 91 91 91 91 91 92 92 92 93 94 93 93 93 92 92 92 91 92 92 92 92 92 92 92 92 92 92 92 92 92 92 92 92 94 94 94 94 94 94 94 94 94 94 94 94 94 94 94 94 93 93 93 93 93 93 93 93 93 93 93 93 93 93 93 93 92 92 92 92 93 93 94 94 95 95 95 95 95 95 95 95 95 95 95 95 95 95 95 95 95 95 95 95 95 95 95 94 95 93 93 93 93 93 93 93 93 93 93 93 93 93 93 93 93 93 93 93 93 93 93 93 93 93 93 93 93 93 93 93 92 92 92 92 92 92 92 92 92 92 92 92 92 92 92 92 92 92 92 92 92 92 92 92 92 92 92 92 92 92 92 92 92 92 92 92 92 92 92 92 93 93 93 93 93 93 93 93 93 93 92 92 92 92 91 91 89 89 88 88 88 86 86 88 89 88 89 88 88 88 89 90 88 88 90 90 90 90 91 91 0 0 0 0 0 0 0 0
0 0 0 0 0 0 0 0 76 76 77 78 79 79 80 80 83 83 84 85 86 87 88 88 89 89 89 89 89 89 88 88 88 88 86 86 86 86 85 85 86 86 86 86 86 86 86 86 86 86 86 86 86 86 86 85 86 84 84 84 86 86 87 87 86 86 87 87 89 90 90 91 92 94 96 99 103 108 111 115 118 118 118 114 105 94 79 69 47 35 22 18 19 28 43 55 66 71 80 86 89 91 92 95 97 98 99 99 98 94 88 84 80 74 65 59 54 49 43 39 38 40 39 41 46 52 59 63 71 76 83 90 95 97 97 96 100 100 100 100 100 100 100 100 100 99 99 100 101 100 97 94 92 91 91 93 98 100 101 100 96 105 111 109 104 94 78 66 57 58 64 80 103 128 154 172 179 178 176 175 172 170 168 167 170 171 172 175 178 179 177 175 176 175 175 175 175 176 177 178 176 177 178 179 179 179 181 180 181 181 182 182 182 182 183 183 183 181 180 182 187 186 181 176 176 177 179 173 152 119 91 78 105 139 168 188 205 207 205 210 215 218 222 221 218 215 215 217 227 227 218 198 171 147 123 108 103 102 106 115 128 148 172 193 213 199 172 132 98 81 84 94 124 150 175 184 174 147 108 74 51 46 55 80 101 105 100 98 99 100 99 100 100 100 99 98 100 99 98 97 97 97 97 97 101 87 68 52 44 47 64 80 87 92 97 97 98 98 93 85 76 71 67 65 71 82 93 98 101 97 95 97 100 102 102 97 94 88 87 81 70 51 35 25 30 42 67 88 102 105 103 101 96 94 95 94 94 94 92 91 90 90 90 91 91 91 92 92 94 94 93 93 92 92 92 92 93 93 93 93 93 93 93 93 93 93 93 93 93 93 93 93 93 93 93 93 93 93 93 93 93 93 93 93 93 93 93 93 93 93 93 93 93 93 93 93 93 93 93 93 93 93 93 93 92 92 92 93 93 94 94 94 94 94 94 94 94 94 94 94 94 94 94 94 94 94 94 94 94 94 94 94 94 94 94 93 93 93 93 93 93 93 93 93 93 93 93 93 93 93 93 93 93 93 93 93 93 93 93 93 93 93 93 93 93 93 93 93 92 92 92 92 92 92 92 92 92 92 92 92 92 92 92 92 92 92 92 92 92 92 92 92 92 92 92 92 92 92 92 92 92 92 92 92 92 92 92 92 92 92 92 92 92 92 92 92 93 93 92 92 92 92 91 91 89 89 88 88 86 86 86 86 89 88 89 88 88 88 89 90 89 89 90 90 90 90 90 90 0 0 0 0 0 0 0 0
0 0 0 0 0 0 0 0 75 76 76 77 78 79 79 79 82 82 83 84 86 87 88 88 89 89 89 89 89 89 88 88 86 86 86 86 85 85 85 85 86 86 86 86 86 86 86 86 86 86 86 86 86 86 86 85 86 84 84 84 86 86 87 87 89 89 90 90 91 92 92 92 93 95 97 99 104 107 112 114 112 107 100 89 79 67 55 47 35 25 19 24 33 44 56 66 83 88 92 92 89 89 88 90 95 97 99 98 96 95 94 95 89 86 82 77 73 67 62 60 51 52 49 47 46 47 48 49 59 62 67 73 79 84 87 89 93 94 95 96 98 99 100 101 100 100 100 102 104 103 100 96 94 92 90 91 95 98 100 100 104 110 112 110 109 105 94 80 71 62 58 66 80 99 121 138 159 163 170 175 176 173 169 166 167 168 170 174 178 180 178 175 176 175 175 175 175 176 177 178 176 177 178 179 179 179 181 180 181 181 182 182 182 182 183 183 183 181 180 182 187 186 181 176 176 178 180 175 155 121 91 77 100 135 166 186 200 203 203 211 213 216 221 221 219 217 216 219 224 228 224 206 183 160 135 117 108 99 96 103 115 134 161 185 213 209 192 160 123 99 89 87 97 120 149 170 180 167 127 89 54 44 49 74 96 102 100 100 99 100 99 99 100 100 98 98 99 99 98 97 97 97 97 98 100 85 66 51 44 48 64 80 86 90 95 96 99 100 96 88 79 77 71 65 66 73 86 93 99 96 95 100 103 104 100 93 92 86 86 86 81 64 47 33 26 32 50 71 89 101 105 104 100 98 95 92 91 92 91 92 89 89 90 90 90 91 91 91 92 92 92 92 91 91 90 90 91 91 91 91 91 91 91 91 93 93 93 93 93 93 93 93 93 93 93 93 93 93 93 93 93 93 93 93 93 93 93 93 94 94 94 94 94 94 94 94 94 94 94 94 94 94 94 94 93 93 93 93 94 94 94 95 94 94 94 94 94 94 94 94 94 94 94 94 94 94 94 94 94 94 94 94 94 94 94 93 93 92 92 92 92 92 92 92 92 92 92 92 92 92 92 92 92 92 92 92 92 92 92 92 92 92 92 92 92 92 92 92 92 92 92 92 92 92 92 92 92 92 92 92 92 92 92 92 92 92 92 92 92 92 92 92 92 92 92 92 92 92 92 92 92 92 92 92 92 92 92 92 91 91 91 91 91 91 91 91 93 93 92 92 92 92 91 91 89 89 88 88 86 86 85 86 89 90 89 88 88 88 89 90 90 90 90 90 92 92 92 92 0 0 0 0 0 0 0 0
0 0 0 0 0 0 0 0 75 75 76 76 77 78 79 79 81 82 83 84 86 87 88 88 88 88 88 88 89 89 88 88 88 88 88 86 86 85 85 85 86 86 86 86 86 86 86 86 86 86 86 86 86 86 86 85 86 84 86 86 86 87 87 89 92 93 92 92 93 93 93 95 100 100 101 100 103 105 107 109 96 88 76 62 50 40 34 29 32 25 26 39 55 63 72 80 88 92 95 94 90 90 91 93 89 94 96 94 92 92 97 101 98 97 97 93 88 84 80 78 72 72 68 62 57 52 49 47 50 50 53 57 63 70 76 80 80 82 85 89 94 98 101 103 101 100 100 103 106 106 102 98 96 93 91 90 95 97 99 100 102 105 105 104 109 115 108 97 87 75 65 65 70 77 93 105 136 145 160 172 178 177 172 168 165 165 168 172 178 179 178 174 176 174 175 174 175 175 177 178 176 177 178 179 179 179 181 180 181 181 182 182 182 182 183 183 183 181 180 182 187 186 181 176 176 178 181 178 158 124 91 75 96 134 165 185 198 201 202 209 211 215 219 221 220 219 219 221 224 232 231 220 201 179 154 133 116 103 95 98 108 127 155 181 207 213 210 187 154 121 100 88 83 99 123 151 177 179 145 103 62 50 52 73 95 101 100 101 98 97 98 99 99 99 98 98 99 98 97 96 96 96 97 97 99 84 64 50 43 47 63 79 84 89 94 95 99 102 98 92 80 80 73 65 60 66 78 88 97 95 96 101 106 105 98 90 87 83 83 91 91 79 63 49 25 26 37 57 79 95 105 105 102 100 95 92 91 91 92 94 90 89 89 90 90 90 91 91 91 91 91 90 90 89 89 89 90 90 90 90 90 90 90 90 92 92 92 92 92 92 92 92 93 93 93 93 93 93 93 93 93 93 93 93 93 93 93 93 94 94 94 94 94 94 94 94 94 94 94 94 94 94 94 94 93 93 94 94 94 95 95 95 94 94 94 94 94 94 94 94 94 94 94 94 94 94 94 94 94 94 94 94 94 94 94 93 93 92 92 92 92 92 92 92 92 92 92 92 92 92 92 92 92 92 92 92 92 92 92 92 92 92 92 92 92 92 92 92 92 92 92 92 92 92 92 92 92 92 92 92 92 92 92 92 92 92 92 92 92 92 92 92 92 92 92 92 92 92 92 92 92 92 92 92 92 92 92 92 90 90 90 90 90 90 90 90 93 93 92 92 92 92 91 91 91 89 89 89 88 88 86 88 89 90 89 88 88 88 89 90 90 90 91 90 90 89 89 89 0 0 0 0 0 0 0 0
0 0 0 0 0 0 0 0 72 72 72 73 74 75 77 78 79 79 80 81 83 84 85 85 85 85 85 86 88 88 89 89 90 90 90 88 88 85 85 85 87 87 87 87 85 85 85 85 84 84 84 85 84 85 85 85 90 89 89 88 88 90 90 92 85 86 87 90 96 98 98 98 106 100 96 98 104 102 89 77 72 59 46 37 29 24 28 36 44 48 53 60 69 74 80 83 93 94 94 94 94 96 96 97 96 95 94 93 94 96 98 100 99 97 97 94 92 90 89 90 95 95 91 85 77 68 61 56 51 51 51 51 51 51 51 51 54 59 66 71 75 81 88 93 100 103 106 106 104 102 102 102 92 92 93 93 94 95 99 102 103 101 99 104 109 116 119 120 104 96 84 73 67 66 72 74 103 118 140 160 175 182 182 178 174 169 168 169 176 175 175 171 175 173 174 172 174 173 176 176 177 177 177 178 180 181 181 181 182 182 182 182 183 183 183 183 183 181 180 182 187 186 181 176 173 176 178 175 161 132 98 75 97 123 156 183 196 201 204 207 212 214 216 218 219 219 221 221 229 231 228 222 211 192 165 142 126 108 94 94 105 122 145 167 197 208 210 197 182 163 129 92 82 64 104 138 174 180 170 110 80 54 58 72 95 108 94 98 98 96 97 97 98 99 100 100 100 100 99 98 98 97 96 96 98 83 64 50 43 49 66 83 85 87 90 95 100 100 98 97 86 82 73 64 60 64 71 77 90 92 97 100 103 101 98 95 85 87 89 91 89 82 76 68 34 26 28 41 59 76 95 107 103 103 100 94 92 95 96 94 93 91 91 91 91 91 91 91 91 91 91 91 91 91 91 91 91 91 91 91 91 91 91 91 91 91 91 91 91 91 91 91 95 95 95 95 95 95 95 95 95 95 95 95 95 95 95 93 94 93 93 93 93 93 93 93 92 92 92 92 92 92 92 92 94 94 94 95 95 96 96 96 95 95 95 95 95 95 95 95 95 95 95 95 95 95 95 95 95 95 95 95 95 95 95 94 94 93 93 93 93 93 93 93 92 92 92 92 92 92 92 92 93 93 93 93 93 93 93 93 93 93 93 93 93 93 93 93 93 93 93 93 93 93 93 93 93 93 93 93 93 93 93 93 94 94 94 94 94 94 94 94 94 94 94 94 94 94 94 93 92 92 92 92 92 91 90 89 90 90 90 90 90 90 90 90 89 89 90 91 91 92 93 93 93 92 92 92 92 92 92 92 91 90 89 88 88 88 88 89 88 88 89 89 89 89 89 89 0 0 0 0 0 0 0 0
0 0 0 0 0 0 0 0 72 72 72 73 74 75 77 78 79 79 80 82 83 84 85 84 83 83 85 85 88 88 89 89 91 90 89 88 88 85 85 85 87 87 87 87 85 85 85 85 85 85 85 85 84 84 84 85 84 84 86 87 87 89 90 91 85 85 88 91 96 100 103 103 106 101 97 95 93 85 68 54 46 35 27 22 21 22 29 41 59 66 74 79 82 84 88 90 91 91 93 93 94 94 96 96 97 96 96 96 94 96 98 99 97 96 96 96 93 93 92 94 103 103 100 95 88 80 73 69 62 61 59 56 54 51 49 48 44 46 49 51 55 61 69 75 90 93 98 101 103 103 103 102 98 98 99 97 97 96 100 102 107 104 102 102 108 114 119 121 114 108 96 83 72 67 65 65 81 95 116 138 158 173 183 186 179 175 172 174 176 176 174 172 172 172 172 172 173 174 175 176 177 177 177 178 180 181 181 181 182 182 182 182 183 183 183 183 183 181 180 182 187 186 181 176 176 179 181 176 160 130 96 74 93 118 152 179 195 201 203 207 212 214 215 216 219 219 221 221 226 228 227 224 217 204 179 159 139 119 98 92 99 114 144 169 197 209 214 206 195 177 143 107 88 64 92 118 156 172 174 128 88 60 56 67 90 104 94 97 98 96 96 97 98 99 100 100 100 100 99 99 98 97 96 96 94 79 61 48 43 50 67 84 87 88 91 94 99 99 98 97 95 89 80 69 61 60 64 68 85 90 97 99 99 98 98 95 91 91 90 87 86 83 81 76 47 33 25 29 43 64 88 105 105 106 102 97 94 96 97 94 91 90 90 90 90 90 91 91 91 91 91 91 91 91 91 91 91 91 91 91 91 91 91 91 91 91 91 91 91 91 91 91 95 95 95 95 95 95 95 95 95 95 95 95 95 95 95 93 93 93 93 93 93 93 93 93 92 92 92 92 92 92 92 92 94 94 94 95 95 95 96 96 95 95 95 95 95 95 95 95 95 95 95 95 95 95 95 95 95 95 95 95 95 95 95 94 94 93 93 93 93 93 93 93 92 92 92 92 92 92 92 92 93 93 93 93 93 93 93 93 93 93 93 93 93 93 93 93 93 93 93 93 93 93 93 93 93 93 93 93 93 93 93 93 94 94 94 94 94 94 94 94 94 94 94 94 94 94 94 93 92 91 92 92 91 91 90 89 89 89 89 89 89 89 89 89 89 89 90 90 91 92 93 93 93 93 93 93 93 93 93 93 91 90 89 88 88 88 88 89 88 88 88 88 88 88 88 88 0 0 0 0 0 0 0 0
0 0 0 0 0 0 0 0 72 72 72 73 74 75 77 78 79 80 81 82 83 84 85 85 83 83 85 85 88 88 89 89 90 89 89 88 87 85 85 84 85 85 85 85 85 85 85 85 85 85 85 85 85 85 85 85 86 87 89 90 90 91 91 93 88 88 90 94 99 103 105 105 96 91 83 78 72 58 42 29 25 21 18 21 27 35 45 58 69 79 90 92 89 85 87 90 90 90 92 92 93 93 95 95 95 95 95 96 97 98 96 97 94 95 95 96 94 95 96 98 103 105 104 102 99 94 91 88 80 78 74 70 64 60 56 54 47 46 44 42 42 47 55 60 69 71 76 83 90 95 96 96 99 100 100 99 99 98 100 102 109 105 103 101 105 111 115 119 119 114 106 95 84 74 64 60 57 69 90 114 137 157 173 182 179 178 177 177 178 178 176 174 171 171 171 172 173 174 176 177 177 177 177 178 178 179 181 181 182 182 182 182 183 183 183 183 183 181 180 182 187 186 181 176 176 181 185 180 162 131 98 78 86 111 147 176 195 202 203 207 212 214 215 216 219 219 221 221 224 227 227 226 223 214 194 176 151 130 107 95 95 107 137 164 193 209 219 213 206 191 162 130 101 73 83 101 135 159 172 140 100 67 55 58 81 99 93 98 98 96 97 98 98 99 100 100 100 100 100 99 98 97 97 96 90 76 58 47 44 52 70 86 90 91 94 95 97 98 100 100 101 96 88 76 66 62 62 64 77 85 95 97 95 94 96 96 97 93 88 83 82 82 84 82 63 44 29 24 32 49 73 93 99 101 100 96 94 96 97 94 91 90 91 91 90 90 91 91 91 91 91 91 90 90 90 90 90 90 90 90 90 90 90 90 90 90 90 90 90 90 90 90 93 93 93 93 93 93 93 93 93 93 93 93 93 93 93 93 93 93 93 93 93 93 93 93 92 92 92 92 92 92 92 92 94 94 94 94 95 95 95 96 96 96 96 96 96 96 96 96 96 96 96 96 96 96 96 96 96 96 96 96 96 96 96 95 94 93 93 93 93 93 93 93 92 92 92 92 92 92 92 92 93 93 93 93 93 93 93 93 93 93 93 93 93 93 93 93 93 93 93 93 93 93 93 93 93 93 93 93 93 93 93 93 94 94 94 94 94 94 94 94 94 94 94 94 94 94 94 93 92 91 92 92 91 90 89 89 88 88 88 88 88 88 88 88 89 89 89 90 91 92 92 93 93 93 93 93 93 93 93 93 91 90 89 88 88 88 88 89 88 88 88 88 88 88 88 88 0 0 0 0 0 0 0 0
0 0 0 0 0 0 0 0 72 72 72 73 74 75 77 78 80 80 81 82 83 85 85 85 85 83 85 85 88 88 89 89 89 89 88 87 85 84 83 83 83 84 84 84 84 84 84 84 86 86 85 85 85 85 84 86 90 92 92 92 94 93 93 92 91 92 93 96 99 97 93 90 81 73 62 52 45 36 27 20 22 23 30 37 49 59 69 77 80 87 91 92 90 86 87 89 90 91 93 93 94 95 97 97 94 94 95 96 97 97 95 94 95 95 95 96 95 95 96 98 94 97 99 101 102 103 103 103 97 95 92 87 82 78 74 72 64 61 56 50 47 46 49 51 50 50 53 61 72 81 88 90 92 94 97 97 98 97 99 101 106 103 101 102 104 107 110 112 111 111 111 105 100 89 80 75 52 59 76 96 115 133 150 164 171 175 178 177 177 178 177 174 172 172 172 172 172 173 175 175 176 177 177 178 178 179 181 181 182 182 182 182 183 183 183 183 183 181 180 182 187 186 181 176 176 182 187 182 165 134 103 84 81 108 144 174 193 202 203 205 212 215 216 218 219 219 221 222 225 228 229 227 227 221 206 190 164 144 124 111 106 114 140 165 194 206 216 215 210 199 175 150 123 96 86 91 114 141 155 139 112 76 58 52 72 95 93 100 98 96 97 98 98 99 100 100 101 101 100 99 98 98 97 97 90 75 58 48 46 54 71 87 93 93 95 95 95 97 100 102 104 100 93 83 73 66 64 66 71 81 92 97 93 92 96 99 101 96 90 85 84 84 88 86 72 56 41 31 30 39 56 72 85 91 97 95 95 98 98 94 91 90 91 92 90 91 91 92 90 90 90 90 89 89 89 89 89 89 89 89 89 89 89 89 89 89 89 89 89 89 89 89 92 92 92 92 92 92 92 92 92 92 92 92 92 92 92 92 92 92 92 92 92 92 92 92 92 92 92 92 92 92 92 92 93 93 94 94 94 95 95 95 96 96 96 96 96 96 96 96 96 96 96 96 96 96 96 96 96 96 96 96 96 96 96 95 93 92 92 92 92 92 92 92 92 92 92 92 92 92 92 92 92 92 92 92 92 92 92 92 92 92 92 92 92 92 92 92 92 92 92 92 92 92 92 92 92 92 92 92 92 92 92 92 93 93 93 93 93 93 93 93 93 93 93 93 93 93 93 93 91 91 91 91 91 90 89 88 87 87 87 87 87 87 87 87 88 88 89 90 91 91 92 92 92 92 92 92 92 92 92 92 91 90 89 88 88 88 88 89 88 88 88 88 88 88 88 88 0 0 0 0 0 0 0 0
0 0 0 0 0 0 0 0 72 72 72 73 74 75 77 78 80 81 81 83 84 85 86 85 85 83 85 85 88 88 89 89 89 89 87 87 85 83 83 81 81 83 83 83 83 83 84 84 85 85 87 87 87 87 87 88 89 92 92 92 93 93 94 94 95 96 97 96 94 85 76 71 64 55 41 28 23 22 23 26 32 39 51 60 72 79 83 84 91 89 87 88 93 94 93 90 89 92 93 94 96 97 97 97 95 96 96 97 97 97 94 94 98 98 96 96 96 96 95 95 89 92 95 98 101 103 105 106 103 102 101 99 97 95 93 92 83 79 73 67 60 54 49 46 44 42 42 46 55 67 77 84 88 91 95 96 97 95 96 98 100 101 102 102 104 103 103 104 104 106 111 112 111 104 98 93 68 65 67 75 85 100 123 143 162 172 179 178 176 177 175 170 174 174 173 172 172 172 173 173 176 176 177 178 178 179 181 181 181 181 182 182 182 182 182 182 183 181 180 182 187 186 181 176 177 182 186 181 164 134 102 82 81 105 140 171 192 202 203 204 212 215 216 218 219 221 222 222 222 224 225 225 228 226 216 202 179 159 138 123 117 124 151 176 198 206 212 209 205 198 183 167 150 123 93 81 89 118 135 137 120 84 63 50 67 91 93 102 98 98 97 98 98 99 102 102 101 101 100 100 99 98 97 97 92 76 59 49 49 57 73 87 96 97 98 96 95 96 100 104 108 105 100 90 81 72 67 64 66 77 89 94 92 92 98 103 101 97 92 89 88 88 90 87 80 65 50 37 26 28 39 54 76 87 96 98 98 99 97 94 93 92 92 92 93 93 92 92 90 90 89 89 89 89 87 87 87 87 87 87 87 87 87 87 87 87 87 87 87 87 87 89 92 92 92 92 92 92 92 92 92 92 92 92 92 92 92 92 92 92 92 92 92 92 92 92 92 92 92 92 92 92 92 92 93 93 93 94 94 94 95 95 96 96 96 96 96 96 96 96 96 96 96 96 96 96 96 96 96 96 96 96 96 96 96 95 93 92 92 92 92 92 92 92 92 92 92 92 92 92 92 92 92 92 92 92 92 92 92 92 92 92 92 92 92 92 92 92 92 92 92 92 92 92 92 92 92 92 92 92 92 92 92 92 93 93 93 93 93 93 93 93 93 93 93 93 93 93 93 93 91 91 92 92 91 91 90 89 88 88 88 88 88 88 88 88 88 88 89 89 90 91 92 92 92 92 92 92 92 92 92 92 91 90 89 88 88 88 88 89 88 88 88 88 88 88 88 88 0 0 0 0 0 0 0 0
0 0 0 0 0 0 0 0 72 72 72 73 74 75 77 78 80 81 82 83 84 85 86 86 85 83 85 85 88 88 89 89 88 87 87 85 83 81 81 79 80 80 80 82 82 82 83 83 84 84 86 87 87 89 89 90 93 94 95 95 96 97 99 100 104 103 99 95 86 74 61 54 41 35 22 12 11 16 26 33 50 61 74 81 87 92 92 88 90 84 81 82 88 93 91 88 89 89 91 91 94 95 95 96 97 97 96 96 96 97 97 95 98 98 96 95 94 93 93 92 96 96 97 98 99 100 101 101 101 101 101 101 101 102 102 102 98 96 91 86 80 72 63 57 48 46 43 41 42 50 61 68 84 88 93 95 96 94 94 94 95 100 104 104 102 102 100 100 103 106 111 114 115 112 109 106 93 80 67 61 61 71 97 122 145 162 175 176 175 176 174 168 174 173 173 172 172 173 173 174 176 176 177 178 178 179 181 181 181 181 182 182 182 182 182 182 183 181 180 182 187 186 181 176 179 181 183 179 165 135 100 78 80 103 136 167 189 199 203 205 212 215 216 219 221 221 222 223 219 221 220 223 229 231 225 214 191 168 146 132 128 136 161 186 203 208 211 206 203 199 190 181 172 149 103 77 68 96 116 135 123 90 69 51 63 86 91 103 98 98 97 98 98 99 102 102 102 101 101 100 99 98 98 98 92 76 58 50 51 60 75 88 97 99 100 98 95 95 100 104 111 110 106 97 86 74 66 61 62 71 83 91 93 94 100 103 101 98 96 93 93 92 92 88 88 74 59 41 25 19 29 42 68 84 98 105 104 102 98 93 94 93 93 92 91 91 89 89 89 89 88 88 88 86 86 86 86 86 86 86 86 86 86 86 86 86 86 86 86 86 86 86 90 90 91 90 91 90 91 90 91 90 91 90 91 90 91 90 91 91 91 91 91 91 91 91 92 92 92 92 92 92 92 92 92 93 93 93 94 94 94 94 95 95 95 95 95 95 95 95 95 95 95 95 95 95 95 95 95 95 95 95 95 95 95 94 92 91 91 91 91 91 91 91 92 92 92 92 92 92 92 92 91 91 91 91 91 91 91 91 91 91 91 91 91 91 91 91 91 91 91 91 91 91 91 91 91 91 91 91 91 91 91 91 92 92 92 92 92 92 92 92 92 92 92 92 92 92 92 92 91 91 91 91 91 90 89 89 88 88 88 88 88 88 88 88 87 88 88 89 90 91 91 91 91 91 91 91 91 91 91 91 91 90 89 88 88 88 88 89 88 88 88 88 88 88 88 88 0 0 0 0 0 0 0 0
0 0 0 0 0 0 0 0 72 72 72 73 74 75 77 78 81 81 82 83 84 86 87 86 85 83 85 85 88 88 88 88 87 87 85 83 81 80 79 78 79 79 79 80 80 80 82 83 82 85 86 87 89 91 91 94 99 97 95 91 91 91 93 94 96 91 82 74 62 52 41 36 24 25 22 21 23 31 41 50 67 78 87 90 94 97 95 91 85 82 81 83 87 90 88 88 89 91 91 92 95 96 96 97 100 99 98 97 97 97 98 99 97 96 96 95 93 92 92 92 100 99 99 98 98 98 98 98 98 98 99 100 101 101 102 102 106 103 101 99 96 91 83 78 65 65 61 52 44 42 49 56 71 76 86 92 94 94 96 96 96 99 104 103 101 100 100 101 103 105 109 111 112 112 111 110 111 96 81 70 59 57 72 93 114 138 160 168 171 177 177 172 170 170 171 171 173 175 176 177 176 176 176 177 177 178 179 179 181 181 181 181 182 182 182 182 183 181 180 182 187 186 181 176 180 180 181 181 172 145 110 85 75 97 129 161 186 198 205 206 212 215 216 219 221 222 223 223 220 221 221 221 228 233 228 219 205 186 169 161 160 164 180 198 208 211 213 211 209 206 200 194 187 173 124 93 68 87 98 123 120 92 74 54 61 83 90 101 98 98 99 100 100 101 102 102 100 100 99 98 97 97 96 96 86 70 53 47 50 60 75 87 97 100 103 101 97 96 100 104 108 108 109 102 91 78 68 63 58 67 76 86 92 95 99 100 102 100 98 97 96 94 94 92 90 81 73 58 38 23 24 32 53 72 94 105 106 104 101 95 95 92 91 90 89 88 87 85 89 88 88 88 86 86 86 85 85 85 85 85 85 85 85 85 85 85 85 85 85 85 85 86 88 88 90 88 90 88 90 88 90 88 90 88 90 88 90 88 89 89 89 89 89 89 89 89 90 90 90 90 90 90 90 90 91 91 92 92 92 93 93 93 93 93 93 93 93 93 93 93 93 93 93 93 93 93 93 93 93 93 93 93 93 93 93 93 92 91 91 91 91 91 91 91 92 92 92 92 92 92 92 92 91 91 91 91 91 91 91 91 91 91 91 91 91 91 91 91 91 91 91 91 91 91 91 91 91 91 91 91 91 91 91 91 92 92 92 92 92 92 92 92 92 92 92 92 92 92 92 92 90 91 91 91 91 90 89 88 89 89 89 89 89 89 89 89 87 87 88 89 90 90 91 91 91 91 91 91 91 91 91 91 91 90 89 88 88 88 88 89 88 88 88 88 88 88 88 88 0 0 0 0 0 0 0 0
0 0 0 0 0 0 0 0 72 72 72 73 74 75 77 78 81 81 82 83 85 86 87 87 85 83 85 86 88 88 88 88 87 85 84 81 80 78 78 78 78 78 78 79 79 80 82 82 83 84 86 88 90 93 94 98 98 96 90 82 79 77 77 79 77 69 57 44 33 24 17 15 24 29 36 42 50 58 70 77 74 81 88 88 92 96 94 88 86 89 92 93 93 94 93 92 93 93 94 95 98 99 99 100 102 101 98 97 97 98 99 100 97 94 94 94 93 92 92 93 98 98 97 97 97 97 98 98 98 98 98 99 99 100 100 100 103 101 99 100 101 99 94 90 87 89 85 72 57 48 50 56 55 63 75 85 91 95 99 100 99 101 103 103 100 99 101 104 104 103 105 106 108 109 112 113 118 108 99 89 71 54 55 68 86 115 144 158 167 177 181 177 167 167 169 171 174 177 179 181 176 176 176 177 177 178 179 179 181 181 181 181 182 182 182 182 183 181 180 182 187 186 181 176 180 179 181 184 181 158 124 98 71 91 123 156 181 198 205 208 212 215 216 219 222 222 223 223 225 225 224 224 229 231 226 218 220 208 202 203 204 201 205 211 212 216 219 217 215 213 207 204 192 189 146 117 81 87 85 108 116 91 78 55 59 79 87 100 99 98 99 100 100 101 102 102 100 100 99 98 98 97 96 96 82 66 50 45 50 61 76 89 97 100 104 103 98 96 100 103 102 104 107 103 94 83 73 69 57 63 73 82 91 96 100 99 104 102 100 97 97 97 98 95 87 87 88 78 56 34 24 24 35 59 86 103 107 106 104 98 94 91 90 88 87 85 84 82 89 88 88 86 86 85 85 85 85 85 85 85 85 85 85 85 85 85 85 85 85 85 85 85 88 88 88 88 88 88 88 88 88 88 88 88 88 88 88 88 89 89 89 89 89 89 89 89 90 90 90 90 90 90 90 90 91 91 91 92 92 93 93 93 92 92 92 92 92 92 92 92 92 92 92 92 92 92 92 92 92 92 92 92 92 92 92 90 92 91 91 91 91 91 91 91 92 92 92 92 92 92 92 92 91 91 91 91 91 91 91 91 91 91 91 91 91 91 91 91 91 91 91 91 91 91 91 91 91 91 91 91 91 91 91 91 92 92 92 92 92 92 92 92 92 92 92 92 92 92 92 92 90 91 91 91 91 90 89 88 89 89 89 89 89 89 89 89 87 87 88 89 89 90 91 91 91 91 91 91 91 91 91 91 91 90 89 88 88 88 88 89 88 88 88 88 88 88 88 88 0 0 0 0 0 0 0 0
0 0 0 0 0 0 0 0 71 71 72 73 75 76 77 77 81 82 83 85 85 86 86 85 83 83 84 85 87 88 88 88 83 83 82 80 79 78 78 76 76 76 76 77 78 78 80 80 83 81 83 89 97 99 95 92 92 85 73 60 54 50 51 52 47 43 36 27 19 15 18 21 32 41 53 64 73 77 81 83 84 84 86 86 87 87 88 88 91 93 94 94 94 95 96 96 98 98 98 99 99 100 101 101 101 101 101 101 100 100 100 99 98 98 96 96 96 96 96 96 98 98 98 98 98 98 98 98 98 98 99 99 99 98 97 96 99 99 100 100 100 101 101 101 96 99 98 88 72 60 55 55 50 55 65 78 90 98 102 103 101 101 100 100 100 101 101 102 102 100 102 103 103 104 105 105 116 114 109 96 81 66 58 55 70 89 112 133 152 169 177 177 167 168 166 166 171 179 179 175 176 175 174 173 176 177 179 180 179 179 181 180 180 179 179 180 181 181 182 182 183 181 179 178 181 177 181 185 183 173 140 99 75 87 112 147 178 197 205 209 208 212 218 223 229 230 229 226 228 228 228 227 227 225 225 225 222 221 222 221 222 223 224 224 221 219 219 217 217 214 213 209 205 192 170 141 107 84 85 95 99 93 82 64 61 75 90 95 99 98 97 97 98 99 100 100 98 100 100 98 99 101 98 92 73 59 46 45 52 63 77 89 94 98 100 101 101 100 100 101 105 105 106 105 102 93 81 73 66 63 66 77 88 93 98 102 106 102 101 100 101 101 100 97 91 94 95 84 69 52 36 23 34 44 64 88 100 103 101 102 101 96 92 87 85 84 85 84 87 86 84 85 85 85 85 84 84 84 84 84 84 84 84 84 85 85 85 85 85 85 85 85 86 86 86 86 86 86 86 86 87 87 87 87 87 87 87 87 87 87 88 88 88 89 89 89 88 88 88 88 88 88 88 89 92 92 92 91 91 90 90 90 90 90 90 90 90 90 90 90 90 90 90 90 90 90 90 90 90 90 90 90 90 90 90 88 89 88 88 89 89 90 90 90 90 90 90 90 90 90 90 90 89 89 89 89 89 89 89 89 89 89 89 89 89 89 89 89 89 89 89 89 89 89 89 89 89 89 89 89 89 89 89 89 90 90 90 90 90 90 90 90 90 90 90 90 90 90 90 90 90 90 90 90 90 90 90 90 90 90 90 90 90 90 90 90 88 88 88 89 89 90 90 90 90 90 90 90 90 90 90 90 89 89 89 89 89 89 89 89 90 90 90 90 90 90 90 90 0 0 0 0 0 0 0 0
0 0 0 0 0 0 0 0 71 71 72 73 74 76 76 77 81 82 83 84 85 85 85 85 83 83 84 85 87 87 88 88 83 82 80 79 78 76 76 75 75 75 74 75 77 77 78 80 83 83 85 93 98 97 87 79 64 57 45 32 25 22 24 26 29 29 28 27 28 32 38 46 56 62 69 75 78 79 82 84 85 86 86 87 88 90 90 90 94 94 94 95 97 95 98 98 98 98 98 99 99 100 101 101 101 101 101 101 100 100 100 100 98 98 98 96 96 96 96 96 98 98 98 98 98 98 98 98 98 99 99 99 99 98 97 96 99 99 99 99 100 100 100 101 97 99 98 93 83 71 63 58 50 54 62 74 86 95 101 102 100 99 99 99 99 100 101 101 100 99 101 101 101 104 104 104 108 108 108 101 91 79 70 65 67 77 94 113 131 148 162 170 169 173 174 172 173 176 178 176 174 173 173 173 176 177 178 179 179 179 180 180 180 179 179 179 181 181 182 182 183 181 179 178 181 177 181 185 183 173 141 100 75 85 109 146 178 197 204 208 208 212 217 224 228 230 229 227 228 228 228 227 227 226 226 225 224 223 224 225 226 227 227 226 223 221 221 219 218 217 214 213 210 198 180 151 120 95 91 97 96 90 77 62 60 72 87 93 100 98 97 97 98 99 100 101 98 100 100 98 98 100 96 90 72 59 47 46 53 64 77 88 95 98 101 101 101 100 100 101 105 105 106 105 102 94 84 78 71 66 65 72 82 89 97 102 107 104 102 99 100 102 103 100 93 92 92 85 74 61 45 32 33 37 51 72 90 97 101 101 101 99 95 90 86 84 84 84 87 86 84 84 84 83 84 84 84 84 84 84 84 84 84 84 85 85 85 85 85 85 85 85 86 86 86 86 86 86 86 86 87 87 87 87 87 87 87 87 87 87 87 88 88 88 89 89 88 88 88 88 88 88 88 88 90 92 92 91 91 90 90 90 90 90 90 90 90 90 90 90 90 90 90 90 90 90 90 90 90 90 90 90 90 90 90 88 88 88 88 89 89 89 90 90 90 90 90 90 90 90 90 90 89 89 89 89 89 89 89 89 89 89 89 89 89 89 89 89 89 89 89 89 89 89 89 89 89 89 89 89 89 89 89 89 90 90 90 90 90 90 90 90 90 90 90 90 90 90 90 90 90 90 90 90 90 90 90 90 90 90 90 90 90 90 90 90 88 88 88 89 89 90 90 90 90 90 90 90 90 90 90 90 89 89 89 89 89 89 89 89 90 90 90 90 90 90 90 90 0 0 0 0 0 0 0 0
0 0 0 0 0 0 0 0 70 71 71 73 74 75 76 76 80 81 82 83 84 84 84 84 83 83 84 84 87 87 87 88 83 82 80 79 78 76 75 73 73 72 72 74 76 77 78 80 84 83 85 93 99 92 74 61 52 46 35 25 18 16 21 24 19 22 27 35 44 57 69 78 86 87 88 86 85 83 82 84 84 86 86 89 89 91 91 91 95 96 96 96 98 97 99 99 99 99 99 100 100 101 101 101 101 101 101 101 101 102 101 101 100 99 99 99 99 99 97 97 99 99 99 99 99 99 99 99 99 99 100 100 99 99 98 97 98 98 98 99 99 100 100 100 99 98 98 99 97 88 74 63 51 52 57 66 78 89 96 99 97 97 97 97 97 98 101 100 99 99 100 100 101 102 102 102 100 101 104 104 103 96 88 81 70 67 73 88 102 116 136 155 165 175 182 179 173 172 173 174 170 171 172 174 175 175 177 177 178 177 178 178 177 177 179 179 180 181 182 182 183 182 180 179 181 177 181 184 183 174 142 102 74 84 109 145 177 195 204 208 207 211 216 223 227 229 229 228 230 230 230 230 229 229 229 227 227 225 226 226 227 228 228 229 224 223 223 222 222 221 218 215 215 207 192 169 139 114 102 100 91 84 71 59 58 70 85 92 99 98 98 98 98 99 101 100 97 98 98 96 96 97 93 86 70 58 47 47 54 64 77 88 96 99 102 103 101 100 102 103 104 105 106 106 104 97 89 83 77 69 64 66 74 81 92 102 109 105 102 99 100 103 107 105 92 91 90 83 80 72 58 44 33 27 31 48 71 85 97 100 102 99 98 92 88 85 84 83 87 86 84 83 84 83 83 82 82 82 82 82 82 82 82 82 83 83 83 83 83 83 83 83 85 85 85 85 85 85 85 85 85 85 85 85 85 85 85 85 86 86 87 87 87 88 88 88 88 88 88 88 88 88 88 88 89 89 89 89 88 88 88 88 88 88 88 88 88 88 88 88 88 88 88 88 88 88 88 88 88 88 88 88 88 88 88 88 88 88 88 88 89 89 89 90 90 90 90 90 90 90 90 90 89 89 89 89 89 89 89 89 89 89 89 89 89 89 89 89 89 89 89 89 89 89 89 89 89 89 89 89 89 89 89 89 90 90 90 90 90 90 90 90 90 90 90 90 90 90 90 90 92 92 92 92 92 92 92 92 92 92 92 92 92 92 92 90 88 88 88 89 89 90 90 90 90 90 90 90 90 90 90 90 89 89 89 89 89 89 89 89 90 90 90 90 90 90 90 90 0 0 0 0 0 0 0 0
0 0 0 0 0 0 0 0 69 70 71 72 73 74 75 76 79 80 81 82 83 83 83 83 82 82 84 84 86 87 87 85 81 79 78 77 75 74 72 71 71 71 72 71 74 76 76 79 84 83 86 91 95 83 62 46 34 32 26 19 17 20 25 32 36 40 48 55 66 77 91 100 104 103 101 95 88 85 84 85 85 85 88 88 90 91 91 94 95 96 96 97 98 98 99 99 99 99 99 100 100 101 101 101 101 101 101 102 102 102 101 102 101 101 100 100 100 100 98 98 100 100 100 100 100 100 100 100 100 100 101 101 100 99 98 98 98 98 98 98 99 99 100 100 100 98 98 105 109 102 83 66 49 49 52 59 71 83 92 97 97 96 96 96 97 98 100 100 99 99 99 100 101 101 103 103 99 99 102 106 111 109 103 97 84 69 63 70 78 86 108 132 151 168 183 183 175 170 169 170 168 170 172 174 175 175 177 176 177 177 178 177 177 177 178 178 179 180 181 182 183 182 180 179 181 177 180 184 183 175 144 103 73 81 106 144 175 194 202 206 207 210 215 222 227 230 230 228 230 230 230 230 230 230 230 229 228 228 229 229 230 230 232 231 227 225 225 224 224 223 220 219 217 213 204 186 160 135 115 105 90 79 67 56 58 70 86 97 99 98 97 97 98 98 100 100 96 98 97 95 94 94 89 82 68 57 47 49 57 66 78 88 96 99 102 103 102 101 103 103 104 105 106 106 105 100 95 89 87 76 65 62 65 74 87 98 107 106 103 99 99 103 109 110 96 91 89 86 86 85 74 59 37 22 17 28 50 73 91 99 99 99 99 96 90 85 85 83 86 83 84 83 82 83 81 81 81 81 81 81 81 81 81 81 82 82 82 82 82 82 82 82 84 84 84 84 84 84 84 84 84 84 84 84 84 84 84 84 85 86 86 86 87 87 87 87 87 87 87 87 87 87 87 87 89 88 88 88 88 88 88 88 88 88 88 88 88 88 88 88 88 88 88 88 88 88 88 88 88 88 88 88 88 88 88 88 87 87 88 88 88 89 89 89 89 89 89 89 89 89 89 89 89 89 89 89 89 89 89 89 89 89 89 89 89 89 89 89 89 89 89 89 89 89 89 89 89 89 89 89 89 89 89 89 90 90 90 90 90 90 90 90 90 90 90 90 90 90 90 90 92 92 92 92 92 92 92 92 92 92 92 92 92 92 92 90 89 88 88 89 89 90 90 90 90 90 90 90 90 90 90 90 88 88 88 88 88 88 88 88 89 89 89 89 89 89 89 89 0 0 0 0 0 0 0 0
0 0 0 0 0 0 0 0 68 69 70 71 72 73 74 75 77 78 80 81 82 82 82 82 82 82 83 84 86 86 85 85 81 79 78 77 75 74 72 71 71 70 70 71 74 75 76 79 84 83 83 86 86 74 54 39 24 28 31 33 36 42 50 58 63 67 71 73 80 87 98 103 104 102 101 96 90 87 86 88 86 86 88 89 90 91 91 93 94 96 96 97 98 99 100 100 99 99 99 100 100 101 101 101 101 103 103 104 102 103 103 104 101 101 100 100 100 100 100 100 100 100 100 100 100 100 100 100 101 101 101 101 101 100 99 99 98 98 98 99 99 100 100 100 102 99 100 107 112 104 84 65 47 47 48 55 67 80 90 95 98 97 95 95 96 96 98 98 97 97 98 98 100 101 102 103 104 102 103 106 112 114 112 109 100 81 67 65 64 64 81 102 129 151 173 180 176 172 171 170 168 169 171 173 175 175 174 173 177 177 177 177 177 176 176 178 178 180 181 182 183 182 181 180 181 176 180 183 183 175 145 105 71 80 105 141 173 192 201 205 206 209 215 220 226 230 230 231 230 230 231 231 231 231 231 232 231 231 231 231 232 232 234 232 228 227 227 226 226 225 224 222 218 218 214 202 182 157 133 113 90 74 61 52 54 68 86 97 99 98 97 97 98 99 100 100 95 97 97 94 92 91 85 78 65 55 48 51 60 69 80 89 96 100 103 103 104 103 103 104 105 105 106 107 108 105 100 96 96 84 71 64 63 67 80 92 104 104 104 102 102 105 111 113 100 94 90 89 93 95 87 74 48 28 15 18 33 56 80 93 93 96 100 98 91 86 86 84 86 83 83 83 82 80 81 81 80 80 80 80 80 80 80 80 81 81 81 81 81 81 81 81 82 82 82 82 82 82 82 82 82 82 82 82 82 82 82 82 84 84 84 84 85 85 85 86 86 86 86 86 86 86 86 87 87 88 88 88 88 88 88 88 88 88 88 88 88 88 88 88 88 88 88 88 88 88 88 88 88 88 88 88 88 88 88 88 87 87 87 88 88 88 89 89 89 89 89 89 89 89 89 89 89 89 89 89 89 89 89 89 89 89 89 89 89 89 89 89 89 89 89 89 89 89 89 89 89 89 89 89 89 89 89 89 90 90 90 90 90 90 90 90 90 90 90 90 90 90 90 90 92 92 92 92 92 92 92 92 92 92 92 92 92 92 92 90 89 88 88 89 89 90 90 90 90 90 90 90 90 90 90 90 88 88 88 88 88 88 88 88 89 89 89 89 89 89 89 89 0 0 0 0 0 0 0 0
0 0 0 0 0 0 0 0 68 68 69 70 71 73 73 74 76 77 78 80 80 81 81 80 81 82 83 83 86 86 84 84 80 78 77 74 73 71 70 69 69 69 70 71 72 75 76 78 83 84 84 85 79 64 44 32 29 40 50 59 66 72 81 87 83 83 83 81 80 82 85 88 86 88 90 90 89 88 89 90 88 88 90 90 91 91 91 93 94 95 96 97 98 99 100 100 99 99 99 100 100 101 101 101 103 103 104 104 103 104 104 104 102 102 101 101 101 101 101 101 101 101 101 101 101 101 101 101 101 102 102 102 102 101 100 99 99 99 100 100 100 101 101 101 104 102 102 106 107 96 77 60 45 45 48 57 70 82 91 96 100 100 97 96 96 97 97 97 97 97 98 98 101 101 102 103 106 106 105 105 109 111 113 113 110 95 81 72 63 58 64 76 104 125 149 163 170 174 176 174 171 172 172 173 174 174 174 174 176 176 177 177 176 176 176 177 178 180 181 182 184 183 181 180 181 176 179 183 183 176 147 107 69 79 104 139 172 191 200 204 205 208 213 220 225 229 232 231 230 230 231 231 232 232 232 232 232 232 232 232 234 234 234 232 231 229 229 229 229 227 226 224 218 221 220 214 201 180 153 129 96 76 58 49 52 63 81 94 100 98 96 96 98 99 100 99 94 96 96 93 91 89 82 74 61 52 48 53 63 73 82 91 97 100 103 104 105 103 104 104 105 105 105 107 110 109 105 102 104 93 80 70 65 65 74 84 98 102 105 106 106 106 111 112 104 98 92 90 96 100 96 83 61 43 24 16 20 39 65 85 86 90 98 98 94 88 88 87 85 83 83 81 82 80 80 80 79 79 79 79 79 79 79 79 80 80 80 80 80 80 80 80 81 81 81 81 81 81 81 81 81 81 81 81 81 81 81 81 83 83 83 84 84 84 85 85 85 85 85 85 85 85 85 85 86 87 87 87 88 88 88 88 88 88 88 88 88 88 88 88 88 88 88 88 88 88 88 88 88 88 88 88 88 88 88 88 86 87 87 87 88 88 88 88 88 88 88 88 88 88 88 88 89 89 89 89 89 89 89 89 89 89 89 89 89 89 89 89 89 89 89 89 89 89 89 89 89 89 89 89 89 89 89 89 90 90 90 90 90 90 90 90 90 90 90 90 90 90 90 90 92 92 92 92 92 92 92 92 92 92 92 92 92 92 92 90 89 88 88 89 89 90 90 90 90 90 90 90 90 90 90 90 87 87 87 87 87 87 87 87 88 88 88 88 88 88 88 88 0 0 0 0 0 0 0 0
0 0 0 0 0 0 0 0 67 68 68 70 71 72 73 73 75 76 78 79 80 80 80 80 82 82 83 83 85 86 84 84 80 78 77 74 73 71 70 69 69 69 70 70 72 73 75 78 82 85 89 87 75 55 34 23 21 37 54 68 75 79 86 91 91 90 85 78 70 65 63 63 66 70 79 85 88 89 91 92 93 93 92 92 92 91 91 92 94 96 97 98 100 101 100 100 100 100 99 100 100 101 101 101 103 103 104 104 103 104 105 105 103 103 103 103 102 102 102 102 102 102 102 102 102 102 102 102 102 102 103 103 102 101 101 100 100 100 101 101 102 102 102 102 105 105 105 103 97 83 66 54 44 47 52 63 76 88 95 99 101 100 99 98 97 97 96 96 97 95 97 98 99 101 103 103 106 107 107 105 106 107 110 113 115 110 100 88 75 66 63 62 78 94 116 136 155 170 177 177 175 174 174 173 174 174 174 174 176 176 176 175 176 176 175 177 177 179 181 182 184 183 181 181 181 176 179 183 183 177 148 109 68 78 103 138 170 188 199 203 207 208 212 218 224 228 232 231 231 231 231 232 232 233 235 235 235 235 235 235 236 236 236 235 232 230 230 229 230 228 228 227 221 224 226 222 215 198 171 144 111 86 62 50 51 60 78 91 100 98 96 96 98 98 99 99 93 93 93 90 88 85 77 68 55 48 45 52 63 73 83 92 97 101 103 104 105 104 105 105 105 105 107 109 111 111 109 107 110 101 89 78 69 64 70 78 93 100 107 111 110 108 111 111 106 100 94 91 96 101 99 90 73 58 37 20 13 22 50 75 79 87 95 98 95 89 90 89 85 82 83 81 81 80 79 79 79 79 79 79 79 79 79 79 80 80 80 80 80 80 80 80 81 81 81 81 81 81 81 81 80 80 80 80 80 80 80 80 82 82 83 83 83 84 84 84 85 85 85 85 85 85 85 85 85 85 85 86 86 87 87 87 87 87 87 87 87 87 87 87 87 87 87 87 87 87 87 87 87 87 87 87 87 87 87 87 86 86 87 87 87 88 88 88 88 88 88 88 88 88 88 88 89 89 89 89 89 89 89 89 89 89 89 89 89 89 89 89 89 89 89 89 89 89 89 89 89 89 89 89 89 89 89 89 90 90 90 90 90 90 90 90 90 90 90 90 90 90 90 90 92 92 92 92 92 92 92 92 92 92 92 92 92 92 92 90 89 88 88 89 89 90 90 90 90 90 90 90 90 90 90 90 87 87 87 87 87 87 87 87 88 88 88 88 88 88 88 88 0 0 0 0 0 0 0 0
0 0 0 0 0 0 0 0 67 67 68 69 71 72 73 73 75 76 77 78 79 79 79 79 82 82 82 83 85 84 84 83 78 78 77 76 74 73 71 70 70 70 71 72 73 74 76 79 81 89 95 91 77 53 30 18 24 42 63 78 85 89 91 94 97 93 86 74 61 51 48 46 54 60 72 82 88 90 93 94 96 96 95 96 95 93 93 93 93 96 97 98 100 101 100 100 100 100 99 100 100 101 101 102 101 101 104 103 104 104 105 106 103 103 103 103 102 102 102 102 102 102 102 102 102 102 102 102 102 103 103 103 103 102 101 100 101 101 102 102 102 103 103 103 105 107 106 101 89 74 59 50 45 48 55 68 81 92 99 101 103 102 101 99 98 97 97 96 97 97 97 99 99 102 103 103 103 105 108 107 103 102 106 111 116 118 115 100 88 78 68 60 59 71 90 113 140 164 176 177 178 177 175 173 173 173 174 175 176 176 176 175 176 175 175 177 177 179 180 182 184 183 182 181 181 176 179 183 183 177 149 110 68 77 103 138 170 188 199 203 206 208 212 217 223 228 230 231 231 231 231 232 232 233 235 235 235 235 235 235 236 236 236 235 233 233 232 233 231 231 229 229 222 226 230 227 225 211 183 155 126 98 72 57 55 62 78 93 100 97 96 96 96 97 99 98 93 93 93 89 87 84 76 67 53 46 45 55 67 77 86 95 97 101 104 104 105 104 105 106 105 104 107 109 111 112 111 110 113 105 95 84 72 65 67 74 90 98 108 113 112 110 110 109 106 101 94 91 94 100 99 94 83 69 50 27 10 15 43 70 77 84 95 98 95 90 90 91 84 82 81 81 79 80 79 79 79 79 79 79 79 79 79 79 80 80 80 80 80 80 80 80 81 81 81 81 81 81 81 81 80 80 80 80 82 80 82 82 82 82 82 83 83 83 84 84 85 85 85 85 85 85 85 85 85 85 85 86 86 87 87 87 87 87 87 87 87 87 87 87 87 87 87 87 87 87 87 87 87 87 87 87 87 87 87 87 86 86 86 87 87 88 88 88 88 88 88 88 88 88 88 88 89 89 89 89 89 89 89 89 89 89 89 89 89 89 89 89 89 89 89 89 89 89 89 89 89 89 89 89 89 89 89 89 90 90 90 90 90 90 90 90 90 90 90 90 92 90 92 92 92 92 92 92 92 92 92 92 92 92 92 92 92 92 92 90 89 88 88 89 89 90 90 90 90 90 90 90 90 90 90 90 88 87 87 87 87 87 87 87 88 88 88 88 88 88 88 88 0 0 0 0 0 0 0 0
0 0 0 0 0 0 0 0 67 67 68 69 71 72 73 74 74 74 75 76 77 77 78 78 81 81 82 83 82 82 83 82 79 79 76 75 74 75 75 75 76 76 77 77 77 77 78 80 87 92 97 92 72 45 27 24 30 50 69 78 81 85 88 90 96 91 82 72 64 53 44 38 42 50 62 74 84 90 95 97 100 99 99 102 103 102 100 99 96 94 94 95 97 99 100 101 100 100 100 101 101 102 102 102 101 101 103 103 103 103 103 102 103 103 103 103 103 103 103 103 102 102 102 102 102 102 102 102 103 103 102 100 100 100 100 100 101 101 101 101 101 101 101 100 104 104 103 95 77 57 48 49 47 54 66 77 86 94 100 103 105 104 102 101 100 100 101 100 99 99 99 101 101 101 102 102 95 100 105 110 109 105 100 96 111 110 111 110 108 97 80 67 64 53 58 84 116 140 162 177 178 179 180 178 175 173 174 175 179 178 177 175 175 174 175 177 177 177 177 179 184 185 182 178 180 175 178 183 185 180 151 111 75 74 101 140 166 184 199 201 203 206 211 216 221 226 230 233 233 235 235 236 236 237 237 237 236 236 236 236 236 236 236 236 238 238 237 236 234 233 230 227 227 225 225 227 226 214 195 177 147 121 91 65 53 58 77 96 98 97 97 97 97 98 100 99 95 94 92 90 88 85 72 57 48 45 48 57 73 86 94 96 100 101 103 105 106 105 105 104 106 106 107 108 111 111 112 113 116 109 102 93 78 65 62 68 80 95 107 109 108 110 111 105 100 100 99 97 93 93 96 99 90 89 69 40 23 18 32 55 65 79 94 99 97 94 90 84 86 84 81 80 78 79 80 81 79 79 79 79 79 79 79 79 80 80 80 80 80 80 80 80 81 81 81 81 83 83 83 83 81 81 81 81 82 81 82 82 82 81 81 81 81 82 83 84 85 85 85 85 85 85 85 85 84 84 85 86 86 87 88 88 88 88 88 88 88 88 88 88 88 88 88 88 88 88 88 88 88 88 88 88 88 88 88 88 87 87 87 87 87 87 87 87 87 87 87 88 88 89 89 89 88 88 88 88 88 88 88 88 89 89 89 89 89 89 89 89 89 89 89 89 89 89 89 89 89 89 89 89 89 89 89 89 90 90 91 91 91 91 93 93 90 90 90 90 91 90 91 90 91 89 89 89 89 89 89 89 89 89 89 89 89 89 89 89 89 89 90 90 90 91 91 91 90 90 90 90 90 90 90 89 88 88 88 87 87 86 86 86 87 87 87 87 87 87 87 87 0 0 0 0 0 0 0 0
0 0 0 0 0 0 0 0 67 67 68 69 71 72 73 73 74 74 75 75 76 77 78 78 81 82 82 82 81 82 82 82 80 79 77 76 76 77 77 79 78 78 80 80 79 80 81 81 86 88 93 87 67 42 25 22 32 53 72 79 81 84 87 90 97 94 90 83 74 64 54 49 50 54 61 67 74 81 90 95 98 98 99 99 101 101 102 99 97 95 96 96 98 99 100 101 100 100 100 101 101 102 102 102 100 100 101 102 103 103 102 102 103 103 103 103 103 103 103 103 102 102 102 102 102 101 101 101 103 102 101 100 100 100 101 101 101 100 100 101 102 102 102 101 95 96 96 88 71 53 47 49 49 59 73 86 94 98 99 100 103 102 102 101 101 101 101 102 101 101 101 101 101 101 102 102 97 99 103 105 105 102 100 97 106 108 109 111 111 104 93 83 68 56 56 73 95 114 138 155 162 169 176 178 175 173 177 180 175 175 176 176 175 174 173 175 177 177 177 179 184 184 182 179 180 174 177 183 186 181 152 111 74 73 101 140 167 183 198 200 201 205 210 215 219 224 229 233 233 235 235 236 236 237 237 237 237 237 237 237 237 237 237 238 239 238 237 237 235 233 232 228 227 224 224 225 225 217 201 185 164 140 110 80 60 57 71 88 99 98 98 97 97 97 98 99 95 95 92 90 88 85 71 57 46 44 49 57 74 87 96 98 100 101 103 105 105 104 105 104 105 106 106 107 110 111 112 112 119 113 106 98 84 70 66 70 75 89 102 106 106 109 110 106 102 101 102 97 93 92 94 96 94 95 77 50 31 20 27 44 54 69 89 96 96 93 90 85 84 81 80 78 78 79 80 81 79 79 79 79 79 79 79 79 80 80 80 80 80 80 80 80 81 81 81 81 83 83 83 83 81 81 82 82 82 82 82 82 82 81 81 81 81 82 83 84 85 85 85 85 85 85 85 85 84 84 85 85 86 87 88 88 88 88 88 88 88 88 88 88 88 88 88 88 88 88 88 88 88 88 88 88 88 88 88 88 87 87 87 87 87 87 87 87 87 87 88 88 88 89 89 89 88 88 88 88 88 88 88 88 89 89 89 89 89 89 89 89 89 89 89 89 89 89 89 89 89 89 89 89 89 89 89 89 90 90 91 91 91 91 93 93 90 90 91 91 91 91 91 91 91 89 89 89 89 89 89 89 89 89 89 89 89 89 89 89 89 89 89 90 90 90 91 91 90 90 90 90 90 90 90 90 89 88 87 87 87 86 86 86 87 87 87 87 87 87 87 87 0 0 0 0 0 0 0 0
0 0 0 0 0 0 0 0 67 67 68 69 70 71 72 72 73 73 74 75 76 76 77 77 80 80 81 82 81 81 81 81 80 79 79 78 77 78 78 79 78 80 80 79 79 80 81 82 84 88 88 80 59 35 21 22 35 56 75 82 81 81 84 88 91 92 93 93 88 79 68 60 55 54 53 53 59 70 85 94 96 96 97 98 99 100 102 100 99 97 98 98 99 99 100 100 100 100 100 101 101 102 102 102 99 100 101 102 102 102 101 101 102 102 102 102 102 102 102 102 101 101 101 101 101 101 101 101 102 101 101 100 101 101 102 103 104 102 101 101 102 102 100 98 91 92 91 82 65 48 45 51 54 66 84 98 104 103 98 95 100 100 101 102 102 102 101 101 101 101 101 101 101 101 102 102 100 100 101 101 101 100 101 101 104 104 105 107 111 108 101 94 78 68 63 65 71 81 103 123 145 159 176 181 176 171 175 180 174 174 176 176 176 175 174 176 177 177 177 179 182 183 181 180 181 174 177 183 187 183 152 110 72 73 102 141 166 183 197 199 200 203 208 214 218 223 229 233 235 236 236 237 237 238 238 238 238 238 238 238 238 238 238 238 238 237 236 236 234 232 231 228 227 222 220 220 221 217 207 196 186 162 129 93 64 55 69 87 101 99 100 99 97 97 98 100 95 95 93 91 88 84 70 57 44 43 49 58 75 88 97 100 100 101 103 105 105 104 105 104 105 105 106 107 109 110 111 111 119 115 109 102 90 76 69 68 69 81 94 101 105 109 111 107 105 104 104 100 95 90 90 91 97 99 85 62 44 27 18 26 43 62 83 93 95 93 91 86 84 82 80 79 79 80 81 81 81 81 81 81 81 81 81 81 81 81 82 82 82 82 82 82 83 83 83 83 83 83 83 83 81 81 81 81 81 81 81 81 81 81 81 81 81 82 83 83 85 85 85 85 85 85 85 85 84 84 84 85 86 87 87 88 88 88 88 88 88 88 88 88 88 88 88 88 88 88 88 88 88 88 88 88 88 88 88 88 87 87 87 87 87 87 87 87 88 88 88 88 89 89 90 90 89 89 89 89 89 89 89 89 90 90 90 90 90 90 90 90 90 90 90 90 90 90 90 90 90 90 90 90 90 90 90 90 90 90 91 91 91 91 93 93 90 90 91 91 91 91 91 91 91 91 91 91 91 91 91 91 90 90 90 90 90 90 90 90 90 90 91 91 91 92 92 92 91 91 91 91 91 91 91 89 89 88 88 88 87 87 87 87 88 88 88 88 88 88 88 88 0 0 0 0 0 0 0 0
0 0 0 0 0 0 0 0 67 67 68 69 70 71 71 72 72 73 73 74 75 76 76 76 79 80 80 81 80 81 80 80 80 79 79 79 78 78 78 79 80 79 79 79 78 80 82 84 85 87 84 73 52 29 22 25 40 61 79 82 78 77 83 87 84 89 94 96 95 88 77 69 59 54 46 41 47 61 80 93 95 96 99 99 99 99 102 101 100 99 99 100 100 100 99 99 100 100 100 101 101 102 102 102 99 99 100 101 102 102 101 101 102 102 102 102 102 102 102 102 100 100 100 101 101 101 101 101 101 101 101 101 101 102 103 104 108 105 102 101 102 100 96 93 92 91 88 79 62 48 48 55 64 76 91 103 107 104 98 94 97 99 100 102 103 102 101 101 102 102 102 102 102 102 103 103 103 101 99 98 98 99 103 105 105 104 103 104 106 104 101 97 94 88 80 70 60 59 74 91 127 149 174 184 179 171 173 177 177 176 176 175 175 176 176 179 176 177 177 178 181 181 181 181 181 174 177 183 187 183 153 112 73 72 101 141 164 181 195 198 199 202 207 213 219 225 229 233 235 236 236 237 237 238 238 238 239 239 239 239 239 239 239 239 237 237 235 235 235 233 231 228 227 222 218 216 216 214 210 203 201 178 144 102 68 56 71 91 100 100 102 100 97 96 97 99 94 96 94 92 87 81 68 54 42 43 51 60 76 89 98 101 101 102 103 104 104 104 105 105 105 106 106 106 109 109 110 110 115 113 109 103 93 81 70 65 66 74 86 96 104 109 112 109 106 106 107 102 98 94 91 90 98 102 92 75 60 37 18 14 39 56 78 89 93 94 90 84 85 82 81 81 79 80 80 80 81 81 81 81 81 81 81 81 81 81 81 81 82 82 82 82 82 82 82 82 82 82 82 82 80 80 80 80 80 80 80 80 81 81 80 80 81 81 82 83 84 84 84 84 84 84 84 84 83 83 84 85 86 86 87 87 87 87 87 87 87 87 87 87 87 87 87 87 87 87 87 87 87 87 87 87 87 87 87 87 86 86 86 86 86 86 86 86 88 88 88 88 89 89 89 90 89 89 89 89 89 89 89 89 90 90 90 90 90 90 90 90 90 90 90 90 90 90 90 90 90 90 90 90 90 90 90 90 89 89 90 90 90 90 92 92 90 90 91 91 91 91 91 91 90 90 90 90 90 90 90 90 89 89 89 89 89 89 89 89 89 90 90 90 91 91 91 91 90 90 90 90 90 90 90 90 88 88 88 87 87 87 86 86 87 87 87 87 87 87 87 87 0 0 0 0 0 0 0 0
0 0 0 0 0 0 0 0 67 67 68 68 69 70 70 71 72 72 72 73 74 75 75 76 77 77 77 78 79 80 79 80 81 81 79 79 79 79 78 78 80 79 78 78 79 80 83 85 85 85 79 64 42 23 21 29 49 66 81 81 78 79 84 88 81 86 92 97 100 96 85 79 69 62 50 40 41 52 70 83 90 93 96 97 97 96 97 98 100 98 99 100 100 100 99 98 100 100 100 101 101 102 102 102 99 100 101 102 102 102 102 101 102 102 102 102 102 102 102 102 100 100 100 101 101 102 102 102 101 101 101 101 102 103 104 105 104 102 100 101 103 101 95 90 85 82 78 71 61 54 58 66 76 84 95 102 104 101 98 95 98 99 101 102 103 103 102 101 102 102 102 102 102 102 103 103 104 102 99 97 97 100 105 108 106 105 103 103 102 101 101 99 106 104 97 83 65 54 57 67 100 125 158 176 178 174 177 180 178 175 173 170 170 172 175 179 176 177 178 178 179 180 181 182 181 175 178 182 185 181 155 117 77 73 97 135 160 180 195 198 201 204 209 213 219 224 228 232 235 236 236 237 237 238 238 238 239 239 239 239 239 239 239 239 237 237 236 235 235 233 231 228 230 222 216 212 211 209 206 201 204 187 158 121 83 62 68 82 96 98 103 102 98 95 96 98 94 97 96 92 85 77 63 50 40 44 54 65 80 90 98 101 101 102 103 103 104 104 106 106 106 106 107 107 109 109 110 110 112 111 108 104 99 89 77 67 66 70 78 91 102 109 113 114 106 106 106 106 104 101 98 97 96 101 95 85 76 52 27 16 32 44 64 78 87 94 92 86 84 83 82 82 81 81 82 82 82 82 82 82 82 82 82 82 81 82 82 82 83 83 84 84 83 83 83 83 83 83 83 83 80 80 80 80 80 80 80 80 81 80 80 80 80 81 82 83 84 84 84 84 84 84 84 84 83 83 84 84 85 86 87 87 87 87 87 87 87 87 87 87 87 87 87 87 87 87 87 87 87 87 87 87 87 87 87 87 86 86 86 86 86 86 86 86 87 87 87 88 88 88 89 89 89 89 89 89 89 89 89 89 89 89 89 89 89 89 89 89 89 89 89 89 89 89 89 89 90 90 90 90 90 90 90 90 89 89 90 90 90 90 92 92 90 90 91 91 91 91 91 91 90 90 90 90 90 90 90 90 89 89 89 89 89 89 89 89 89 89 89 89 90 90 90 91 90 90 90 90 90 90 90 90 88 88 87 87 87 86 86 86 87 87 87 87 87 87 87 87 0 0 0 0 0 0 0 0
0 0 0 0 0 0 0 0 67 67 68 68 69 69 69 70 71 71 72 72 73 74 75 75 76 76 77 77 78 79 79 79 79 80 78 79 79 78 77 77 80 79 78 77 78 82 84 87 83 80 71 52 29 16 20 34 58 72 81 80 78 81 87 90 87 90 93 99 101 99 93 91 84 75 61 48 42 46 57 66 78 83 90 93 93 92 93 94 95 97 98 100 100 100 99 98 100 100 100 101 101 102 102 102 100 101 102 103 103 103 103 102 103 103 103 103 103 103 103 103 100 101 101 102 102 103 104 104 103 102 102 102 102 103 103 104 97 95 96 101 105 104 96 88 71 65 61 60 60 62 71 80 88 91 96 99 99 98 98 99 101 101 102 103 103 103 102 102 103 103 103 103 103 103 104 104 104 102 101 99 100 102 107 109 105 105 105 105 105 105 107 107 110 111 108 96 79 63 56 56 73 94 126 150 164 171 179 183 176 173 170 167 166 168 170 174 175 177 178 177 178 178 180 182 181 177 180 181 180 177 156 124 84 75 91 128 157 180 196 199 203 206 210 215 219 224 228 231 235 236 236 237 237 238 238 238 238 238 238 238 238 238 238 238 238 237 237 237 235 234 232 228 230 223 217 211 210 207 203 199 199 190 172 141 101 69 58 59 89 96 102 103 99 95 94 96 94 97 96 91 82 72 57 44 40 46 59 71 85 93 98 100 102 102 102 103 103 104 106 106 108 108 108 108 110 110 110 110 113 112 110 108 106 101 88 75 68 67 71 85 98 107 112 115 107 107 107 105 105 104 105 104 96 99 95 91 89 69 42 27 21 29 45 62 81 94 96 89 85 83 83 82 82 82 81 81 80 80 81 80 81 80 81 80 80 80 81 81 83 82 84 84 82 82 82 82 82 82 82 82 79 79 79 79 79 79 79 79 80 80 79 79 80 81 82 82 83 83 83 83 83 83 83 83 82 83 83 84 85 86 86 86 86 86 86 86 86 86 86 86 86 86 86 86 86 86 86 86 86 86 86 86 86 86 86 86 85 85 85 85 85 85 85 85 85 85 86 86 86 87 87 87 88 88 88 88 88 88 88 88 87 87 87 87 87 87 87 87 87 87 87 87 87 87 87 87 89 89 89 89 89 89 89 89 88 88 89 89 89 89 91 91 90 90 91 91 91 91 91 91 89 89 89 89 89 89 89 89 88 88 88 88 88 88 88 88 88 88 88 89 89 89 90 90 89 89 89 89 89 89 89 89 89 87 87 87 86 86 86 85 86 86 86 86 86 86 86 86 0 0 0 0 0 0 0 0
0 0 0 0 0 0 0 0 67 67 68 68 68 69 69 69 70 70 71 72 73 73 74 74 74 74 75 76 77 77 78 78 77 78 79 80 78 77 76 75 80 79 77 77 78 82 85 89 86 79 67 44 22 12 24 43 69 78 81 79 81 86 91 93 94 94 94 95 97 99 98 97 92 86 74 60 50 47 49 52 63 72 85 92 93 92 93 95 93 94 97 99 100 100 99 98 100 100 100 101 101 102 102 102 102 103 104 105 105 105 105 105 105 105 105 105 105 105 105 104 101 101 102 103 104 105 105 106 104 104 103 102 102 102 103 103 95 94 96 102 106 102 91 81 62 53 47 51 60 70 81 90 95 97 98 97 96 97 100 102 105 104 103 103 103 103 103 103 103 103 103 103 103 103 104 104 103 103 103 103 103 104 108 109 105 106 106 107 107 107 110 111 108 111 112 107 95 81 67 59 62 74 95 118 139 154 166 170 174 173 173 171 169 168 168 170 175 177 178 177 177 177 180 183 181 179 183 181 176 173 157 131 92 76 85 120 153 182 199 201 206 208 212 217 220 224 227 232 236 237 237 238 238 239 239 239 239 239 239 239 239 239 239 239 239 238 238 238 236 235 233 231 229 224 220 213 211 207 203 200 199 193 178 151 111 73 54 50 85 92 102 105 100 94 93 94 94 98 97 91 79 68 52 39 39 48 64 77 90 95 98 98 102 102 102 102 103 103 106 107 110 109 109 109 111 111 111 111 112 113 111 110 112 111 98 83 71 64 65 78 93 102 109 114 107 106 105 105 106 107 109 106 98 99 94 94 99 83 57 42 19 22 33 51 78 98 100 92 87 85 86 85 85 83 82 81 80 80 81 80 81 80 81 80 79 79 80 80 82 82 84 84 83 83 83 83 83 83 83 83 78 78 78 78 78 78 77 77 80 80 79 79 80 80 81 82 83 83 83 83 83 83 83 83 82 82 83 84 85 85 86 86 86 86 86 86 86 86 86 86 86 86 86 86 86 86 86 86 86 86 86 86 86 86 86 86 85 85 85 85 85 85 85 85 84 84 84 85 85 85 86 86 87 87 87 87 87 87 87 87 86 86 86 86 86 86 86 86 86 86 86 86 86 86 86 86 88 88 88 88 88 88 88 88 88 88 89 89 89 89 91 91 90 90 91 91 91 91 91 91 90 90 90 90 90 90 90 90 88 88 88 88 88 88 88 88 88 88 89 89 89 90 90 90 89 89 89 89 89 89 89 88 89 89 89 88 88 88 87 87 88 88 88 88 88 88 88 88 0 0 0 0 0 0 0 0
0 0 0 0 0 0 0 0 67 67 68 68 68 68 69 69 70 70 71 71 72 73 74 74 74 74 75 75 76 77 78 78 76 77 78 79 77 76 75 74 80 79 77 77 80 83 86 90 89 82 66 44 21 13 29 50 75 80 81 79 83 89 95 95 98 95 92 91 94 96 98 100 94 89 80 68 57 50 47 48 57 68 84 93 95 96 98 100 91 93 96 99 100 100 99 98 100 100 100 101 101 102 102 102 103 104 105 106 106 106 106 105 106 106 106 106 106 106 106 106 103 102 103 104 105 106 106 107 105 105 104 103 102 102 102 102 99 98 99 103 105 98 83 71 62 50 43 49 62 75 86 94 99 99 99 98 96 97 101 103 108 106 104 103 102 103 104 104 103 103 103 103 103 103 104 104 103 103 105 105 106 106 108 108 106 107 108 107 106 105 108 108 107 111 114 112 107 96 80 68 67 69 79 96 117 135 147 150 175 176 178 178 176 172 168 168 174 177 178 177 176 177 180 184 181 180 184 181 173 170 158 135 96 78 83 116 151 182 200 202 208 210 213 217 222 225 229 231 236 237 237 238 238 239 239 239 238 238 238 238 238 238 238 238 239 239 239 238 237 237 235 232 228 224 221 217 214 210 205 201 204 194 177 148 112 76 60 55 81 90 103 106 102 95 92 93 94 98 97 90 78 65 49 36 39 49 67 81 92 96 97 97 103 102 102 102 102 103 106 107 111 111 110 110 112 112 112 112 111 111 110 109 114 115 103 87 72 63 61 74 89 99 107 113 110 107 105 105 106 107 109 108 101 102 95 96 104 92 66 53 27 23 30 49 78 99 102 92 90 87 87 87 86 85 82 82 80 80 82 80 82 80 82 80 80 79 81 80 83 82 85 83 85 83 85 83 83 83 83 83 78 78 78 78 78 78 77 77 80 79 79 79 79 80 81 82 83 83 83 83 83 83 83 83 82 82 83 84 84 85 86 86 86 86 86 86 86 86 86 86 86 86 86 86 86 86 86 86 86 86 86 86 86 86 86 86 85 85 85 85 85 85 85 85 83 83 83 84 84 84 85 85 86 86 86 86 86 86 86 86 85 85 85 85 85 85 85 85 85 85 85 85 85 85 85 85 87 87 87 87 87 87 87 87 88 88 89 89 89 89 91 91 90 90 91 91 91 91 91 91 90 90 90 90 90 90 90 90 88 88 88 88 88 88 88 88 88 88 88 89 89 89 90 90 89 89 89 89 89 89 89 89 89 89 89 88 88 87 87 87 88 88 88 88 88 88 88 88 0 0 0 0 0 0 0 0
0 0 0 0 0 0 0 0 68 68 68 69 69 70 70 70 70 71 72 73 73 73 73 72 73 71 72 73 76 76 77 78 75 76 78 79 78 77 74 73 76 79 79 74 76 83 88 92 86 75 55 36 21 18 31 47 72 83 86 83 85 90 95 94 96 96 95 93 94 97 101 103 95 94 88 82 73 63 50 43 54 61 71 80 90 97 101 100 101 94 88 90 96 101 100 97 100 100 100 101 101 102 102 102 104 105 106 107 108 109 108 108 108 108 108 108 108 108 108 106 101 100 102 103 104 105 105 105 104 104 104 103 102 101 100 99 103 103 106 108 105 92 73 59 50 46 45 54 72 87 95 96 101 99 97 97 99 102 102 102 100 101 102 103 103 103 103 102 103 103 103 103 103 103 104 104 103 103 104 104 104 104 106 106 106 106 106 105 105 104 105 105 104 105 109 111 112 106 95 87 76 67 66 73 81 93 120 145 157 173 185 182 175 172 170 170 171 175 177 178 179 179 180 181 181 177 181 182 177 172 157 134 97 79 86 119 151 180 198 201 208 211 214 216 221 225 230 233 236 237 237 238 238 239 239 239 239 239 239 239 239 239 239 239 238 238 238 238 238 237 236 234 231 228 223 219 216 211 209 205 203 197 183 154 117 83 63 52 79 91 98 99 102 96 90 96 94 100 95 89 83 64 43 37 39 50 69 83 94 97 99 99 101 100 100 100 101 103 107 108 110 110 110 110 112 112 112 112 113 111 111 114 116 113 104 97 80 67 58 63 77 92 105 115 115 112 108 106 106 106 108 106 105 104 102 97 95 95 84 67 36 26 28 42 65 84 94 98 99 95 92 89 86 82 80 82 82 82 83 81 82 81 81 80 80 79 81 81 84 84 86 85 87 86 87 86 86 85 81 81 79 79 78 78 77 77 77 77 81 81 81 81 81 81 81 81 81 81 81 81 81 81 81 81 82 82 82 82 82 82 82 83 82 82 83 83 83 84 84 84 84 84 83 83 83 83 83 83 84 84 84 84 84 84 84 84 85 85 85 85 85 85 85 85 84 84 84 84 84 84 84 84 86 86 86 86 86 86 86 86 86 86 86 85 85 85 84 84 85 85 85 84 84 84 83 83 84 84 84 84 84 84 84 84 84 84 85 85 85 85 87 87 89 89 90 90 90 90 90 90 93 92 91 91 90 89 88 88 88 88 88 88 88 88 88 88 88 88 88 88 88 88 88 88 88 88 88 88 88 88 88 88 87 87 87 87 87 87 87 87 87 87 87 87 87 87 87 87 0 0 0 0 0 0 0 0
0 0 0 0 0 0 0 0 68 68 68 69 69 70 70 70 70 71 72 73 73 73 73 71 71 71 72 72 75 76 77 77 75 76 77 78 78 76 74 72 75 77 78 74 77 83 90 91 84 72 51 34 20 21 36 54 75 85 88 86 87 92 96 95 97 97 95 94 95 97 100 103 100 97 92 87 79 68 55 48 53 58 66 75 85 94 101 103 101 95 89 89 94 99 98 96 100 100 100 101 101 102 102 102 104 105 106 107 108 109 108 108 108 108 108 108 108 108 108 106 101 101 102 104 105 105 105 105 104 104 104 103 102 100 98 97 104 105 107 106 99 84 65 53 46 46 51 63 78 90 96 98 101 99 97 97 100 102 103 102 100 101 102 103 103 103 103 102 103 103 103 103 103 103 104 104 103 103 104 104 104 104 106 106 106 106 106 106 105 105 106 106 104 104 107 109 111 109 103 98 84 70 59 57 59 68 93 117 145 162 178 181 179 177 176 175 171 174 176 177 178 179 180 182 181 177 181 183 178 172 157 135 98 79 86 118 152 179 198 201 208 211 214 217 222 225 230 233 236 237 237 238 238 239 239 239 239 239 239 239 239 239 239 239 238 238 238 238 238 238 237 236 232 229 225 221 216 213 211 207 206 200 185 156 119 85 64 53 79 90 97 98 101 96 90 96 94 100 94 88 81 63 42 37 41 52 71 85 95 98 100 100 102 101 100 100 101 103 107 108 110 110 110 110 112 112 112 112 113 112 111 114 116 114 106 99 84 70 59 61 73 87 102 112 113 111 108 105 105 106 107 107 105 104 102 97 97 98 90 77 45 32 28 39 60 77 93 101 101 98 95 92 87 84 82 83 82 82 84 81 83 81 82 80 82 80 83 82 85 85 87 86 88 87 87 87 87 85 84 81 79 79 78 78 77 77 77 77 81 81 81 81 81 81 81 81 81 81 81 81 81 81 81 81 81 82 82 82 82 82 82 82 81 82 82 82 83 83 83 84 83 82 82 82 82 82 82 82 83 83 83 83 83 83 83 83 85 85 85 85 85 85 85 85 84 84 84 84 84 84 84 84 85 85 85 85 85 85 85 85 85 85 85 85 84 84 83 83 84 84 84 84 83 83 82 82 83 83 83 83 83 83 83 83 83 83 84 84 84 84 86 86 89 89 90 90 90 90 90 90 92 92 91 90 89 88 88 87 88 88 88 88 88 88 88 88 88 88 88 88 88 88 88 88 88 88 88 88 88 88 88 88 88 87 87 87 87 87 87 87 87 87 87 87 87 87 87 87 0 0 0 0 0 0 0 0
0 0 0 0 0 0 0 0 68 68 68 69 69 70 70 70 70 71 72 73 73 73 73 71 71 70 72 72 73 74 76 76 74 75 77 78 77 76 74 73 73 75 76 74 77 84 90 92 82 65 44 27 20 26 44 62 81 88 91 90 90 93 96 96 98 99 97 94 95 97 99 101 103 102 99 94 86 76 65 58 53 54 57 64 75 87 98 105 102 97 92 90 93 96 96 95 100 100 100 101 101 102 102 102 104 105 106 107 108 109 108 108 108 108 108 108 108 108 108 106 102 102 103 104 105 105 105 105 105 104 104 102 100 98 96 95 104 107 108 103 89 71 55 45 42 51 64 77 87 94 98 100 101 98 97 97 100 102 103 103 100 101 102 103 103 103 103 102 103 103 103 103 103 103 104 104 103 103 104 104 104 104 106 106 104 104 104 104 107 107 107 107 105 103 104 106 108 111 112 111 102 83 65 54 50 54 74 94 122 140 162 174 179 180 179 179 173 176 177 176 177 178 180 183 181 177 181 183 179 173 159 136 99 80 85 116 150 180 199 203 209 212 215 218 222 226 230 235 237 239 239 240 240 241 241 241 241 241 241 241 241 241 241 241 238 238 240 240 238 238 237 236 233 232 227 223 218 216 213 210 208 202 188 161 124 89 65 53 76 90 96 97 101 95 89 96 93 100 94 86 79 61 42 38 44 56 76 89 98 99 101 102 103 102 101 101 102 103 107 108 110 110 110 110 112 112 112 112 113 112 112 114 116 115 109 104 91 76 62 60 67 80 96 108 111 110 108 106 106 106 107 106 105 105 102 100 100 100 97 86 58 42 30 33 48 66 86 100 104 102 99 94 88 84 82 83 83 83 83 82 83 81 82 81 82 82 83 84 86 86 88 87 89 88 89 87 87 85 84 83 79 79 78 78 77 77 77 77 80 80 80 80 80 80 80 80 80 80 80 80 80 80 80 80 81 81 81 81 81 81 81 81 80 80 81 81 82 82 82 82 81 81 81 81 81 81 81 81 82 82 82 82 82 82 82 82 84 84 84 84 84 84 84 84 84 84 84 84 84 84 84 84 84 84 84 84 84 84 84 84 84 84 84 83 83 83 82 82 83 83 83 82 82 82 81 81 81 81 81 81 81 81 81 81 81 81 82 82 82 82 84 84 88 88 89 89 89 89 89 89 93 93 92 92 91 90 90 89 90 90 90 90 90 90 90 90 89 89 89 89 89 89 89 89 89 89 89 89 89 89 89 87 87 87 87 87 87 87 87 87 87 87 87 87 87 87 87 87 0 0 0 0 0 0 0 0
0 0 0 0 0 0 0 0 68 68 68 69 69 70 70 70 70 71 72 73 73 73 73 71 71 70 71 72 72 73 75 76 74 74 76 76 76 75 73 72 71 73 74 73 79 86 89 89 80 61 36 22 20 31 51 69 85 90 92 93 93 95 97 96 100 99 98 97 97 96 98 101 105 104 102 100 93 84 74 66 54 51 49 54 64 76 91 102 102 99 95 94 94 95 96 97 100 100 100 101 101 102 102 102 104 105 106 107 108 109 108 108 108 108 108 108 108 108 108 106 103 103 104 105 106 106 105 105 105 104 103 102 100 97 95 93 102 106 107 98 81 61 47 41 44 60 81 94 97 97 98 101 100 98 96 97 100 102 103 103 100 101 102 103 103 103 103 102 103 103 103 103 103 103 104 104 103 103 104 104 104 104 106 106 104 104 105 105 107 108 108 108 107 104 103 102 105 110 116 119 114 98 80 68 61 60 70 81 93 110 136 157 170 177 179 181 178 180 180 178 178 178 180 182 180 176 181 184 180 175 160 138 101 82 85 115 148 179 199 204 210 213 216 218 223 228 231 235 237 239 239 240 240 241 241 241 241 241 241 241 241 241 241 241 239 239 241 241 239 239 239 238 236 232 228 225 222 218 216 213 210 206 193 165 128 92 68 55 74 87 94 96 101 95 89 95 93 99 93 83 75 58 41 40 47 60 81 93 100 101 102 103 104 103 102 102 102 104 107 109 111 111 111 111 113 113 113 113 113 112 112 114 116 115 112 108 98 84 68 61 63 72 87 100 108 109 109 108 108 107 107 109 110 106 103 101 101 102 99 94 72 53 37 31 36 54 77 94 106 106 103 95 89 85 84 83 82 82 82 81 81 81 80 80 81 82 83 84 85 86 87 88 88 89 90 89 89 86 85 84 79 79 78 78 77 77 77 77 79 79 79 79 79 79 79 79 79 79 79 79 79 79 79 79 80 80 80 80 79 79 79 79 79 79 79 80 80 80 81 81 79 79 80 80 80 80 81 81 81 81 81 81 81 81 81 81 83 83 83 83 83 83 83 83 83 83 83 83 83 83 83 83 83 83 83 83 83 83 83 83 83 83 83 82 82 81 81 81 82 82 82 81 81 80 80 80 79 79 79 79 79 79 79 79 79 79 80 80 80 80 82 82 87 87 88 88 88 88 88 88 92 92 91 91 90 90 89 89 89 89 89 89 89 89 89 89 89 89 89 89 88 88 88 88 88 88 88 88 88 88 88 88 86 86 86 86 86 86 86 86 86 86 86 86 86 86 86 86 0 0 0 0 0 0 0 0
0 0 0 0 0 0 0 0 68 68 68 69 69 70 70 70 70 71 72 73 73 73 73 71 71 70 70 71 72 72 72 73 73 73 74 74 76 75 74 72 69 72 73 73 79 85 88 86 78 55 29 18 23 36 56 73 89 90 92 94 97 96 96 98 102 101 100 98 98 98 97 100 104 106 103 101 98 91 82 76 60 52 45 48 54 63 78 93 98 99 99 98 96 96 98 99 100 100 100 101 101 102 102 102 104 106 107 108 109 110 109 109 109 109 109 109 109 109 109 108 105 104 105 106 106 106 106 105 105 104 103 102 100 97 95 93 98 102 103 93 75 57 46 41 51 71 95 107 105 99 98 101 99 97 96 97 100 103 104 104 100 101 102 103 103 103 103 102 103 103 103 103 103 103 104 104 103 103 104 104 104 104 106 106 105 105 105 105 105 105 107 107 107 104 101 99 102 107 114 118 113 103 92 85 78 70 67 65 65 79 105 133 156 171 180 187 182 183 183 181 180 179 179 180 180 176 181 184 181 176 162 140 104 83 85 113 145 177 199 205 212 215 217 219 223 228 231 235 237 239 239 240 240 241 241 241 241 241 241 241 241 241 241 241 239 239 241 241 241 239 239 238 236 234 230 228 224 220 218 215 213 209 197 169 131 94 69 56 70 84 92 94 101 95 88 95 93 99 91 81 71 55 41 41 50 64 85 97 103 102 103 104 105 104 103 103 103 104 108 109 111 111 111 111 113 113 113 113 113 113 113 114 115 115 113 111 105 92 77 68 63 66 78 91 104 106 110 110 108 108 109 111 114 110 107 105 104 100 97 96 85 67 49 36 32 42 66 84 102 108 107 99 90 87 84 81 81 82 82 82 81 81 81 80 81 82 83 84 85 86 87 88 89 88 89 89 89 87 86 84 79 79 78 78 77 77 75 77 79 79 79 79 79 79 79 79 79 79 79 79 79 79 79 79 80 80 79 79 78 78 77 77 77 77 78 78 78 79 79 79 78 79 79 79 80 80 81 81 81 81 81 81 81 81 81 81 83 83 83 83 83 83 83 83 83 83 83 83 83 83 83 83 83 83 83 83 83 83 83 83 83 83 82 82 81 81 81 81 82 82 81 81 80 80 80 80 78 78 78 78 78 78 78 78 78 78 79 79 79 79 81 81 87 87 88 88 88 88 88 88 90 90 90 90 89 89 89 89 89 89 89 89 89 89 89 89 89 89 88 88 87 87 86 86 88 88 88 88 88 88 88 88 86 86 86 86 86 86 86 86 86 86 86 86 86 86 86 86 0 0 0 0 0 0 0 0
0 0 0 0 0 0 0 0 68 68 68 69 69 70 70 70 70 71 72 73 73 73 73 71 71 70 70 70 71 72 72 72 72 72 73 72 74 74 73 73 70 71 72 74 80 85 85 82 73 50 26 18 28 45 61 76 90 89 90 96 98 97 97 98 104 103 102 101 99 99 97 99 103 104 102 101 100 97 90 86 71 59 48 48 49 53 66 80 91 95 100 101 99 97 98 100 100 100 100 101 101 102 102 102 105 106 107 108 109 110 109 109 109 109 109 109 109 109 109 108 106 106 106 107 107 107 106 106 105 104 104 102 100 98 96 95 97 99 99 89 73 58 48 44 58 78 102 112 106 99 98 101 99 97 96 97 100 103 104 104 100 101 102 103 103 103 103 102 103 103 103 103 103 103 104 104 103 103 104 104 104 104 106 106 106 105 105 105 104 104 105 105 107 106 104 101 101 104 109 113 112 108 104 101 96 84 69 58 51 59 80 109 137 159 175 187 180 182 183 183 182 180 180 180 180 176 181 185 182 177 164 142 106 84 84 111 144 176 199 206 213 215 218 221 224 228 231 235 237 239 239 240 240 241 241 241 241 241 241 241 241 241 241 241 240 240 242 242 242 242 240 239 238 235 233 229 225 223 221 217 215 211 201 175 136 97 71 57 66 81 89 95 100 94 88 94 93 99 90 78 68 53 40 42 51 67 89 100 104 102 103 104 107 106 104 104 104 105 108 109 112 112 112 112 114 114 114 114 114 114 113 113 113 113 113 113 109 100 89 78 68 64 70 80 98 102 108 110 109 108 110 113 115 110 109 107 105 99 98 97 94 80 63 46 35 36 53 71 93 102 105 98 90 87 84 80 82 82 82 82 81 81 80 80 81 81 82 83 84 86 86 87 88 89 90 90 90 89 86 85 81 79 78 78 77 77 75 75 78 78 78 78 78 78 78 78 78 78 78 78 78 78 78 78 79 79 78 78 77 76 76 75 76 76 76 76 77 77 78 78 78 78 79 80 80 81 82 82 81 81 81 81 81 81 81 81 82 82 82 82 82 82 82 82 82 82 82 82 82 82 82 82 83 83 83 83 83 83 83 83 83 83 83 82 82 81 81 81 82 82 82 81 81 80 80 80 78 78 78 78 78 78 78 78 78 78 79 79 79 79 81 81 86 86 87 87 87 87 87 87 89 89 89 89 89 89 89 89 88 88 88 88 88 88 88 88 89 88 88 87 86 86 85 85 87 87 87 87 87 87 87 87 85 85 85 85 85 85 85 85 85 85 85 85 85 85 85 85 0 0 0 0 0 0 0 0
0 0 0 0 0 0 0 0 68 68 68 69 69 70 70 70 70 71 72 73 73 73 73 71 70 69 70 70 70 70 71 71 72 71 72 71 73 73 74 73 71 71 72 74 80 86 82 78 65 43 21 18 33 52 69 79 89 86 87 95 99 97 97 100 107 107 104 103 101 100 99 99 102 103 101 101 102 101 98 95 84 69 56 52 49 47 56 69 82 90 99 102 99 97 98 100 100 100 100 101 101 102 102 102 105 106 107 108 109 110 109 109 109 109 109 109 109 109 109 108 107 107 107 108 108 107 106 106 104 104 104 103 102 100 98 97 98 99 96 87 74 60 50 46 61 80 101 110 104 98 98 102 98 97 95 97 100 103 105 105 100 101 102 103 103 103 103 102 103 103 103 103 103 103 104 104 103 103 104 104 104 104 106 106 106 105 105 104 103 102 103 103 105 106 107 105 102 102 104 109 114 112 112 112 110 99 82 66 56 55 65 88 114 136 155 170 172 176 180 182 183 182 181 181 180 176 182 185 182 178 165 143 107 85 83 109 143 176 201 208 214 216 219 222 224 228 231 235 237 239 239 240 240 241 241 241 241 241 241 241 241 241 241 241 242 242 242 242 242 242 240 239 239 235 234 230 227 225 222 219 216 214 204 177 138 99 71 57 64 79 90 94 99 94 89 94 93 99 90 77 65 50 40 43 52 69 91 102 105 101 102 104 108 107 105 104 104 105 108 109 112 112 112 112 114 114 114 114 114 114 113 112 111 110 111 113 111 106 99 89 74 64 64 70 91 97 104 107 107 107 110 113 114 109 108 109 106 99 97 98 99 91 78 59 41 34 44 57 76 90 98 93 87 88 85 79 83 85 84 84 84 83 83 83 82 83 83 85 86 87 88 88 90 89 90 90 90 89 87 85 81 79 78 78 77 77 75 75 77 77 77 77 77 77 77 77 77 77 77 77 77 77 77 77 79 78 78 77 76 75 74 74 74 75 75 75 76 76 76 77 78 79 79 80 81 82 83 83 82 82 82 82 82 82 82 82 81 81 81 81 81 81 81 81 82 82 82 82 82 82 82 82 84 84 84 84 84 84 84 84 84 83 83 83 82 82 82 82 83 82 82 82 81 81 81 81 78 78 78 78 78 78 78 78 78 78 79 79 79 79 81 81 85 85 86 86 86 86 86 86 88 89 89 89 89 89 89 89 89 89 89 89 89 89 89 89 90 89 89 88 87 86 85 85 87 87 87 87 87 87 87 86 84 84 84 84 84 84 84 84 84 84 84 84 84 84 84 84 0 0 0 0 0 0 0 0
0 0 0 0 0 0 0 0 70 68 70 69 71 70 72 70 72 71 74 73 75 73 75 72 71 70 71 71 71 71 73 73 73 72 73 72 73 73 74 75 74 75 75 76 83 89 84 78 63 41 20 20 38 58 74 85 89 86 87 95 100 99 98 100 108 106 105 103 102 99 98 99 102 101 99 100 102 103 102 99 93 76 61 57 50 44 50 63 75 85 97 101 99 96 99 102 102 102 102 103 103 104 104 104 105 106 107 108 109 110 109 109 109 109 109 109 109 109 109 108 108 107 108 108 108 107 106 106 104 104 104 103 102 101 100 99 101 100 95 87 74 62 52 47 61 78 98 106 102 97 99 103 98 97 95 97 100 103 105 105 100 101 102 103 103 103 103 102 103 103 103 103 103 103 104 104 103 103 104 104 104 104 106 106 107 106 105 104 102 101 101 101 103 106 110 109 105 103 104 105 111 111 111 113 114 108 92 76 66 58 59 74 95 115 134 150 165 169 177 181 181 181 182 182 179 176 182 185 181 177 166 144 107 85 83 109 142 174 199 209 214 216 219 222 224 228 233 235 237 237 239 238 240 239 241 239 241 239 241 239 241 239 241 241 242 242 242 242 242 242 242 240 239 236 234 230 228 225 223 219 219 214 206 178 140 102 74 58 63 78 89 94 99 94 89 95 95 99 90 76 66 49 39 44 53 71 92 105 105 101 102 104 108 107 106 105 104 105 108 109 112 112 112 112 112 112 114 114 114 115 114 111 109 109 110 112 112 110 105 95 79 64 61 64 86 91 101 105 105 105 108 111 109 106 108 111 108 101 98 102 103 97 87 69 48 34 40 51 67 84 94 92 89 91 88 82 86 86 86 85 85 84 84 84 83 83 84 85 87 88 89 89 91 91 93 93 93 91 90 89 82 81 81 79 79 78 78 78 78 78 78 78 78 78 78 78 78 78 78 78 78 78 78 78 79 79 78 77 76 75 75 74 75 75 75 76 76 76 77 77 80 80 83 82 85 83 86 85 85 83 85 83 85 83 85 83 84 82 84 82 84 82 84 82 85 83 85 83 85 83 85 83 87 85 87 85 87 85 85 85 85 85 85 84 84 84 83 83 84 84 86 83 85 83 84 82 81 79 81 79 81 79 81 79 79 79 81 81 81 81 82 82 86 86 88 88 88 88 88 88 89 89 89 89 89 89 89 89 89 89 89 89 89 89 89 89 89 89 89 87 87 86 86 84 88 87 88 87 88 87 88 87 86 86 86 86 86 86 86 86 86 86 86 86 86 86 86 86 0 0 0 0 0 0 0 0
0 0 0 0 0 0 0 0 71 70 72 71 72 72 73 72 71 71 73 73 75 75 76 74 74 74 74 74 76 76 77 77 75 75 76 76 75 75 76 76 86 86 83 84 90 96 91 82 71 45 19 21 45 68 83 90 90 87 84 89 99 106 103 98 104 104 104 103 101 100 100 100 100 99 98 97 97 99 100 100 94 87 76 63 52 47 47 48 60 80 95 98 96 99 102 102 101 103 106 107 107 106 105 106 107 108 109 110 111 112 112 113 111 111 111 111 111 111 111 108 106 103 103 104 104 105 105 105 103 102 101 100 99 100 101 102 99 96 92 87 78 67 55 47 54 64 78 88 92 94 97 99 97 96 96 96 97 100 102 104 104 103 101 100 99 100 100 101 102 102 102 102 103 103 104 104 105 105 107 107 107 107 107 107 106 106 106 105 105 104 104 104 106 107 107 108 108 107 107 107 104 108 113 116 115 110 105 100 83 72 66 69 73 82 105 130 142 162 179 180 176 176 179 178 176 172 175 181 182 181 167 143 104 83 79 103 136 174 200 205 216 216 217 219 224 229 233 234 235 235 237 236 237 236 238 237 238 237 238 238 239 238 240 240 243 244 244 243 243 241 241 239 240 235 233 231 232 231 226 221 218 217 209 183 146 106 75 57 64 75 89 97 98 94 92 92 92 91 88 74 58 47 43 45 59 77 95 102 101 102 105 106 114 113 110 108 107 106 107 107 111 111 111 111 111 111 112 112 111 110 109 108 108 110 111 112 113 112 107 96 81 68 60 57 74 82 96 105 108 108 107 107 105 106 107 108 107 108 108 105 106 103 96 82 65 49 42 38 49 67 90 101 96 90 88 90 90 89 88 87 87 87 87 88 87 87 88 89 91 92 93 94 95 95 96 96 97 97 97 96 91 89 88 87 86 84 84 83 81 81 81 81 81 81 81 81 81 81 81 81 81 81 81 81 80 81 82 81 79 79 79 81 79 79 80 81 82 83 84 84 84 85 88 88 90 88 88 86 87 87 88 87 88 87 89 88 86 85 86 85 86 85 86 85 86 85 86 85 87 87 89 89 89 88 89 88 88 87 87 86 87 87 87 88 87 88 88 90 88 88 88 87 87 85 85 84 84 83 84 83 83 82 83 82 84 84 84 85 86 87 87 88 88 88 89 89 91 91 91 90 88 88 88 89 89 89 89 90 91 91 91 91 91 91 91 91 88 88 90 88 90 87 89 87 91 88 90 88 89 87 88 86 86 86 86 86 86 86 86 86 86 86 86 86 86 86 86 86 0 0 0 0 0 0 0 0
0 0 0 0 0 0 0 0 70 70 70 70 71 71 72 72 73 73 74 75 75 75 75 75 76 76 76 76 77 77 79 79 78 78 80 79 79 79 79 79 86 87 87 89 96 99 93 82 67 43 23 29 52 75 89 93 91 88 86 90 102 106 104 100 104 104 103 101 101 100 99 99 100 99 98 97 97 97 98 99 98 93 84 72 59 49 43 40 61 76 90 96 99 102 103 101 101 104 106 106 107 106 107 109 108 108 109 110 110 111 111 112 111 111 111 111 111 111 111 109 106 103 103 104 104 105 105 105 103 102 101 100 99 100 101 101 99 97 94 89 81 69 57 49 51 55 64 76 89 97 101 101 101 100 98 97 97 99 102 103 102 101 100 100 100 101 102 103 103 103 103 102 103 103 104 104 105 105 107 107 107 107 107 107 106 106 106 105 105 104 104 104 106 107 107 108 108 107 107 107 106 111 116 116 112 108 109 110 106 90 74 65 61 66 90 116 136 156 175 180 179 178 178 177 177 171 176 182 182 181 167 143 105 82 79 101 132 170 197 203 214 215 216 219 225 230 234 235 235 235 236 236 236 236 237 237 238 238 238 238 239 239 240 241 243 244 244 243 243 243 241 239 240 235 233 232 232 230 226 221 220 219 209 186 147 107 77 60 65 75 90 97 98 94 91 92 93 94 87 74 56 46 42 45 60 77 97 102 102 102 105 105 112 111 110 108 107 107 108 108 111 111 111 111 111 111 111 111 112 111 110 109 109 109 110 111 113 112 108 99 85 72 63 58 71 79 92 102 106 106 105 105 106 106 107 108 109 109 109 106 108 104 100 88 72 53 37 30 45 60 83 98 101 99 96 95 90 89 88 87 87 87 87 87 85 86 87 88 89 90 91 93 97 97 96 97 98 97 96 96 91 90 87 86 85 83 83 82 81 80 81 80 81 80 81 80 82 81 82 81 82 81 82 81 82 82 83 81 79 77 78 78 78 77 79 79 81 80 82 82 90 91 93 95 96 96 96 96 98 98 98 97 97 97 97 97 93 93 94 93 94 93 94 93 95 94 95 94 95 95 97 98 100 100 100 100 99 98 97 95 93 93 92 91 91 91 90 90 96 96 96 95 95 95 94 94 90 90 90 90 90 90 90 90 86 84 86 86 85 85 85 85 89 89 89 89 90 90 92 90 88 86 86 86 87 87 87 87 88 88 88 88 88 88 88 90 91 91 90 90 89 88 87 87 89 88 88 88 88 88 88 88 87 87 87 87 87 87 87 87 89 89 89 89 89 89 89 89 0 0 0 0 0 0 0 0
0 0 0 0 0 0 0 0 73 73 73 73 74 74 74 75 77 78 78 78 78 78 78 79 80 80 80 80 81 81 83 83 82 82 83 83 83 83 82 84 88 90 92 96 102 102 93 81 59 40 24 34 58 78 89 94 92 90 89 92 102 106 106 103 104 104 103 101 101 100 99 99 101 100 99 98 97 97 97 98 101 99 95 86 74 60 47 40 55 66 78 88 97 102 102 98 99 101 103 103 104 106 109 111 109 109 109 110 110 110 110 110 111 111 111 111 111 111 111 109 106 105 106 106 106 106 107 107 105 104 103 102 101 102 102 102 101 100 98 95 88 76 64 55 54 50 52 63 81 94 99 98 102 102 101 101 101 102 103 104 102 102 102 102 102 104 105 106 104 104 104 104 104 104 105 105 105 105 107 107 107 107 108 108 106 106 105 105 105 105 104 104 106 106 107 107 107 107 106 107 108 114 118 116 110 108 115 120 120 105 86 70 57 55 72 93 118 139 162 174 179 179 179 178 179 173 176 180 180 180 169 148 108 83 79 99 128 166 194 200 212 213 215 218 225 230 235 235 235 236 236 237 237 238 238 238 240 240 240 241 241 241 242 242 243 244 244 244 243 243 242 239 240 236 234 232 232 230 226 221 222 219 210 187 149 109 78 61 67 77 90 97 97 93 90 91 94 93 86 71 54 44 44 48 62 78 96 101 102 102 105 104 110 109 109 108 108 109 109 110 111 111 111 111 111 111 111 111 113 112 111 110 109 109 109 110 112 112 110 103 91 78 68 61 65 73 86 97 104 105 105 104 106 107 108 108 109 108 108 105 107 104 105 98 86 64 42 24 36 49 68 91 105 110 107 101 101 101 100 100 99 99 99 99 95 95 96 97 98 99 100 101 103 104 104 104 105 104 103 103 98 96 95 93 93 92 92 90 92 90 92 90 92 90 92 90 92 90 92 90 92 90 92 90 91 90 93 90 90 87 90 89 89 88 90 89 91 90 93 93 91 94 95 97 99 100 100 100 98 98 97 97 96 95 95 95 92 92 93 92 93 92 93 92 94 93 94 93 94 93 95 95 98 98 98 97 97 95 95 95 101 100 99 96 96 95 94 96 91 92 93 93 94 94 94 94 94 94 94 94 95 95 95 95 98 96 97 96 95 95 94 94 95 95 95 95 96 96 98 97 96 96 96 96 96 96 96 95 96 96 96 96 96 96 96 96 98 98 97 96 95 94 94 93 94 95 95 95 95 95 95 95 95 95 95 95 95 95 95 95 97 97 97 97 97 97 97 97 0 0 0 0 0 0 0 0
0 0 0 0 0 0 0 0 78 78 78 78 79 79 80 80 80 81 81 81 82 84 85 84 86 86 86 86 87 87 89 89 88 88 89 88 88 88 89 89 93 95 100 104 108 105 92 77 56 39 26 36 60 77 87 89 93 92 92 95 102 105 107 106 104 104 103 103 101 100 100 99 102 101 100 99 98 97 97 96 97 99 101 99 91 77 61 50 48 53 62 75 90 99 99 95 98 99 101 101 103 105 109 113 110 110 110 109 109 109 109 109 111 111 111 111 111 111 111 109 107 106 106 106 106 106 106 106 104 104 103 102 102 101 101 101 101 101 100 98 93 83 71 63 58 52 47 52 65 77 83 83 94 96 100 103 105 105 104 103 103 103 103 103 103 103 104 104 104 104 104 104 104 105 106 106 104 104 106 106 106 106 107 107 105 105 105 105 105 105 105 105 105 106 107 107 107 107 106 106 109 113 115 114 112 113 118 122 115 107 98 85 69 59 63 73 93 111 137 158 171 178 182 183 184 178 179 179 177 178 172 155 111 86 79 96 123 161 191 199 208 210 212 217 224 230 234 234 235 235 236 237 237 238 239 239 241 241 241 242 242 243 243 243 245 245 244 244 244 243 242 240 239 236 235 233 231 228 225 221 223 220 210 187 150 112 80 61 68 78 90 97 97 92 90 90 94 93 85 68 51 42 45 50 64 80 96 100 102 102 104 103 107 107 108 108 109 110 111 111 110 110 110 110 110 110 110 111 114 113 112 111 110 109 109 108 109 110 110 105 96 84 73 67 57 65 78 91 101 105 106 106 106 107 107 108 108 108 107 105 105 105 108 110 102 81 52 33 32 38 55 82 108 119 118 110 112 112 112 112 112 111 110 110 105 105 106 107 108 109 109 110 111 111 111 112 110 111 110 108 106 105 103 101 101 99 99 99 100 100 100 100 100 100 100 100 99 99 99 99 99 99 99 99 96 98 99 99 98 98 100 101 99 99 99 100 100 101 101 102 106 106 109 108 111 109 111 109 108 105 106 104 104 102 103 102 103 103 103 103 103 103 103 103 104 104 105 105 104 104 103 103 104 104 103 102 102 101 101 100 99 99 97 97 96 96 96 96 98 98 101 100 104 103 106 104 110 108 110 108 111 109 111 109 107 105 107 104 104 104 104 104 102 101 101 102 103 101 104 104 105 105 105 105 105 105 105 105 104 104 104 104 104 104 104 104 103 103 103 103 102 102 102 102 103 103 104 104 104 105 105 105 104 104 104 104 104 104 104 104 105 105 105 105 105 105 105 105 0 0 0 0 0 0 0 0
0 0 0 0 0 0 0 0 87 87 87 88 88 88 89 89 89 89 89 90 92 95 97 99 99 97 99 99 99 99 100 100 98 98 99 98 98 97 99 99 104 106 109 112 114 108 91 77 60 42 31 39 61 78 85 89 95 95 95 96 101 104 108 109 104 104 103 103 101 100 100 100 102 101 101 100 99 98 97 96 93 96 101 103 99 87 71 59 48 47 51 65 83 94 97 96 98 99 101 101 102 104 108 112 109 109 109 109 109 108 108 108 111 111 111 111 111 111 111 109 107 106 106 106 106 106 106 106 104 104 103 103 102 101 100 99 101 101 102 101 98 90 80 73 63 59 54 51 52 58 65 70 82 88 96 104 109 110 108 107 105 105 105 104 103 102 101 100 103 103 103 104 105 106 106 106 106 106 106 106 107 107 107 107 106 106 106 106 106 106 106 106 106 106 107 108 108 107 106 106 110 109 110 113 117 119 119 116 111 108 105 97 83 71 66 67 71 85 110 135 156 171 183 191 188 182 182 180 173 174 173 159 114 88 79 94 119 156 189 199 204 207 210 215 222 228 232 232 235 235 236 237 237 238 239 239 241 241 242 242 243 243 243 243 245 245 245 244 244 244 242 240 239 237 237 233 230 227 224 221 224 219 209 187 151 113 81 62 69 78 90 96 96 92 90 91 95 91 82 64 48 42 46 53 68 81 95 99 101 102 104 103 106 107 108 110 111 112 113 113 111 111 111 111 111 111 111 111 114 114 114 113 112 111 110 109 108 109 109 107 100 90 79 71 52 59 72 86 98 105 108 109 106 107 108 108 109 109 108 107 104 105 110 115 110 92 64 42 35 36 48 73 99 115 116 109 107 107 108 108 108 107 106 105 101 101 101 102 103 103 104 104 104 104 104 104 103 104 102 101 98 97 96 94 93 92 92 92 93 93 93 93 93 93 93 93 94 94 94 94 94 94 94 94 92 94 94 93 91 90 90 91 90 90 91 91 91 91 92 92 95 94 95 92 94 91 93 91 93 91 92 89 90 87 89 88 89 90 90 90 90 90 90 90 91 91 92 92 91 90 88 88 85 85 85 84 84 83 82 82 80 79 80 81 80 81 81 82 84 85 88 88 92 91 94 93 97 95 97 96 99 97 99 98 98 96 99 98 99 100 100 100 97 98 98 98 99 99 101 101 105 105 105 106 106 106 107 107 106 106 106 106 106 106 106 106 102 102 103 103 104 105 105 106 107 107 107 107 107 107 107 107 106 106 106 106 106 106 106 106 106 106 106 106 106 106 106 106 0 0 0 0 0 0 0 0
0 0 0 0 0 0 0 0 98 96 98 97 99 97 100 98 101 99 101 100 104 105 109 109 109 109 109 109 111 111 111 111 109 109 110 109 109 109 108 109 111 114 114 115 116 110 95 79 59 45 36 46 67 81 87 90 94 96 97 97 99 102 108 112 104 104 104 103 101 101 100 100 100 101 101 101 100 99 98 97 93 94 97 100 99 90 76 66 58 51 49 60 76 87 94 97 100 101 103 103 103 104 106 108 108 108 108 108 108 109 109 109 111 111 111 111 111 111 111 109 109 107 107 106 107 106 106 105 104 103 104 103 103 100 100 98 102 101 103 103 103 97 91 85 72 71 68 59 52 50 56 61 71 76 87 97 106 108 110 109 107 106 107 105 104 101 100 99 101 101 102 103 104 105 105 106 105 105 105 105 106 106 106 106 105 105 106 106 106 106 107 107 106 106 107 107 107 107 106 106 111 108 108 112 119 121 118 112 116 113 109 102 94 85 78 74 68 73 88 110 133 154 175 189 189 185 188 185 175 174 172 158 117 90 80 92 116 154 188 201 204 206 210 215 222 227 231 232 234 235 235 236 238 239 239 240 241 241 241 242 242 243 243 245 246 245 245 245 244 244 243 241 239 238 238 234 230 226 224 221 224 219 207 186 152 114 81 61 69 77 89 95 96 92 91 93 94 90 78 62 45 41 48 57 70 82 95 99 101 104 104 101 106 107 108 110 112 112 112 112 110 110 110 110 110 110 110 110 113 114 114 114 113 112 111 110 108 108 108 107 103 95 85 76 56 58 68 80 93 102 107 108 104 105 106 108 109 109 109 109 105 106 110 111 108 93 72 55 47 43 45 60 79 91 93 90 88 87 90 89 91 87 87 84 84 82 84 83 85 84 86 86 86 86 87 87 87 85 85 84 79 78 77 75 75 74 73 73 74 74 74 74 74 74 74 74 78 78 78 78 78 78 78 78 79 79 78 75 71 68 67 67 68 68 68 68 68 69 69 69 65 66 64 62 60 60 59 59 59 59 58 58 57 56 56 57 57 59 59 59 59 59 59 59 59 60 60 60 59 57 55 54 53 52 52 52 49 49 49 48 50 50 51 53 54 55 56 57 54 54 56 57 59 61 62 62 66 66 67 67 68 69 69 70 78 79 80 81 81 81 83 81 86 85 86 86 87 86 87 88 95 96 97 98 99 100 101 102 101 101 101 101 101 101 101 101 97 97 99 99 100 100 101 101 103 102 102 101 101 100 101 99 99 98 99 98 99 98 99 98 99 98 99 98 99 98 99 98 0 0 0 0 0 0 0 0
0 0 0 0 0 0 0 0 89 88 90 88 91 89 91 90 93 90 91 89 91 91 96 95 96 96 96 96 98 98 98 98 97 97 97 97 97 97 96 96 98 98 97 97 98 94 80 66 47 38 34 49 71 84 90 91 93 96 98 97 98 101 109 115 106 104 104 103 101 101 100 100 100 101 102 102 102 101 100 99 96 95 96 98 99 95 85 77 71 59 50 55 67 77 86 94 102 104 106 105 104 103 104 105 106 107 107 108 108 109 110 110 111 111 111 111 111 111 111 109 109 108 109 107 108 106 107 106 105 104 106 104 104 101 100 97 103 102 104 104 106 103 100 96 90 89 85 73 62 52 53 54 59 62 71 79 90 97 104 106 106 106 107 106 106 103 102 101 100 101 101 102 103 104 107 107 105 105 106 106 106 106 108 108 105 105 105 106 106 107 107 107 105 106 106 107 107 106 106 105 111 109 110 113 118 119 118 115 118 114 111 109 107 102 92 83 76 69 69 82 105 129 154 173 186 187 194 193 181 175 166 151 119 92 80 91 114 153 189 203 205 208 212 217 224 228 231 232 234 236 237 238 240 241 242 242 242 243 243 243 244 244 244 244 246 246 245 245 245 244 243 241 239 238 239 234 229 225 223 222 223 217 206 185 151 114 81 60 68 77 88 95 95 93 92 94 92 87 75 58 43 41 51 61 72 82 94 99 101 104 104 100 106 107 109 111 112 112 112 111 110 110 110 110 110 110 110 110 112 113 114 114 114 113 112 111 109 109 109 109 106 100 91 82 62 62 67 77 88 98 103 104 102 103 105 107 109 110 110 110 104 105 106 108 106 98 85 76 62 54 46 46 51 58 60 60 63 62 66 64 66 62 62 59 60 59 61 59 61 60 62 62 62 62 62 62 62 60 60 59 56 55 55 52 52 51 51 51 51 51 51 51 51 51 51 51 55 55 55 55 55 55 55 55 55 55 55 52 48 46 45 46 46 46 46 46 46 46 46 46 53 51 49 48 46 46 46 47 44 44 43 43 43 43 43 44 50 51 51 51 51 51 51 51 50 51 51 51 50 47 45 43 44 44 42 41 41 41 39 39 34 34 33 34 35 36 37 36 40 40 41 43 44 46 47 47 51 52 52 53 54 55 55 56 58 58 59 60 60 59 59 59 60 60 60 59 60 62 62 63 69 71 73 75 77 79 80 81 80 80 80 80 80 80 80 80 78 78 79 77 78 76 77 76 77 76 76 74 74 72 72 71 70 69 70 69 70 69 70 69 71 70 71 70 71 70 71 70 0 0 0 0 0 0 0 0
0 0 0 0 0 0 0 0 70 68 70 69 71 69 72 70 72 68 68 64 66 65 68 69 71 71 71 71 71 69 71 69 72 70 72 71 71 71 70 70 74 73 71 70 72 70 58 45 36 30 31 49 72 87 90 91 93 96 98 99 98 100 109 115 106 106 104 104 103 101 101 100 99 100 101 103 103 102 101 100 98 96 95 97 101 100 95 89 79 63 51 51 59 67 78 89 104 106 108 107 106 103 102 102 105 106 106 107 108 109 110 111 111 111 111 111 111 111 111 109 111 109 109 108 108 107 107 107 105 105 106 105 104 102 99 98 103 103 103 105 107 107 105 103 106 104 97 85 70 57 50 47 49 51 55 63 73 85 94 100 104 105 106 107 106 105 104 103 99 100 100 101 102 103 106 106 105 105 106 106 106 106 108 108 105 105 105 106 106 107 107 107 105 106 106 107 107 106 106 107 111 112 114 115 115 115 119 120 112 111 113 117 121 117 102 87 83 69 59 65 84 107 135 156 182 187 199 200 187 176 163 146 119 92 81 91 113 152 190 205 207 210 214 219 226 230 232 232 233 236 237 238 240 241 242 243 242 242 242 243 243 243 244 244 246 246 246 245 245 244 243 241 239 238 239 235 229 225 223 222 223 217 205 184 151 114 81 60 67 76 88 94 95 93 93 96 91 86 74 57 44 41 52 63 73 85 95 99 103 104 104 100 106 107 109 111 112 112 111 111 110 110 110 110 110 110 110 112 111 112 113 115 115 114 113 112 111 110 109 110 109 103 95 88 68 65 68 75 86 95 100 101 101 102 104 107 109 110 111 113 104 104 106 107 108 104 99 94 73 63 50 37 33 33 36 38 41 42 44 45 45 43 41 39 40 40 40 41 41 41 41 41 41 41 41 38 38 38 38 37 39 38 37 37 36 36 36 36 36 36 36 36 36 36 36 36 35 35 35 35 35 35 35 35 33 35 36 35 34 33 34 36 34 34 34 34 34 33 33 33 34 33 32 30 30 31 32 32 32 32 32 32 32 33 33 34 45 47 47 47 47 47 47 47 45 46 47 47 45 43 39 37 36 36 35 35 34 34 32 31 32 32 32 32 32 32 33 31 28 28 29 31 32 33 34 35 33 34 34 35 36 37 38 38 43 43 43 43 42 42 40 39 35 34 34 36 35 36 36 38 44 46 48 51 53 56 57 58 58 58 58 58 58 58 58 58 56 56 54 53 51 49 48 47 47 47 46 44 43 41 40 39 38 38 38 38 38 38 38 38 40 40 40 40 40 40 40 40 0 0 0 0 0 0 0 0
0 0 0 0 0 0 0 0 53 50 52 50 51 49 51 49 52 49 50 47 48 45 46 46 47 47 47 47 47 45 47 45 46 46 48 48 47 46 47 48 44 47 46 47 49 49 42 34 19 26 37 54 72 85 90 92 93 96 99 99 100 101 106 110 107 106 104 104 103 101 101 101 104 104 104 103 103 102 102 102 100 97 94 96 99 102 103 101 83 73 57 46 47 58 73 84 100 107 113 112 106 101 102 105 106 107 109 109 109 109 111 112 110 110 110 111 111 112 112 110 110 111 111 111 111 110 109 108 108 109 109 108 107 104 102 100 102 103 105 107 109 110 111 111 112 108 103 98 91 82 71 63 56 54 54 57 63 70 75 78 80 91 104 110 109 107 107 109 105 104 102 101 101 100 100 100 105 106 108 109 109 108 108 107 108 108 108 108 108 108 108 108 107 107 107 108 108 109 109 109 110 109 111 113 115 116 117 115 114 111 110 113 117 118 115 110 97 81 65 61 68 82 107 127 152 175 195 197 190 180 163 148 121 96 73 92 104 154 184 203 209 212 216 220 225 229 233 235 234 236 237 238 240 241 242 242 243 243 243 243 243 243 243 243 246 246 246 245 245 244 243 241 241 238 237 232 227 224 222 221 222 218 207 187 152 115 81 60 62 74 88 95 98 98 95 91 89 79 66 52 42 43 55 71 81 87 97 102 104 103 105 106 110 110 111 112 112 113 114 114 113 113 113 114 114 115 115 115 118 115 112 112 115 117 116 114 111 109 107 109 110 109 105 100 77 72 69 72 77 83 94 104 105 109 111 109 110 113 113 110 109 105 103 102 106 109 110 108 92 73 54 42 39 40 44 50 57 62 68 69 66 63 62 62 61 61 61 61 61 61 61 61 63 61 61 60 60 59 59 58 59 58 58 58 58 58 58 58 57 57 56 55 55 55 56 56 57 57 57 57 57 57 57 57 56 56 56 56 56 56 56 56 59 59 59 59 59 59 59 59 60 59 59 58 58 57 57 56 58 58 58 59 59 59 60 61 70 72 72 72 72 72 72 72 76 76 75 75 74 73 73 73 72 72 72 72 71 71 71 71 67 67 67 65 65 64 64 64 62 62 62 63 63 64 64 64 68 67 65 63 62 61 62 63 66 66 64 63 61 61 59 57 54 52 51 51 50 47 47 49 51 55 58 60 59 56 53 50 54 54 54 53 53 52 52 52 53 52 51 50 49 47 46 46 45 45 44 43 42 42 41 41 44 45 47 48 49 48 47 47 47 47 47 47 47 47 47 47 0 0 0 0 0 0 0 0
0 0 0 0 0 0 0 0 47 45 46 44 45 43 45 43 45 42 44 41 42 40 41 41 42 42 43 42 42 40 42 40 38 39 40 40 39 39 39 40 37 39 40 38 41 42 36 27 26 30 40 57 75 88 93 94 94 96 99 99 100 103 107 109 107 107 106 104 103 103 101 101 104 104 104 103 103 102 102 102 101 97 95 95 98 101 102 102 90 80 65 51 47 54 67 78 97 104 111 111 106 102 102 105 106 108 110 110 109 108 110 111 110 110 110 111 111 112 112 112 111 111 111 111 111 110 109 108 108 109 109 108 107 105 103 101 102 103 105 106 108 109 109 110 112 111 110 108 105 97 86 79 63 59 54 51 53 57 61 63 68 79 91 99 100 100 102 105 106 103 102 101 101 100 99 98 105 106 108 109 109 108 108 107 108 108 108 108 108 108 108 108 107 107 107 108 108 109 109 109 110 110 112 112 113 114 117 117 113 109 108 111 117 120 119 117 108 93 77 67 65 69 85 99 127 152 177 186 187 182 168 153 124 97 73 90 102 153 184 204 209 212 216 220 224 228 233 234 234 236 237 238 240 241 242 242 243 243 243 243 243 243 243 243 246 246 246 245 245 244 243 241 241 238 237 232 227 224 222 221 222 218 207 187 152 115 81 60 62 74 88 95 99 99 95 90 86 77 63 51 42 44 56 72 82 88 98 102 105 103 105 107 110 110 111 111 112 113 114 114 113 113 113 114 114 115 115 116 118 115 113 113 115 117 116 115 113 111 109 110 111 111 109 106 87 78 72 70 72 78 89 100 106 110 112 109 109 112 113 111 111 107 103 103 106 109 111 111 98 81 63 54 51 53 58 65 71 77 84 86 84 81 81 81 85 85 85 85 85 85 85 85 84 84 83 82 82 81 81 81 81 81 81 81 81 81 81 81 82 81 81 80 80 81 82 82 81 81 81 81 81 81 81 81 80 81 81 82 83 84 84 85 84 84 84 84 84 84 84 84 84 84 84 84 84 83 83 83 85 85 86 86 86 87 87 88 97 99 99 99 99 99 99 99 97 97 98 98 99 99 100 100 100 100 100 100 99 99 99 99 96 96 95 95 94 94 94 94 91 90 90 91 91 92 92 92 94 93 91 90 89 89 90 91 89 89 87 87 87 85 84 82 77 75 75 74 73 74 74 75 70 71 75 73 73 68 66 62 61 59 61 58 60 57 59 57 59 59 59 59 59 59 59 59 58 58 58 58 57 57 57 57 58 59 60 61 62 61 61 60 61 61 61 61 61 61 61 61 0 0 0 0 0 0 0 0
0 0 0 0 0 0 0 0 58 56 58 56 57 55 56 54 55 53 55 53 55 53 55 55 56 56 57 56 56 54 56 54 51 51 51 52 52 51 51 50 49 51 50 49 51 50 44 36 34 37 47 63 79 91 96 97 94 95 99 99 99 102 106 108 107 107 106 104 103 103 101 101 104 104 103 103 103 103 102 102 102 99 96 95 97 100 102 103 98 91 77 60 50 50 60 70 92 99 107 109 107 103 104 106 106 108 110 110 109 108 109 110 110 110 110 111 111 112 112 112 111 112 112 112 112 111 110 109 110 110 110 109 108 107 105 104 104 104 105 106 107 108 109 109 110 112 115 118 117 112 104 98 86 79 69 61 57 56 56 56 59 66 75 82 87 91 96 100 103 103 104 104 103 101 100 99 107 108 108 109 110 109 109 108 108 108 108 108 108 108 108 108 107 107 107 108 108 109 109 109 109 111 113 112 110 111 116 120 113 109 108 109 115 121 123 123 117 108 94 80 67 60 64 71 97 121 148 166 177 180 172 161 129 100 73 88 99 150 183 204 209 213 216 219 224 228 232 234 236 237 238 239 241 242 243 243 244 244 244 244 244 244 244 244 246 246 245 245 245 245 243 241 241 238 237 232 227 224 222 221 222 218 207 187 152 115 81 60 63 74 88 95 100 100 95 90 81 71 57 48 43 47 61 76 83 90 99 102 105 103 105 108 110 110 110 111 112 113 113 114 113 113 113 114 114 115 115 116 118 118 116 116 118 119 118 118 118 116 114 113 115 116 116 113 100 88 76 68 65 69 82 95 107 112 113 109 108 111 112 112 113 111 107 103 105 108 111 113 104 89 74 65 63 64 70 77 90 96 104 108 107 105 105 106 110 110 110 110 110 110 110 110 107 107 107 107 106 106 106 106 105 105 105 105 105 105 105 105 106 106 105 106 106 107 108 109 108 108 108 108 108 108 108 108 109 109 109 109 109 109 109 108 107 107 107 107 107 107 107 107 108 108 109 109 109 109 110 110 109 109 109 110 110 111 111 112 116 117 117 117 117 117 117 117 119 119 119 119 119 119 120 120 122 122 122 122 120 120 120 120 119 119 117 117 117 117 118 118 116 116 116 116 117 117 117 117 116 116 115 114 114 115 116 116 113 113 113 112 113 112 112 110 104 104 104 103 102 103 103 103 100 100 101 97 96 91 90 87 89 87 89 86 88 85 87 85 80 81 81 82 84 85 85 86 85 85 85 85 86 86 86 86 85 86 87 88 88 88 87 87 89 89 89 89 89 89 89 89 0 0 0 0 0 0 0 0
0 0 0 0 0 0 0 0 84 84 84 83 83 82 82 82 79 80 80 80 81 81 82 82 85 85 85 85 83 83 83 82 80 78 78 80 81 79 78 76 77 78 76 73 73 71 63 53 41 44 53 68 83 94 98 98 94 95 98 99 100 101 104 107 107 107 106 106 104 103 103 101 103 103 103 103 103 103 103 103 104 101 98 96 97 99 102 104 103 99 88 71 56 51 57 65 84 92 101 106 107 105 105 106 106 108 110 110 109 107 108 108 110 110 110 111 111 112 112 112 111 112 112 112 112 111 110 109 110 110 110 109 109 108 107 107 105 105 105 105 106 106 107 107 106 109 112 116 117 115 111 108 107 100 90 80 72 66 61 58 59 60 62 65 70 78 86 92 96 98 101 103 104 104 104 103 107 108 108 109 110 109 109 108 108 108 108 108 108 108 108 108 107 107 107 108 108 109 109 109 109 112 115 112 108 108 116 122 118 114 111 110 113 118 121 122 118 115 108 95 80 68 65 65 77 95 119 140 159 172 173 169 131 102 72 85 95 147 182 204 210 213 216 218 223 227 232 234 236 237 238 239 241 242 243 243 244 244 244 244 244 244 244 244 245 245 245 245 245 245 244 242 241 238 237 232 227 224 222 221 222 218 207 187 152 115 81 60 63 74 87 96 101 102 96 89 75 64 52 45 44 50 65 79 86 93 100 105 105 105 107 108 109 109 110 111 112 112 113 113 113 113 113 114 114 115 115 116 117 119 118 118 119 119 119 119 120 118 115 114 114 117 119 118 110 96 80 67 60 63 77 91 106 111 113 110 107 109 111 111 115 113 109 106 105 108 111 114 108 98 84 75 70 68 74 81 92 100 109 115 115 114 115 116 120 120 120 120 120 120 120 120 119 119 118 118 118 118 118 118 114 114 114 114 114 114 115 115 115 115 115 116 117 118 120 121 123 123 123 123 123 123 123 123 125 124 122 120 118 115 114 113 115 115 115 115 115 115 115 115 117 118 118 119 119 120 120 121 120 121 121 121 122 122 122 122 123 123 123 123 123 123 123 123 129 128 127 126 124 123 122 121 123 123 123 123 121 121 121 121 121 122 122 121 121 122 122 122 124 124 124 125 125 125 125 125 123 123 123 123 124 124 125 126 126 126 127 127 128 126 127 127 121 121 120 121 121 121 123 123 122 121 118 116 113 111 110 109 105 105 105 104 104 103 103 103 104 105 106 107 108 109 110 110 107 108 108 109 110 111 111 112 110 111 111 111 111 111 111 111 112 112 112 112 112 112 112 112 0 0 0 0 0 0 0 0
0 0 0 0 0 0 0 0 103 103 103 103 102 102 101 101 99 99 100 100 101 102 102 102 104 104 103 103 103 103 101 101 101 100 100 101 103 100 99 94 96 96 94 89 86 81 70 59 44 47 56 72 86 98 101 100 95 97 99 98 99 100 103 106 108 107 106 106 104 103 103 103 104 104 104 104 104 104 104 104 106 105 102 100 99 101 103 106 104 103 97 82 67 57 58 63 74 83 94 102 106 105 105 105 104 107 110 110 109 108 107 108 110 110 110 111 111 112 112 112 113 114 114 114 114 113 112 111 112 112 112 111 111 111 111 111 110 109 108 107 107 107 108 108 108 109 110 111 112 113 114 114 115 111 105 98 91 82 73 68 70 64 57 54 58 66 75 79 86 89 94 99 104 106 107 107 107 108 109 110 110 109 109 108 109 109 109 109 109 109 109 109 108 108 108 109 109 110 110 110 109 112 114 111 107 107 115 121 123 119 115 112 112 114 115 116 114 114 112 104 94 83 76 72 65 74 91 111 135 157 170 175 133 102 71 81 91 144 180 203 211 213 215 217 221 226 231 234 236 237 238 239 241 242 243 243 244 244 244 244 244 244 244 244 245 245 245 245 245 245 244 242 241 238 237 232 227 224 222 221 222 218 207 187 152 115 81 60 64 74 87 96 103 103 96 88 71 58 46 42 46 55 69 82 90 95 101 105 104 105 107 108 110 110 111 111 112 113 114 114 114 114 114 115 115 116 116 116 117 119 120 120 119 119 119 119 120 118 116 114 113 116 119 120 115 103 86 71 61 61 74 89 103 110 114 111 108 109 110 110 115 115 111 108 105 107 111 114 109 102 94 83 73 67 70 79 84 92 103 110 111 111 112 113 119 119 119 119 119 119 119 119 117 117 117 118 119 119 119 119 116 116 116 116 116 116 117 117 116 116 116 116 117 119 120 121 123 123 123 123 123 123 123 123 124 123 121 119 117 114 113 112 114 114 114 114 114 114 114 114 116 116 116 117 118 118 119 119 122 123 123 123 124 124 124 125 124 126 126 126 126 126 126 126 127 126 126 124 123 122 121 121 121 121 121 121 121 121 119 119 121 120 120 120 120 120 118 119 124 124 124 124 123 123 123 123 122 122 123 124 125 125 126 126 126 127 128 128 128 129 129 128 126 126 127 127 128 127 128 128 124 123 121 119 118 117 117 118 118 118 118 118 117 117 117 116 115 116 116 116 116 116 116 116 115 115 116 117 118 120 120 121 121 121 120 120 120 120 120 120 120 120 120 120 120 120 120 120 0 0 0 0 0 0 0 0
0 0 0 0 0 0 0 0 112 112 111 111 111 110 110 110 108 108 109 109 110 110 111 111 112 112 111 111 111 111 110 110 110 109 108 110 111 111 107 102 102 103 102 97 93 84 70 55 44 47 58 74 91 99 101 99 95 96 98 98 98 100 103 105 108 108 107 106 104 104 103 103 103 103 104 104 104 104 105 105 107 107 107 105 102 102 104 106 104 105 103 93 80 68 63 62 65 74 87 98 104 105 104 104 101 105 109 110 110 108 108 108 110 110 110 111 111 112 112 112 113 114 114 114 114 113 112 111 112 112 111 111 111 112 113 114 113 111 109 107 106 106 107 108 109 110 110 109 108 109 112 115 115 114 113 110 106 99 90 84 83 73 61 55 56 61 65 65 75 77 82 89 96 100 103 104 107 108 109 110 110 109 109 108 109 109 109 109 109 109 109 109 108 108 108 109 109 110 110 110 110 111 113 111 109 108 114 117 123 121 119 115 113 111 110 109 111 113 113 108 104 97 89 80 67 65 70 85 111 139 160 171 132 100 68 78 88 141 178 202 212 214 215 216 220 225 230 233 236 237 238 239 241 242 243 243 244 244 244 244 244 244 244 244 244 244 245 245 245 245 245 243 241 238 237 232 227 224 222 221 222 218 207 187 152 115 81 60 65 74 87 97 105 105 96 87 70 57 42 41 47 59 73 84 92 97 105 106 106 105 107 109 109 110 110 111 112 113 113 113 114 114 114 115 115 116 116 116 118 120 122 122 120 119 120 120 120 120 118 115 114 115 118 120 118 106 91 76 64 60 71 84 97 107 114 112 108 108 109 108 117 116 114 109 106 107 110 113 112 107 101 91 78 68 68 74 79 88 102 108 112 110 113 112 117 115 117 115 117 115 117 115 113 113 113 114 114 114 117 117 117 117 117 117 118 118 118 118 118 118 118 118 119 120 121 122 121 121 121 121 121 121 121 121 119 119 119 119 119 119 118 118 117 117 117 117 117 117 117 117 117 117 117 118 118 118 118 118 119 119 119 119 120 120 120 121 123 123 124 123 124 123 124 123 121 120 121 121 123 123 124 124 126 125 126 125 126 125 125 124 127 126 126 123 125 122 122 122 126 127 127 127 126 126 126 126 125 126 127 128 129 129 129 128 125 124 126 126 126 126 126 126 128 128 128 128 127 127 128 127 122 122 121 120 120 120 121 121 125 125 125 124 124 124 123 123 119 118 118 117 117 116 116 115 118 118 119 120 121 122 123 123 125 124 123 123 122 122 123 123 121 121 121 121 121 121 121 121 0 0 0 0 0 0 0 0
0 0 0 0 0 0 0 0 116 116 115 115 115 114 114 114 113 113 113 113 114 114 114 114 116 116 115 115 115 115 113 113 113 111 110 113 115 115 109 103 102 105 105 101 95 87 69 54 41 47 60 77 94 101 101 98 95 96 98 97 98 99 102 104 108 108 107 106 104 104 103 103 103 103 103 104 104 105 105 105 107 109 111 109 106 104 104 106 105 107 107 102 91 78 66 60 57 67 81 94 103 105 104 102 99 103 108 110 110 109 109 109 110 110 110 111 111 112 112 112 113 114 114 114 114 113 112 111 113 112 111 111 112 113 114 115 115 113 111 108 107 106 107 108 107 109 111 110 108 108 111 113 115 115 115 116 115 112 106 102 98 88 76 69 68 67 64 59 63 64 70 76 83 89 95 98 107 108 109 110 110 109 109 108 109 109 109 109 109 109 109 109 108 108 108 109 109 110 110 110 110 110 111 111 111 111 113 113 116 117 119 118 115 112 110 108 113 113 113 111 113 111 101 89 79 68 59 67 91 117 139 153 129 98 66 76 86 139 176 200 212 214 215 216 220 224 230 233 237 239 240 241 243 244 245 245 246 246 246 246 246 246 246 246 244 244 244 245 245 246 245 243 241 238 237 232 227 224 222 221 222 218 207 187 152 115 81 60 65 74 87 97 106 106 97 86 70 55 40 40 49 62 75 86 94 98 105 106 106 105 107 109 109 109 110 111 112 112 113 113 114 114 114 115 115 116 116 116 118 121 123 123 121 119 120 121 121 122 121 118 115 115 118 119 119 110 98 83 68 60 66 77 91 103 112 112 108 107 107 107 116 117 115 112 108 107 109 111 113 112 110 100 85 71 69 76 81 90 103 111 114 113 115 115 116 115 116 115 116 115 116 115 114 115 115 115 116 116 118 118 117 117 117 117 119 119 119 119 120 120 119 119 119 120 120 121 120 120 120 120 120 120 120 120 118 119 119 120 121 122 122 123 122 122 122 122 122 122 122 122 121 121 120 120 120 120 119 119 117 117 118 118 119 119 119 119 122 122 124 122 124 122 124 122 123 122 125 124 128 127 130 129 132 130 132 130 132 130 130 129 132 131 130 128 128 126 125 125 130 130 130 129 129 128 128 128 127 128 129 130 131 130 129 128 127 125 126 126 126 126 125 125 131 131 130 130 129 128 129 127 127 126 126 126 125 125 124 124 118 118 117 117 117 116 116 116 121 121 121 120 120 120 119 119 122 122 123 123 124 125 125 125 128 127 125 124 124 124 125 125 124 124 124 124 124 124 124 124 0 0 0 0 0 0 0 0
0 0 0 0 0 0 0 0 117 114 116 114 115 113 115 113 115 113 115 113 115 113 115 114 116 116 116 114 116 114 114 114 113 110 108 112 116 115 109 102 100 102 104 102 98 89 70 53 41 48 60 79 94 101 100 96 96 97 98 99 97 99 101 103 107 107 107 106 104 104 103 103 103 103 103 104 104 105 105 105 108 111 113 112 108 105 105 106 107 109 111 108 98 83 70 60 53 63 78 92 102 104 103 102 97 102 107 110 110 110 110 110 110 110 110 111 111 112 112 112 113 114 114 114 114 113 112 111 113 112 111 111 112 113 115 117 117 115 112 109 107 107 107 108 104 107 111 111 109 107 109 110 112 111 112 113 115 114 111 109 109 101 91 85 82 77 68 61 57 57 63 68 75 81 86 89 107 108 109 110 110 109 109 108 109 109 109 109 109 109 109 109 108 108 108 109 109 110 110 110 111 110 110 111 113 112 113 111 108 112 116 118 117 113 111 109 114 114 113 113 119 122 113 99 91 75 59 60 77 99 120 132 125 95 61 73 84 138 174 199 213 214 215 215 221 225 230 234 237 239 240 241 244 245 246 246 247 247 246 246 246 246 246 244 244 244 244 245 245 246 245 243 241 238 237 232 227 224 222 221 222 218 207 187 152 115 81 60 66 74 87 99 106 107 98 87 67 52 39 40 51 64 78 87 96 100 106 107 106 106 107 109 109 109 110 111 111 112 113 113 114 114 114 115 115 116 116 117 115 119 124 124 121 119 120 122 122 123 123 120 117 116 118 121 119 113 102 88 71 60 63 72 86 100 112 112 109 107 107 105 115 117 116 114 109 107 107 110 112 114 115 107 91 76 72 78 77 87 101 108 113 111 113 112 118 116 118 116 118 116 118 116 118 118 118 119 119 122 122 123 120 120 120 120 121 121 121 121 122 122 121 120 120 120 121 121 122 122 122 122 122 122 122 122 125 125 125 125 125 125 125 125 129 129 129 129 129 129 129 129 126 126 126 125 125 123 124 123 127 126 128 127 129 128 129 129 129 129 129 129 129 129 129 129 130 130 131 131 132 132 132 133 132 132 132 132 132 132 131 131 134 134 132 129 129 126 125 124 133 132 133 131 132 130 131 130 130 130 132 132 133 131 130 128 132 131 131 130 130 129 130 129 134 134 133 132 132 131 130 128 128 129 129 129 128 127 125 124 129 128 128 128 127 127 127 126 123 121 121 121 122 122 121 121 121 122 122 122 122 124 124 124 126 125 123 122 121 122 123 123 123 123 123 123 123 123 123 123 0 0 0 0 0 0 0 0
0 0 0 0 0 0 0 0 116 115 116 115 116 115 116 115 115 114 115 115 116 116 117 117 115 115 115 114 115 114 114 114 115 114 113 115 117 114 110 104 102 103 106 106 103 90 74 62 50 51 69 88 94 101 105 98 97 96 96 97 97 99 100 101 106 104 104 105 104 105 105 105 104 104 104 105 105 106 106 106 107 108 108 108 107 105 103 103 108 109 111 112 108 96 80 69 58 57 64 81 96 102 104 105 94 99 105 109 110 110 110 111 111 111 110 110 110 111 112 112 113 113 113 113 113 113 113 113 111 112 112 113 113 114 114 115 115 114 113 112 110 109 108 107 113 113 113 112 111 110 109 108 106 107 108 109 111 112 114 114 108 109 108 105 98 89 79 73 68 64 59 58 61 66 71 74 92 96 101 103 103 104 106 108 112 109 106 105 106 108 110 110 107 107 107 107 107 108 109 111 111 113 113 113 112 110 108 107 104 106 108 111 114 111 112 111 115 115 114 113 113 113 114 114 94 85 74 66 69 80 96 108 105 85 65 66 92 129 169 197 206 214 217 216 219 226 233 236 235 238 239 240 242 244 246 247 246 246 245 245 245 244 244 244 244 244 244 244 244 244 243 241 241 239 237 230 223 219 219 219 222 218 209 187 151 114 84 65 67 77 90 103 110 108 95 81 60 49 40 42 53 69 84 96 102 102 105 107 107 109 110 110 110 110 110 111 111 112 112 112 114 114 115 116 116 117 118 118 119 119 120 121 121 120 120 119 120 120 119 118 119 118 117 116 114 111 105 95 82 71 67 66 80 91 104 112 112 108 106 106 113 114 113 112 111 111 109 109 110 114 116 108 95 82 75 77 77 86 100 108 113 113 115 115 119 120 122 122 124 122 122 120 118 118 120 120 120 121 121 121 122 121 123 123 122 122 123 123 124 123 122 122 122 124 126 127 127 127 127 127 127 127 127 127 128 128 128 128 128 128 128 128 128 129 129 129 130 130 130 130 130 130 130 127 130 129 132 131 132 130 132 131 133 132 134 135 134 134 134 135 135 136 136 136 133 134 135 136 135 134 133 132 132 132 133 133 134 134 135 135 138 138 137 134 134 131 130 129 133 132 134 132 135 133 135 133 133 131 133 131 133 131 133 131 131 131 131 131 131 131 133 133 140 139 138 136 134 132 130 129 129 128 127 127 128 129 131 132 129 128 128 128 128 127 127 129 128 129 129 127 127 127 125 125 124 124 125 125 125 127 127 127 126 126 125 124 124 123 122 122 125 125 125 125 125 125 125 125 0 0 0 0 0 0 0 0
0 0 0 0 0 0 0 0 116 116 116 116 116 116 116 116 115 115 115 115 116 116 117 117 115 115 115 115 115 115 115 115 116 115 115 116 119 119 117 113 100 99 100 102 98 88 72 61 55 57 77 93 95 100 104 97 98 98 97 97 98 99 99 100 104 104 103 104 104 105 105 105 104 104 104 105 105 106 106 106 106 107 107 108 107 105 104 104 107 109 110 113 112 102 87 75 61 57 61 74 88 95 99 102 96 99 104 107 108 108 109 110 111 110 110 110 110 111 112 113 113 113 113 113 113 113 113 113 112 112 113 113 113 113 114 114 114 114 113 112 111 109 109 108 112 112 112 112 111 110 108 108 106 106 107 108 109 110 111 111 110 112 114 114 111 105 99 95 87 81 74 68 64 63 63 62 71 76 81 86 90 95 102 107 109 108 107 107 107 108 107 107 106 106 107 107 108 109 110 111 110 111 112 112 111 110 108 107 105 106 108 110 111 110 109 108 113 113 112 112 112 113 113 114 110 104 95 85 76 70 67 66 85 72 62 69 93 128 169 198 213 218 218 216 218 224 230 232 235 237 238 239 241 245 246 247 248 246 245 245 245 243 243 243 244 244 244 244 244 244 243 241 239 237 236 229 221 217 217 217 220 216 207 185 149 112 83 64 65 75 91 102 110 107 93 79 60 48 41 45 58 72 88 99 104 104 106 107 109 109 112 112 110 110 110 111 111 112 112 112 114 114 115 116 116 117 118 118 118 119 119 120 121 120 120 119 120 120 119 118 118 118 117 116 111 111 110 102 90 77 67 62 69 81 96 108 112 112 110 111 112 113 112 110 110 109 108 108 108 111 113 108 98 87 78 75 71 78 89 101 110 115 117 118 118 119 120 121 121 120 120 119 115 115 115 117 117 118 118 118 122 122 124 123 123 124 123 123 122 119 119 118 119 120 121 122 123 123 123 123 123 123 123 125 124 124 124 125 125 126 126 126 125 125 126 126 126 127 127 127 128 127 125 124 124 124 125 125 126 126 126 127 127 128 128 128 130 131 131 131 132 132 132 132 130 130 131 132 132 132 131 132 133 134 135 134 136 135 137 136 140 138 138 136 136 134 134 132 133 134 134 134 135 135 135 135 134 134 134 134 134 134 134 134 132 132 132 132 132 132 132 132 140 139 138 136 134 133 131 131 129 128 127 126 127 128 129 130 127 127 127 127 127 127 127 127 130 130 130 130 128 127 126 125 124 124 124 125 125 127 127 127 127 127 127 127 127 127 128 128 126 126 126 126 126 126 126 126 0 0 0 0 0 0 0 0
0 0 0 0 0 0 0 0 113 113 113 113 113 113 113 113 112 112 112 112 113 113 114 114 114 114 114 114 114 114 114 114 115 114 113 114 116 118 118 115 104 103 102 103 99 89 75 64 55 60 84 97 95 98 101 97 100 99 99 100 99 101 102 103 104 104 103 104 104 105 105 105 104 104 104 105 105 106 106 106 105 106 106 107 106 106 105 105 108 107 108 112 114 108 95 83 67 61 60 68 79 87 94 101 99 101 105 106 106 107 108 110 110 110 110 110 110 111 112 113 113 113 113 113 113 113 113 113 114 114 113 113 113 113 112 112 113 112 112 112 111 111 110 110 111 111 111 111 110 109 108 107 106 106 106 107 107 108 108 108 108 110 113 115 114 112 109 107 104 98 89 81 73 67 62 58 58 61 65 70 75 83 92 98 100 102 105 108 108 107 105 104 105 105 106 107 108 108 109 110 110 111 111 112 112 111 110 109 107 108 109 110 110 110 108 107 111 111 110 111 111 112 114 114 114 112 106 97 84 70 58 51 64 61 61 73 95 129 169 200 216 218 216 213 216 225 230 231 234 234 236 238 240 241 245 246 246 246 245 244 245 243 242 243 244 244 244 244 244 244 243 241 238 236 234 227 220 216 216 216 218 214 204 183 147 110 80 62 63 74 91 101 108 104 90 75 58 47 42 48 62 76 92 103 104 105 106 107 109 110 112 112 111 111 111 111 112 112 112 112 114 114 115 116 116 117 118 118 118 118 119 119 120 120 119 119 120 119 120 119 118 117 117 116 106 110 114 112 100 84 68 59 61 72 89 103 111 113 112 112 112 112 111 109 109 108 106 106 107 109 111 111 107 97 84 76 64 69 77 91 106 117 122 123 121 121 121 121 121 121 120 120 117 117 117 118 118 120 120 120 124 124 125 124 124 126 125 123 122 121 121 121 121 122 123 123 124 124 124 124 124 124 124 124 123 125 125 126 127 127 128 128 126 126 126 127 127 128 128 128 129 128 127 126 125 125 125 126 127 127 128 128 128 129 129 129 131 131 131 132 132 132 133 133 132 132 131 132 132 133 134 135 139 139 140 140 141 140 141 141 144 143 143 141 141 139 139 138 139 137 137 137 138 138 138 139 137 137 137 137 137 137 137 137 135 135 135 135 135 135 135 135 141 141 140 139 137 136 135 134 132 131 130 129 129 129 130 130 129 129 129 129 129 129 129 131 132 132 130 129 127 126 124 124 124 124 124 124 125 126 126 126 126 126 127 128 129 130 130 130 128 128 128 128 128 128 128 128 0 0 0 0 0 0 0 0
0 0 0 0 0 0 0 0 112 110 112 110 112 110 112 110 110 109 111 109 112 110 112 111 113 111 113 111 113 111 113 111 116 112 112 110 113 113 116 115 109 107 108 107 103 90 75 62 51 60 86 100 95 96 100 98 101 101 100 101 101 102 103 104 104 104 103 104 104 105 105 105 104 104 104 105 105 106 106 106 104 105 105 105 106 106 106 106 109 107 105 109 114 111 99 88 75 67 61 65 73 82 93 102 103 104 106 107 106 107 109 111 109 109 109 109 110 111 112 113 113 113 113 113 113 113 113 113 115 114 114 113 113 112 112 111 112 112 112 112 112 112 112 112 110 110 111 111 110 109 108 107 108 108 108 108 108 108 108 107 107 108 109 110 110 109 108 108 111 107 102 96 89 83 77 73 65 64 62 62 64 70 77 82 85 91 98 104 106 106 106 105 106 106 107 107 107 107 107 108 111 111 112 112 112 112 112 112 110 110 111 112 111 110 109 109 110 110 110 111 112 113 115 116 115 113 107 99 89 79 70 66 59 56 60 75 98 131 169 199 211 213 212 209 217 226 233 233 232 233 235 236 238 240 243 244 245 245 245 244 244 243 242 242 243 243 243 243 243 243 242 240 238 236 235 228 220 216 216 216 217 213 204 182 147 109 80 62 62 75 93 103 108 103 87 73 55 45 43 50 65 79 94 104 105 105 107 107 109 110 113 113 111 112 112 112 112 112 112 112 114 114 115 116 116 117 118 118 117 118 119 119 120 120 119 118 119 119 119 119 118 117 116 115 104 109 115 115 106 89 72 60 62 71 85 99 109 111 109 107 112 112 112 109 109 108 108 106 108 108 111 115 117 107 92 79 68 67 70 83 102 117 123 124 124 123 122 121 120 120 120 121 120 120 120 120 122 122 122 122 124 124 125 125 125 125 125 124 123 123 123 123 123 123 123 124 124 124 124 124 124 124 124 124 127 127 127 127 126 126 126 126 125 125 125 126 126 126 127 127 128 128 128 128 128 128 129 129 129 129 129 129 129 129 129 130 132 132 132 133 133 133 134 134 134 133 133 132 134 136 138 139 141 142 142 142 142 142 143 143 144 144 143 143 142 142 141 141 141 141 141 141 142 142 142 143 141 141 141 141 141 141 141 141 140 140 140 140 140 140 140 140 141 141 140 140 139 138 138 137 138 137 137 136 135 135 135 135 134 134 135 135 135 135 135 135 133 132 130 129 128 125 125 123 124 124 124 124 125 127 128 128 127 127 127 127 128 128 129 129 130 130 130 130 130 130 130 130 0 0 0 0 0 0 0 0
0 0 0 0 0 0 0 0 112 111 112 111 112 111 112 111 111 110 112 111 112 112 113 112 115 114 115 114 115 114 115 114 117 115 114 110 110 110 114 115 108 108 110 109 103 88 71 56 48 59 86 99 94 95 100 99 101 101 101 101 102 103 103 104 104 104 104 105 104 105 105 105 105 105 105 106 106 107 107 107 106 105 105 105 106 106 106 107 110 107 104 107 110 108 100 91 82 72 63 62 67 76 89 100 104 106 108 108 107 108 110 111 108 108 108 108 109 111 112 113 114 114 114 114 114 114 114 114 116 115 115 114 114 113 113 112 112 113 113 113 113 114 114 114 111 111 112 112 112 111 110 110 112 112 111 111 111 111 110 110 111 111 111 111 110 110 110 110 115 114 111 110 108 105 99 95 78 74 66 62 60 61 62 64 72 78 88 95 100 103 106 109 110 111 111 112 111 110 109 109 110 110 110 110 110 110 111 111 112 112 113 113 112 112 111 111 112 112 112 112 113 115 116 117 123 120 113 105 96 86 79 76 64 58 56 69 97 133 171 199 206 210 211 210 217 225 232 232 233 232 233 235 237 238 241 241 245 245 244 244 244 242 242 242 243 243 243 243 243 243 242 240 239 237 236 228 221 217 217 217 218 214 205 183 148 110 81 63 62 76 95 105 108 101 85 70 51 44 43 52 68 81 95 105 105 105 107 108 110 110 113 113 113 112 112 112 112 112 112 112 114 114 115 116 116 117 118 118 118 118 119 120 120 119 120 120 119 119 119 118 117 117 118 116 107 109 114 114 108 94 78 68 67 71 81 94 105 110 109 107 114 114 114 111 109 108 108 108 110 109 111 119 123 118 103 88 76 71 68 77 94 110 118 119 119 117 115 112 111 112 113 114 112 112 113 113 113 113 114 114 116 116 117 117 116 116 116 116 115 115 115 115 115 115 114 114 114 114 114 114 114 114 114 114 117 117 116 115 114 113 112 112 112 112 112 113 113 113 114 114 116 116 117 119 120 121 121 121 119 119 118 118 118 118 118 118 121 121 121 122 122 123 123 123 123 123 122 122 123 125 127 129 130 130 130 129 129 129 129 129 130 130 129 129 129 129 129 129 131 131 132 132 132 133 133 133 132 132 132 132 132 132 132 132 132 132 132 132 132 132 132 132 128 128 128 128 127 127 127 127 130 130 130 129 129 128 127 127 127 127 127 126 126 126 125 125 122 123 123 123 124 123 124 124 124 124 124 124 125 125 127 127 125 125 125 124 124 123 123 123 126 126 126 126 126 126 126 126 0 0 0 0 0 0 0 0
0 0 0 0 0 0 0 0 115 113 115 113 115 113 115 113 114 112 114 112 115 113 115 114 117 115 117 115 117 115 117 115 118 116 116 112 111 109 114 114 110 109 110 109 104 88 70 56 48 59 85 98 93 95 101 99 101 101 101 101 102 103 103 104 106 104 104 105 104 105 105 105 105 105 105 106 106 107 107 107 107 106 105 105 104 105 105 106 110 107 105 105 106 105 100 96 88 77 66 62 63 69 81 93 103 105 108 109 108 108 109 111 107 107 107 108 109 111 112 113 114 114 114 114 114 114 114 114 115 115 114 114 114 114 113 113 113 113 113 114 114 114 114 114 112 112 113 113 113 112 112 111 113 113 113 113 113 113 113 112 110 109 108 108 109 110 113 116 120 119 117 118 119 117 112 109 87 82 73 67 64 61 58 56 64 70 77 82 87 92 100 106 110 111 113 114 115 114 113 113 108 108 107 106 106 106 107 108 112 112 112 112 112 112 113 113 113 113 113 113 114 115 116 117 119 119 118 115 108 99 90 85 76 64 56 66 91 125 162 189 200 210 215 215 217 221 226 227 231 233 233 234 236 238 239 241 244 244 244 243 242 242 241 241 242 242 242 242 242 242 241 239 239 237 236 229 221 217 217 217 219 215 206 184 148 111 82 63 61 76 97 106 108 99 82 68 50 43 44 54 71 83 96 104 106 106 107 108 110 111 113 114 113 113 113 113 112 112 112 112 114 114 115 116 116 117 118 118 118 118 119 119 119 119 120 120 118 118 119 118 117 116 118 115 109 109 111 112 107 98 85 77 68 68 73 85 100 109 111 110 114 114 113 113 110 109 109 108 111 109 111 119 126 123 111 98 82 71 63 66 78 93 102 105 104 102 98 95 93 94 96 97 94 93 94 94 94 94 96 96 102 102 103 102 102 102 101 100 98 99 99 99 99 98 97 97 97 97 97 97 97 97 97 97 97 97 96 95 94 93 92 92 93 93 94 94 94 95 95 95 97 98 99 101 102 103 103 103 99 99 98 98 98 97 97 97 99 99 100 100 100 101 101 101 101 101 101 101 102 103 104 105 108 108 108 107 107 107 106 106 106 106 106 106 107 107 107 107 110 110 111 111 112 112 112 112 112 112 112 112 112 112 112 112 112 112 112 112 112 112 112 112 107 107 107 108 108 109 109 110 112 112 113 113 113 112 111 110 111 110 109 108 107 106 105 105 103 104 106 108 110 113 114 115 114 114 114 114 116 116 117 117 116 114 115 113 113 111 112 110 114 113 114 113 114 113 114 113 0 0 0 0 0 0 0 0
0 0 0 0 0 0 0 0 111 110 111 110 111 110 111 110 110 109 110 109 111 110 111 111 112 111 112 111 112 111 112 111 111 111 113 110 108 107 111 113 108 106 105 101 97 86 72 61 55 63 85 97 93 95 102 99 101 101 101 101 101 102 104 103 106 106 104 105 105 106 106 106 105 105 105 106 106 107 107 107 108 107 106 104 103 104 104 105 107 107 107 105 104 103 103 104 98 87 74 66 62 64 74 84 99 102 106 108 108 107 108 108 107 107 107 108 109 111 112 113 114 116 116 116 116 116 116 116 115 115 116 116 116 116 117 117 116 116 116 116 116 116 115 115 114 115 116 116 116 116 115 115 115 115 115 115 116 116 116 116 114 112 110 108 109 111 114 116 121 120 120 121 122 122 120 118 100 95 89 84 80 75 69 65 66 68 70 70 72 79 90 99 102 104 107 111 114 115 115 114 111 110 108 107 106 106 107 107 109 109 109 110 110 111 112 113 112 111 111 110 111 111 112 112 111 113 114 114 111 107 102 101 92 80 67 65 77 104 139 168 191 205 217 218 218 220 223 226 232 232 232 234 235 238 239 240 243 243 244 243 241 242 241 241 242 242 242 242 242 242 241 239 238 236 234 227 220 216 216 216 219 215 205 184 148 111 81 63 59 75 97 106 106 96 79 64 51 45 47 58 74 86 97 105 106 106 108 108 110 111 114 114 114 114 114 113 113 112 112 112 114 114 115 116 116 117 118 118 117 118 118 119 121 120 120 119 119 119 120 120 119 118 117 115 111 110 111 112 110 103 92 85 70 67 66 76 92 105 110 111 113 113 112 112 109 108 107 107 111 108 109 117 123 124 114 104 85 74 62 59 66 79 89 95 97 94 89 85 83 84 86 86 83 83 85 85 85 85 85 85 89 89 89 88 88 87 87 87 85 83 84 85 84 83 81 80 80 80 80 80 80 80 80 82 83 83 83 83 84 84 84 84 85 85 86 86 86 87 87 87 88 89 90 91 91 90 89 88 86 85 85 85 84 84 83 85 85 85 86 86 86 87 87 87 87 87 88 88 88 88 88 87 91 90 90 90 89 89 88 88 87 87 88 88 89 89 90 90 92 93 93 93 94 94 95 95 95 95 95 95 95 95 95 95 94 94 94 94 94 94 94 94 93 93 94 95 96 97 98 98 101 101 103 104 104 104 103 102 102 101 99 98 95 94 92 90 87 88 89 90 90 91 90 91 90 90 91 91 93 93 94 94 94 92 94 92 93 91 93 91 94 92 94 92 94 92 94 92 0 0 0 0 0 0 0 0
0 0 0 0 0 0 0 0 104 104 104 104 104 104 104 104 103 103 103 104 104 104 105 105 105 105 105 105 105 105 105 105 102 104 106 105 103 103 106 109 101 96 92 89 85 78 68 58 61 66 84 97 94 96 101 98 101 100 100 101 101 102 103 104 106 106 106 105 105 106 106 106 105 105 105 106 106 107 107 107 109 108 106 104 103 103 103 106 105 107 108 106 103 103 106 110 107 96 82 72 65 63 71 80 95 99 104 107 107 106 106 106 106 106 107 107 109 111 112 114 116 116 117 116 117 116 117 116 115 115 116 116 117 117 118 118 118 117 118 116 117 115 116 115 116 116 117 117 118 117 117 116 115 114 116 115 116 116 117 116 123 119 117 112 113 113 117 119 119 118 118 120 123 123 122 120 114 110 105 101 96 90 82 75 71 70 68 63 62 68 81 91 91 94 99 105 109 112 113 113 115 114 112 110 109 109 110 110 107 107 107 108 109 110 111 112 111 111 110 109 109 109 110 110 117 115 112 109 108 107 108 109 103 93 77 67 67 82 116 146 180 199 216 220 219 220 225 227 229 232 231 232 234 236 237 240 243 242 242 241 241 241 241 241 242 242 242 242 242 242 241 239 236 235 233 226 219 215 215 215 218 214 204 183 147 110 81 62 57 74 96 105 105 94 76 62 52 47 49 61 77 88 99 106 106 106 108 109 110 111 114 114 114 114 114 113 113 112 112 112 114 114 115 116 116 117 118 118 117 118 118 119 121 120 120 119 119 119 120 119 119 118 117 115 111 110 112 113 113 107 97 89 74 68 63 70 86 101 107 109 111 112 111 110 110 107 107 106 110 109 109 115 121 121 116 108 86 74 61 54 58 70 81 88 95 91 86 81 79 80 83 85 84 84 84 84 84 84 84 84 82 82 81 81 80 80 80 80 79 79 80 81 80 79 77 76 76 76 76 76 76 76 76 77 81 81 82 83 85 86 87 88 88 89 89 89 90 90 90 91 91 91 92 91 90 88 86 84 84 84 84 83 83 82 82 83 83 83 83 83 84 84 85 85 83 84 86 86 86 85 83 82 84 84 84 83 83 82 82 82 80 80 81 82 82 83 84 84 84 84 84 85 85 86 86 86 86 86 86 86 86 86 86 86 84 84 84 84 84 84 84 84 88 89 90 91 92 93 94 95 99 100 102 103 104 104 103 102 101 100 99 96 94 91 89 87 83 81 78 76 72 70 68 67 68 68 70 70 71 71 72 71 74 73 74 75 75 76 76 77 78 78 78 78 78 78 78 78 0 0 0 0 0 0 0 0
0 0 0 0 0 0 0 0 88 88 88 88 88 88 88 88 90 90 89 88 88 89 89 90 89 89 89 89 89 89 88 88 90 90 90 89 87 85 82 79 77 72 72 73 69 58 54 55 57 66 88 100 94 94 100 98 103 102 102 102 102 103 103 104 105 104 104 105 105 105 104 104 106 106 106 106 106 106 106 106 106 106 106 106 106 106 106 106 105 106 106 102 98 99 105 112 111 105 92 78 66 63 67 71 85 92 100 105 106 105 105 106 106 106 106 107 108 109 110 112 116 116 118 116 118 116 118 116 119 117 119 117 119 117 119 117 120 118 120 118 120 118 120 118 119 117 119 117 119 117 119 117 120 118 120 118 120 118 120 118 120 118 119 116 118 115 116 116 117 117 118 117 118 119 118 119 115 115 114 112 108 101 95 91 86 82 75 68 63 63 68 73 74 79 86 91 94 99 106 110 113 117 121 119 112 107 106 108 107 107 106 105 106 108 111 112 111 111 110 109 108 108 109 109 110 111 111 111 111 111 111 112 118 108 93 79 68 71 90 114 152 180 205 214 214 218 223 229 229 229 232 234 236 237 236 234 245 243 242 240 242 242 242 242 241 241 241 241 241 241 240 238 237 234 232 226 220 216 215 213 216 212 203 181 146 110 80 62 61 73 94 104 103 88 68 56 42 45 53 65 80 92 101 104 106 106 108 109 111 111 114 114 114 114 114 113 113 112 112 112 114 114 115 116 116 117 118 118 122 122 122 121 121 120 121 121 121 121 121 120 121 120 120 119 113 110 111 114 115 111 101 92 77 68 64 71 82 93 102 109 108 109 110 110 111 109 107 105 109 111 114 114 114 114 114 115 98 80 64 58 58 65 85 104 109 121 116 105 107 110 108 110 110 110 110 111 113 113 112 111 113 114 115 115 113 113 112 111 110 110 109 109 108 107 106 106 105 105 105 105 105 105 105 106 108 108 109 112 116 119 120 119 120 120 120 121 121 122 122 122 121 121 122 122 121 119 117 116 115 114 113 111 110 109 109 109 113 115 115 116 116 117 117 117 115 117 118 120 119 118 116 114 111 111 110 110 110 109 109 109 107 107 107 107 107 107 106 106 109 110 110 110 111 111 111 112 113 112 110 108 107 108 108 109 109 109 109 109 109 109 109 109 113 114 116 118 121 124 126 127 129 130 131 132 132 132 132 132 127 126 124 121 119 116 114 111 108 109 105 97 85 76 73 75 73 73 75 75 76 76 78 76 76 77 80 84 86 86 85 85 85 85 86 86 87 87 87 87 0 0 0 0 0 0 0 0
0 0 0 0 0 0 0 0 81 79 81 79 81 79 81 79 82 79 81 78 80 78 81 80 85 84 86 84 86 84 86 84 86 84 85 82 82 76 76 72 67 65 67 69 65 53 48 49 52 62 84 98 93 94 101 99 103 102 102 102 102 103 103 104 105 106 105 105 106 106 104 104 106 106 106 106 106 106 106 106 106 106 106 106 106 106 106 106 104 106 105 102 98 99 105 110 112 107 97 84 72 67 67 69 79 87 96 102 102 102 104 108 107 107 107 107 108 109 110 112 116 118 118 118 118 118 118 118 119 119 119 119 119 119 119 119 120 120 120 120 120 120 120 120 119 119 119 119 119 119 119 119 120 120 120 120 120 120 120 120 120 120 119 118 118 117 116 116 113 113 114 115 114 114 115 114 116 117 116 115 112 108 104 102 94 91 86 81 76 72 69 68 64 67 72 76 80 86 93 98 104 109 114 117 115 112 110 109 109 106 104 101 101 103 105 107 108 108 108 108 107 107 107 107 110 110 110 111 112 112 112 114 123 114 102 88 74 68 79 96 131 160 189 203 210 214 217 218 226 229 232 236 238 237 236 235 243 242 239 240 240 241 239 239 241 241 241 241 241 241 240 238 237 234 232 225 220 216 215 213 215 211 202 181 146 109 80 61 61 74 95 105 102 86 66 53 44 48 58 69 83 93 101 103 106 106 108 108 110 111 114 114 114 114 114 113 113 112 112 112 114 114 115 116 116 117 118 118 121 121 120 120 119 119 120 120 121 121 120 120 121 120 120 119 113 110 110 113 115 113 105 97 83 73 67 70 78 87 96 106 106 107 109 111 111 111 110 108 110 111 114 113 114 113 115 116 108 89 70 60 58 70 97 124 145 161 161 153 156 157 153 154 157 157 157 158 159 160 159 157 162 161 162 163 163 160 161 159 161 161 163 162 162 158 155 152 150 149 150 149 150 149 150 150 154 154 155 158 162 165 166 166 167 167 167 167 168 168 169 169 167 167 168 168 167 165 163 162 160 159 157 156 154 154 153 155 161 162 163 163 164 164 164 164 165 165 167 167 166 163 161 159 159 158 158 157 157 156 157 156 155 154 155 154 155 154 156 156 158 158 158 158 159 159 159 160 160 159 157 156 155 155 156 157 157 157 157 157 157 157 157 157 161 162 163 165 167 169 171 172 175 176 177 178 178 178 178 177 174 173 171 168 164 161 159 158 146 146 144 136 123 115 111 111 110 110 110 111 111 113 113 113 113 114 117 120 122 122 122 121 120 120 120 121 121 121 122 122 0 0 0 0 0 0 0 0
0 0 0 0 0 0 0 0 79 78 79 78 79 78 79 78 79 77 77 76 77 77 78 78 81 80 82 81 83 83 84 83 84 82 82 79 77 73 72 69 65 64 67 68 64 53 44 39 49 59 81 95 93 96 103 101 104 104 104 104 102 103 104 104 106 106 106 107 106 107 107 107 107 107 107 107 107 107 107 107 106 106 106 106 106 106 106 106 103 105 105 102 99 99 103 108 113 109 102 92 81 72 67 66 68 79 92 98 98 99 104 109 107 107 108 108 109 110 110 112 118 119 119 119 119 119 119 119 120 120 120 120 120 120 120 120 121 121 121 121 121 121 121 121 120 120 120 120 120 120 120 120 121 121 121 121 121 121 121 121 121 121 120 119 119 118 117 117 112 112 113 113 114 113 113 113 116 116 117 117 114 113 112 111 107 105 102 100 96 88 77 69 63 64 65 66 69 74 80 85 93 96 102 108 113 113 110 107 110 108 105 102 102 104 107 109 106 107 108 108 108 108 108 107 109 109 110 111 112 113 114 115 123 119 112 100 85 73 71 80 98 126 157 182 199 209 213 216 221 226 231 234 237 236 236 234 239 239 239 240 239 239 238 238 241 241 241 241 241 241 240 238 238 235 231 224 219 216 215 214 215 211 202 180 145 108 79 61 62 76 97 105 101 83 61 48 45 51 63 75 87 95 101 102 105 105 107 108 110 110 113 113 113 113 113 113 112 112 112 112 114 114 115 116 116 117 118 118 119 119 120 120 119 119 120 120 121 120 121 121 120 120 120 119 115 112 112 114 116 115 110 105 94 82 72 70 73 80 91 101 102 104 108 111 112 113 112 111 112 113 113 112 111 112 115 118 115 98 81 69 65 77 111 143 174 195 203 200 205 205 200 201 205 205 204 205 205 205 205 203 213 212 212 213 213 211 212 210 209 210 213 213 212 206 203 198 198 197 198 197 198 197 198 198 200 201 202 206 210 214 215 214 213 213 213 214 214 215 215 215 214 215 216 216 215 214 212 211 208 207 205 204 203 202 202 203 211 212 213 213 213 214 214 214 216 216 217 216 215 212 209 208 208 207 208 206 207 205 206 205 204 203 205 204 206 205 207 207 207 207 207 207 208 208 208 209 208 207 206 205 205 205 206 206 205 205 205 205 205 205 205 205 210 211 212 213 214 215 216 216 220 220 221 222 222 222 222 221 221 219 217 214 210 207 205 203 206 206 202 195 185 177 176 176 174 174 174 175 175 176 176 176 173 175 178 180 181 182 181 181 180 180 180 181 181 181 182 182 0 0 0 0 0 0 0 0
0 0 0 0 0 0 0 0 112 111 112 111 112 111 112 111 113 111 112 111 112 112 114 113 114 113 115 115 117 117 119 118 119 118 118 115 115 112 112 110 109 109 111 111 102 86 67 57 52 61 81 95 93 96 103 101 104 104 103 103 102 102 103 104 106 106 107 107 107 107 107 107 107 107 107 107 107 107 107 107 106 106 106 106 106 106 106 106 103 104 104 102 100 100 102 105 111 109 106 98 88 77 67 62 58 71 88 97 99 99 104 109 108 108 109 110 110 111 111 111 119 120 120 120 120 120 120 120 120 120 120 120 120 120 120 120 121 121 121 121 121 121 121 121 120 120 120 120 120 120 120 120 120 120 120 120 120 120 120 120 120 120 120 119 119 118 118 118 116 115 115 116 116 117 115 115 113 112 112 112 110 111 112 112 114 112 112 113 112 104 91 80 77 75 72 69 68 70 73 76 82 82 85 93 102 107 106 103 105 104 105 105 106 108 109 110 107 107 109 110 110 110 109 108 108 108 109 111 112 114 115 115 112 115 118 112 101 89 79 78 83 102 128 153 177 193 202 210 217 223 227 230 231 232 234 236 238 239 241 241 239 239 238 239 241 241 241 241 241 241 240 238 239 235 231 224 218 215 215 215 215 212 202 181 146 109 80 62 64 78 98 105 98 78 57 44 44 51 66 79 91 97 101 103 104 105 106 107 109 110 112 112 113 112 112 112 112 112 112 112 114 114 115 116 116 117 118 118 120 119 120 120 119 119 121 120 120 120 121 120 120 120 119 118 116 113 111 112 113 113 110 107 99 88 75 69 67 72 84 96 98 101 107 110 112 113 113 113 114 114 113 112 111 113 117 120 112 102 90 78 71 80 114 148 186 212 226 227 232 233 229 231 231 232 231 231 230 230 229 230 236 235 236 236 236 236 235 234 231 233 234 234 233 231 228 226 229 229 229 229 229 229 229 229 228 229 230 233 238 241 242 241 238 238 238 239 239 239 240 240 241 242 243 243 243 241 239 238 237 236 234 233 231 231 230 232 242 243 243 244 244 244 245 245 246 246 246 246 245 243 242 240 238 238 238 237 237 237 236 236 235 235 235 236 237 237 238 238 238 236 238 237 239 237 240 238 239 237 239 237 239 237 240 238 239 237 239 237 239 237 239 237 242 240 242 241 243 241 243 241 245 243 246 245 247 245 246 244 246 243 243 239 239 235 236 235 229 228 226 220 214 209 209 208 207 207 209 209 210 210 211 210 208 207 209 211 212 212 212 212 213 213 214 214 214 215 215 215 0 0 0 0 0 0 0 0
0 0 0 0 0 0 0 0 153 151 153 151 153 151 153 151 154 151 153 151 154 152 156 154 158 156 159 158 161 160 163 161 165 162 164 162 164 162 164 163 164 166 166 159 144 120 92 72 60 66 84 97 94 97 103 99 104 103 103 103 103 104 103 104 107 107 106 107 107 108 107 107 108 108 108 108 108 108 108 108 107 107 107 107 107 107 107 107 104 104 105 104 102 101 102 103 107 107 106 101 93 81 68 60 52 66 85 97 100 101 104 107 109 109 110 111 112 111 111 111 119 121 121 121 121 121 121 121 121 121 121 121 121 121 121 121 122 122 122 122 122 122 122 122 121 121 121 121 121 121 121 121 121 121 121 121 121 121 121 121 121 121 120 120 120 120 119 118 118 118 118 119 118 118 116 117 114 113 111 110 110 110 111 112 116 114 114 117 120 116 107 99 99 95 88 82 78 75 73 72 71 67 67 74 87 97 100 100 98 100 103 106 108 108 107 106 106 106 106 107 107 107 106 106 106 107 108 109 110 112 113 114 106 113 120 120 113 104 94 87 86 93 106 123 146 167 187 203 214 221 224 227 230 232 237 239 237 240 242 243 241 240 239 240 241 241 241 241 241 241 240 238 238 235 231 225 219 216 215 214 216 213 203 182 147 110 81 63 65 79 98 103 94 73 53 42 42 51 67 81 92 97 102 104 104 104 105 106 108 109 111 112 111 112 112 112 112 112 112 112 114 114 115 116 116 117 118 118 121 121 121 121 120 120 122 121 121 121 120 120 121 120 120 119 117 114 111 110 109 109 107 106 102 92 79 70 64 66 79 92 94 99 106 111 114 114 115 116 114 114 114 112 110 111 115 118 112 103 90 75 64 71 106 142 186 215 232 234 238 237 234 237 237 238 238 236 234 234 234 237 234 235 236 235 235 235 234 231 234 233 233 232 233 234 235 235 237 237 237 237 237 237 237 239 238 238 238 241 245 248 249 248 246 246 247 247 248 248 248 248 248 249 250 251 251 249 248 247 244 243 241 239 238 238 237 238 246 248 248 249 249 250 250 250 249 250 250 251 251 251 250 250 249 247 247 246 246 246 245 245 244 244 245 245 246 246 246 247 246 245 247 246 247 247 248 247 249 248 250 250 251 251 252 251 251 250 251 250 251 250 251 250 252 251 252 250 251 249 250 248 249 248 250 249 250 248 248 247 248 247 248 246 247 246 247 246 252 253 252 249 246 244 245 244 243 242 243 243 245 245 246 245 246 246 247 248 248 248 249 248 251 251 251 251 252 252 252 253 0 0 0 0 0 0 0 0
0 0 0 0 0 0 0 0 196 196 196 196 196 196 196 196 196 196 195 196 196 197 199 199 199 200 200 201 201 202 202 203 204 204 204 204 205 207 208 209 209 212 210 198 177 145 107 79 66 71 86 98 96 98 103 98 103 103 102 102 103 104 103 103 106 106 105 106 106 106 106 106 107 107 107 107 107 107 107 107 107 107 107 107 107 107 107 107 105 105 106 106 105 103 102 101 104 105 104 102 96 85 72 63 53 64 80 92 99 102 104 106 109 110 112 113 113 112 111 111 121 122 122 122 122 122 122 122 121 121 121 121 121 121 121 121 122 122 122 122 122 122 122 122 121 121 121 121 121 121 121 121 120 120 120 120 120 120 120 120 120 120 120 120 120 120 120 120 118 118 118 118 117 117 115 115 117 116 114 113 112 111 111 111 115 114 114 117 121 121 118 114 114 110 104 98 92 86 79 75 65 61 58 63 74 85 91 92 96 98 103 106 108 108 107 105 107 106 104 103 103 103 104 104 106 106 107 108 109 110 111 112 106 113 118 120 120 116 107 99 86 85 88 99 119 146 176 199 206 215 224 228 232 233 237 240 236 240 244 244 242 240 239 241 241 241 241 241 241 241 240 238 237 234 232 226 221 216 215 213 216 212 203 182 147 110 80 62 67 80 98 100 89 69 51 41 44 54 71 83 93 97 101 104 103 103 105 105 107 108 111 111 111 111 111 111 112 112 112 112 114 114 115 116 116 117 118 118 122 122 121 121 120 120 122 122 120 120 120 120 120 120 120 118 116 114 112 110 108 107 106 106 103 95 85 74 64 62 73 86 91 98 106 111 113 113 114 116 114 115 114 113 110 110 113 115 115 103 87 68 53 58 91 127 164 197 218 221 223 220 215 219 221 223 222 220 216 216 217 221 221 221 221 221 221 221 218 218 220 219 218 217 218 221 224 226 221 221 221 221 221 221 221 221 225 224 225 227 230 232 232 231 233 234 234 234 235 235 235 235 233 234 235 236 236 235 233 232 227 226 224 223 222 221 221 222 228 230 230 231 231 231 232 232 232 232 232 233 234 234 235 235 234 234 234 233 233 233 232 232 232 232 232 232 232 232 232 231 231 229 231 229 232 230 232 231 234 233 236 236 239 237 239 237 239 237 239 237 239 237 239 237 238 236 237 234 236 233 234 232 231 229 232 230 232 229 230 227 229 227 230 229 232 231 233 234 230 230 229 229 230 230 228 229 226 226 227 227 229 229 230 229 229 228 228 228 228 228 228 228 229 229 229 230 230 230 231 231 0 0 0 0 0 0 0 0
0 0 0 0 0 0 0 0 230 230 230 230 230 230 230 230 232 232 232 233 234 235 236 237 236 236 236 236 236 236 236 236 236 235 235 235 236 237 239 240 240 244 242 227 202 166 121 88 66 70 86 98 96 99 103 98 103 104 103 103 103 103 102 103 105 105 104 104 105 105 106 106 106 106 106 106 106 106 106 106 107 107 107 107 107 107 107 107 106 106 107 107 107 105 103 101 103 103 102 102 98 89 77 68 60 64 73 83 93 100 104 106 110 111 113 114 114 113 111 110 121 122 122 122 122 122 122 122 121 121 121 121 121 121 121 121 122 122 122 122 122 122 122 122 121 121 121 121 121 121 121 121 120 120 120 120 120 120 120 120 120 120 120 120 120 120 120 120 119 119 119 119 117 117 117 117 119 118 118 117 115 114 113 113 113 114 115 116 118 119 119 119 118 116 113 111 107 99 90 83 73 69 64 63 67 72 74 75 84 87 91 96 101 105 109 110 113 110 107 104 103 103 105 106 105 106 106 106 107 108 108 109 106 112 115 117 120 123 119 111 95 88 84 88 100 120 152 179 192 204 220 230 234 232 233 234 234 239 244 244 241 238 238 240 241 241 241 241 241 241 240 238 235 233 233 228 222 217 214 211 214 210 201 179 144 108 78 60 68 81 97 97 85 66 50 42 50 60 76 87 94 96 100 103 102 102 104 105 107 107 110 110 110 110 110 111 111 112 112 112 114 114 115 116 116 117 118 118 120 120 120 120 121 121 120 120 120 120 120 119 120 120 119 118 114 113 113 111 110 109 109 109 106 100 91 79 66 59 67 79 89 97 108 113 113 112 114 116 115 116 115 114 110 109 108 109 111 102 89 73 55 51 74 102 135 174 202 210 214 210 205 208 208 210 211 208 202 202 204 208 212 213 212 213 211 210 210 209 210 210 210 210 211 212 213 214 210 210 210 210 210 210 210 210 214 213 212 214 216 217 217 216 218 218 219 219 220 220 220 220 219 220 221 222 222 221 220 219 216 215 213 212 210 210 209 210 216 218 219 219 219 220 220 220 223 223 223 223 223 223 224 224 222 221 221 220 220 220 219 219 220 219 219 218 217 217 216 216 214 213 215 214 216 215 216 215 216 217 220 221 223 223 223 222 224 223 224 223 224 223 224 223 223 222 223 221 221 219 220 218 216 215 217 216 216 214 214 213 214 213 214 214 216 216 218 218 228 227 226 226 227 227 225 224 224 224 224 224 225 225 227 225 222 219 219 218 218 218 219 219 220 220 220 220 221 221 221 222 0 0 0 0 0 0 0 0
0 0 0 0 0 0 0 0 215 215 215 215 215 215 215 215 223 223 223 223 224 226 227 228 231 231 231 231 231 230 230 230 228 227 225 225 225 226 227 228 232 237 235 220 193 155 108 71 67 68 87 97 98 99 106 100 103 103 103 103 102 103 102 103 104 104 104 104 105 104 106 106 106 106 106 106 106 106 106 106 108 108 108 108 108 108 108 108 108 108 109 109 110 108 104 102 104 103 103 103 100 92 82 74 66 66 69 77 88 99 106 108 111 112 114 116 115 114 112 112 121 122 122 122 122 122 122 122 121 121 121 121 121 121 121 121 122 122 122 122 122 122 122 122 121 121 121 121 121 121 121 121 120 120 120 120 120 120 120 120 120 120 120 120 120 120 120 120 121 121 121 120 119 119 119 119 120 118 120 118 118 117 115 115 114 116 117 118 117 116 118 119 117 117 118 118 117 110 100 92 86 81 74 69 65 62 60 58 64 66 70 77 86 97 106 110 119 115 111 107 105 106 109 110 105 105 106 106 106 106 106 107 105 110 111 110 117 125 124 117 117 105 94 85 83 91 113 138 174 192 214 226 229 226 223 221 228 235 240 241 237 235 236 239 240 241 241 241 241 240 240 238 234 233 233 229 224 219 213 209 212 208 199 175 142 105 75 57 69 81 94 95 82 62 49 43 56 67 80 91 94 95 99 102 102 102 103 104 105 106 108 108 109 109 109 110 110 111 111 112 114 114 115 116 116 117 118 118 119 119 119 118 120 119 119 119 120 120 120 119 120 119 119 118 112 112 113 113 112 111 112 113 107 103 95 82 67 58 63 74 89 99 109 113 112 111 113 115 115 116 117 114 111 109 108 108 102 99 96 85 65 52 61 79 124 166 203 216 223 220 215 218 213 216 216 213 206 205 209 214 216 215 216 214 214 214 213 213 217 217 219 219 220 218 218 216 218 217 218 217 218 217 218 218 219 218 218 218 221 220 220 218 219 218 220 219 221 220 221 220 224 224 226 226 227 225 225 223 225 223 222 220 220 218 219 219 226 226 228 227 229 227 230 228 236 234 234 232 233 231 233 231 227 225 224 224 224 223 223 223 224 223 222 221 220 219 218 217 217 217 217 217 218 218 218 219 217 219 221 223 225 226 225 225 227 227 228 227 228 227 228 227 227 226 227 225 225 224 224 223 221 220 222 221 221 219 219 217 219 218 219 218 220 219 220 220 221 220 218 219 219 218 216 215 220 220 220 220 220 221 221 220 216 216 215 214 214 214 214 215 218 218 218 219 219 219 220 220 0 0 0 0 0 0 0 0
0 0 0 0 0 0 0 0 207 207 208 209 210 211 211 212 213 214 216 217 218 221 226 229 229 228 227 226 225 223 223 222 220 217 216 217 222 224 224 222 223 230 233 222 192 148 105 77 67 77 91 99 101 100 102 103 102 102 102 102 102 102 102 102 104 104 104 103 105 104 106 106 106 106 106 107 107 108 108 108 109 109 109 110 110 111 111 111 111 111 111 111 111 109 108 108 105 105 105 104 100 94 89 86 78 76 66 68 87 98 101 109 111 112 114 117 118 117 113 112 123 123 123 123 123 123 123 123 121 121 121 121 121 121 121 121 120 120 120 120 120 120 120 120 120 120 120 120 120 120 120 120 120 120 120 120 120 120 120 120 121 121 121 121 121 121 121 121 121 121 121 121 121 121 121 121 120 119 120 119 119 119 119 119 118 118 118 117 117 114 116 114 116 117 118 118 114 110 106 103 98 93 86 81 77 71 64 58 58 58 59 64 73 84 95 102 110 110 110 111 111 111 109 108 113 111 109 107 105 104 103 104 110 111 111 112 113 114 118 119 119 109 101 92 83 79 88 104 141 168 197 211 215 218 219 217 225 226 229 234 240 242 240 238 241 242 240 239 238 238 239 238 235 229 227 228 231 227 219 210 209 203 197 178 143 103 77 65 73 85 89 85 77 59 46 48 53 73 91 97 95 94 97 99 99 99 99 101 103 105 108 109 108 108 107 107 108 109 111 114 116 115 115 114 115 114 114 114 117 117 119 119 119 119 120 120 119 119 120 120 120 120 122 120 114 113 113 113 113 113 113 113 111 102 94 88 77 65 61 65 86 97 109 114 113 111 112 115 118 116 115 116 117 115 110 104 100 102 103 95 74 57 57 68 112 145 195 222 222 223 221 209 211 214 215 211 204 203 208 214 217 217 220 222 222 218 215 212 217 216 220 219 222 221 223 221 220 218 219 217 219 216 218 218 218 218 220 218 219 217 218 216 221 219 221 219 221 219 221 219 224 222 224 222 224 222 224 222 223 221 223 221 223 221 223 223 225 226 228 228 230 230 232 231 234 233 235 234 234 232 232 230 227 226 225 224 223 222 220 220 218 218 215 214 213 214 214 214 217 218 218 218 219 219 219 220 223 223 223 223 223 223 223 223 225 225 227 225 227 225 227 225 225 223 225 222 223 221 222 220 223 220 220 218 220 219 223 222 220 218 219 217 219 217 218 218 218 218 219 219 218 218 218 218 219 219 218 218 219 219 220 220 220 218 214 212 210 210 211 212 217 218 219 220 220 220 219 218 0 0 0 0 0 0 0 0
0 0 0 0 0 0 0 0 204 205 205 206 207 208 209 209 209 211 212 213 214 216 221 224 222 221 221 220 219 218 218 218 219 218 216 217 218 219 218 217 220 227 230 220 191 147 105 77 70 81 94 101 102 101 101 104 102 102 102 102 102 102 102 102 104 104 104 105 105 106 106 106 107 107 107 108 108 109 109 109 110 110 110 111 111 112 112 112 112 112 112 112 112 111 110 109 106 107 107 106 103 99 94 91 85 81 68 66 83 95 100 109 111 112 113 116 117 116 113 111 122 123 123 123 123 123 123 123 121 121 121 121 121 121 121 121 120 120 120 120 120 120 120 120 120 120 120 120 120 120 120 120 120 120 120 120 120 120 120 120 121 121 121 121 121 121 121 121 121 121 121 121 121 121 121 121 120 120 120 120 120 120 120 120 119 119 119 118 117 117 116 116 115 116 116 116 113 109 106 102 101 97 93 90 88 83 77 72 65 64 63 64 68 75 82 86 92 96 101 105 106 107 107 107 111 110 109 106 104 101 99 99 106 107 108 109 110 112 114 114 115 108 102 97 89 82 84 93 118 142 170 187 200 213 221 223 227 224 225 228 234 239 241 239 243 243 244 243 242 240 241 241 239 234 231 230 232 227 221 213 213 206 199 177 141 103 79 69 76 88 89 83 74 57 45 48 57 76 94 98 95 94 96 98 99 99 99 99 101 103 105 106 107 106 106 106 106 108 112 113 114 114 113 113 113 113 113 112 115 116 118 118 118 118 119 119 119 119 120 120 120 120 122 120 114 113 113 113 113 113 113 113 111 104 97 91 81 68 62 64 83 94 106 113 113 111 112 114 116 116 116 118 120 118 113 107 102 104 106 100 83 65 60 66 93 126 178 211 216 221 222 212 207 211 212 209 204 202 206 211 213 215 218 220 219 217 214 212 212 213 215 216 217 217 216 215 216 216 215 215 214 214 214 214 216 218 218 219 220 221 222 222 222 222 222 222 222 222 222 222 215 215 215 215 215 215 215 215 216 216 216 216 216 216 216 218 219 221 222 223 223 224 224 225 227 227 227 227 227 226 225 222 222 221 220 219 219 216 216 215 218 217 217 217 218 217 218 219 220 220 220 221 221 221 222 222 223 223 223 223 223 223 223 223 225 225 225 225 225 225 225 225 223 223 223 222 222 222 222 222 223 222 221 221 221 221 221 222 223 223 223 224 224 224 225 225 224 224 225 226 227 227 228 228 228 227 227 227 228 227 228 228 223 222 219 217 216 217 218 219 214 215 216 218 218 218 217 217 0 0 0 0 0 0 0 0
0 0 0 0 0 0 0 0 203 203 204 205 205 206 207 207 207 208 209 209 210 212 215 218 215 215 215 215 215 215 215 215 217 218 217 215 212 210 210 213 215 220 225 215 187 145 103 76 72 82 96 103 102 101 101 103 102 102 102 102 102 102 102 102 104 104 104 105 105 106 106 106 107 107 107 108 108 109 109 109 110 110 110 111 111 112 112 112 111 112 112 112 112 111 110 110 108 108 109 109 107 104 100 98 93 86 68 62 76 87 94 106 108 109 111 113 113 113 112 111 121 121 121 121 121 121 121 121 120 120 120 120 120 120 120 120 119 119 119 119 119 119 119 119 119 119 119 119 119 119 119 119 119 119 119 119 119 119 119 119 120 120 120 120 120 120 120 120 120 120 120 120 120 120 120 120 119 119 119 119 119 119 119 119 119 119 119 119 117 117 115 114 115 114 112 111 110 109 108 105 105 103 102 102 101 98 94 90 78 75 71 67 65 65 67 68 71 78 87 94 96 99 102 104 107 107 107 106 104 102 99 99 102 105 106 105 106 108 111 112 114 110 110 108 104 93 84 83 95 113 135 157 180 204 222 231 233 226 221 220 227 233 237 238 238 238 238 237 237 237 237 237 239 233 229 225 225 223 218 211 211 201 190 165 129 93 72 65 83 92 90 80 69 53 42 47 61 78 95 99 96 95 97 98 100 100 100 100 101 103 104 105 105 105 106 106 107 108 112 113 111 111 111 111 111 111 110 111 114 115 115 115 117 117 117 117 119 119 119 119 120 120 120 119 114 113 113 113 113 113 113 113 112 107 101 96 86 73 64 62 77 87 99 108 111 111 112 113 112 114 116 120 121 119 114 110 105 106 109 107 95 78 65 62 73 103 154 193 207 218 222 213 206 208 210 209 206 204 207 209 218 219 222 223 223 220 217 215 211 213 215 217 218 216 213 212 214 214 214 213 213 212 212 212 208 209 210 212 214 215 217 217 217 217 217 217 217 217 217 217 216 216 216 216 216 216 216 216 218 218 218 218 218 218 218 219 220 221 221 221 221 221 221 221 223 223 224 224 224 223 222 221 221 220 220 218 217 217 217 216 207 207 207 207 209 211 213 213 214 214 214 215 215 215 216 216 216 216 216 216 216 216 216 216 218 218 218 218 218 218 218 218 214 215 215 215 215 215 216 216 215 215 215 215 214 213 212 212 211 211 212 213 215 216 217 217 217 217 217 218 218 218 218 216 217 217 217 216 217 217 217 216 212 211 210 209 209 210 211 212 214 214 216 217 218 219 219 219 0 0 0 0 0 0 0 0
0 0 0 0 0 0 0 0 205 205 206 206 207 207 208 208 209 210 211 210 210 211 214 217 214 214 215 216 217 217 218 218 218 220 220 216 210 206 206 207 210 215 217 207 181 141 100 74 71 81 95 102 102 101 101 103 102 102 102 102 102 102 102 102 104 104 104 105 105 106 106 106 107 107 107 108 108 109 109 109 110 110 110 111 111 112 112 112 111 112 112 113 113 112 111 111 109 110 111 111 111 109 107 105 101 92 70 58 68 77 85 98 105 107 110 111 111 111 112 113 120 120 120 120 120 120 120 120 119 119 119 119 119 119 119 119 119 119 119 119 119 119 119 119 119 119 119 119 119 119 119 119 119 119 119 119 119 119 119 119 120 120 120 120 120 120 120 120 120 120 120 120 120 120 120 120 120 120 120 120 120 120 120 120 120 120 119 119 118 117 115 115 114 113 110 109 108 108 109 107 107 108 109 110 110 107 104 102 92 89 83 76 70 65 62 60 60 66 73 78 81 85 91 96 98 100 104 106 108 108 106 107 105 106 106 106 107 107 107 109 111 112 115 119 118 105 88 78 84 94 106 127 155 185 211 224 231 224 215 214 218 227 230 232 232 233 233 233 232 233 233 232 236 231 226 222 222 221 218 214 207 196 178 151 115 82 65 62 89 95 89 76 65 50 42 49 63 79 95 99 97 98 99 100 102 102 102 103 103 104 105 104 105 105 106 107 108 109 111 112 110 110 111 111 111 111 110 111 114 115 115 115 117 117 117 117 119 119 119 119 120 120 120 119 115 114 113 113 113 113 112 112 111 108 105 99 91 78 66 59 72 80 92 103 109 112 112 111 110 113 118 122 123 121 116 111 107 108 111 112 105 90 70 59 61 84 131 174 195 212 220 214 205 207 208 209 208 207 207 208 220 221 223 224 223 221 218 214 211 212 216 218 218 215 212 209 211 210 211 209 210 208 209 209 212 214 214 215 216 217 217 217 220 220 220 220 220 220 220 220 216 216 216 216 216 216 216 216 216 216 216 216 216 216 216 217 221 221 221 221 220 220 219 219 221 221 222 222 222 222 221 220 217 216 216 216 216 215 215 216 209 207 208 208 211 212 213 215 216 216 217 216 218 217 218 218 219 218 219 218 219 218 219 219 219 219 221 219 221 219 221 219 218 216 219 217 220 218 221 219 218 217 219 217 218 214 214 211 210 209 212 212 215 215 218 219 222 221 221 218 218 215 215 213 215 214 214 213 215 214 214 214 216 213 215 212 215 214 217 216 217 216 218 217 220 219 221 220 0 0 0 0 0 0 0 0
0 0 0 0 0 0 0 0 204 204 204 204 205 205 205 205 208 208 209 208 207 209 212 214 213 214 215 216 217 218 219 220 218 220 221 217 211 206 205 207 208 212 213 201 175 134 94 69 67 78 91 99 101 101 102 104 102 102 102 102 102 102 102 102 104 104 104 105 105 106 106 106 107 107 107 108 108 109 109 109 110 110 110 111 111 112 112 112 111 112 112 113 113 113 112 112 110 110 112 113 113 112 112 111 106 97 73 58 63 68 75 87 99 103 108 110 110 111 112 114 120 120 120 120 120 120 120 120 119 119 119 119 119 119 119 119 119 119 119 119 119 119 119 119 119 119 119 119 119 119 119 119 119 119 119 119 119 119 119 119 120 120 120 120 120 120 120 120 120 120 120 120 120 120 120 120 120 120 120 120 120 120 120 120 119 119 119 118 118 118 115 115 113 112 110 108 106 106 108 109 108 110 111 112 110 108 106 105 104 101 96 90 82 76 71 68 60 62 63 62 63 68 75 81 87 90 96 103 109 112 114 115 109 109 108 107 107 106 105 106 108 111 117 122 124 115 97 84 84 85 90 106 131 162 190 207 222 218 215 214 218 223 226 229 233 236 236 236 236 236 236 234 236 232 226 225 225 224 223 222 213 198 174 143 108 80 69 69 95 97 86 70 59 48 44 52 64 79 93 98 98 100 102 102 103 103 104 104 104 104 104 104 103 102 105 106 106 107 108 108 108 108 110 110 110 110 112 113 116 116 116 116 117 117 117 117 118 118 119 119 119 119 119 118 115 114 114 113 113 112 112 112 110 110 107 102 95 84 70 59 68 74 84 96 106 111 111 110 108 112 118 123 124 121 118 113 108 109 112 114 111 98 76 60 55 68 107 151 181 207 222 220 210 209 207 209 210 210 208 206 211 213 213 215 216 216 215 214 211 213 217 218 219 215 213 209 212 211 211 210 211 209 210 210 212 212 211 210 209 208 207 206 209 209 209 209 209 209 209 209 207 207 207 207 207 207 207 207 205 205 205 205 205 205 205 207 216 218 217 217 216 215 215 215 216 216 217 218 218 218 217 215 213 212 212 212 213 211 211 211 208 206 206 205 206 206 207 208 206 206 208 207 208 208 209 208 211 210 211 210 211 210 211 211 211 211 212 211 212 211 212 211 212 211 212 212 213 213 215 214 213 212 214 213 213 210 209 206 210 210 212 212 215 215 217 218 221 221 221 220 220 219 219 218 219 218 218 216 217 215 215 215 219 217 218 217 219 218 220 219 220 219 220 219 220 219 220 219 0 0 0 0 0 0 0 0
0 0 0 0 0 0 0 0 203 201 203 201 203 201 203 201 204 203 206 203 205 204 209 210 213 211 214 213 217 216 219 217 220 219 222 218 216 211 210 210 210 213 213 200 172 131 92 68 65 76 90 98 101 101 102 105 102 102 102 102 102 102 102 102 104 104 104 105 105 106 106 106 107 107 107 108 108 109 109 109 110 110 110 111 111 112 112 112 111 112 112 113 114 113 113 113 110 111 112 113 114 114 114 114 111 103 80 63 63 64 66 76 90 96 104 109 109 110 112 114 119 119 119 119 119 119 119 119 118 118 118 118 118 118 118 118 119 119 119 119 119 119 119 119 119 119 119 119 119 119 119 119 119 119 119 119 119 119 119 119 120 120 120 120 120 120 120 120 120 120 120 120 120 120 120 120 121 121 121 121 121 121 121 121 120 119 119 119 118 116 116 116 114 113 111 109 107 107 108 108 108 109 110 109 107 105 105 106 111 110 108 104 98 92 87 83 72 67 60 55 54 57 62 65 74 78 85 93 101 108 113 115 108 107 108 106 105 104 103 104 104 109 113 118 121 119 109 98 93 87 85 92 111 134 159 179 200 208 214 219 222 222 225 227 232 232 233 234 235 234 234 231 229 225 224 221 221 220 222 220 212 194 168 133 98 75 70 73 98 98 83 65 54 46 46 57 67 81 94 99 99 101 103 102 104 104 105 105 105 104 103 101 99 100 103 105 106 106 107 106 107 107 110 110 110 110 111 112 114 116 116 116 117 117 117 117 118 118 118 119 119 119 119 118 116 115 114 113 113 112 111 111 111 112 110 105 99 90 76 63 65 70 77 89 102 109 111 109 108 113 118 122 122 120 118 115 109 111 112 113 112 104 83 66 52 55 84 128 164 199 222 226 215 212 207 208 211 212 209 206 208 208 211 214 216 216 217 216 215 217 220 222 222 220 218 216 219 219 218 218 217 217 217 217 216 215 215 213 212 210 209 208 210 209 210 209 210 209 210 209 213 212 213 212 213 212 213 212 210 209 210 209 210 209 210 210 217 216 217 215 216 214 215 214 215 215 217 217 218 217 217 216 217 215 215 215 215 214 214 213 210 208 207 204 206 204 204 204 205 205 207 205 208 206 208 207 210 208 210 208 210 208 210 210 211 211 212 211 212 211 212 211 215 214 215 214 215 215 216 215 216 216 217 216 216 214 214 212 217 216 218 217 219 219 220 220 222 222 223 223 226 226 227 225 227 224 224 223 224 222 222 222 220 218 220 217 219 216 218 215 220 217 217 213 213 210 212 210 0 0 0 0 0 0 0 0
0 0 0 0 0 0 0 0 203 202 203 202 203 202 203 202 202 202 203 202 203 204 208 210 212 212 213 214 216 216 217 217 219 218 219 219 220 218 215 213 215 216 216 201 171 130 92 67 66 77 92 100 101 100 102 104 102 102 102 102 102 102 102 102 104 104 104 105 105 106 106 106 106 106 106 107 107 108 108 108 109 109 109 110 110 111 111 111 110 111 112 112 113 113 113 112 109 109 110 111 112 113 113 113 113 108 87 70 67 62 59 67 79 88 99 105 107 107 109 111 116 116 116 116 116 116 116 116 116 116 116 116 116 116 116 116 117 117 117 117 117 117 117 117 117 117 117 117 117 117 117 117 117 117 117 117 117 117 117 117 118 118 118 118 118 118 118 118 118 118 118 118 118 118 118 118 119 119 119 119 119 119 119 119 120 120 119 119 117 116 116 115 115 114 111 109 108 108 108 108 106 108 108 106 103 103 105 108 114 115 115 114 110 105 100 97 90 81 70 62 61 60 59 57 64 67 72 80 87 95 100 103 101 99 101 99 99 99 99 99 100 104 106 108 114 119 119 115 109 100 90 87 93 104 123 142 170 188 208 221 225 222 223 224 224 225 226 228 228 228 227 224 221 220 218 215 214 212 213 212 208 187 157 122 88 67 66 72 97 97 80 60 51 46 49 62 73 84 95 98 98 99 99 97 101 101 102 102 102 100 99 98 97 97 100 102 103 102 104 103 104 104 106 106 107 107 107 110 113 113 113 113 115 115 115 115 116 116 116 118 118 118 118 116 115 113 112 111 111 110 109 109 112 113 111 106 102 95 81 68 65 65 70 81 96 105 108 106 106 111 116 118 117 115 115 116 112 113 113 112 112 108 91 75 55 48 66 106 146 187 217 225 220 214 210 210 212 214 210 207 215 216 216 216 215 213 213 212 209 208 210 212 213 212 211 211 211 211 211 210 210 210 209 211 218 219 220 219 220 220 221 220 221 220 221 220 221 220 221 220 216 215 216 215 216 215 216 215 216 215 216 215 216 215 216 216 216 216 217 215 217 215 217 214 217 215 218 217 220 218 219 217 219 217 217 216 216 214 214 213 219 217 216 214 214 213 214 214 216 216 217 217 218 217 219 218 219 218 219 218 219 218 219 219 219 219 221 219 221 219 221 219 227 225 227 225 226 224 226 224 226 223 224 222 224 222 224 223 225 223 224 222 223 220 222 222 222 222 223 221 223 222 222 221 224 222 222 220 221 219 218 218 215 213 213 211 210 207 206 204 196 193 190 185 183 180 180 178 0 0 0 0 0 0 0 0
0 0 0 0 0 0 0 0 207 206 207 205 206 205 206 205 202 202 204 203 205 206 210 212 214 213 215 215 217 217 218 218 219 217 218 219 224 222 219 215 219 220 216 202 171 132 91 68 68 80 95 101 101 100 101 103 102 102 102 102 102 102 102 102 104 104 104 105 105 106 106 106 106 106 106 107 107 108 108 108 109 109 109 110 110 111 111 111 110 110 112 113 113 113 113 113 109 109 110 111 111 112 113 113 116 112 93 76 71 63 57 62 73 83 96 103 105 105 107 109 116 116 116 116 116 116 116 116 116 116 116 116 116 116 116 116 117 117 117 117 117 117 117 117 117 117 117 117 117 117 117 117 117 117 117 117 117 117 117 117 118 118 118 118 118 118 118 118 118 118 118 118 118 118 118 118 119 119 119 119 119 119 119 119 120 120 120 117 117 116 115 115 115 115 112 111 110 108 107 107 105 106 106 104 102 102 107 111 115 116 118 119 117 113 108 105 105 94 81 73 71 69 63 57 58 60 64 69 76 82 88 91 93 92 94 94 95 94 95 98 97 102 102 100 106 117 123 122 123 111 95 86 79 80 95 111 145 170 201 219 221 219 217 219 219 221 223 224 225 224 223 222 219 219 217 216 213 209 209 209 205 183 152 115 81 62 64 73 96 95 77 57 49 45 50 65 78 87 97 99 98 98 97 94 99 100 101 101 100 98 97 94 95 96 98 101 102 102 101 102 102 103 104 105 105 106 106 106 111 112 112 112 112 114 114 114 116 116 116 116 118 118 118 116 115 113 112 111 111 110 109 109 114 116 113 108 105 100 86 71 64 64 67 78 93 104 107 106 107 111 116 117 115 114 114 116 114 116 114 111 112 110 96 82 61 47 58 93 133 175 208 219 223 217 210 209 212 214 211 207 223 221 218 214 209 205 201 197 190 190 193 193 195 195 196 195 193 192 192 191 192 190 191 191 187 188 192 192 196 197 201 200 203 201 203 201 203 201 203 201 206 204 206 204 206 204 206 204 209 207 209 207 209 207 209 209 210 210 210 210 210 210 210 210 210 210 211 213 213 213 213 213 211 211 210 207 206 205 205 203 201 200 200 197 197 198 198 199 197 197 197 197 198 198 198 199 198 198 198 198 198 198 198 200 197 197 198 197 198 197 198 197 207 206 207 205 205 204 204 203 201 199 198 197 198 198 201 201 201 199 199 197 197 194 194 193 195 193 192 190 187 186 184 181 186 186 185 184 183 183 182 181 180 179 178 176 173 171 168 167 161 158 154 149 144 141 140 139 0 0 0 0 0 0 0 0
0 0 0 0 0 0 0 0 218 216 218 215 217 214 216 214 215 212 213 210 211 210 213 212 216 214 216 214 215 213 215 213 215 212 213 212 215 213 213 211 209 208 205 196 168 129 93 77 73 85 96 97 98 100 102 102 100 100 100 101 101 102 102 102 104 104 104 105 105 106 106 106 107 106 106 106 106 107 108 109 109 109 109 110 110 111 111 111 111 111 111 112 112 113 113 113 112 111 111 110 110 111 111 112 115 109 100 88 77 68 61 57 65 74 87 100 107 110 111 110 114 114 115 115 115 116 116 116 116 116 116 117 117 118 118 118 117 117 117 117 117 117 117 117 119 119 119 118 118 117 117 117 116 116 116 116 116 116 116 116 118 118 118 118 118 118 118 118 119 119 119 119 119 119 119 119 119 119 119 119 119 119 119 119 119 119 118 117 116 115 114 113 108 108 109 109 108 108 108 109 105 105 106 107 107 108 109 109 113 113 113 113 113 113 113 113 110 109 107 102 93 83 74 68 63 56 53 55 57 58 64 70 82 92 87 90 95 98 107 95 99 104 106 105 106 113 121 127 132 120 104 93 81 68 72 82 112 150 181 198 213 217 209 208 212 216 217 218 218 220 223 223 216 218 232 228 205 204 211 198 199 182 138 97 80 59 53 75 97 88 73 55 45 49 64 75 85 92 97 96 98 101 99 92 97 100 102 103 101 99 98 98 102 95 100 106 100 101 105 102 109 106 104 102 103 104 105 105 111 111 112 112 111 111 110 110 115 116 117 114 113 113 116 119 112 111 111 110 109 108 107 106 110 113 114 111 106 100 89 79 71 63 60 72 88 99 104 107 110 110 110 110 111 112 113 114 116 115 110 106 107 108 99 91 69 57 52 71 110 156 194 214 222 219 213 209 209 213 214 213 223 220 215 207 198 185 175 168 163 158 155 149 150 150 154 153 153 150 152 149 151 148 150 150 149 148 150 154 163 167 169 167 168 167 168 167 168 167 168 167 170 171 176 179 181 180 179 176 183 182 184 184 186 186 188 189 192 194 195 197 197 196 195 195 197 196 195 195 194 192 190 188 191 187 183 180 180 179 177 173 174 176 176 172 165 161 160 160 161 162 162 162 163 163 163 164 166 164 162 159 158 157 157 158 158 158 160 158 160 158 160 158 164 162 164 162 164 162 164 162 164 158 158 157 160 156 156 153 155 154 155 150 151 148 147 141 147 142 140 134 130 128 127 126 125 124 124 124 124 124 124 122 118 121 125 125 122 119 117 116 110 109 106 103 100 97 94 93 0 0 0 0 0 0 0 0
0 0 0 0 0 0 0 0 195 194 195 193 193 192 192 191 192 192 193 191 191 188 187 185 185 184 184 183 183 181 182 181 185 182 181 180 180 178 176 173 173 174 173 165 141 107 76 61 74 86 97 98 99 100 102 102 100 100 100 101 101 102 102 102 104 104 104 105 105 106 106 106 107 106 106 106 106 107 108 109 109 109 109 110 110 111 111 111 111 111 111 112 112 113 113 113 112 111 111 110 110 111 111 112 117 112 104 94 84 74 66 61 62 70 82 95 103 107 109 109 114 114 114 115 115 115 116 116 116 116 116 117 117 117 118 118 117 117 117 117 117 117 117 117 119 119 119 118 118 117 117 117 116 116 116 116 116 116 116 116 118 118 118 118 118 118 118 118 119 119 119 119 119 119 119 119 119 119 119 119 119 119 119 119 120 119 119 118 116 115 114 114 110 109 109 109 108 108 108 108 106 106 106 106 107 107 107 107 110 110 110 110 110 110 110 110 112 112 110 107 102 95 89 85 75 67 62 61 59 55 57 61 69 85 85 90 92 93 107 100 101 101 101 101 102 100 102 108 118 118 114 106 93 78 74 75 96 125 152 174 199 212 211 214 214 218 221 222 222 221 220 218 222 222 231 225 207 200 202 194 185 174 138 100 82 66 64 83 93 83 67 49 45 51 70 81 91 95 97 94 96 99 100 95 105 105 105 101 99 95 96 96 98 95 102 105 98 98 105 103 100 100 102 107 110 110 108 105 109 111 112 113 114 114 114 114 110 114 116 115 113 113 115 116 111 111 111 110 109 108 107 106 109 113 114 111 107 102 92 82 76 67 62 70 84 94 100 104 110 110 109 109 109 111 112 113 118 116 110 106 107 109 103 96 79 64 54 66 98 140 178 201 216 216 213 212 212 216 213 207 209 199 186 169 158 149 144 139 131 127 125 121 121 120 121 119 119 118 118 116 116 114 115 114 113 112 115 116 121 122 124 122 122 120 122 120 122 120 122 120 120 120 126 128 133 132 134 132 137 136 138 137 140 138 141 139 158 157 160 159 162 159 161 158 159 156 158 155 155 150 150 147 151 146 145 141 141 139 139 136 134 134 132 127 119 111 111 109 120 118 121 119 121 120 122 120 124 121 121 117 118 116 118 118 117 117 117 117 117 117 117 117 119 119 119 119 119 119 119 119 120 117 115 116 116 113 108 105 101 102 101 100 100 101 101 101 101 100 98 96 95 93 92 92 91 89 89 88 89 88 90 89 92 94 100 100 101 98 99 97 98 96 97 94 94 91 93 90 0 0 0 0 0 0 0 0
0 0 0 0 0 0 0 0 171 169 170 167 168 166 167 165 165 164 167 165 165 159 157 152 152 150 151 148 149 146 148 145 148 144 144 141 142 137 136 133 137 141 144 142 124 97 75 64 74 86 97 99 100 101 102 101 101 101 101 101 102 102 102 102 104 104 104 105 105 106 106 106 105 104 104 104 104 105 106 107 107 107 107 108 108 109 109 109 109 109 110 110 110 110 111 111 110 109 109 108 108 109 109 110 113 110 104 98 90 80 69 62 59 65 76 88 97 104 107 108 112 112 113 113 113 114 114 114 115 115 115 115 116 116 116 117 116 116 116 116 116 116 116 116 117 117 117 117 116 116 116 116 115 115 115 115 115 115 115 115 117 117 117 117 117 117 117 117 118 118 118 118 118 118 118 118 119 119 119 119 119 119 119 119 120 120 118 117 117 116 113 113 111 111 109 109 108 107 106 106 107 107 106 106 106 105 105 105 107 107 107 107 107 107 107 107 111 111 110 109 108 105 103 102 91 84 78 73 66 58 54 53 66 81 83 90 87 86 102 101 101 95 94 98 97 89 88 95 102 116 122 116 101 87 77 70 80 97 115 140 178 201 206 212 217 218 217 216 214 212 211 209 212 213 214 208 194 178 172 173 165 160 130 91 73 66 74 92 89 77 60 45 44 56 77 88 100 98 98 92 93 94 97 93 100 100 103 100 98 92 92 90 90 89 97 96 86 86 94 93 95 96 99 103 106 106 104 104 105 107 109 111 112 113 113 113 110 113 114 114 113 114 114 115 111 110 110 110 109 108 107 106 109 112 113 111 108 105 96 88 78 68 61 67 78 88 98 104 110 109 107 106 106 107 110 111 120 117 110 104 105 110 108 103 90 72 57 61 84 121 161 189 210 213 214 215 216 218 211 201 195 181 162 143 130 121 118 117 105 102 102 101 102 99 97 93 95 93 93 91 90 88 88 87 86 86 88 86 85 82 84 84 82 81 82 81 82 81 82 81 88 88 90 91 94 95 97 97 98 97 98 97 98 97 98 97 120 120 122 122 123 122 123 121 114 114 114 111 110 108 112 113 111 109 109 107 106 104 104 102 99 97 95 90 85 79 78 77 69 68 69 69 70 70 71 70 72 71 71 69 69 68 70 70 66 68 68 68 68 68 68 68 70 70 70 70 70 70 70 70 70 69 68 68 67 63 54 47 57 57 58 58 59 61 64 67 68 68 70 71 72 70 70 70 70 69 70 68 71 69 72 70 72 75 81 84 86 85 87 87 94 93 95 96 98 98 100 100 0 0 0 0 0 0 0 0
0 0 0 0 0 0 0 0 121 120 120 119 118 117 117 116 111 112 113 112 110 108 104 102 99 99 98 97 96 95 94 94 90 88 87 87 87 86 83 81 92 97 105 108 95 74 57 52 68 83 95 98 101 102 103 102 101 102 102 102 102 102 102 102 104 104 104 105 105 106 106 106 105 104 104 104 104 105 106 107 107 107 107 108 108 109 109 109 110 110 110 110 110 110 110 110 110 109 109 108 108 109 109 110 110 108 105 101 96 86 73 65 60 64 72 83 95 104 109 111 111 112 112 112 113 113 113 113 114 114 115 115 115 116 116 116 116 116 116 116 116 116 116 116 117 116 116 116 116 116 116 116 116 116 116 116 116 116 116 116 117 117 117 117 117 117 117 117 117 117 117 117 117 117 117 117 119 119 119 119 119 119 119 119 120 119 118 118 117 117 114 114 112 112 110 109 108 107 106 105 108 108 107 106 105 104 104 103 105 105 105 105 105 105 105 105 105 105 105 105 106 107 108 109 103 99 94 87 78 69 63 59 49 55 50 58 61 58 72 70 77 67 64 71 71 63 62 68 88 107 120 117 107 97 85 73 73 78 86 112 154 179 186 195 210 209 204 196 189 185 184 184 176 182 184 175 158 140 133 138 138 134 110 75 57 59 77 92 90 73 52 40 43 61 81 93 102 99 97 93 92 92 92 91 91 95 100 100 96 91 85 83 83 82 88 85 76 78 84 79 90 92 95 96 98 98 100 101 101 105 107 110 111 111 111 110 113 113 114 114 113 113 116 115 110 110 110 110 110 109 108 107 109 112 113 110 109 108 101 92 76 68 61 64 73 84 97 107 110 108 106 104 104 106 108 110 119 116 109 102 103 109 110 108 96 78 62 60 73 103 146 180 205 212 216 216 216 217 210 197 182 169 149 133 122 119 118 116 126 126 127 130 132 130 125 120 122 122 120 118 117 115 113 113 113 115 115 112 107 104 105 107 104 104 104 104 104 104 104 104 103 102 100 98 97 96 97 97 94 94 93 93 92 92 91 91 96 96 97 97 98 98 98 98 91 90 87 82 79 83 93 102 96 98 101 99 97 93 95 95 92 92 92 92 91 90 93 91 101 100 102 100 103 101 103 102 104 102 104 102 104 102 105 105 101 101 102 101 102 101 102 101 103 102 103 102 103 102 103 102 103 102 103 101 101 95 83 70 71 70 74 79 83 83 88 92 98 100 102 105 107 107 107 106 109 108 108 108 110 109 111 110 107 109 116 118 121 121 124 124 134 134 137 138 142 143 146 146 0 0 0 0 0 0 0 0
0 0 0 0 0 0 0 0 83 83 83 82 82 82 81 81 80 79 78 78 77 77 78 78 73 73 72 72 71 70 69 69 65 65 65 68 71 72 71 71 81 86 93 95 83 62 47 43 64 80 93 98 101 103 105 104 103 102 102 102 102 102 102 102 104 104 104 105 105 106 106 106 105 104 104 104 104 105 106 107 107 107 107 108 108 109 109 109 110 110 110 110 110 110 110 110 110 109 109 108 108 109 109 110 109 108 106 106 103 94 80 70 61 62 67 77 89 101 108 112 111 111 111 111 112 112 112 113 114 114 114 115 115 115 116 116 116 116 116 116 116 116 116 116 115 116 116 116 116 116 116 116 116 116 116 116 116 116 116 116 117 117 117 117 117 117 117 117 117 117 117 117 117 117 117 117 118 118 118 118 118 118 118 118 118 118 117 117 115 115 114 114 112 111 111 110 108 107 106 106 109 109 108 107 105 104 104 103 106 106 106 106 106 106 106 106 102 102 102 102 103 105 107 108 108 108 105 99 93 87 82 76 51 40 26 45 64 65 75 67 76 65 60 63 62 55 50 50 69 88 104 110 110 107 95 81 72 70 71 92 128 149 159 175 193 194 189 176 159 146 140 139 132 137 143 134 115 107 109 110 105 97 86 66 53 59 75 83 85 67 45 35 42 62 81 91 93 91 91 93 93 93 93 94 99 96 91 84 76 72 70 71 70 65 66 67 68 78 82 71 68 79 92 99 100 100 102 107 106 108 110 112 113 112 112 110 114 112 110 108 110 112 113 115 109 108 109 109 109 108 107 106 107 110 111 109 108 108 103 97 82 74 65 64 68 78 92 104 108 107 105 104 105 106 108 110 115 114 108 101 101 107 109 108 100 84 68 62 64 83 123 161 196 210 217 215 212 214 209 196 175 158 135 119 115 121 130 135 147 145 146 151 156 155 150 144 147 146 145 143 141 140 138 138 139 141 142 140 136 133 134 137 134 134 134 134 134 134 134 134 133 131 127 124 121 119 119 119 116 116 115 115 114 113 113 112 98 98 98 98 99 99 100 100 98 94 85 74 67 73 89 103 105 110 117 115 111 108 110 112 113 111 112 115 119 122 125 126 123 122 123 123 124 123 125 124 125 125 126 126 127 126 127 127 126 126 128 126 128 126 128 126 124 122 124 122 124 122 124 122 123 123 125 121 123 116 103 84 86 83 92 104 115 117 122 127 134 136 138 140 141 139 138 138 141 140 141 140 142 141 143 142 138 140 146 146 149 148 152 152 161 160 163 163 167 167 170 169 0 0 0 0 0 0 0 0
0 0 0 0 0 0 0 0 83 83 83 84 84 84 85 85 89 88 88 87 88 90 92 93 95 95 94 94 94 93 93 93 96 96 97 101 105 108 108 107 109 115 120 116 98 73 54 48 63 78 94 99 101 105 106 105 103 103 103 103 102 102 102 102 104 104 104 105 105 106 106 106 105 104 104 104 104 105 106 107 107 107 107 108 108 109 109 109 111 111 110 110 110 110 109 109 110 109 109 108 108 109 109 110 111 109 109 111 111 103 89 78 60 59 60 68 82 96 105 108 110 110 110 111 111 111 112 112 113 114 114 114 115 115 115 115 116 116 116 116 116 116 116 116 115 115 115 115 116 116 116 116 117 117 117 117 117 117 117 117 117 117 117 117 117 117 117 117 116 116 116 116 116 116 116 116 116 116 116 116 116 116 116 116 116 116 116 116 114 114 114 114 111 111 111 110 108 108 107 107 110 109 109 108 107 106 105 105 107 107 107 107 107 107 107 107 104 104 104 104 104 105 106 107 107 110 109 106 103 103 100 92 71 49 34 69 109 120 125 114 112 104 98 97 94 87 75 65 62 67 76 90 103 108 100 89 79 73 70 82 105 116 131 154 177 181 180 162 135 114 106 105 95 93 104 97 80 98 118 104 81 66 66 67 62 68 79 80 74 56 36 31 44 67 84 92 86 84 86 92 95 96 98 102 109 97 77 57 45 46 54 62 53 40 38 48 69 93 93 71 44 68 96 111 111 106 107 112 109 112 115 117 118 116 115 114 111 109 106 105 108 109 110 109 107 108 108 109 109 108 107 107 107 110 110 107 108 109 105 99 93 85 73 67 65 69 82 95 105 105 105 106 107 108 109 110 111 111 108 102 101 106 106 105 103 90 78 67 56 62 95 133 179 201 215 213 208 210 208 198 182 155 122 101 104 123 146 160 151 149 150 155 161 162 157 151 153 153 151 150 149 147 146 146 147 148 149 149 148 148 149 151 150 150 150 150 150 150 150 150 155 153 151 149 147 146 147 147 146 146 145 145 144 144 143 141 132 132 132 131 132 133 134 134 129 123 108 89 75 78 96 112 128 136 144 144 139 136 138 140 143 141 141 141 146 150 152 152 154 154 154 155 155 156 156 156 156 157 158 158 159 158 158 157 159 159 159 159 159 159 159 159 152 152 152 152 152 152 152 152 150 153 153 150 151 148 131 112 82 78 86 107 126 134 139 145 149 149 150 148 148 147 147 145 146 145 145 145 145 145 145 143 140 142 145 146 146 147 149 150 154 154 155 156 157 158 159 159 0 0 0 0 0 0 0 0
0 0 0 0 0 0 0 0 100 101 102 103 104 105 106 106 109 110 111 112 113 113 114 114 119 119 120 120 120 120 121 121 125 124 125 128 131 133 133 132 130 134 140 132 108 78 57 49 68 82 98 102 103 104 106 105 104 104 104 103 103 102 102 102 104 104 104 105 105 106 106 106 105 103 103 103 103 104 105 106 106 106 106 107 107 108 108 108 110 110 110 109 109 108 108 108 109 108 108 107 107 108 108 109 109 108 108 111 112 106 92 81 61 57 56 63 77 92 102 106 107 107 108 108 108 109 109 109 111 111 112 112 112 113 113 113 114 114 114 114 114 114 114 114 112 112 112 113 113 114 114 114 115 115 115 115 115 115 115 115 115 115 115 115 115 115 115 115 114 114 114 114 114 114 114 114 113 113 113 113 113 113 113 113 114 115 115 115 113 113 113 113 110 110 109 109 109 109 109 108 110 110 109 109 108 107 107 107 107 107 107 107 107 107 107 107 107 107 107 107 107 107 107 107 104 108 110 107 107 110 110 102 79 55 46 99 155 172 175 159 155 159 157 154 156 153 133 112 99 77 60 66 87 103 110 109 94 86 77 77 83 84 105 139 171 176 169 145 116 98 102 112 91 72 83 80 73 124 161 129 88 56 50 62 63 69 82 82 63 46 30 32 52 79 96 102 93 87 87 91 94 94 99 105 110 95 72 52 43 50 65 77 55 33 26 45 84 120 117 84 44 72 105 115 105 95 99 108 101 104 108 111 114 112 110 108 108 107 107 109 111 111 109 105 107 108 108 109 109 108 108 107 108 110 109 106 106 108 105 100 100 90 77 68 61 63 75 88 100 102 104 106 108 108 108 108 108 110 109 105 103 105 104 102 104 96 88 76 55 49 75 111 155 187 212 211 204 206 206 198 190 158 120 96 99 124 152 170 168 163 160 163 169 171 166 161 161 161 160 159 158 157 157 156 157 156 156 158 161 163 163 163 164 164 164 164 164 164 164 164 160 160 159 158 158 158 158 159 159 158 158 158 158 158 157 157 159 156 156 155 156 157 158 159 150 144 128 104 85 84 99 115 139 150 160 162 156 150 154 159 162 157 154 154 157 158 159 158 160 160 160 161 161 161 162 162 162 163 164 165 164 163 162 162 165 165 165 165 165 165 165 165 159 159 159 159 159 159 159 159 157 161 161 157 159 158 142 121 96 85 88 111 136 149 156 161 161 160 159 158 157 156 155 156 156 155 154 151 151 150 149 149 147 148 150 151 151 152 154 155 156 156 157 157 157 158 158 158 0 0 0 0 0 0 0 0
0 0 0 0 0 0 0 0 136 137 138 140 142 143 145 145 141 143 146 148 149 147 145 144 142 142 143 143 144 145 145 146 146 145 145 146 148 148 147 147 145 150 156 147 122 88 66 58 73 87 102 105 104 104 104 102 102 102 104 101 103 100 102 100 104 102 104 103 105 104 106 104 104 103 103 103 103 104 105 106 106 106 106 107 107 108 108 108 110 110 110 109 109 108 108 108 109 108 108 107 107 108 108 109 107 105 105 109 111 106 93 81 64 59 57 63 77 92 103 107 107 107 107 108 108 108 109 109 111 111 111 112 112 113 113 113 114 114 114 114 114 114 114 114 112 112 112 113 113 114 114 114 115 115 115 115 115 115 115 115 115 115 115 115 115 115 115 115 114 114 114 114 114 114 114 114 112 112 112 112 112 112 112 112 111 111 114 112 112 112 112 112 109 110 109 109 109 109 110 110 110 110 110 109 109 109 108 108 107 107 107 107 107 107 107 107 107 107 108 109 109 108 107 107 102 107 108 105 107 112 112 105 94 72 69 132 196 214 216 198 207 219 224 223 230 234 212 182 150 104 60 56 78 104 123 134 107 98 83 73 67 60 82 124 172 172 157 126 96 91 113 137 104 73 82 83 85 159 209 164 110 59 40 52 54 65 85 90 58 42 30 37 62 90 107 112 104 96 91 91 91 90 95 103 107 97 82 69 67 78 94 107 74 46 34 58 108 150 143 103 63 87 112 110 90 78 85 99 87 90 95 99 103 103 101 101 106 108 111 116 119 117 110 105 107 107 108 109 109 109 108 108 108 109 108 105 106 107 105 100 100 91 79 69 61 62 74 88 98 101 104 108 110 110 109 109 104 109 111 105 105 104 103 100 104 99 94 84 59 46 68 103 137 176 208 211 203 205 203 198 187 157 119 96 99 122 147 161 166 159 154 155 160 162 159 154 152 152 151 151 150 150 149 149 148 146 146 149 154 157 156 154 156 156 156 156 156 156 156 156 158 158 157 157 157 156 156 155 155 155 155 155 155 155 155 155 154 152 151 151 151 152 154 155 150 145 131 107 86 82 96 112 133 145 158 158 152 148 152 158 159 155 151 150 150 152 152 151 152 152 153 153 153 154 154 154 155 155 156 157 156 155 153 152 156 156 157 156 157 156 157 156 156 155 156 155 156 155 156 156 153 158 157 154 157 157 141 119 96 80 77 99 125 139 146 152 153 152 150 148 146 146 147 147 148 147 146 144 144 142 142 140 141 143 145 146 146 147 149 152 151 151 151 152 152 152 153 153 0 0 0 0 0 0 0 0
0 0 0 0 0 0 0 0 145 145 146 147 148 148 149 149 154 155 157 157 156 154 151 149 149 149 148 148 148 147 147 147 147 145 144 149 154 156 152 148 156 159 160 151 126 92 68 58 77 87 97 98 98 99 101 99 101 101 102 100 101 99 100 99 101 100 101 101 102 102 103 102 102 102 102 103 103 104 104 104 106 106 106 107 107 108 108 109 108 108 108 108 108 108 108 108 107 107 107 107 107 107 107 107 108 107 106 108 109 105 95 86 73 65 57 58 70 87 100 107 106 108 108 109 109 110 110 110 112 112 112 112 112 112 112 112 115 115 114 114 114 114 114 114 113 113 114 114 114 115 115 115 114 114 115 115 115 116 116 116 116 116 116 116 116 116 116 116 116 116 116 116 116 116 116 116 115 115 115 115 115 115 115 113 112 112 113 112 112 111 110 109 110 110 110 110 110 110 110 110 110 110 110 110 110 110 110 110 109 109 109 109 109 109 109 109 110 110 109 108 107 107 106 106 106 108 109 108 110 113 111 103 79 70 72 134 211 195 187 147 140 153 149 158 147 147 193 202 191 138 91 56 63 89 98 109 94 61 61 54 45 42 48 94 132 130 127 97 86 109 137 170 122 84 65 67 79 162 223 164 118 50 23 41 46 49 62 67 39 35 39 49 60 79 92 85 88 76 74 76 71 75 86 89 86 78 63 73 76 120 137 140 105 58 40 43 83 99 111 94 64 89 95 96 78 63 75 80 71 63 80 95 86 90 107 113 121 113 103 106 117 124 116 101 108 108 108 108 108 108 108 108 109 109 109 109 107 104 101 101 97 96 88 77 67 66 73 80 89 98 108 110 108 106 109 111 106 105 106 104 105 103 103 102 103 102 101 91 69 52 62 83 117 154 192 207 212 213 207 198 194 166 120 104 90 117 137 162 162 165 156 149 156 159 153 154 151 150 148 147 145 145 144 144 144 145 146 146 148 148 149 150 149 149 149 149 149 149 149 149 148 148 148 148 148 148 148 148 150 150 150 150 150 150 150 150 152 152 152 152 153 156 158 159 156 150 130 112 103 92 91 102 123 138 154 154 149 146 145 145 153 151 149 146 145 146 147 148 144 145 145 145 145 145 146 146 147 147 147 147 147 147 147 147 146 146 148 146 148 146 148 146 149 147 149 147 149 147 149 149 148 149 149 148 149 147 136 124 93 79 71 83 108 131 146 154 148 145 141 139 139 141 142 143 141 142 143 142 145 143 145 143 140 140 142 144 146 147 147 148 149 149 149 149 149 149 149 149 0 0 0 0 0 0 0 0
0 0 0 0 0 0 0 0 147 146 148 148 150 149 151 150 154 154 157 157 158 157 157 155 152 151 151 150 150 149 149 148 147 145 146 151 157 160 157 155 155 159 160 151 126 92 67 59 75 85 94 96 97 98 99 97 101 101 101 100 100 99 99 99 100 100 100 101 101 102 102 102 102 102 102 103 103 104 104 104 106 106 106 107 107 107 108 108 108 108 108 108 108 108 108 108 107 107 107 107 107 107 107 107 108 106 105 107 108 105 97 90 79 69 58 57 67 83 96 103 107 107 107 108 109 109 110 110 112 112 112 112 112 112 112 112 113 113 113 113 113 113 113 113 112 112 113 113 114 114 114 114 113 113 114 114 115 115 115 115 116 116 116 116 116 116 116 116 116 116 116 116 116 116 116 116 115 115 115 115 115 115 115 113 112 112 112 112 112 111 110 109 110 110 110 110 110 110 110 110 110 110 110 110 110 110 110 110 110 110 110 110 110 110 110 110 110 110 109 109 108 107 106 106 106 109 109 108 110 113 111 103 78 71 73 134 199 163 131 77 65 74 67 57 49 73 147 207 208 168 124 71 55 69 76 90 60 37 43 42 37 33 27 56 89 86 91 80 91 130 163 195 138 88 61 58 68 150 218 170 102 45 24 40 41 37 40 34 39 34 44 51 53 61 69 66 60 56 52 48 50 55 63 66 69 59 48 68 88 143 163 163 113 63 42 35 62 70 83 63 54 77 85 87 71 53 65 67 57 53 60 69 69 77 100 117 124 116 108 105 113 118 112 101 108 108 108 108 108 108 108 108 109 109 109 108 107 104 102 101 99 98 90 79 69 66 71 77 87 96 107 111 109 107 109 110 107 106 105 105 104 104 104 103 104 103 104 95 74 55 59 74 102 140 179 202 210 212 207 197 202 172 125 105 87 113 133 160 160 164 154 147 154 155 152 154 152 151 149 146 146 144 145 144 143 143 144 145 145 146 146 147 146 146 146 146 146 146 146 146 146 146 146 146 146 146 146 146 148 148 148 148 148 148 148 146 149 149 149 149 151 153 155 156 153 148 130 113 105 92 88 98 117 133 149 151 148 145 145 142 149 146 145 141 142 141 143 143 142 141 142 141 143 142 143 142 143 142 143 142 143 143 144 143 143 142 143 142 143 142 143 142 144 143 144 143 144 143 144 144 144 145 146 144 147 145 137 126 99 81 69 77 102 124 142 150 146 140 136 133 137 139 141 140 140 140 142 142 144 143 144 143 139 139 141 142 143 144 145 145 146 146 146 146 146 146 146 146 0 0 0 0 0 0 0 0
0 0 0 0 0 0 0 0 139 137 140 139 142 140 143 141 145 144 147 146 150 149 152 151 150 149 148 147 146 145 144 144 143 142 142 146 151 153 150 148 151 154 156 147 123 89 66 58 74 84 93 95 97 100 100 98 101 101 101 100 100 99 99 99 100 100 100 101 101 102 102 102 102 102 102 103 103 104 104 104 105 105 106 106 106 107 107 107 107 107 107 107 107 107 107 107 106 106 106 106 106 106 106 106 108 105 104 105 106 105 100 95 86 75 61 55 62 76 90 99 104 105 106 106 107 108 109 109 111 111 111 111 111 111 111 111 112 112 112 112 112 112 112 112 111 111 112 112 112 113 113 113 112 112 113 113 113 114 114 114 116 116 116 116 116 116 116 116 116 116 116 116 116 116 116 116 115 115 115 115 115 115 115 113 112 112 112 112 112 111 110 109 110 110 110 110 110 110 110 110 110 110 110 110 110 111 111 111 111 111 111 111 111 111 111 111 111 111 110 109 108 108 107 107 106 109 109 108 110 113 111 103 63 60 71 141 211 170 126 62 40 57 68 50 39 43 81 153 209 188 149 75 28 30 43 65 75 71 89 100 100 90 61 56 50 44 55 65 105 163 199 227 159 101 68 62 63 138 209 169 133 91 82 98 94 82 71 51 41 33 43 50 42 40 50 55 71 86 89 82 90 87 80 73 53 37 29 62 103 170 194 189 127 74 57 46 68 75 91 67 40 57 63 69 65 57 78 84 94 92 85 77 72 65 75 97 117 115 110 105 108 112 110 105 108 108 108 108 108 108 108 108 108 109 109 108 107 104 102 101 102 101 93 82 72 67 68 72 84 93 105 111 110 108 109 109 108 107 106 106 106 105 105 105 104 106 108 102 82 60 55 62 81 118 161 192 208 213 209 199 210 181 132 108 84 106 127 155 158 160 151 143 150 152 149 153 151 150 149 146 146 144 145 144 144 142 142 142 142 142 143 143 143 143 143 143 143 143 143 143 144 144 144 144 144 144 144 144 144 144 144 144 144 144 144 144 148 147 147 147 148 150 152 153 150 147 132 118 110 94 86 93 111 127 145 150 149 146 145 142 144 142 141 139 139 138 140 140 139 137 139 138 140 139 141 139 141 139 142 140 143 141 144 142 143 141 143 141 143 141 143 141 141 139 141 139 141 139 141 141 141 142 143 141 144 145 141 132 111 87 69 71 93 118 139 149 145 137 131 129 135 139 141 139 141 140 143 143 145 144 145 144 142 141 141 142 142 142 143 143 144 144 144 144 144 144 144 144 0 0 0 0 0 0 0 0
0 0 0 0 0 0 0 0 131 131 132 132 134 134 135 134 138 137 138 138 141 142 145 145 146 146 145 144 143 142 141 141 142 140 139 140 142 142 139 137 146 149 151 142 118 85 62 53 73 83 92 94 98 100 101 99 101 101 101 100 100 99 99 99 100 100 100 101 101 102 102 102 102 102 102 103 103 104 104 104 105 105 105 105 105 106 106 106 106 106 106 106 106 106 106 106 105 105 105 105 105 105 105 105 107 105 103 103 104 105 103 101 92 79 64 55 58 71 86 95 101 102 103 104 106 107 108 109 110 110 110 110 110 110 110 110 110 110 110 110 110 111 111 111 110 110 110 111 111 112 112 112 111 111 111 112 112 113 113 113 115 115 115 115 115 115 115 115 115 115 115 115 115 115 115 115 115 115 115 115 115 115 115 113 112 112 112 112 112 111 110 109 110 110 110 110 110 110 110 110 110 110 110 111 111 111 111 112 113 113 113 113 113 113 113 113 112 111 111 110 109 108 108 108 107 109 110 108 110 113 110 102 63 55 67 142 213 167 117 50 42 53 64 43 39 34 37 106 207 200 167 82 21 25 48 82 94 107 135 154 160 139 93 60 47 31 37 59 115 184 220 244 173 116 84 74 63 127 200 170 145 114 117 137 133 120 102 73 51 35 35 40 32 32 53 72 83 115 129 128 132 119 88 68 54 33 18 60 113 193 215 208 143 87 71 70 94 110 121 87 28 38 40 62 80 94 125 135 132 130 108 85 74 53 50 75 97 104 108 106 107 109 112 111 108 108 108 108 108 108 108 108 108 108 109 108 107 105 102 102 105 104 97 87 77 69 67 67 80 89 102 109 110 109 109 108 108 107 107 107 107 107 107 107 105 108 111 108 91 68 55 53 63 98 142 180 205 215 213 204 214 187 139 112 83 100 120 149 154 158 151 142 148 151 149 152 150 150 148 145 144 143 143 144 144 144 143 143 143 143 143 143 143 143 143 143 143 143 143 143 143 143 143 143 143 143 143 143 142 142 142 142 142 142 142 141 145 143 144 144 145 146 147 148 145 144 132 121 114 96 82 86 105 120 140 146 149 146 145 140 142 139 140 136 138 136 139 137 137 136 138 137 139 139 140 140 143 142 143 143 145 144 146 145 146 145 146 145 146 145 146 145 139 138 139 138 139 138 139 139 138 139 141 137 142 144 144 137 120 93 70 65 85 109 134 147 143 134 128 126 133 137 140 137 141 140 143 143 146 144 147 145 144 142 143 140 142 140 142 140 143 141 143 141 143 141 143 141 0 0 0 0 0 0 0 0
0 0 0 0 0 0 0 0 134 134 135 135 137 137 138 138 143 141 142 141 143 143 145 146 147 146 146 145 144 143 142 142 143 142 141 141 142 141 140 139 143 147 148 139 114 84 61 52 72 82 92 94 97 100 100 99 101 101 101 100 100 99 99 99 100 100 100 101 101 102 102 102 102 102 102 103 103 104 104 104 105 105 105 105 105 104 104 104 104 104 104 104 104 104 104 104 105 105 105 105 105 105 105 105 106 104 102 102 103 105 105 105 95 83 67 57 57 68 81 91 98 99 100 102 104 106 107 108 108 108 108 108 108 108 108 108 108 108 109 109 110 110 111 111 110 110 110 110 111 111 112 112 111 111 111 111 112 112 113 113 115 115 115 115 115 115 115 115 115 115 115 115 115 115 115 115 115 115 115 115 115 115 115 113 112 112 112 112 112 111 110 109 110 110 110 110 110 110 110 110 110 110 110 111 111 112 112 113 114 114 114 114 114 114 114 114 112 112 112 111 110 109 109 108 107 110 110 108 110 112 110 101 66 57 69 147 218 170 117 49 45 58 70 45 39 31 28 90 194 188 158 80 28 44 81 122 153 169 184 201 211 195 159 119 81 48 39 56 116 187 220 244 175 120 90 76 57 122 205 185 176 151 158 179 180 174 163 141 76 44 27 27 29 47 83 111 141 168 185 185 181 167 136 109 75 45 21 60 118 203 225 217 152 87 72 80 112 135 139 85 19 30 42 84 121 142 167 172 197 195 169 141 121 84 64 77 78 93 107 109 108 107 109 110 108 108 108 108 108 108 108 108 107 108 108 108 107 105 103 103 106 106 101 93 83 74 68 65 76 85 97 106 109 109 109 107 108 107 107 107 107 108 108 108 106 108 112 111 99 78 60 51 54 82 123 165 196 212 216 210 212 190 146 119 84 96 114 142 152 157 152 144 149 150 149 151 148 147 146 144 143 143 143 143 144 144 144 144 144 144 143 143 144 144 144 144 144 144 144 144 142 142 142 142 142 142 142 142 141 141 141 141 141 141 141 141 141 142 143 143 144 145 145 145 141 142 133 126 119 100 82 81 98 114 133 141 145 145 143 139 140 138 139 137 138 137 138 137 138 136 139 137 140 139 142 140 144 142 144 143 145 144 146 144 146 144 146 144 146 144 146 144 140 138 140 138 140 138 140 140 136 138 139 136 139 143 145 141 126 100 74 65 78 100 127 144 140 133 127 126 132 135 138 136 140 140 142 143 145 145 146 145 145 143 142 140 140 139 140 139 141 140 141 140 141 140 141 140 0 0 0 0 0 0 0 0
0 0 0 0 0 0 0 0 134 134 135 136 137 137 138 138 142 142 142 142 141 141 141 143 141 141 142 141 141 140 141 140 139 139 140 140 142 142 144 144 147 150 150 141 115 83 62 54 72 83 92 94 97 99 99 99 101 101 101 100 100 99 99 99 100 100 100 101 101 102 102 102 102 102 102 103 103 104 104 104 105 105 104 104 104 103 103 103 103 103 103 103 103 103 103 103 104 104 104 104 104 104 104 104 105 104 103 103 103 105 106 107 97 87 73 62 59 66 76 84 93 96 98 100 102 104 106 107 107 107 107 107 107 107 107 107 107 108 108 109 110 110 111 111 110 110 110 111 111 112 112 112 111 111 111 112 112 113 113 113 114 114 114 114 114 114 114 114 114 114 114 114 114 114 114 114 115 115 115 115 115 115 115 113 111 112 112 112 112 111 110 109 110 110 110 110 110 110 110 110 110 110 111 111 112 113 113 113 114 114 114 114 114 114 114 114 113 113 112 112 111 110 109 109 108 110 110 109 110 112 109 100 70 60 73 152 223 173 120 56 42 63 74 53 39 39 63 119 191 172 137 72 46 76 118 159 161 163 148 156 168 174 176 158 128 79 49 52 104 171 204 229 161 109 76 58 45 125 220 205 173 137 135 157 163 168 181 178 112 65 29 23 42 83 125 145 156 156 162 159 148 151 152 136 106 67 30 60 113 198 222 215 145 73 62 81 126 159 161 93 16 39 72 130 166 166 165 152 154 167 178 183 166 116 69 51 68 89 108 111 108 105 106 107 108 108 108 108 108 108 108 108 107 107 108 108 107 105 103 103 107 108 104 99 90 80 71 65 73 80 92 101 106 108 108 107 106 106 107 107 107 108 108 108 107 108 110 111 105 89 70 56 52 72 104 146 182 204 213 212 209 193 156 130 90 95 107 134 147 156 152 146 150 149 146 149 146 145 144 141 140 139 140 141 142 144 145 145 145 145 145 145 145 145 145 145 145 145 145 145 143 143 143 143 143 143 143 143 141 141 141 141 141 141 141 139 140 139 142 141 143 141 143 141 140 140 135 128 126 103 84 80 94 108 127 135 141 141 142 136 138 136 138 136 138 136 138 136 137 136 138 138 140 141 142 142 141 140 141 140 141 140 141 140 142 141 142 141 142 141 142 141 139 138 139 138 139 138 139 139 135 138 140 135 138 141 144 140 130 107 83 68 73 88 116 135 137 132 131 128 131 132 136 134 138 138 141 141 145 144 146 144 145 143 142 139 139 138 140 140 140 139 140 139 140 139 140 139 0 0 0 0 0 0 0 0
0 0 0 0 0 0 0 0 132 132 133 134 134 135 136 136 136 137 138 139 139 138 137 136 135 135 138 136 138 136 139 137 137 136 139 137 140 139 143 145 149 151 150 141 115 83 62 54 73 84 93 94 96 98 100 98 101 101 101 100 100 99 99 99 100 100 100 101 101 102 102 102 102 102 102 103 103 104 104 104 104 104 104 103 103 103 102 102 102 102 102 102 102 102 102 102 103 103 103 103 103 103 103 103 105 105 104 104 104 104 106 108 101 93 80 68 62 63 70 76 91 92 94 96 99 101 103 104 104 104 104 104 104 104 104 104 105 106 106 107 108 109 110 110 109 109 109 109 110 110 110 111 110 110 110 110 111 111 111 112 112 112 112 112 112 112 112 112 112 112 112 112 112 112 112 112 113 113 113 113 113 113 113 113 111 112 112 112 112 111 110 109 110 110 110 110 110 110 110 110 110 110 111 111 112 113 114 114 113 113 113 113 113 113 113 113 114 114 113 112 111 111 110 110 108 111 110 109 110 112 109 99 79 64 68 140 206 158 114 58 52 70 62 48 43 70 135 179 197 158 113 65 60 98 135 170 133 121 83 82 100 130 176 185 171 108 58 42 82 143 178 207 139 89 54 39 38 132 227 203 161 107 87 102 109 127 167 187 148 90 40 35 69 121 155 159 143 108 101 96 81 113 157 158 133 87 37 52 94 175 201 196 126 52 45 73 125 170 177 104 19 57 107 169 185 152 124 97 71 92 143 187 188 153 108 74 67 86 107 110 106 104 107 109 108 108 108 108 108 108 108 108 106 107 108 108 107 106 104 103 106 106 105 101 94 84 73 65 68 75 85 94 101 104 106 106 105 105 106 106 107 107 107 108 107 106 107 109 108 99 80 65 53 64 88 126 164 192 207 211 208 198 167 142 98 96 102 125 142 153 150 145 149 147 144 146 144 142 141 139 139 138 138 138 140 141 141 142 142 143 144 144 144 144 144 144 144 144 144 144 141 141 141 141 141 141 141 141 141 141 141 141 141 141 141 140 139 138 141 141 142 141 141 139 140 141 137 133 131 109 88 83 91 104 121 129 135 138 138 134 135 134 136 135 136 135 136 134 136 136 138 138 140 140 142 142 140 139 140 138 138 136 137 136 138 137 138 137 138 137 138 137 138 137 138 137 138 137 138 138 135 138 140 136 137 139 141 138 134 115 93 74 69 78 103 124 133 133 134 131 130 129 132 134 136 136 139 140 143 143 145 144 145 141 141 137 138 137 140 139 140 138 140 138 140 138 140 138 0 0 0 0 0 0 0 0
0 0 0 0 0 0 0 0 131 132 132 133 134 135 135 135 132 134 136 138 139 138 136 135 137 138 139 140 140 141 142 142 141 142 142 141 140 140 142 145 147 149 149 137 112 80 58 51 72 83 93 94 96 97 99 97 101 101 101 100 100 99 99 99 100 100 100 101 101 102 102 102 102 102 102 103 103 104 104 104 104 104 104 103 103 102 102 101 102 102 102 102 102 102 102 102 103 103 103 103 103 103 103 103 104 105 105 105 104 104 106 107 104 97 84 72 63 62 66 70 90 91 93 95 98 101 103 104 104 104 104 104 104 104 104 104 106 106 107 108 109 109 110 111 109 109 110 110 110 111 111 111 110 110 111 111 111 112 112 112 112 112 112 112 112 112 112 112 112 112 112 112 112 112 112 112 113 113 113 113 113 113 113 113 111 112 112 112 112 111 110 109 110 110 110 110 110 110 110 110 110 110 111 112 113 113 114 115 113 113 113 113 113 113 113 113 114 114 113 113 112 111 110 110 108 111 111 109 110 112 109 100 73 55 58 134 212 182 159 118 115 136 131 137 135 148 190 185 179 125 72 33 42 81 110 138 102 82 35 32 55 97 168 194 197 124 63 34 65 121 157 187 120 72 40 29 40 139 226 189 141 74 39 47 55 83 138 177 172 110 54 48 88 146 170 159 121 65 52 48 33 84 157 169 150 99 40 44 77 153 179 176 112 36 31 59 111 159 169 96 25 72 130 186 183 129 86 54 52 58 99 138 139 120 95 64 67 85 105 109 106 106 112 114 108 108 108 108 108 108 108 108 106 107 108 108 107 106 104 103 105 106 106 104 97 87 75 67 67 73 82 91 98 103 105 106 104 105 105 106 106 107 107 107 107 105 104 107 110 104 87 71 54 60 77 112 152 182 201 208 209 202 175 151 104 96 98 119 139 151 149 145 148 146 140 142 141 140 139 137 137 135 136 136 137 139 140 140 142 142 143 144 143 143 143 143 143 143 143 143 142 142 142 142 142 142 142 142 142 142 142 142 142 142 142 141 139 139 140 142 142 141 140 139 141 144 139 137 135 114 92 85 90 103 117 126 132 136 136 133 133 133 134 135 135 135 134 134 135 135 136 137 139 140 141 142 141 141 140 139 137 136 135 135 137 137 137 137 137 137 137 137 136 136 136 136 136 136 136 136 135 140 141 137 136 139 139 137 136 121 100 79 67 71 94 116 131 134 137 135 130 128 130 134 135 136 138 140 142 143 143 143 145 141 139 137 136 137 139 140 138 138 138 138 138 138 138 138 0 0 0 0 0 0 0 0
0 0 0 0 0 0 0 0 130 130 131 132 132 133 134 134 136 136 135 135 136 138 140 142 143 143 143 143 143 143 143 143 143 143 143 143 142 142 141 142 144 147 149 137 110 78 57 51 68 81 93 93 95 96 99 98 99 99 99 99 99 99 99 99 101 101 101 101 101 101 101 101 102 102 102 103 103 104 104 104 101 101 101 101 101 101 101 101 101 101 101 101 101 101 101 101 101 101 101 101 101 101 101 101 102 102 103 103 105 107 109 110 103 99 90 79 69 62 60 61 86 90 94 96 96 97 100 103 101 103 104 103 100 99 102 105 104 104 105 106 108 109 110 110 109 109 109 109 109 109 109 109 109 109 109 109 109 109 109 109 111 111 111 111 111 111 111 111 111 111 111 111 111 111 111 111 112 112 112 112 112 112 112 112 112 112 112 111 111 110 110 110 110 110 110 110 110 110 110 110 109 109 110 111 111 112 113 113 112 112 112 112 112 112 112 112 111 112 113 114 113 112 110 109 109 111 111 109 109 111 108 100 65 53 53 132 224 204 191 168 180 204 206 200 222 241 222 193 152 93 39 19 27 54 83 94 72 50 35 22 28 90 165 194 207 126 63 26 47 107 153 182 111 62 35 31 45 139 219 176 117 46 12 10 15 31 118 152 188 141 54 64 102 167 194 160 104 46 30 33 22 65 143 179 169 114 57 37 52 128 153 166 96 39 17 32 117 146 156 81 17 87 144 192 164 91 63 36 30 49 38 76 85 86 72 70 64 86 103 105 108 115 115 106 107 107 108 108 108 107 106 105 107 108 108 109 108 107 105 104 103 104 105 105 100 91 79 70 62 67 77 88 98 103 103 101 102 104 105 107 107 106 105 105 109 105 104 110 117 111 93 76 58 53 61 93 134 168 192 201 199 201 188 157 122 93 91 112 131 145 153 148 143 148 148 141 141 140 139 137 137 136 136 137 139 139 140 141 143 144 145 145 145 145 145 145 145 145 145 145 143 143 143 143 143 143 143 143 143 143 143 143 143 143 143 142 140 138 138 137 137 136 136 136 136 140 140 136 130 119 101 85 91 99 110 121 131 135 133 128 128 129 131 133 134 134 134 133 134 135 135 137 138 139 140 140 138 138 138 138 138 138 138 138 138 138 138 138 138 138 138 138 138 138 138 137 137 136 136 136 137 137 137 137 137 137 137 137 139 130 112 89 68 63 80 101 126 140 140 131 130 128 127 135 134 135 136 138 140 142 143 143 142 140 140 139 139 138 138 138 138 138 138 138 138 138 138 138 0 0 0 0 0 0 0 0
0 0 0 0 0 0 0 0 130 130 131 132 132 133 134 134 135 135 134 134 135 137 138 139 139 141 141 141 141 141 141 141 139 139 139 138 138 138 137 138 143 146 146 135 107 76 55 50 68 81 92 95 94 95 99 98 99 99 99 99 99 99 99 99 101 101 101 101 101 101 101 101 102 102 102 103 103 103 104 104 101 101 101 101 101 101 101 101 101 101 101 101 101 101 101 101 101 101 101 101 101 101 101 101 102 102 102 103 105 106 108 109 104 100 93 82 71 63 59 59 81 86 92 95 96 98 100 102 101 103 104 102 100 99 102 104 104 104 105 106 107 109 110 110 109 109 109 109 109 109 109 109 109 109 109 109 109 109 109 109 111 111 111 111 111 111 111 111 111 111 111 111 111 111 111 111 112 112 112 112 112 112 112 112 112 112 112 111 111 110 110 110 110 110 110 110 110 110 110 110 109 109 110 111 111 112 113 113 112 112 112 112 112 112 112 112 112 112 113 114 113 112 111 110 109 111 111 109 110 112 108 100 75 57 49 123 216 196 183 157 150 167 164 155 173 183 159 129 102 63 35 25 26 43 64 72 82 92 118 127 122 150 189 199 205 124 58 24 48 115 165 198 121 68 45 42 44 136 216 166 113 48 22 25 24 29 113 152 197 143 48 54 94 168 209 185 157 118 114 124 113 129 170 189 188 132 68 36 45 126 159 176 106 46 25 44 129 156 166 93 31 100 153 188 144 67 55 49 82 96 62 69 63 56 49 62 74 91 104 104 101 104 103 96 105 105 106 107 108 108 108 108 107 107 108 109 108 107 105 104 102 103 104 104 100 91 80 72 64 65 70 81 93 101 103 102 103 103 104 105 105 105 105 105 109 106 105 110 115 110 96 83 60 54 58 84 121 156 185 200 198 202 192 163 129 98 92 108 126 141 152 148 144 145 147 142 140 139 139 137 136 136 136 136 139 141 142 143 144 145 146 146 146 146 146 146 146 146 146 146 144 144 144 144 144 144 144 144 144 144 144 144 144 144 144 143 140 138 138 137 137 137 136 136 136 139 140 137 132 122 105 90 96 100 109 119 129 134 133 129 129 130 131 133 134 133 133 132 133 134 135 136 137 138 139 140 142 142 142 142 142 142 142 142 141 141 141 141 141 141 141 141 138 138 138 137 137 136 136 136 137 137 137 137 137 137 137 137 140 133 118 95 71 63 79 100 131 145 144 135 133 129 127 134 135 135 137 138 140 141 143 142 142 140 140 139 139 138 138 138 138 138 138 138 138 138 138 138 0 0 0 0 0 0 0 0
0 0 0 0 0 0 0 0 130 130 131 132 132 133 134 134 134 134 134 134 135 136 137 138 137 137 137 137 137 137 137 137 135 135 135 134 134 134 133 135 141 144 143 132 106 74 53 47 67 81 92 95 94 97 99 99 99 99 99 99 99 99 99 99 101 101 101 101 101 101 101 101 102 102 102 102 103 103 103 104 101 101 101 101 101 101 101 101 101 101 101 101 101 101 101 101 101 101 101 101 101 101 101 101 102 102 102 103 104 105 107 108 106 103 97 86 74 64 58 56 75 81 89 95 98 100 101 102 101 102 103 102 100 100 102 104 103 104 105 106 107 108 109 110 109 109 109 109 109 110 110 110 109 109 109 109 109 109 109 109 111 111 111 111 111 111 111 111 111 111 111 111 111 111 111 111 112 112 112 112 112 112 112 112 112 112 112 111 111 110 110 110 110 110 110 110 110 110 110 110 109 109 110 111 111 112 113 113 112 112 112 112 112 112 112 112 112 113 113 113 113 112 111 110 110 112 111 109 110 112 109 100 82 60 51 123 216 186 159 120 112 120 112 106 119 120 95 71 62 43 37 36 39 60 88 101 129 145 178 183 160 167 197 207 203 119 52 23 53 127 180 212 124 67 54 54 40 132 216 154 106 43 30 42 33 23 107 155 198 140 44 51 95 173 217 195 177 161 168 186 179 168 168 169 182 135 76 41 47 130 165 180 115 51 31 54 138 157 164 94 39 108 162 190 131 48 55 72 97 108 65 53 49 42 45 70 83 100 114 114 109 102 93 84 103 104 105 107 108 109 109 109 107 107 108 108 108 107 106 105 104 105 106 106 104 96 86 79 67 63 62 71 86 98 103 103 104 103 102 102 102 104 105 106 107 106 107 109 111 107 99 92 71 62 57 71 98 133 171 195 198 205 199 172 138 105 93 103 119 137 151 148 142 142 144 143 140 139 139 137 136 136 134 136 141 141 142 143 144 145 146 147 146 146 146 146 146 146 146 146 144 144 144 144 144 144 144 144 144 144 144 144 144 144 144 142 140 138 138 138 137 137 137 136 136 139 140 137 134 127 112 98 96 97 103 114 124 130 129 128 130 131 132 132 133 132 132 131 132 133 134 135 136 137 138 139 143 143 143 143 143 143 143 143 142 142 142 142 142 142 142 142 138 138 138 137 137 136 136 136 137 137 137 137 137 137 137 137 141 137 126 103 76 64 76 96 127 142 143 136 134 130 128 134 135 136 137 138 140 141 142 142 142 140 139 139 139 139 138 138 138 138 138 138 138 138 138 138 0 0 0 0 0 0 0 0
0 0 0 0 0 0 0 0 130 130 131 132 132 133 134 134 135 135 135 135 136 137 137 138 136 136 136 136 136 136 136 136 137 137 137 136 136 136 135 135 137 141 142 129 104 71 51 45 67 80 91 95 94 97 99 99 99 99 99 99 99 99 99 99 101 101 101 101 101 101 101 101 101 101 102 102 102 103 103 103 102 102 102 102 102 102 102 102 102 102 102 102 102 102 102 102 102 102 102 102 102 102 102 102 103 102 102 102 103 104 105 106 107 105 100 91 78 66 58 54 70 76 86 95 101 103 104 104 102 102 101 101 100 100 101 102 103 104 104 106 107 108 109 109 109 109 109 110 110 110 110 111 110 110 110 110 110 110 110 110 111 111 111 111 111 111 111 111 111 111 111 111 111 111 111 111 111 111 111 111 111 111 111 111 112 112 112 111 111 110 110 110 110 110 110 110 110 110 110 110 109 109 110 111 111 112 113 113 113 113 113 113 113 113 113 113 113 113 113 113 112 112 111 111 110 112 112 110 110 112 109 100 76 60 60 140 228 182 130 73 59 64 60 57 66 62 50 42 60 47 44 45 60 99 144 165 166 159 160 142 109 121 167 194 192 107 42 20 60 135 184 207 112 53 50 52 35 130 220 148 95 36 32 50 37 19 105 164 189 132 41 59 106 175 204 170 140 132 138 155 157 141 128 126 136 108 69 45 54 134 162 172 114 49 31 58 140 154 158 87 34 105 164 198 137 50 58 82 106 113 67 49 57 42 35 50 82 95 111 119 119 110 96 85 103 104 105 107 107 108 108 108 107 107 107 107 107 107 107 106 108 109 110 111 109 103 95 89 73 64 57 63 79 95 103 104 105 103 101 100 100 102 105 107 104 105 106 107 105 103 101 100 88 74 58 57 74 108 155 189 202 211 205 178 145 111 93 97 117 135 151 150 143 140 142 144 140 139 139 137 137 136 137 137 138 141 142 143 144 145 146 147 146 146 146 146 146 146 146 146 146 146 146 146 146 146 146 146 146 146 146 146 146 146 146 144 141 139 138 138 138 137 137 137 136 139 139 138 136 132 120 108 90 88 94 106 119 124 126 125 132 132 133 132 132 131 132 130 133 132 134 134 136 137 138 138 142 141 142 141 142 141 142 141 140 139 140 139 140 139 140 139 139 138 139 137 138 136 137 137 137 137 138 137 138 137 138 137 141 140 133 110 82 65 73 89 114 130 136 131 134 130 129 135 137 136 138 138 141 141 143 142 141 139 139 139 139 139 139 139 139 139 139 139 139 139 139 139 0 0 0 0 0 0 0 0
0 0 0 0 0 0 0 0 131 131 132 133 133 134 135 135 138 138 139 139 139 139 139 139 136 136 136 136 136 136 136 136 138 138 137 137 136 136 136 137 136 138 140 128 103 70 50 44 66 80 90 94 93 96 99 98 99 99 99 99 99 99 99 99 101 101 101 101 101 101 101 101 101 101 101 102 102 102 103 103 102 102 102 102 102 102 102 102 102 102 102 102 102 102 102 102 102 102 102 102 102 102 102 102 103 103 102 102 102 103 103 104 106 105 102 93 81 68 59 55 65 71 82 93 101 105 105 104 101 100 99 99 99 100 100 100 102 102 103 104 105 107 107 108 108 108 108 109 109 110 110 111 109 109 109 109 109 109 109 109 110 110 110 110 110 110 110 110 110 110 110 110 110 110 110 110 110 110 110 110 110 110 110 110 112 112 112 111 111 110 110 110 110 110 110 110 110 110 110 110 109 109 110 111 111 112 113 113 113 113 113 113 113 113 113 113 113 113 112 112 111 111 111 111 110 113 112 110 111 113 110 101 72 62 73 156 242 183 118 52 41 52 56 52 55 54 56 64 77 63 57 61 86 134 176 188 163 132 112 91 68 93 149 183 184 99 37 19 62 134 174 190 100 41 41 43 31 132 224 152 89 32 30 51 39 22 115 180 191 132 42 65 113 172 186 143 115 97 89 96 102 102 106 114 94 75 52 42 55 131 156 165 106 45 30 57 142 161 165 93 36 102 162 206 156 65 55 61 77 80 49 52 89 83 73 63 68 70 76 85 93 97 102 105 105 106 106 107 107 106 105 105 107 107 107 107 107 107 107 108 109 109 110 111 109 105 98 93 79 67 56 59 74 91 101 104 105 103 101 99 99 102 105 108 101 103 105 103 100 99 101 104 100 82 58 47 56 90 143 183 205 214 208 181 149 116 95 95 116 134 152 153 145 139 139 141 140 139 138 137 137 137 137 137 137 138 139 140 141 142 143 144 142 142 142 142 142 142 142 142 145 145 145 145 145 145 145 145 145 145 145 145 145 145 145 145 141 139 139 138 138 138 137 137 136 139 139 137 137 136 126 116 87 82 88 101 118 123 127 127 135 132 134 132 133 131 133 132 134 133 135 135 137 138 139 139 141 140 141 140 141 140 141 140 139 138 139 138 139 138 139 138 140 139 140 138 139 137 138 138 138 138 140 138 140 138 140 138 141 140 138 118 91 69 72 82 106 123 133 130 135 131 131 135 139 138 140 139 143 142 144 143 141 141 141 141 141 141 141 141 141 141 141 141 141 141 141 141 0 0 0 0 0 0 0 0
0 0 0 0 0 0 0 0 131 131 132 133 133 134 135 135 139 139 140 141 141 140 140 139 137 137 137 137 137 137 137 137 137 137 136 136 135 135 135 136 135 138 140 128 101 70 50 44 65 80 90 94 93 96 98 98 99 99 99 99 99 99 99 99 101 101 101 101 101 101 101 101 100 101 101 101 102 102 102 102 103 103 103 103 103 103 103 103 103 103 103 103 103 103 103 103 103 103 103 103 103 103 103 103 103 103 102 101 101 101 102 102 104 104 101 93 82 70 62 58 63 68 78 90 100 106 106 105 101 99 98 98 99 100 100 99 101 102 103 104 105 106 107 108 108 108 109 109 110 111 111 111 110 110 110 110 110 110 110 110 110 110 110 110 110 110 110 110 110 110 110 110 110 110 110 110 109 109 109 109 109 109 109 109 112 112 112 111 111 110 110 110 110 110 110 110 110 110 110 110 109 109 110 111 111 112 113 113 114 114 114 114 114 114 114 114 114 113 112 111 111 111 111 112 111 113 113 110 111 113 110 103 74 69 79 164 244 186 124 61 57 78 86 80 80 80 90 102 93 80 73 80 109 154 177 168 102 57 30 21 21 61 124 161 187 106 45 23 57 122 159 177 108 53 40 39 35 137 223 156 89 32 29 49 40 28 124 188 202 138 42 59 103 160 178 141 82 46 28 22 26 43 75 89 91 63 41 34 51 124 156 172 104 45 29 48 138 164 176 100 41 97 151 200 171 87 61 41 28 31 36 69 129 137 133 101 54 46 43 48 56 69 94 115 106 106 106 106 106 105 104 103 107 107 106 106 106 107 108 109 109 108 108 108 107 103 98 94 83 71 59 58 70 86 97 102 106 104 102 100 101 103 106 108 101 102 103 101 98 98 101 105 103 85 60 45 49 80 132 172 201 212 208 183 155 122 97 93 112 129 149 155 148 141 140 140 141 139 139 139 137 138 138 138 137 138 139 140 141 142 143 143 142 142 142 142 142 142 142 142 145 145 145 145 145 145 145 145 145 145 145 145 145 145 145 144 142 139 139 139 138 138 138 138 137 139 138 137 138 138 131 122 94 84 84 98 114 122 128 134 134 133 133 132 133 133 134 135 134 135 136 137 138 139 140 141 142 142 142 142 142 142 142 142 140 140 140 140 140 140 140 140 140 140 140 139 139 138 138 138 140 140 140 140 140 140 140 140 139 141 139 125 99 77 72 79 103 123 133 133 137 135 131 137 140 140 141 142 142 143 144 142 141 140 141 141 141 141 142 142 142 142 142 142 142 142 142 142 0 0 0 0 0 0 0 0
0 0 0 0 0 0 0 0 133 133 134 135 135 136 137 137 140 141 142 143 142 142 140 138 137 137 137 137 137 137 137 137 137 136 136 136 135 135 135 136 136 139 140 129 101 69 50 45 65 79 90 93 93 96 98 98 99 99 99 99 99 99 99 99 101 101 101 101 101 101 101 101 100 100 101 101 101 102 102 102 103 103 103 103 103 103 103 103 103 103 103 103 103 103 103 103 103 103 103 103 103 103 103 103 103 103 102 101 100 100 100 101 102 101 99 92 82 72 65 61 60 64 73 85 97 103 104 103 102 99 97 97 99 101 100 98 101 101 102 104 105 106 107 107 108 108 109 109 110 111 112 112 110 110 110 110 110 110 110 110 110 110 110 110 110 110 110 110 110 110 110 110 110 110 110 110 109 109 109 109 109 109 109 109 112 112 112 111 111 110 110 110 110 110 110 110 110 110 110 110 109 109 110 111 111 112 113 113 114 114 114 114 114 114 114 114 114 113 112 111 110 111 112 112 111 113 113 111 111 113 110 103 79 74 85 164 239 180 124 70 61 88 100 92 91 94 100 108 103 86 74 81 115 162 181 164 117 67 42 47 61 105 165 197 202 127 66 32 49 105 150 179 140 86 56 42 45 143 220 155 91 35 30 46 38 31 126 184 208 142 40 46 83 145 181 161 128 82 63 55 47 77 126 139 114 74 42 37 54 128 166 194 131 72 44 47 129 163 177 99 34 81 126 184 182 123 96 63 50 54 88 126 165 153 138 77 45 48 58 63 57 52 71 95 104 104 105 106 106 106 105 105 107 107 106 105 106 107 109 110 110 108 107 107 106 103 98 95 85 75 63 60 67 80 91 98 106 105 103 102 102 104 106 108 103 103 103 101 99 99 102 105 105 88 65 50 50 73 116 150 189 205 206 186 161 130 101 91 108 121 141 152 149 143 140 140 141 139 139 139 137 138 138 138 138 138 139 140 141 142 143 144 142 142 142 142 142 142 142 142 143 143 143 143 143 143 143 143 143 143 143 143 143 143 143 143 142 142 141 141 141 140 140 140 140 141 140 138 140 141 136 128 105 88 80 90 106 117 128 139 134 133 133 132 133 135 136 136 135 136 137 138 139 140 141 142 142 142 142 142 142 142 142 142 141 141 141 141 141 141 141 141 140 140 140 139 139 138 138 138 140 141 141 141 141 141 141 141 139 141 140 130 108 86 76 77 98 119 131 134 140 138 135 140 141 141 142 143 143 144 145 144 142 141 141 142 142 143 143 143 143 143 143 143 143 143 143 143 0 0 0 0 0 0 0 0
0 0 0 0 0 0 0 0 133 133 134 135 135 136 137 137 139 138 141 140 140 138 137 136 136 136 136 136 136 136 136 136 138 138 138 137 137 137 136 136 134 138 140 128 101 70 50 45 65 79 91 93 94 95 98 97 99 99 99 99 99 99 99 99 101 101 101 101 101 100 101 101 100 100 100 101 101 102 102 102 103 103 103 103 103 103 103 103 103 103 103 103 103 103 103 103 103 103 103 103 103 103 103 103 104 103 102 100 100 100 100 100 100 100 97 91 82 73 66 64 58 61 69 82 94 101 103 101 102 99 96 97 100 101 100 98 101 101 102 103 105 106 107 107 108 108 109 110 111 111 112 113 110 110 110 110 110 110 110 110 110 110 110 110 110 110 110 110 110 110 110 110 110 110 110 110 109 109 109 109 109 109 109 109 112 112 112 111 111 110 110 110 110 110 110 110 110 110 110 110 109 109 110 111 111 112 113 113 114 114 114 114 114 114 114 114 115 114 112 111 110 111 112 113 111 113 113 111 112 113 110 104 78 76 88 165 233 173 117 65 68 100 111 103 104 109 110 111 101 79 59 62 102 164 192 181 132 89 76 92 109 141 186 206 215 145 83 38 40 94 146 187 169 117 72 48 53 147 215 155 92 37 29 42 35 31 122 175 204 140 37 37 68 132 183 177 169 120 106 101 85 120 174 183 133 86 48 46 63 136 176 211 169 107 67 53 127 162 176 94 18 62 103 168 187 153 136 101 89 99 150 186 198 160 130 49 42 65 98 109 86 53 48 65 99 102 104 105 106 107 107 107 107 106 106 105 106 107 109 110 112 111 109 108 107 104 100 97 84 76 65 60 65 75 87 94 106 105 104 103 104 105 107 108 105 104 103 101 100 101 103 105 108 93 73 56 53 69 102 131 179 200 204 188 168 136 105 91 103 114 135 149 150 145 141 140 141 139 139 139 137 137 138 138 139 139 140 141 143 144 145 145 143 143 143 143 143 143 143 143 143 143 144 143 144 143 144 143 144 143 144 143 144 143 144 143 142 142 142 141 141 140 140 140 140 141 139 137 139 141 137 130 111 89 75 81 97 109 125 138 133 131 132 131 133 134 137 137 136 137 137 139 140 141 142 142 140 140 140 140 140 140 140 140 140 140 140 140 140 140 140 140 140 140 140 139 139 138 138 138 140 140 141 140 141 140 141 140 140 140 141 132 114 90 78 76 89 112 126 132 140 140 139 144 141 142 142 143 143 144 144 144 142 141 141 142 142 143 143 143 143 143 143 143 143 143 143 143 0 0 0 0 0 0 0 0
0 0 0 0 0 0 0 0 134 134 134 134 133 134 135 136 136 135 137 137 137 138 139 139 137 137 137 137 137 137 137 137 138 138 137 136 136 135 134 135 135 139 142 130 103 70 50 44 65 78 90 93 95 97 100 99 100 100 100 100 100 100 99 99 100 100 100 100 100 98 100 100 100 99 99 99 99 100 101 102 102 102 102 102 102 102 102 102 103 103 103 103 103 103 103 103 103 103 103 103 103 103 103 103 103 103 102 101 100 100 99 98 102 100 97 93 89 83 75 70 61 60 66 79 90 96 101 106 101 98 96 97 100 102 101 99 102 102 103 104 106 107 108 108 109 109 109 110 110 111 111 111 111 111 111 111 111 111 111 111 111 111 111 111 111 111 111 111 111 111 111 111 111 111 111 111 111 111 111 111 111 111 111 111 111 111 111 111 111 111 111 111 110 110 110 110 110 110 110 110 110 110 110 111 111 112 112 112 112 112 112 112 112 112 112 112 112 112 112 112 112 112 112 112 112 111 110 112 113 112 107 102 82 71 77 145 187 148 97 64 72 96 113 107 98 100 106 106 105 85 63 61 86 129 170 194 169 144 156 161 140 154 190 186 190 133 68 36 40 77 140 193 189 154 86 65 68 128 191 134 87 35 27 41 24 35 97 144 179 120 39 24 34 94 132 167 162 166 159 148 154 172 173 158 115 77 40 35 60 106 161 204 169 131 74 72 123 158 150 95 27 33 71 123 162 164 159 156 151 161 178 184 160 110 66 45 52 107 155 173 129 68 60 66 98 102 105 107 108 107 106 105 106 106 106 107 107 108 108 108 109 109 109 108 107 104 101 100 89 80 71 66 64 67 79 92 97 101 104 104 102 101 103 105 105 105 105 103 102 102 104 106 103 95 77 61 55 54 75 111 161 194 198 193 175 139 115 94 100 110 126 139 145 147 144 138 139 138 138 137 136 135 136 136 139 140 141 142 144 145 146 147 146 146 146 146 146 146 146 146 146 146 147 144 146 145 147 146 148 146 147 145 147 145 146 144 140 138 138 138 138 138 138 138 139 138 138 139 141 141 139 137 115 91 71 68 86 106 127 136 134 127 126 127 135 135 137 134 137 137 138 139 140 140 141 141 142 142 141 140 139 139 139 139 139 139 139 140 140 141 141 141 141 141 141 140 140 139 139 139 138 139 141 140 141 138 138 135 137 134 137 133 125 102 82 68 79 94 122 136 133 137 144 142 142 142 142 143 143 144 144 145 143 143 144 144 144 145 145 145 143 143 144 144 144 145 145 145 0 0 0 0 0 0 0 0
0 0 0 0 0 0 0 0 134 133 133 134 132 134 135 136 135 135 136 137 136 137 138 138 137 137 137 137 137 137 137 137 138 138 137 136 136 135 134 135 135 139 142 130 103 70 50 44 65 79 90 94 95 97 100 99 100 100 100 100 100 100 99 99 100 100 100 100 98 98 98 98 100 99 99 99 99 100 101 102 102 102 102 102 102 102 102 102 103 103 103 103 103 103 103 103 103 103 103 103 103 103 103 103 103 103 102 102 101 100 99 99 102 100 97 94 91 85 78 73 60 59 64 75 86 92 98 103 100 98 96 97 99 101 101 99 102 102 103 104 106 107 108 108 109 109 109 110 110 111 111 111 111 111 111 111 111 111 111 111 111 111 111 111 111 111 111 111 111 111 111 111 111 111 111 111 111 111 111 111 111 111 111 111 111 111 111 111 111 111 111 111 110 110 110 110 110 110 110 110 110 110 110 111 111 112 112 112 112 112 112 112 112 112 112 112 112 112 112 112 112 112 112 112 112 111 110 112 113 112 108 101 80 67 68 126 162 127 85 60 73 95 111 107 99 101 106 108 103 89 71 62 71 101 138 164 179 168 181 180 150 143 154 148 150 105 57 34 37 67 123 172 183 152 89 64 58 108 166 116 74 28 25 39 23 30 82 123 145 102 41 28 28 69 94 121 154 166 172 169 171 173 156 131 87 62 39 37 54 86 131 167 164 139 92 86 115 139 133 90 33 31 50 89 122 137 150 164 176 173 167 151 120 78 43 25 56 110 158 178 139 81 72 76 99 102 105 107 108 107 106 105 106 106 106 107 107 108 108 108 109 109 109 108 107 104 102 101 93 85 75 68 63 64 74 85 95 99 104 104 102 101 102 104 105 105 104 103 102 103 104 106 105 99 81 66 55 50 68 97 152 187 196 197 182 148 122 98 97 106 121 133 143 145 144 138 139 137 138 136 136 135 135 136 138 140 141 142 143 145 146 146 146 146 146 146 146 146 146 146 148 147 147 146 146 146 147 147 148 148 147 147 147 146 146 144 140 138 138 138 138 138 138 138 139 138 138 139 141 141 139 137 118 94 71 66 80 101 122 136 132 129 126 129 133 135 135 134 137 137 138 138 139 140 141 141 142 141 140 139 139 139 139 139 139 139 139 140 140 141 141 141 141 141 141 140 140 140 139 139 138 139 139 140 139 138 137 136 136 136 138 137 128 108 84 69 77 90 118 135 133 137 144 141 142 142 142 143 143 143 144 144 143 143 143 143 144 144 145 145 143 143 143 144 144 144 145 145 0 0 0 0 0 0 0 0
0 0 0 0 0 0 0 0 133 133 133 133 132 133 135 135 135 135 136 137 136 137 138 138 137 137 137 137 137 137 137 137 138 138 137 136 136 135 134 135 135 139 142 130 103 70 50 44 65 79 90 94 95 97 100 99 100 100 100 100 100 100 99 99 100 100 100 100 98 98 98 98 100 99 99 99 99 100 101 102 102 102 102 102 102 102 102 102 103 103 103 103 103 103 103 103 103 103 103 103 103 103 103 103 103 103 102 102 101 100 100 100 101 99 97 96 94 89 83 79 61 58 60 70 80 87 94 100 100 98 96 97 99 100 100 99 102 102 103 104 106 107 108 108 109 109 109 110 110 111 111 111 111 111 111 111 111 111 111 111 111 111 111 111 111 111 111 111 111 111 111 111 111 111 111 111 111 111 111 111 111 111 111 111 111 111 111 111 111 111 111 111 110 110 110 110 110 110 110 110 110 110 110 111 111 112 112 112 112 112 112 112 112 112 112 112 112 112 112 112 112 112 112 112 112 111 111 112 113 111 108 103 81 67 58 100 128 99 73 59 76 95 110 107 101 102 106 106 105 102 91 74 62 71 97 121 129 133 139 132 106 84 77 78 90 66 41 29 27 42 81 119 139 122 80 60 47 80 124 82 54 20 23 40 28 29 65 96 109 88 54 44 35 48 56 69 87 104 118 123 125 118 93 66 64 57 51 51 52 63 90 116 116 113 83 73 82 94 97 70 32 23 24 42 61 78 103 127 122 114 96 73 57 47 39 31 44 83 114 128 100 61 66 75 100 103 105 107 107 107 106 106 106 106 106 106 107 107 107 107 110 110 109 108 107 105 103 102 98 90 80 71 62 59 66 76 91 96 102 104 102 101 102 103 104 104 103 103 103 103 104 105 107 104 87 71 58 47 56 78 137 174 190 200 192 160 131 104 94 100 113 127 140 144 144 139 139 137 138 136 136 135 135 136 138 139 140 141 142 143 144 144 144 144 144 144 144 144 144 144 145 144 144 143 143 144 145 145 146 146 145 145 144 144 144 143 140 138 138 138 138 138 138 138 139 138 138 139 140 140 138 136 123 99 74 65 74 93 117 134 133 132 131 131 133 135 134 133 136 136 137 138 139 139 140 140 141 140 139 139 138 138 139 139 139 139 139 140 140 141 141 141 141 141 141 141 140 140 140 139 138 139 139 139 139 138 137 137 137 139 141 142 135 117 91 72 73 84 111 131 133 137 143 139 141 141 142 142 142 143 143 143 142 142 142 143 143 143 144 144 142 142 143 143 143 144 144 144 0 0 0 0 0 0 0 0
0 0 0 0 0 0 0 0 133 133 133 133 132 133 134 135 135 135 136 137 136 137 138 138 138 138 138 138 138 138 138 138 138 138 137 136 136 135 134 135 135 139 142 130 103 70 50 44 65 79 90 94 95 97 100 99 100 100 100 100 100 100 99 99 100 100 100 100 98 98 98 98 100 99 99 99 99 100 101 102 102 102 102 102 102 102 102 102 103 103 103 103 103 103 103 103 103 103 103 103 103 103 103 103 103 103 103 102 102 101 101 100 100 99 98 98 97 94 89 86 65 60 59 66 74 82 90 98 98 98 97 97 98 99 100 100 102 102 103 104 106 107 108 108 109 109 109 110 110 111 111 111 111 111 111 111 111 111 111 111 111 111 111 111 111 111 111 111 111 111 111 111 111 111 111 111 111 111 111 111 111 111 111 111 111 111 111 111 111 111 111 111 110 110 110 110 110 110 110 110 110 110 110 111 111 112 112 112 111 111 111 111 111 111 111 111 112 112 112 112 112 112 112 112 111 111 112 112 112 111 109 105 90 76 58 83 102 81 70 67 84 97 108 107 103 102 103 102 100 107 106 90 67 56 65 78 91 100 95 86 81 64 56 69 68 62 59 54 44 40 57 79 72 72 59 50 36 54 80 47 37 19 28 46 41 38 59 79 87 82 72 67 59 56 49 49 60 70 80 86 92 92 80 64 66 71 77 74 60 52 62 79 79 90 75 66 67 74 88 75 58 50 46 48 48 51 67 87 89 82 64 45 44 56 65 63 58 71 72 76 64 54 77 92 101 104 105 107 107 107 106 106 106 106 106 106 106 106 106 107 110 109 109 108 106 105 104 103 100 94 85 75 63 56 61 69 85 91 99 103 102 101 101 102 104 103 102 102 104 104 104 104 107 108 95 79 64 49 49 63 119 159 182 202 203 174 141 110 93 94 104 121 137 142 144 141 139 137 138 136 136 135 135 135 138 138 139 140 141 142 142 143 143 143 143 143 143 143 143 143 143 143 143 142 143 143 144 145 146 146 145 145 144 143 143 141 140 138 138 138 138 138 138 138 139 138 138 138 140 140 138 135 128 107 82 68 69 84 109 129 132 135 136 134 134 135 134 132 135 136 136 137 138 139 139 139 140 139 138 138 138 138 138 139 139 139 139 140 140 141 141 141 142 142 141 141 141 140 140 140 139 139 139 139 139 139 138 138 137 140 143 145 142 126 99 75 70 77 103 127 133 138 142 138 141 141 141 141 141 142 142 142 141 141 141 141 142 142 143 143 141 142 142 142 143 143 143 143 0 0 0 0 0 0 0 0
0 0 0 0 0 0 0 0 133 132 132 133 131 133 134 135 135 135 136 137 136 137 138 138 138 138 138 138 138 138 138 138 138 138 137 136 136 135 134 135 135 139 142 130 103 70 50 44 65 79 90 94 95 97 100 99 100 100 100 100 100 100 99 99 100 100 100 100 98 98 98 98 100 99 99 99 99 100 101 102 102 102 102 102 102 102 102 102 103 103 103 103 103 103 103 103 103 103 103 103 103 103 103 103 103 103 103 102 102 102 102 101 101 100 100 101 101 99 95 92 72 65 60 63 69 77 87 96 97 97 97 97 97 98 99 100 102 102 103 104 106 107 108 108 109 109 109 110 110 111 111 111 111 111 111 111 111 111 111 111 111 111 111 111 111 111 111 111 111 111 111 111 111 111 111 111 111 111 111 111 111 111 111 111 111 111 111 111 111 111 111 111 110 110 110 110 110 110 110 110 110 110 110 111 111 112 112 112 111 111 111 111 111 111 111 111 112 112 112 112 112 112 112 112 111 112 112 112 111 111 110 107 103 92 69 82 94 79 79 82 93 101 106 106 103 101 100 99 87 99 109 103 83 66 59 60 55 63 50 45 58 51 43 59 71 77 83 84 71 55 53 61 43 48 46 41 27 34 47 28 28 24 39 58 60 57 67 78 74 75 82 83 86 79 72 63 48 47 48 51 58 65 67 66 80 90 98 92 73 59 60 69 73 86 75 69 67 74 92 86 87 85 84 80 67 57 63 76 75 75 68 62 71 90 103 102 79 78 62 65 67 69 91 100 103 105 106 107 107 107 107 106 106 106 106 106 106 106 106 105 109 108 107 106 105 104 103 103 100 96 89 79 66 56 58 66 79 87 97 103 103 101 100 100 103 101 100 102 104 106 104 102 104 110 102 88 73 55 49 56 101 143 172 201 211 185 151 116 94 90 98 116 135 141 143 142 139 137 138 136 136 135 135 135 138 138 139 139 140 141 141 141 141 141 141 141 141 141 141 141 142 142 141 142 142 143 144 145 146 146 145 144 143 142 142 140 140 138 138 138 138 138 138 138 139 138 137 138 139 139 137 134 132 115 92 74 67 76 99 120 129 137 140 136 133 134 134 131 135 135 135 136 137 138 138 139 138 138 137 137 137 137 138 139 139 139 139 140 140 141 141 141 142 142 142 141 141 141 140 140 139 139 139 139 139 139 140 140 136 140 143 146 146 134 105 79 70 72 95 122 132 138 142 138 141 141 141 141 141 140 140 140 139 139 140 140 141 141 141 141 141 141 141 141 142 142 142 143 0 0 0 0 0 0 0 0
0 0 0 0 0 0 0 0 132 132 132 132 131 132 134 134 135 135 136 137 136 137 138 138 139 139 139 139 139 139 139 139 138 138 137 136 136 135 134 135 135 139 142 130 103 70 50 44 65 79 90 94 95 97 100 99 100 100 100 100 100 100 99 99 100 100 100 100 98 98 98 98 100 99 99 99 99 100 101 102 102 102 102 102 102 102 102 102 103 103 103 103 103 103 103 103 103 103 103 103 103 103 103 103 103 103 103 103 103 102 102 102 102 102 102 104 105 103 100 97 80 69 61 60 65 72 83 93 96 97 98 97 96 96 98 100 102 102 103 104 106 107 108 108 109 109 109 110 110 111 111 111 111 111 111 111 111 111 111 111 111 111 111 111 111 111 111 111 111 111 111 111 111 111 111 111 111 111 111 111 111 111 111 111 111 111 111 111 111 111 111 111 110 110 110 110 110 110 110 110 110 110 110 111 111 112 112 112 110 110 110 110 110 110 110 110 112 112 112 112 112 112 112 112 111 112 113 112 111 110 111 112 112 105 82 89 98 87 91 96 101 102 103 103 102 102 100 99 84 96 110 114 104 91 81 77 82 85 74 73 88 81 70 80 86 93 100 104 95 80 73 74 62 59 52 38 22 24 31 26 29 35 50 68 78 78 80 86 68 70 83 83 98 95 97 87 81 75 71 72 76 79 83 88 91 97 101 96 85 76 75 79 84 94 81 74 71 74 89 83 92 96 101 98 85 74 77 86 69 73 76 80 89 99 106 105 86 89 79 88 93 88 94 88 104 106 106 106 107 107 107 107 106 106 106 106 105 105 105 105 107 107 105 104 103 103 103 103 100 97 93 84 69 57 57 65 73 82 94 102 103 101 99 99 102 100 99 101 105 107 104 101 101 111 107 95 82 63 52 54 83 126 158 196 215 195 162 125 99 90 94 113 133 140 142 142 139 137 138 136 136 135 135 135 136 138 138 139 139 140 140 140 140 140 140 140 140 140 140 140 141 141 140 141 141 143 144 144 146 146 145 144 143 142 141 140 138 138 138 138 138 138 138 138 140 138 137 138 139 138 136 134 134 122 104 84 69 70 88 109 125 137 143 137 132 134 134 131 134 134 135 135 136 137 138 138 137 136 136 136 136 137 138 138 139 139 139 140 140 141 141 141 143 142 142 142 141 141 141 141 140 139 139 139 139 140 141 141 137 140 143 145 149 141 112 82 72 69 88 117 131 138 142 138 141 141 140 140 140 139 139 139 138 138 139 139 139 140 140 140 140 140 140 141 141 141 142 142 0 0 0 0 0 0 0 0
0 0 0 0 0 0 0 0 132 132 132 132 131 132 133 134 135 135 136 137 136 137 138 138 139 139 139 139 139 139 139 139 138 138 137 136 136 135 134 135 135 139 142 130 103 70 50 44 65 79 90 94 95 97 100 99 100 100 100 100 100 100 99 99 100 100 100 100 98 98 98 98 100 99 99 99 99 100 101 102 102 102 102 102 102 102 102 102 103 103 103 103 103 103 103 103 103 103 103 103 103 103 103 103 103 103 103 103 103 103 103 103 104 103 104 106 107 106 103 100 85 73 61 57 60 67 79 89 95 97 98 97 95 95 98 101 102 102 103 104 106 107 108 108 109 109 109 110 110 111 111 111 111 111 111 111 111 111 111 111 111 111 111 111 111 111 111 111 111 111 111 111 111 111 111 111 111 111 111 111 111 111 111 111 111 111 111 111 111 111 111 111 110 110 110 110 110 110 110 110 110 110 110 111 111 112 112 112 110 110 110 110 110 110 110 110 112 112 112 112 112 112 112 112 111 112 114 112 110 110 112 113 113 112 92 98 107 97 101 104 106 102 99 101 103 104 104 103 90 100 112 116 112 105 102 103 105 105 99 100 106 99 92 96 110 110 112 116 113 108 106 106 87 76 66 46 28 27 27 31 32 45 58 73 90 92 89 92 78 79 91 80 97 95 106 100 98 90 86 89 90 87 89 95 96 95 93 91 91 93 93 92 102 111 98 93 89 88 99 91 92 102 114 116 108 98 99 106 101 101 103 104 101 92 88 88 97 107 105 114 115 106 108 99 106 107 107 106 106 107 107 107 106 106 106 105 105 104 104 104 106 105 103 102 101 101 102 102 101 100 97 88 71 57 56 62 68 79 93 102 103 101 98 97 101 99 98 101 106 107 104 100 99 111 110 100 88 68 54 52 66 110 145 189 217 203 173 136 105 92 93 112 133 139 142 142 139 137 138 136 136 135 135 135 135 136 136 136 136 137 137 137 137 137 137 137 137 137 137 137 139 139 139 139 140 141 142 143 145 145 144 143 141 140 139 139 138 138 138 138 138 138 138 138 140 138 137 138 138 138 135 133 135 128 115 95 73 66 79 98 121 136 144 137 131 133 134 131 133 133 134 135 136 136 137 137 136 136 135 135 136 137 138 138 139 139 139 140 140 141 141 141 143 143 142 142 142 141 141 141 140 139 139 138 139 140 141 142 139 142 143 146 151 146 118 87 76 67 83 114 130 138 142 139 140 140 140 139 139 139 138 138 139 139 140 140 141 141 141 141 141 141 142 142 142 143 143 143 0 0 0 0 0 0 0 0
0 0 0 0 0 0 0 0 132 132 131 132 131 132 133 134 135 135 136 137 136 137 138 138 139 139 139 139 139 139 139 139 138 138 137 136 136 135 134 135 135 139 142 130 103 70 50 44 65 79 90 94 95 97 100 99 100 100 100 100 100 100 99 99 100 100 100 100 98 98 98 98 100 99 99 99 99 100 101 102 102 102 102 102 102 102 102 102 103 103 103 103 103 103 103 103 103 103 103 103 103 103 103 103 103 103 103 103 103 103 103 103 105 105 105 107 108 107 104 101 87 74 60 55 57 64 75 86 95 97 98 97 95 95 98 101 102 102 103 104 106 107 108 108 109 109 109 110 110 111 111 111 111 111 111 111 111 111 111 111 111 111 111 111 111 111 111 111 111 111 111 111 111 111 111 111 111 111 111 111 111 111 111 111 111 111 111 111 111 111 111 111 110 110 110 110 110 110 110 110 110 110 110 111 111 112 112 112 110 110 110 110 110 110 110 110 112 112 112 112 112 112 112 112 110 112 114 113 110 110 112 114 111 113 96 102 111 102 105 105 106 100 96 98 103 106 107 108 93 100 106 106 101 99 103 109 105 103 101 102 101 98 99 105 104 97 92 93 98 99 102 105 93 80 71 53 38 34 27 34 36 51 62 74 93 98 93 95 93 93 102 82 93 87 104 101 100 91 88 93 93 90 93 101 100 94 87 87 94 102 102 98 96 106 96 94 90 88 98 90 77 91 109 117 110 100 96 99 91 90 97 106 105 94 93 100 93 105 102 106 102 97 109 109 106 108 107 106 106 106 107 107 106 106 106 105 105 104 104 104 105 104 102 101 100 100 101 102 103 103 100 91 72 57 55 61 66 77 92 101 103 101 98 97 101 98 97 101 106 108 104 100 98 112 111 102 90 70 54 50 56 99 136 184 217 208 179 143 109 94 92 112 133 139 141 141 139 137 138 136 136 135 135 135 135 135 136 136 136 136 136 137 137 137 137 137 137 137 137 137 138 138 138 139 140 141 142 143 145 145 144 143 141 140 139 138 138 138 138 138 138 138 138 138 140 138 137 137 138 137 135 133 135 131 121 101 76 64 74 91 118 135 144 137 131 133 134 131 133 133 134 134 135 136 137 137 135 135 135 135 135 136 137 138 139 139 139 140 140 141 141 141 143 143 143 142 142 141 141 141 140 139 139 138 139 140 142 143 141 144 144 146 153 150 122 90 78 67 81 112 129 138 142 139 140 140 140 139 139 138 138 137 139 139 139 140 140 140 141 141 141 141 141 142 142 142 143 143 0 0 0 0 0 0 0 0
0 0 0 0 0 0 0 0 126 130 133 133 129 129 132 136 135 133 131 133 137 140 139 138 138 138 138 138 138 138 138 138 137 137 137 136 136 135 135 136 139 141 142 130 104 72 51 44 63 78 89 94 95 96 98 98 100 100 100 101 101 102 101 101 101 101 101 101 99 99 99 99 102 102 102 102 102 102 102 102 102 102 102 102 102 102 102 102 103 103 103 103 103 103 103 103 103 103 103 103 103 103 103 103 102 102 102 103 103 103 104 104 105 105 105 105 105 105 105 105 89 80 70 61 56 58 70 83 86 96 102 100 96 96 97 96 104 104 104 105 105 106 106 106 108 109 109 110 110 111 111 112 111 111 111 111 111 111 111 111 111 111 111 111 111 111 111 111 111 111 111 111 111 111 111 111 110 110 110 110 110 110 110 110 110 110 110 110 110 110 110 110 110 110 110 110 110 110 110 110 110 110 110 110 110 110 110 110 110 110 110 110 110 110 110 110 111 111 111 112 112 113 113 113 112 112 112 112 112 112 112 111 106 105 105 105 105 105 105 105 104 103 101 100 101 104 108 110 103 100 97 94 93 96 99 101 102 102 102 102 102 102 102 102 100 95 90 85 87 94 101 106 92 84 73 60 45 34 35 38 49 58 68 77 87 97 101 97 104 101 97 92 89 89 91 92 92 93 93 94 94 95 95 95 97 93 90 91 96 100 102 101 98 97 95 96 97 98 98 97 86 93 102 107 105 101 97 95 93 96 99 102 104 103 101 99 104 102 100 98 101 105 109 112 106 108 108 108 108 108 108 108 106 106 106 106 106 106 106 106 106 106 105 104 102 101 100 100 100 101 99 92 80 68 59 55 59 69 83 96 102 102 99 97 97 97 98 101 104 105 103 101 106 111 113 110 100 87 68 49 51 76 128 175 203 214 192 152 123 90 93 104 136 138 152 140 140 137 136 133 136 136 136 137 138 137 136 135 135 135 135 136 136 136 136 136 136 136 136 136 138 138 139 140 140 141 142 142 144 144 144 143 143 142 142 142 138 138 138 138 138 138 138 138 139 139 139 138 138 137 137 137 136 136 130 111 83 65 69 82 109 130 144 140 135 136 135 130 133 133 134 134 134 134 135 135 135 135 135 136 136 137 137 137 137 138 139 140 140 140 140 139 141 141 141 141 141 141 141 141 140 140 140 141 141 142 142 142 138 141 145 147 149 143 125 108 85 73 72 95 125 141 138 130 136 137 140 142 144 142 138 134 136 138 141 141 140 140 141 142 141 141 141 141 141 141 141 141 0 0 0 0 0 0 0 0
0 0 0 0 0 0 0 0 127 130 133 133 129 129 131 134 134 131 130 132 136 140 139 138 138 138 138 138 138 138 138 138 137 137 137 136 136 135 135 136 139 141 142 130 104 72 51 44 63 78 89 94 95 96 98 98 100 100 100 101 101 102 101 101 101 101 101 101 99 99 99 99 102 102 102 102 102 102 102 102 102 102 102 102 102 102 102 102 103 103 103 103 103 103 103 103 103 103 103 103 103 103 103 103 102 103 103 103 104 104 104 105 105 105 105 105 105 105 105 105 98 88 76 65 56 54 62 73 86 96 103 101 98 98 99 98 104 104 104 105 105 105 106 106 108 108 109 109 110 111 111 112 111 111 111 111 111 111 111 111 111 111 111 111 111 111 111 111 111 111 111 111 111 111 111 111 110 110 110 110 110 110 110 110 110 110 110 110 110 110 110 110 110 110 110 110 110 110 110 110 110 110 110 110 110 110 110 110 110 110 110 110 110 110 110 110 111 111 111 112 112 112 113 113 112 112 112 112 112 112 112 111 106 105 105 105 105 105 105 105 104 103 102 102 102 104 106 108 104 101 98 96 96 97 99 100 101 101 101 101 101 101 101 101 99 97 93 91 91 94 98 99 94 87 75 62 47 36 37 43 59 68 77 82 87 92 95 93 100 97 95 92 90 91 94 95 93 94 94 94 95 95 96 96 96 94 93 95 98 100 99 98 100 98 97 96 98 100 102 103 94 99 104 106 103 100 99 98 94 96 99 102 104 103 101 99 104 103 101 100 103 105 108 111 108 108 108 108 108 108 108 108 107 107 107 107 107 107 107 107 106 106 105 104 102 101 100 100 99 100 99 94 84 73 64 59 56 65 79 92 99 101 99 98 98 98 99 101 104 105 103 101 104 110 113 111 103 92 75 57 45 60 98 140 174 200 196 169 136 98 93 98 131 138 154 143 142 138 136 133 135 135 136 137 138 137 136 135 135 135 135 136 136 136 136 136 136 136 136 136 138 138 139 140 140 141 142 142 144 144 144 143 143 142 142 142 138 138 138 138 138 138 138 138 139 139 139 138 138 137 137 137 129 134 137 125 98 73 66 70 101 124 141 140 135 135 135 132 133 133 134 134 134 135 135 135 135 135 135 136 136 137 137 137 137 138 139 140 140 140 140 139 141 141 141 141 141 141 141 141 140 140 140 141 141 142 142 142 139 140 141 141 144 142 130 117 102 81 67 80 108 129 136 135 133 133 136 140 144 143 138 134 136 138 141 141 141 140 141 143 142 142 142 142 142 142 142 142 0 0 0 0 0 0 0 0
0 0 0 0 0 0 0 0 127 130 134 134 129 128 130 133 132 130 128 131 135 139 139 138 138 138 138 138 138 138 138 138 137 137 136 136 136 136 135 136 139 141 143 131 105 72 51 43 63 78 89 94 95 96 98 98 100 100 100 101 101 102 101 101 101 101 101 101 99 99 99 99 102 102 102 102 102 102 102 102 102 102 102 102 102 102 102 102 103 103 103 103 103 103 103 103 103 103 103 103 103 103 103 103 103 104 104 104 105 105 105 106 105 105 105 105 105 105 105 105 104 94 81 69 57 52 57 66 85 96 104 103 99 100 101 101 104 104 104 104 105 105 105 106 107 108 108 109 110 111 112 112 111 111 111 111 111 111 111 111 111 111 111 111 111 111 111 111 111 111 111 111 111 111 111 111 110 110 110 110 110 110 110 110 110 110 110 110 110 110 110 110 110 110 110 110 110 110 110 110 110 110 110 110 110 110 110 110 110 110 110 110 110 110 110 110 111 111 111 111 112 112 112 113 112 112 112 112 112 112 112 111 108 106 106 106 106 106 106 106 105 105 105 105 105 105 105 104 103 102 101 100 100 100 100 101 101 101 101 101 101 101 101 101 99 98 97 97 96 94 94 94 96 89 79 66 49 38 39 46 64 76 86 87 89 90 92 92 96 95 95 93 93 95 97 99 95 95 95 95 96 96 96 96 97 97 97 98 98 96 91 87 90 88 86 85 87 91 95 98 98 100 101 101 100 100 101 102 95 97 100 103 103 103 102 101 104 103 104 104 104 105 107 107 108 108 108 108 108 108 108 108 108 108 108 108 108 108 108 108 106 106 105 104 102 101 100 100 97 99 100 97 90 80 69 62 53 61 74 87 96 100 100 99 98 98 99 102 104 105 104 102 103 109 113 112 107 97 83 67 45 49 76 113 152 191 203 187 153 108 92 90 123 135 157 147 143 139 137 133 133 134 136 138 137 136 135 134 134 134 134 135 135 135 135 135 135 135 135 135 136 136 137 138 138 139 140 140 142 142 142 141 141 140 140 140 138 138 138 138 138 138 138 138 139 139 138 138 138 138 137 137 128 135 142 135 110 81 66 64 92 116 138 141 135 134 135 134 133 133 134 134 135 135 135 136 135 135 135 136 136 137 137 137 137 138 139 140 140 140 140 139 141 141 141 141 141 141 141 141 140 140 140 140 141 141 141 141 140 139 136 135 138 141 136 127 114 87 64 69 92 116 130 135 131 130 133 139 145 145 139 133 137 140 142 143 142 142 143 144 144 144 144 144 144 144 144 144 0 0 0 0 0 0 0 0
0 0 0 0 0 0 0 0 126 130 134 134 129 128 129 132 131 129 127 130 135 139 139 137 137 137 137 137 137 137 137 137 136 136 136 136 136 136 136 137 139 142 143 132 106 73 51 43 63 78 89 94 95 96 98 98 100 100 100 101 101 102 101 101 101 101 101 101 99 99 99 99 102 102 102 102 102 102 102 102 102 102 102 102 102 102 102 102 103 103 103 103 103 103 103 103 103 103 103 103 103 103 103 103 104 104 105 105 105 106 106 106 104 104 104 104 104 104 104 104 103 94 84 73 61 55 58 66 82 93 102 102 99 100 101 101 103 103 104 104 104 105 105 105 106 107 108 109 110 111 112 112 111 111 111 111 111 111 111 111 111 111 111 111 111 111 111 111 111 111 111 111 111 111 111 111 110 110 110 110 110 110 110 110 110 110 110 110 110 110 110 110 110 110 110 110 110 110 110 110 110 110 110 110 110 110 110 110 110 110 110 110 110 110 110 110 110 110 111 111 111 112 112 112 111 111 111 111 111 111 111 110 107 105 105 105 105 105 105 105 105 106 106 107 106 105 103 102 102 103 103 103 102 102 101 100 100 100 100 100 100 100 100 100 98 99 99 98 97 96 93 92 95 90 80 67 49 37 39 47 64 76 88 89 88 90 94 96 95 94 95 94 94 96 98 99 96 96 96 96 96 96 96 96 101 101 100 98 92 83 74 68 69 68 67 65 66 71 77 82 85 86 88 90 93 96 100 102 96 98 101 102 103 102 102 101 104 104 106 106 105 105 105 104 108 108 108 108 108 108 108 108 109 109 109 109 109 109 109 109 106 106 105 104 102 101 100 100 98 98 100 99 95 84 71 62 52 58 69 82 93 100 102 102 98 98 99 102 105 106 104 102 103 109 112 112 108 100 88 73 47 46 68 103 142 184 201 192 165 117 94 84 114 130 155 148 144 141 139 134 133 133 136 139 137 136 135 134 134 134 134 135 135 135 135 135 135 135 135 135 136 136 137 138 138 139 140 140 142 142 142 141 141 140 140 140 138 138 138 138 138 138 138 138 138 138 138 138 138 138 138 138 135 138 140 133 111 86 70 67 86 111 136 143 138 134 134 135 133 133 134 134 135 136 136 137 135 135 135 136 136 137 137 137 137 138 139 140 140 140 140 139 141 141 141 141 141 141 141 141 140 140 140 140 140 140 140 141 141 139 135 132 135 139 137 131 112 88 67 69 88 109 123 131 134 132 133 139 145 145 138 131 138 140 142 143 142 142 143 144 145 145 145 145 145 145 145 145 0 0 0 0 0 0 0 0
0 0 0 0 0 0 0 0 125 129 133 134 130 128 129 131 132 129 128 130 135 138 138 137 137 137 137 137 137 137 137 137 136 136 136 136 136 136 136 137 138 142 144 133 107 74 51 43 63 78 89 94 95 96 98 98 100 100 100 101 101 102 101 101 101 101 101 101 99 99 99 99 102 102 102 102 102 102 102 102 102 102 102 102 102 102 102 102 103 103 103 103 103 103 103 103 103 103 103 103 103 103 103 103 104 104 105 105 105 106 106 106 104 104 104 104 104 104 104 104 102 95 87 77 65 57 58 65 76 88 98 99 98 99 100 100 103 103 103 104 104 104 105 105 105 106 107 108 109 111 112 112 111 111 111 111 111 111 111 111 111 111 111 111 111 111 111 111 111 111 111 111 111 111 111 111 110 110 110 110 110 110 110 110 110 110 110 110 110 110 110 110 110 110 110 110 110 110 110 110 110 110 110 110 110 110 110 110 110 110 110 110 110 110 110 110 110 110 110 111 111 111 112 112 111 111 111 111 111 111 111 110 107 105 105 105 105 105 105 105 105 106 107 107 107 105 103 101 102 103 103 104 103 102 101 100 100 100 100 100 100 100 100 100 100 99 98 98 96 97 96 96 96 91 80 67 49 37 39 47 62 77 90 91 87 89 95 98 95 95 96 95 95 95 97 97 96 96 96 96 96 96 96 96 105 103 99 91 79 66 56 50 53 54 54 53 53 56 62 67 66 68 73 79 87 95 100 103 99 100 101 102 104 103 102 102 106 106 107 107 107 105 104 103 108 108 108 108 108 108 108 108 109 109 109 109 109 109 109 109 106 106 105 104 102 101 100 100 100 99 99 100 98 88 72 60 54 58 66 78 91 100 103 104 99 99 100 102 105 106 104 103 103 109 112 111 107 101 89 75 47 41 57 88 124 168 193 192 171 125 101 82 105 120 149 144 144 142 141 135 133 132 135 138 137 136 135 134 134 134 134 135 135 135 135 135 135 135 135 135 136 136 137 138 138 139 140 140 142 142 142 141 141 140 140 140 138 138 138 138 138 138 138 138 138 138 138 138 138 138 138 138 136 137 138 133 116 92 74 68 84 108 134 144 140 135 134 135 133 133 134 135 136 137 137 138 135 135 135 136 136 137 137 137 137 138 139 140 140 140 140 139 141 141 141 141 141 141 141 141 140 140 140 140 140 140 140 139 140 140 137 133 134 138 135 130 111 91 71 69 82 101 120 133 140 138 137 140 144 143 137 131 138 140 143 143 143 142 143 145 145 145 145 145 145 145 145 145 0 0 0 0 0 0 0 0
0 0 0 0 0 0 0 0 122 127 132 134 130 129 130 132 134 131 129 131 135 138 138 136 136 136 136 136 136 136 136 136 135 135 136 136 136 136 137 138 138 142 145 134 108 74 51 43 63 78 89 94 95 96 98 98 100 100 100 101 101 102 101 101 101 101 101 101 99 99 99 99 102 102 102 102 102 102 102 102 102 102 102 102 102 102 102 102 103 103 103 103 103 103 103 103 103 103 103 103 103 103 103 103 103 104 104 104 105 105 105 106 103 103 103 103 103 103 103 103 105 99 91 82 69 57 56 60 71 83 95 97 97 98 100 99 102 103 103 103 104 104 104 104 104 105 106 108 109 111 112 112 111 111 111 111 111 111 111 111 111 111 111 111 111 111 111 111 111 111 111 111 111 111 111 111 110 110 110 110 110 110 110 110 110 110 110 110 110 110 110 110 110 110 110 110 110 110 110 110 110 110 110 110 110 110 110 110 110 110 110 110 110 110 110 110 109 110 110 110 111 111 111 111 110 110 110 110 110 110 110 109 106 104 104 104 104 104 104 104 105 106 106 107 106 105 103 102 103 103 103 103 103 102 101 100 100 100 100 100 100 100 100 100 100 99 98 97 96 97 98 99 94 90 80 66 47 35 38 48 64 79 91 91 87 87 92 95 96 95 96 95 95 95 97 96 98 96 96 96 95 95 95 95 103 100 91 78 64 52 44 41 46 49 52 51 49 49 52 56 55 56 61 70 82 93 101 105 101 101 102 102 103 103 102 102 106 106 106 106 106 105 104 104 108 108 108 108 108 108 108 108 109 109 109 109 109 109 109 109 106 106 105 104 102 101 100 100 103 100 98 100 100 92 76 62 57 58 64 74 87 97 102 102 99 99 100 103 106 106 105 103 103 108 111 110 106 101 91 78 55 42 48 69 101 149 188 201 177 137 112 84 94 105 139 139 143 143 144 138 134 131 133 137 137 136 135 134 134 134 134 135 135 135 135 135 135 135 135 135 136 136 137 138 138 139 140 140 142 142 142 141 141 140 140 140 138 138 138 138 138 138 138 138 137 137 138 138 138 138 139 139 131 133 139 140 127 102 78 67 83 103 128 142 142 138 135 135 133 133 134 135 136 137 138 138 135 135 135 136 136 137 137 137 137 138 139 140 140 140 140 139 141 141 141 141 141 141 141 141 140 140 140 140 139 139 139 139 138 140 138 135 135 136 133 128 116 98 77 66 70 89 116 138 144 143 141 141 140 138 135 132 139 141 143 144 143 143 144 145 145 145 145 145 145 145 145 145 0 0 0 0 0 0 0 0
0 0 0 0 0 0 0 0 120 125 131 134 131 129 131 132 136 133 131 133 136 138 137 135 136 136 136 136 136 136 136 136 135 135 135 136 136 137 137 138 138 142 145 134 108 75 52 43 63 78 89 94 95 96 98 98 100 100 100 101 101 102 101 101 101 101 101 101 99 99 99 99 102 102 102 102 102 102 102 102 102 102 102 102 102 102 102 102 103 103 103 103 103 103 103 103 103 103 103 103 103 103 103 103 102 103 103 103 104 104 104 105 103 103 103 103 103 103 103 103 106 100 94 85 71 59 55 58 68 81 93 96 96 98 100 100 102 102 103 103 103 104 104 104 104 104 106 107 109 111 112 112 111 111 111 111 111 111 111 111 111 111 111 111 111 111 111 111 111 111 111 111 111 111 111 111 110 110 110 110 110 110 110 110 110 110 110 110 110 110 110 110 110 110 110 110 110 110 110 110 110 110 110 110 110 110 110 110 110 110 110 110 110 110 110 110 109 109 110 110 110 111 111 111 110 110 110 110 110 110 110 109 107 106 106 106 106 106 106 106 107 107 108 108 108 107 106 104 104 103 103 102 102 102 102 102 102 102 102 102 102 102 102 102 99 99 99 99 98 98 98 98 94 91 83 69 47 34 38 49 67 79 90 91 88 89 93 94 96 96 96 96 97 97 97 97 98 96 95 95 94 94 94 93 97 91 80 66 52 44 42 43 53 58 63 64 60 56 56 57 53 51 52 60 73 87 97 103 102 102 102 102 103 103 103 102 106 106 106 106 106 106 106 106 108 108 108 108 108 108 108 108 108 108 108 108 108 108 108 108 106 106 105 104 102 101 100 100 104 100 97 101 104 97 82 68 59 58 61 70 83 94 98 99 99 99 100 103 106 107 105 103 103 108 110 110 107 104 95 83 63 45 43 56 81 130 180 204 187 152 126 86 83 89 128 136 142 143 146 141 136 131 132 135 136 135 134 133 133 133 133 134 134 134 134 134 134 134 134 135 136 136 137 138 138 139 140 140 142 142 142 141 141 140 140 140 138 138 138 138 138 138 138 138 137 137 137 138 138 139 139 139 131 132 138 142 133 110 85 71 80 96 120 137 143 140 137 136 133 133 134 135 137 138 139 139 135 135 135 136 136 137 137 137 137 138 139 140 140 140 140 139 141 141 141 141 141 141 141 141 140 140 140 139 139 138 138 138 137 139 138 134 134 136 134 130 120 106 86 69 63 75 105 132 143 144 143 139 135 133 133 135 139 143 145 146 145 145 146 147 146 146 146 146 146 146 146 146 0 0 0 0 0 0 0 0
0 0 0 0 0 0 0 0 118 124 131 134 133 130 133 133 139 136 133 135 137 139 138 136 137 136 137 136 137 136 137 136 136 135 136 136 137 137 138 138 138 142 143 135 108 75 52 42 63 77 89 93 95 96 97 97 99 98 99 100 100 101 100 100 101 101 101 101 101 99 101 101 102 102 102 102 102 102 102 102 102 102 102 102 102 102 102 102 103 103 103 103 103 103 103 103 103 103 103 103 103 103 103 103 102 102 102 103 103 103 104 104 103 103 103 103 103 103 103 103 103 99 93 86 73 61 57 60 67 80 93 97 97 99 101 100 102 102 102 103 103 104 104 104 103 104 105 107 109 111 112 113 111 111 111 111 111 111 111 111 111 111 111 111 111 111 111 111 111 111 111 111 111 111 111 111 110 110 110 110 110 110 110 110 110 110 110 110 110 110 110 110 110 110 110 110 110 110 110 110 110 110 110 110 110 110 110 110 110 110 110 110 110 110 110 110 109 109 109 110 110 111 111 111 110 110 110 110 110 110 110 109 107 107 107 107 107 107 107 107 108 108 108 108 108 108 108 107 106 103 104 101 103 101 103 102 104 102 104 102 104 102 104 102 99 99 101 100 100 98 96 94 94 92 85 70 48 35 39 50 67 78 88 90 90 93 96 96 94 94 95 96 96 97 99 98 97 95 95 94 94 93 93 92 91 85 72 58 46 42 45 51 68 74 83 82 78 71 70 69 55 50 48 51 65 79 93 99 102 102 103 103 103 103 103 103 106 105 106 105 105 106 106 107 108 108 108 108 108 108 108 108 108 108 108 108 108 108 108 108 106 106 105 104 102 101 100 100 105 99 97 101 106 102 87 74 60 58 59 67 80 91 95 96 99 99 101 103 106 107 105 104 102 107 110 110 110 107 99 88 63 46 40 49 68 115 167 193 194 162 135 88 75 79 122 134 141 145 147 143 137 131 132 134 137 135 135 133 134 133 134 134 135 134 135 134 135 134 135 135 136 136 137 138 138 139 140 140 142 142 142 141 141 140 140 140 138 138 138 138 138 138 138 138 137 137 137 138 138 139 139 139 136 134 136 139 133 113 92 80 77 91 113 133 143 142 139 137 133 133 134 135 137 138 139 140 135 135 135 136 136 137 137 137 137 138 139 140 140 140 140 139 141 141 141 141 141 141 141 141 140 140 140 139 139 138 138 138 136 138 136 132 132 136 136 133 119 110 94 76 62 68 95 122 142 144 144 139 132 130 134 138 141 143 146 146 145 145 146 147 146 146 146 146 146 146 146 146 0 0 0 0 0 0 0 0
0 0 0 0 0 0 0 0 107 129 134 125 133 134 128 141 137 147 139 136 139 139 143 137 130 147 142 133 139 141 139 131 146 139 141 138 142 138 116 150 139 137 149 127 109 77 42 54 50 78 94 83 89 99 93 98 99 91 89 101 92 89 107 94 102 109 103 100 106 101 90 110 103 103 103 103 103 103 103 103 103 103 103 103 103 103 103 103 104 104 104 104 104 104 104 104 104 104 104 104 104 104 104 104 104 104 104 103 103 103 102 102 103 103 103 103 103 103 103 102 103 101 97 87 75 65 60 59 67 75 87 96 99 99 99 99 100 100 100 101 101 102 102 102 106 104 104 106 108 110 109 108 111 111 111 111 111 111 111 111 112 112 112 112 112 112 112 112 113 113 113 113 113 113 113 113 111 111 111 111 111 111 111 111 111 111 111 111 111 111 111 111 111 111 111 111 111 111 111 111 111 111 111 111 111 111 111 111 111 111 111 111 111 111 111 111 111 111 111 111 111 111 111 111 112 112 112 112 112 112 112 112 110 110 110 110 110 110 110 110 110 110 110 110 110 110 110 110 107 106 107 105 106 104 105 104 104 103 104 104 105 105 106 105 101 100 101 99 99 98 98 98 94 89 80 68 51 39 42 48 67 79 89 90 89 90 92 92 96 95 95 95 95 96 99 100 102 101 98 94 94 95 89 81 80 73 64 53 44 42 54 67 84 95 103 99 94 88 85 80 62 49 41 45 60 75 91 102 101 101 104 104 104 104 104 105 105 105 105 105 105 105 105 106 108 108 108 108 108 108 108 108 108 108 108 108 108 108 108 108 105 105 104 103 102 101 101 100 103 104 104 104 105 103 93 81 67 58 55 64 78 88 94 98 101 100 100 103 107 109 107 105 105 107 110 110 109 105 101 97 72 58 46 34 57 102 141 188 188 178 131 96 79 74 105 129 139 147 151 145 138 135 137 137 138 136 136 133 134 134 136 136 136 135 136 135 136 135 136 136 136 138 139 140 140 141 142 142 143 143 142 142 142 141 141 141 138 138 138 138 138 138 138 138 136 137 137 138 138 139 139 140 131 136 140 141 137 125 103 83 79 87 105 127 139 139 136 135 136 136 137 138 138 139 140 140 138 138 138 138 138 138 138 138 138 138 138 139 139 139 140 140 140 140 140 140 140 140 140 140 139 139 139 138 138 137 137 137 136 135 133 132 132 133 135 136 122 118 104 82 62 62 91 119 142 147 146 140 136 137 139 139 145 145 146 147 147 147 146 146 147 147 147 148 148 149 149 149 0 0 0 0 0 0 0 0
0 0 0 0 0 0 0 0 98 103 111 143 206 218 164 134 129 140 129 134 147 134 132 155 147 136 125 144 147 135 174 232 229 228 216 182 205 207 156 127 137 147 145 131 111 73 38 26 65 67 73 100 102 91 102 95 76 100 100 85 98 100 85 100 87 97 97 94 107 112 95 101 103 102 103 102 103 102 103 102 103 102 103 102 103 102 103 103 103 104 104 104 104 104 104 104 104 104 104 104 104 104 104 104 105 105 104 104 104 103 103 103 103 103 103 103 103 103 103 102 100 100 98 90 79 69 62 59 65 74 86 96 100 100 100 100 100 100 100 101 101 102 102 102 104 103 103 105 108 110 109 108 109 109 110 109 110 109 110 109 111 110 111 110 111 110 111 111 111 112 112 112 112 112 112 112 111 111 111 111 111 111 111 111 111 111 111 111 111 111 111 111 111 111 111 111 111 111 111 111 111 111 111 111 111 111 111 111 111 111 111 111 111 111 111 110 110 109 110 109 110 109 110 109 111 110 111 110 111 110 111 110 111 110 111 110 111 110 111 110 111 110 111 110 111 110 111 110 107 107 107 106 106 105 105 105 104 104 104 105 105 106 106 105 101 100 100 99 99 98 98 98 96 91 82 68 51 39 42 49 66 78 87 89 88 91 93 94 96 95 95 95 95 96 97 98 101 101 98 94 94 93 85 76 70 62 54 49 48 54 68 82 95 105 111 110 105 101 94 88 67 53 41 44 56 71 87 98 103 103 104 104 105 105 105 105 105 105 105 105 105 105 105 105 106 108 108 108 108 108 108 108 107 107 107 107 107 107 107 107 106 105 105 104 103 102 102 101 103 104 105 104 106 104 95 84 72 61 56 61 73 82 91 95 101 99 100 102 107 108 107 105 106 107 109 109 109 105 103 100 83 66 48 29 44 85 127 178 184 181 139 107 84 72 97 117 133 143 150 144 136 133 136 138 140 138 137 135 134 135 136 136 136 136 136 136 136 136 136 136 138 138 139 140 140 141 142 142 143 143 143 143 142 142 142 141 138 138 138 138 138 138 138 138 137 137 138 138 138 138 139 139 134 137 139 141 140 130 108 87 79 82 96 117 133 139 138 138 137 137 137 138 138 139 139 139 139 139 139 139 139 139 139 139 138 139 139 139 140 140 140 140 140 140 140 140 140 140 140 140 139 139 139 138 138 137 137 137 137 135 133 132 132 133 135 137 127 123 109 88 68 66 88 114 135 142 145 140 136 137 140 141 144 145 146 147 147 147 146 146 147 147 147 148 148 149 149 149 0 0 0 0 0 0 0 0
0 0 0 0 0 0 0 0 81 114 134 122 130 130 121 155 144 147 136 139 156 140 120 136 119 141 139 143 135 130 176 222 169 211 226 148 143 126 130 139 134 152 138 128 104 73 57 52 41 86 88 93 88 85 103 78 98 81 89 92 96 96 84 92 89 103 111 88 100 115 100 96 102 100 102 100 102 100 102 100 102 100 102 100 102 100 102 102 103 103 103 103 103 103 103 103 103 103 103 103 103 103 103 103 104 104 103 103 103 102 102 102 102 102 102 102 102 102 102 102 98 98 98 94 84 72 62 57 60 69 82 93 98 100 99 98 98 98 98 99 99 100 100 100 100 99 100 102 106 108 108 107 107 107 109 107 109 107 109 107 108 106 108 106 108 106 108 108 109 109 109 109 109 109 109 109 110 110 110 110 110 110 110 110 110 110 110 110 110 110 110 110 110 110 110 110 110 110 110 110 110 110 110 110 110 110 110 110 110 110 110 110 110 110 110 110 109 107 109 107 109 107 109 107 110 108 110 108 110 108 110 108 110 108 110 108 110 108 110 108 110 108 110 108 110 108 110 108 107 106 106 105 105 104 104 104 103 103 103 104 104 105 105 103 100 98 98 97 97 96 96 96 97 91 81 66 48 37 40 49 66 76 85 86 86 89 93 94 95 94 94 94 94 95 96 97 97 98 96 92 90 87 77 67 58 49 42 45 54 66 82 96 101 106 109 109 108 106 98 89 69 53 39 39 51 67 84 96 101 101 102 103 104 104 103 103 103 103 103 103 103 103 103 105 106 106 106 106 106 106 106 106 105 105 105 105 105 105 105 105 104 104 104 103 102 101 101 101 100 103 103 102 103 104 97 88 77 64 55 55 65 74 86 91 99 96 99 100 105 105 106 105 106 107 107 107 108 106 105 104 93 77 58 33 36 67 105 158 176 184 153 123 95 73 90 104 125 138 149 144 134 130 135 139 141 139 137 135 134 134 135 135 135 135 135 135 135 135 135 136 138 138 139 140 140 141 142 142 144 144 144 143 143 142 142 142 138 137 137 137 137 137 137 137 138 138 137 137 137 137 136 136 137 136 136 139 142 136 115 94 81 78 84 103 124 135 137 137 137 137 138 138 138 138 139 139 139 139 139 139 139 139 139 139 139 138 138 139 139 140 140 140 139 139 139 139 139 139 139 139 138 138 138 137 137 136 136 136 137 135 132 129 129 132 135 138 134 129 117 96 73 66 84 104 122 134 143 140 134 134 139 142 144 143 144 145 146 146 145 145 146 146 146 147 147 148 148 148 0 0 0 0 0 0 0 0
0 0 0 0 0 0 0 0 92 98 107 125 195 227 197 213 207 234 240 197 197 249 225 145 196 233 229 227 217 204 230 240 230 220 210 163 225 204 213 219 230 226 212 168 100 59 41 86 234 233 242 170 82 141 250 255 255 129 136 236 213 227 255 193 252 242 217 118 83 93 99 103 99 99 100 99 100 99 100 99 100 99 100 99 100 99 100 100 102 102 102 102 102 102 102 102 102 102 102 102 102 102 102 102 102 101 101 101 100 100 100 99 100 100 100 100 100 100 100 100 97 99 102 98 90 75 63 53 58 65 79 90 98 99 99 97 98 97 98 98 99 99 100 99 100 98 100 102 107 108 110 108 108 107 108 107 108 107 108 107 107 106 107 106 107 106 107 107 109 109 109 109 109 109 109 109 109 109 109 109 109 109 109 109 109 109 109 109 109 109 109 109 109 109 109 109 109 109 109 109 109 109 109 109 109 109 109 109 109 109 109 109 109 109 109 109 106 105 106 105 106 105 106 105 107 106 107 106 107 106 107 106 108 107 108 107 108 107 108 107 108 107 108 107 108 107 108 107 106 104 106 103 105 102 104 102 103 101 103 102 104 103 105 103 100 98 98 97 97 96 96 96 98 91 80 65 47 36 39 47 66 76 85 85 84 87 91 92 95 94 94 94 94 95 96 97 96 98 96 92 89 84 73 61 53 43 38 47 62 77 89 97 100 101 101 99 103 104 99 89 71 54 39 38 50 65 84 97 98 100 102 103 104 103 104 102 103 102 103 102 103 102 103 103 105 105 106 105 106 105 106 105 106 105 106 105 106 105 106 105 104 103 104 102 103 101 102 101 101 102 103 100 103 103 100 92 82 66 53 50 58 67 81 90 95 95 97 99 102 103 104 104 106 106 105 103 104 105 105 105 99 85 71 42 36 53 84 135 166 185 167 139 106 78 85 96 117 135 148 145 132 127 132 136 141 139 137 135 134 134 135 135 135 135 135 135 135 135 135 135 136 136 139 138 140 139 142 140 144 142 144 142 143 141 142 140 137 137 137 137 137 137 137 137 139 138 138 137 137 136 136 135 141 137 135 138 145 142 123 103 86 76 76 94 118 132 134 132 136 136 138 136 138 136 138 136 140 138 140 138 140 138 140 138 138 138 139 139 140 140 140 140 138 138 138 138 138 138 138 138 138 138 138 137 137 136 136 136 139 136 132 129 129 132 136 139 137 134 123 104 81 68 76 92 113 129 141 141 135 134 138 141 142 142 144 145 145 146 145 145 146 146 146 147 147 148 148 148 0 0 0 0 0 0 0 0
0 0 0 0 0 0 0 0 71 91 118 135 200 223 183 212 235 151 196 242 204 204 213 188 223 195 163 211 217 166 189 227 178 202 223 185 234 179 208 245 191 182 228 191 107 82 65 191 227 103 188 226 180 237 208 88 196 222 165 230 234 141 203 255 164 198 238 150 106 101 93 86 97 97 99 97 99 97 99 97 99 97 99 97 99 97 99 99 99 100 100 100 100 100 100 100 100 100 100 100 100 100 100 100 98 98 98 97 97 97 96 96 98 98 98 98 98 98 98 97 99 99 103 99 92 76 62 50 56 60 74 83 94 96 98 95 97 95 97 96 98 97 99 97 100 97 100 101 107 107 110 107 108 106 108 106 108 106 108 106 106 104 106 104 106 104 106 106 106 107 107 107 107 107 107 107 107 107 107 107 107 107 107 107 107 107 107 107 107 107 107 107 107 107 107 107 107 107 107 107 107 107 107 107 107 107 107 107 107 107 107 107 107 107 107 106 105 103 105 103 105 103 105 103 106 104 106 104 106 104 106 104 107 105 107 105 107 105 107 105 107 105 107 105 107 105 107 105 104 103 104 102 103 101 102 101 101 100 101 101 102 102 103 102 98 97 97 96 96 95 95 95 96 90 79 64 46 34 37 46 66 75 83 83 82 84 87 87 93 92 92 92 92 93 94 95 94 96 95 91 88 82 70 58 47 39 37 50 69 83 91 97 97 95 92 88 95 99 99 90 76 57 43 39 51 64 82 94 95 97 100 101 103 102 102 100 102 101 102 101 102 101 102 102 103 103 105 103 105 103 105 103 106 104 106 104 106 104 106 104 103 101 103 100 102 100 102 99 100 100 102 97 100 101 101 94 84 67 53 47 53 62 79 89 92 92 96 97 100 100 103 104 104 104 103 101 102 103 104 105 103 89 74 45 33 41 68 120 162 189 179 153 117 83 84 88 114 133 148 146 133 127 131 134 140 138 136 134 133 133 134 134 134 134 134 134 134 134 134 135 135 135 137 137 138 138 140 139 142 141 142 140 141 139 140 139 137 136 136 136 136 136 136 136 138 137 137 136 136 135 135 134 142 137 133 136 144 144 129 111 87 73 69 86 113 130 133 132 137 136 137 135 136 134 135 133 138 137 138 137 138 137 138 137 138 137 137 138 138 139 139 139 137 137 137 137 137 137 137 137 137 137 137 136 136 135 135 135 138 135 131 128 128 131 135 139 138 134 126 111 88 71 70 79 103 121 138 142 136 135 138 140 141 139 141 142 143 143 143 143 144 144 144 145 145 146 146 146 0 0 0 0 0 0 0 0
0 0 0 0 0 0 0 0 70 80 100 113 192 227 187 229 203 121 197 225 150 185 233 197 241 180 129 204 226 161 187 235 174 214 223 180 236 190 210 225 139 135 226 203 103 76 44 208 196 51 81 91 132 234 167 79 177 243 171 228 208 93 178 219 138 178 241 142 89 88 97 102 96 96 96 96 96 96 96 96 96 96 96 96 96 96 96 96 97 97 97 97 97 97 97 97 97 97 97 97 97 97 97 97 95 95 95 95 94 94 93 93 94 94 94 94 94 94 94 94 99 99 101 98 92 77 63 52 54 58 67 77 88 93 95 93 95 94 95 95 96 96 97 96 98 97 98 99 104 105 106 105 104 104 104 104 104 104 104 104 104 104 104 104 104 104 104 104 105 105 105 105 105 105 105 105 104 104 104 104 104 104 104 104 104 104 104 104 104 104 104 104 104 104 104 104 104 104 104 104 104 104 104 104 104 104 104 104 104 104 104 104 104 104 104 104 104 103 103 103 103 103 103 103 104 104 104 104 104 104 104 104 104 104 104 104 104 104 104 104 104 104 104 104 104 104 104 104 103 102 102 101 101 100 100 100 99 99 99 100 100 101 101 101 97 95 97 94 96 93 95 93 94 87 80 65 49 35 38 44 61 72 83 83 83 83 86 84 93 91 92 91 92 92 94 95 92 94 95 89 89 82 72 58 46 36 37 50 71 84 93 97 92 88 83 79 84 89 90 84 78 61 47 44 52 63 77 86 91 93 98 98 101 99 100 97 101 99 101 99 101 99 101 101 102 102 103 102 103 102 103 102 103 102 103 102 103 102 103 102 100 99 100 99 99 98 99 98 98 100 100 95 95 98 99 96 84 69 53 47 50 58 73 85 87 90 94 96 97 98 100 103 103 102 99 99 100 100 101 100 106 89 74 43 28 31 55 108 153 188 186 163 127 88 82 79 109 127 144 143 134 128 130 131 136 135 134 132 132 133 134 135 134 134 134 134 134 134 134 134 135 135 136 137 137 138 139 139 140 140 139 139 139 138 138 137 136 134 136 134 136 134 136 134 137 135 136 134 136 134 135 133 142 136 133 132 141 142 133 117 88 70 65 78 106 124 133 133 137 137 137 136 134 133 133 132 136 136 136 136 136 136 136 135 136 136 136 137 137 137 138 138 136 136 136 136 136 136 136 136 137 137 137 136 136 135 135 135 138 135 132 130 130 132 135 138 137 134 129 116 94 76 69 72 94 114 132 139 138 137 140 138 138 138 140 141 143 142 144 142 144 143 144 144 145 145 146 145 0 0 0 0 0 0 0 0
0 0 0 0 0 0 0 0 60 78 108 120 193 219 168 216 212 118 197 230 154 181 229 210 228 188 137 200 221 165 191 218 173 220 209 164 220 189 208 219 143 148 231 217 111 80 47 202 189 77 74 69 142 248 170 85 157 233 174 230 204 89 184 245 122 163 247 150 97 89 90 87 93 95 95 95 95 95 95 95 95 95 95 95 95 95 95 95 96 96 96 96 96 96 96 96 96 96 96 96 96 96 96 96 96 96 96 95 95 95 94 94 93 93 93 93 93 93 93 93 97 96 96 94 90 79 67 56 54 55 62 71 83 89 92 91 94 93 94 94 95 95 96 95 97 95 95 96 100 101 102 100 101 101 101 101 101 101 101 101 101 101 101 101 101 101 101 101 102 102 102 102 102 102 102 102 103 103 103 103 103 103 103 103 103 103 103 103 103 103 103 103 103 103 103 103 103 103 103 103 103 103 103 103 103 103 103 103 103 103 103 103 103 103 103 102 102 102 102 102 102 102 102 102 103 103 103 103 103 103 103 103 103 103 103 103 103 103 103 103 103 103 103 103 103 103 103 101 100 100 100 99 99 98 98 98 97 97 97 98 98 99 99 98 95 94 95 93 94 92 93 92 92 87 81 68 51 38 39 45 54 67 80 83 84 84 86 84 92 90 91 90 91 91 93 94 91 92 92 88 87 83 73 61 49 39 37 47 66 79 89 95 88 87 84 78 80 81 81 74 71 55 46 45 56 65 78 86 87 90 94 96 98 97 96 94 99 98 99 98 99 98 99 99 101 101 102 101 102 101 102 101 100 99 100 99 100 99 100 99 97 96 97 96 98 97 98 97 98 99 98 92 92 94 98 96 86 72 57 50 49 55 67 79 85 89 93 95 95 96 99 101 99 99 98 97 97 96 95 94 101 88 79 54 38 32 46 93 136 178 185 169 137 97 86 76 102 120 135 139 135 131 131 130 133 131 130 129 129 130 132 133 132 132 132 132 132 132 132 132 134 134 135 136 136 137 138 138 138 138 137 137 136 136 136 136 134 133 134 133 134 133 134 133 133 132 134 133 134 133 135 134 139 135 132 130 136 138 132 121 96 75 62 70 94 113 125 128 137 137 136 135 133 132 131 131 135 135 135 135 135 135 135 135 135 133 133 133 134 134 135 135 134 134 134 134 134 134 134 134 135 135 135 134 134 133 133 133 134 133 131 129 129 131 133 136 135 133 131 122 102 81 69 68 82 102 123 135 139 140 140 137 136 135 139 138 142 140 143 141 143 141 143 142 144 143 145 143 0 0 0 0 0 0 0 0
0 0 0 0 0 0 0 0 57 61 82 92 180 215 164 212 193 115 185 205 153 192 218 184 228 196 148 208 222 161 195 225 172 223 212 179 228 188 207 231 170 177 226 211 104 72 48 183 219 93 182 233 183 222 195 81 213 213 155 230 198 94 179 222 138 164 241 138 89 88 94 92 92 92 92 92 92 92 92 92 92 92 92 92 92 92 92 92 93 93 93 93 93 93 93 93 93 93 93 93 93 93 93 93 95 95 95 94 94 94 93 93 90 90 90 90 90 90 90 90 92 91 93 90 89 79 70 59 54 53 59 66 79 85 90 88 93 91 93 92 94 93 95 93 94 91 93 92 97 97 98 95 97 96 96 96 96 96 96 96 97 97 97 97 97 97 97 97 98 98 98 98 98 98 98 98 100 100 100 100 100 100 100 100 100 100 100 100 100 100 100 100 100 100 100 100 100 100 100 100 100 100 100 100 100 100 100 100 100 100 100 100 100 100 100 100 100 100 100 100 100 100 100 100 101 101 101 101 101 101 101 101 100 100 100 100 100 100 100 100 100 100 100 100 100 100 100 100 99 97 97 96 96 95 95 95 94 94 94 95 95 96 96 96 94 94 94 93 93 92 92 92 91 88 82 71 54 41 41 46 48 61 77 81 84 84 87 84 91 88 90 88 90 89 92 93 90 92 91 88 87 84 75 65 56 45 39 46 60 74 84 92 93 94 92 87 85 84 79 73 58 47 40 44 56 68 80 88 84 86 90 93 95 94 92 91 96 96 96 96 96 96 96 98 99 99 101 99 101 99 101 99 97 95 97 95 97 95 97 95 95 94 96 94 96 94 96 94 98 97 97 89 89 91 96 94 87 73 58 50 47 51 61 71 81 85 90 92 92 93 96 99 95 95 95 95 94 94 91 90 93 86 87 68 52 38 39 76 118 165 180 170 143 105 90 78 95 111 129 134 134 132 132 130 129 129 128 128 129 130 132 133 132 132 132 132 132 132 132 132 132 132 135 134 136 135 138 136 137 135 136 134 136 133 135 133 133 133 133 133 133 133 133 133 131 132 132 133 133 134 134 135 137 135 131 129 132 136 131 123 106 83 63 65 84 103 115 121 136 135 136 133 133 130 131 128 134 132 134 132 134 132 134 132 132 132 132 133 133 133 134 134 134 134 134 134 134 134 134 134 135 135 135 134 134 133 133 133 134 133 131 130 130 131 133 134 132 134 132 125 106 85 71 67 74 93 115 130 140 141 142 135 134 134 136 137 139 139 141 140 141 140 141 141 142 142 143 142 0 0 0 0 0 0 0 0
0 0 0 0 0 0 0 0 29 57 47 59 170 198 157 201 184 76 158 222 132 158 234 159 175 241 227 223 206 149 178 231 164 196 212 174 230 178 208 228 232 229 206 151 166 204 119 13 209 236 242 165 91 140 230 251 244 133 124 225 199 114 159 233 127 186 208 154 93 79 87 88 89 90 90 90 90 90 90 90 90 90 90 90 90 90 90 90 92 92 92 92 92 92 92 92 92 92 92 92 92 92 92 92 90 91 91 92 92 91 91 90 90 90 90 89 89 88 88 88 89 89 90 88 86 77 69 61 53 52 55 60 70 79 87 90 91 90 91 91 92 92 93 92 92 91 92 92 93 93 94 93 90 91 92 93 93 93 93 92 94 94 94 94 94 94 94 94 94 94 94 94 94 94 94 94 97 97 97 97 97 97 97 97 99 99 98 98 98 98 98 98 97 97 97 97 97 97 97 97 97 97 97 97 97 97 97 97 97 97 97 97 97 97 97 97 99 99 99 99 99 99 99 99 99 99 99 99 99 99 99 99 100 100 100 100 100 100 100 100 99 99 99 99 99 99 99 98 96 96 96 95 95 94 94 94 93 93 93 93 93 93 93 93 93 93 93 92 92 91 91 91 90 87 82 75 65 56 48 44 51 58 71 82 89 88 85 81 87 86 87 86 87 86 87 87 91 89 88 89 90 84 74 65 54 47 42 46 55 64 76 86 92 94 93 86 80 76 69 62 45 40 37 41 52 67 78 84 82 84 87 90 92 93 92 92 93 93 93 94 94 95 95 95 97 97 98 96 97 95 96 95 96 94 94 92 93 92 93 93 94 93 94 93 94 93 94 93 94 92 92 91 92 91 93 93 85 74 61 51 44 43 50 60 71 79 88 93 93 91 91 91 92 92 92 93 93 92 92 91 89 91 91 75 49 30 35 49 93 141 167 179 153 131 90 77 92 102 118 131 138 136 132 128 124 126 129 130 130 130 132 133 132 132 132 132 132 132 132 132 132 132 134 133 134 134 135 134 135 134 134 132 133 133 135 134 135 133 133 133 133 133 133 133 134 134 134 135 136 137 139 139 142 136 130 129 132 132 129 126 105 87 68 63 72 88 107 123 133 134 134 131 131 130 133 134 134 132 133 131 132 130 131 130 131 131 131 131 131 131 131 131 132 132 132 132 132 132 132 132 132 132 132 132 132 132 132 132 135 135 135 134 134 134 133 133 131 132 132 127 116 99 78 64 66 81 104 126 139 139 134 127 133 134 138 140 142 142 142 140 142 141 143 142 143 143 144 143 0 0 0 0 0 0 0 0
0 0 0 0 0 0 0 0 1 12 11 0 33 35 7 32 27 20 30 51 66 74 99 129 129 99 112 219 219 103 71 86 87 86 96 75 117 122 202 226 167 140 139 122 101 71 29 25 30 38 70 87 72 74 84 70 85 84 82 88 71 74 101 79 71 85 90 82 83 92 91 80 88 88 88 88 88 88 88 88 88 88 88 88 88 88 88 88 89 89 89 89 89 89 89 89 89 89 89 89 89 89 89 89 88 89 89 90 90 89 89 88 88 88 88 87 87 86 86 87 87 87 87 87 84 77 68 62 53 52 54 59 68 78 84 88 88 88 88 89 89 90 90 90 89 89 89 90 90 91 91 91 89 89 90 91 91 91 91 90 92 92 92 92 92 92 92 92 92 92 92 92 92 92 92 92 94 94 94 94 94 94 94 94 96 95 95 95 95 95 95 95 95 95 95 95 95 95 95 95 95 95 95 95 95 95 95 95 95 95 95 95 95 95 95 95 96 96 96 96 96 96 96 96 96 96 96 96 96 96 96 96 97 97 97 97 97 97 97 97 96 96 96 96 96 96 96 96 95 93 93 92 92 91 91 91 90 90 90 90 90 90 90 90 91 91 93 90 92 89 91 89 91 87 84 76 69 58 53 46 52 59 70 80 86 87 84 82 86 86 86 86 86 86 86 86 89 87 88 87 90 83 76 66 57 47 44 45 54 61 73 81 83 84 84 76 70 65 58 50 40 35 34 39 52 66 77 82 79 81 86 87 91 90 91 88 92 90 92 91 93 92 94 94 95 95 95 94 94 93 93 93 93 92 91 90 90 90 90 91 91 91 91 91 91 91 91 91 90 90 90 90 90 91 92 93 87 75 62 51 43 40 46 55 69 76 85 89 89 88 87 88 89 90 91 90 91 91 91 88 94 95 93 77 51 29 27 33 69 122 156 180 162 142 96 79 84 94 108 120 127 126 124 119 122 124 127 127 127 126 127 129 128 128 128 128 128 128 128 128 128 126 129 127 130 128 130 128 130 128 129 126 128 127 130 128 131 130 131 130 131 130 131 130 131 130 131 130 132 133 135 135 137 130 126 124 127 127 125 121 107 89 71 63 68 80 99 114 127 128 129 125 125 123 128 128 127 125 128 127 129 127 129 129 128 128 128 128 128 128 128 128 129 129 129 129 129 129 129 129 129 129 129 129 129 129 129 129 130 130 130 129 129 129 128 128 127 127 126 123 115 98 79 67 62 73 90 109 123 129 128 125 128 127 132 132 136 134 136 133 137 135 138 136 138 137 139 137 0 0 0 0 0 0 0 0
0 0 0 0 0 0 0 0 6 3 20 15 5 7 6 10 2 16 15 20 44 55 80 125 214 230 239 221 119 49 65 47 63 42 57 64 75 109 196 202 136 115 114 102 80 49 25 34 28 31 54 86 93 81 77 83 85 84 79 97 93 76 82 84 90 82 77 80 84 82 79 80 85 86 86 86 86 86 86 86 86 86 86 86 86 86 86 86 88 88 88 88 88 88 88 88 88 88 88 88 88 88 88 86 85 86 86 87 87 86 86 85 85 85 85 84 84 83 83 84 85 86 87 88 86 80 71 65 56 55 56 60 69 77 83 86 87 87 87 88 88 89 89 89 88 88 88 89 89 90 90 89 86 87 88 89 89 89 89 88 90 90 90 90 90 90 90 90 89 89 89 89 89 89 89 89 90 90 90 90 90 90 90 90 91 91 91 91 91 91 91 91 92 92 92 92 92 92 92 92 92 92 92 92 92 92 92 92 92 92 92 92 92 92 92 92 93 93 93 93 93 93 93 93 93 93 93 93 93 93 93 93 94 94 94 94 94 94 94 94 93 93 93 93 93 93 93 92 92 92 92 91 91 90 90 90 89 89 89 89 89 89 89 89 90 90 91 89 90 88 89 88 90 88 86 79 73 64 58 53 55 59 67 76 82 83 82 81 84 84 84 84 84 84 84 86 86 85 86 86 88 83 77 70 61 52 47 47 53 58 68 75 76 77 77 68 64 58 53 43 38 34 37 42 57 68 79 83 80 82 85 86 89 88 89 87 90 89 90 90 91 91 92 92 93 94 94 93 93 92 92 92 92 91 90 89 89 89 89 90 90 90 90 90 90 90 90 90 89 89 89 90 91 93 94 94 89 77 64 52 43 39 44 52 67 74 82 86 86 84 85 86 88 87 87 88 89 87 87 87 93 92 91 81 59 35 24 22 51 100 135 169 162 149 104 86 91 99 111 121 127 128 127 125 133 132 134 134 132 131 131 132 133 133 133 133 133 133 133 133 133 132 133 132 134 133 134 134 134 133 133 132 133 132 134 133 138 137 138 137 138 137 138 137 138 136 137 136 138 138 141 140 141 135 132 130 132 132 131 128 113 97 81 69 68 76 95 111 126 126 127 124 123 122 125 126 127 128 131 132 135 134 135 134 133 133 133 133 133 133 133 133 134 134 134 134 134 134 134 134 134 134 134 134 134 134 134 134 133 133 133 133 132 132 131 131 131 131 131 130 127 113 96 84 72 77 87 103 118 129 135 137 133 133 136 136 138 138 138 137 141 140 142 141 142 142 143 142 0 0 0 0 0 0 0 0
0 0 0 0 0 0 0 0 8 0 9 10 7 9 11 2 9 0 21 29 15 32 68 69 70 53 41 42 22 33 59 22 23 12 23 42 33 53 100 90 87 84 78 63 57 53 29 7 24 56 72 72 77 72 70 83 79 92 84 80 89 83 79 85 89 89 90 90 82 74 80 91 83 83 85 83 85 83 85 83 85 83 85 83 85 83 85 85 85 85 86 85 86 85 86 85 86 85 86 85 86 85 86 85 83 83 84 84 85 83 84 82 83 82 83 81 82 80 81 81 83 86 87 89 87 82 74 68 58 57 58 62 69 77 83 85 86 86 86 87 87 88 88 88 87 87 87 88 88 89 89 87 85 84 87 86 88 86 88 85 89 87 89 87 89 87 89 87 87 86 87 86 87 86 87 86 86 85 86 85 86 85 86 85 87 86 88 87 88 87 89 88 90 89 90 89 90 89 90 89 90 89 90 89 90 89 90 89 90 89 90 89 90 89 90 90 89 89 91 89 91 89 91 89 90 88 90 88 90 88 90 88 91 89 91 89 91 89 91 89 91 89 91 89 91 89 91 89 90 89 90 88 89 87 88 87 87 86 87 86 87 86 87 87 88 90 90 89 89 88 88 88 90 90 88 84 78 71 64 58 56 59 67 73 79 81 82 81 84 83 84 83 84 83 84 84 83 85 85 86 87 85 80 75 68 59 52 52 55 59 66 71 73 76 76 69 66 61 56 48 43 41 43 50 63 73 81 83 80 81 85 84 87 86 88 85 89 87 89 88 90 89 91 91 91 93 93 92 92 91 91 91 91 90 89 88 88 88 88 89 89 89 89 89 89 89 89 89 88 88 89 90 92 94 96 95 91 78 67 54 47 41 48 54 68 72 82 84 85 82 84 86 85 86 86 85 87 85 84 83 80 81 85 85 73 51 34 25 47 86 112 144 146 141 102 86 88 94 104 112 118 119 120 120 128 129 130 129 126 124 124 124 125 125 125 125 125 125 125 124 124 124 125 125 126 126 126 126 126 126 125 124 124 125 126 125 130 130 130 130 130 130 130 130 130 130 130 130 130 131 132 133 133 129 126 125 126 127 126 124 108 96 81 69 63 68 86 104 119 119 118 116 114 114 115 118 119 120 123 125 126 125 124 123 127 127 127 127 127 127 127 127 127 127 127 127 127 127 127 127 127 127 127 127 127 127 127 127 127 127 126 126 125 125 125 125 125 124 125 127 125 116 103 91 76 78 83 93 108 122 132 134 129 129 129 129 129 130 130 131 132 133 133 133 134 134 134 135 0 0 0 0 0 0 0 0
0 0 0 0 0 0 0 0 29 35 26 26 38 31 23 23 20 32 34 34 44 48 51 62 59 54 46 56 48 28 29 30 33 40 28 39 37 44 62 63 71 66 67 75 65 40 36 40 37 71 74 65 83 89 79 81 81 103 95 75 89 97 85 87 78 81 78 77 80 86 85 80 82 82 83 82 83 82 83 82 83 82 83 82 83 82 83 83 83 83 85 83 85 83 85 83 85 83 85 83 85 83 85 83 82 82 83 83 84 82 83 81 82 81 82 80 81 79 80 80 83 85 86 88 87 82 75 69 59 57 57 61 68 75 81 83 84 84 84 85 85 86 86 86 85 85 85 86 86 87 87 87 83 83 85 85 86 85 86 84 87 86 87 86 87 86 87 86 86 85 86 85 86 85 86 85 84 83 84 83 84 83 84 83 85 85 86 85 87 86 88 87 89 88 89 88 89 88 89 88 89 88 89 88 89 88 89 88 89 88 89 88 89 88 89 89 88 88 89 88 89 88 89 88 87 86 87 86 87 86 87 86 88 87 88 87 88 87 88 87 89 88 89 88 89 88 89 88 89 88 89 87 88 86 87 86 86 85 86 85 86 85 86 86 88 88 88 87 87 86 86 86 88 88 88 85 80 73 66 62 58 60 66 71 77 79 81 80 83 82 83 82 83 82 83 83 83 83 83 84 85 83 81 78 72 63 56 55 56 59 64 70 72 75 77 72 71 68 65 58 52 50 53 59 71 79 85 86 81 82 84 83 85 84 85 84 87 86 87 87 88 88 89 89 91 91 91 90 90 89 89 89 89 88 87 86 86 86 86 87 87 87 87 87 87 87 87 87 86 87 87 89 91 93 95 96 90 79 68 58 51 46 53 60 69 74 82 84 84 82 84 85 83 84 84 84 85 83 82 81 67 70 79 88 85 66 47 37 49 77 95 127 131 126 89 74 65 70 78 85 90 91 94 95 99 100 100 98 95 92 91 92 93 93 93 93 93 93 93 93 93 92 92 93 93 94 94 94 94 93 93 92 92 93 93 94 98 96 96 96 96 96 96 96 97 97 96 96 96 97 98 99 100 98 96 95 95 96 96 96 87 77 64 52 45 50 68 86 99 100 99 96 94 93 95 97 93 93 94 95 94 93 91 90 95 95 95 95 95 95 95 95 94 94 94 94 94 94 94 94 94 94 94 94 94 94 94 94 96 96 95 95 95 94 94 94 94 93 94 98 100 94 82 71 58 59 61 71 85 97 105 107 102 99 98 97 96 97 98 98 99 99 99 100 100 100 101 101 0 0 0 0 0 0 0 0
0 0 0 0 0 0 0 0 22 50 36 36 53 40 37 52 38 48 38 36 53 51 44 57 31 48 32 18 36 44 36 37 32 50 30 32 45 43 50 64 59 55 50 59 52 31 38 47 57 74 70 68 83 83 80 95 89 80 79 86 99 84 64 92 88 96 92 81 80 87 83 71 82 82 82 82 82 82 82 82 82 82 82 82 82 82 82 82 83 83 83 83 83 83 83 83 83 83 83 83 83 83 83 82 82 82 82 83 83 82 82 81 81 81 81 80 80 79 79 80 83 85 87 89 88 83 76 70 59 58 58 62 68 76 81 84 84 84 84 85 85 86 86 86 85 85 85 86 86 87 87 86 83 83 84 85 85 85 85 84 86 86 86 86 86 86 86 86 85 85 85 85 85 85 85 85 83 83 83 83 83 83 83 83 84 84 85 86 86 87 88 88 88 88 88 88 88 88 88 88 88 88 88 88 88 88 88 88 88 88 88 88 88 88 88 88 88 88 88 88 88 88 88 88 86 86 86 86 86 86 86 86 87 87 87 87 87 87 87 87 88 88 88 88 88 88 88 88 88 88 88 87 87 86 86 86 85 85 85 85 85 85 85 85 88 88 88 87 87 86 86 86 87 88 88 86 81 75 68 63 59 61 66 71 76 78 79 79 82 82 82 82 82 82 82 82 84 84 85 85 84 84 83 82 75 66 58 57 58 60 65 69 71 74 76 74 72 72 69 63 59 57 59 65 75 83 87 88 83 83 83 83 84 84 84 84 86 86 86 87 87 88 88 89 90 91 91 90 90 89 89 89 89 88 87 86 86 86 86 87 87 87 87 87 87 87 87 87 87 87 88 89 91 93 95 95 90 79 69 61 54 51 56 65 70 75 82 84 84 82 84 85 82 83 83 83 83 82 80 80 62 67 79 92 90 75 55 43 47 73 91 123 126 116 72 56 50 53 61 67 70 74 76 76 80 80 81 79 75 72 71 71 73 73 73 73 73 73 73 73 72 72 72 73 73 73 74 74 74 73 72 72 72 72 73 74 74 74 74 74 74 74 74 74 76 76 75 75 75 75 76 77 80 79 78 77 77 77 79 80 74 64 52 42 37 42 59 76 88 88 87 84 81 81 82 84 81 80 79 77 75 74 73 72 75 75 75 75 75 75 75 75 73 73 73 73 73 73 73 73 73 73 73 73 73 73 73 73 76 76 76 75 75 74 74 74 74 72 73 78 83 80 69 58 47 46 49 59 73 84 89 89 84 82 79 76 75 76 78 79 78 78 79 79 79 80 80 80 0 0 0 0 0 0 0 0
