0 0 0 0 0 0 0 0 0 0 0 0 0 0 0 0 0 0 0 0 0 0 0 0 0 0 0 0 0 0 0 0 0 0 0 0 0 0 0 0 0 0 0 0 0 0 0 0 0 0 0 0 0 0 0 0 0 0 0 0 0 0 0 0 0 0 0 0 0 0 0 0 0 0 0 0 0 0 0 0 0 0 0 0 0 0 0 0 0 0 0 0 0 0 0 0 0 0 0 0 0 0 0 0 0 0 0 0 0 0 0 0 0 0 0 0 0 0 0 0 0 0 0 0 0 0 0 0 0 0 0 0 0 0 0 0 0 0 0 0 0 0 0 0 0 0 0 0 0 0 0 0 0 0 0 0 0 0 0 0 0 0 0 0 0 0 0 0 0 0 0 0 0 0 0 0 0 0 0 0 0 0 0 0 0 0 0 0 0 0 0 0 0 0 0 0 0 0 0 0 0 0 0 0 0 0 0 0 0 0 0 0 0 0 0 0 0 0 0 0 0 0 0 0 0 0 0 0 0 0 0 0 0 0 0 0 0 0 0 0 0 0 0 0 0 0 0 0 0 0 0 0 0 0 0 0 0 0 0 0 0 0 0 0 0 0 0 0 0 0 0 0 0 0 0 0 0 0 0 0 0 0 0 0 0 0 0 0 0 0 0 0 0 0 0 0 0 0 0 0 0 0 0 0 0 0 0 0 0 0 0 0 0 0 0 0 0 0 0 0 0 0 0 0 0 0 0 0 0 0 0 0 0 0 0 0 0 0 0 0 0 0 0 0 0 0 0 0 0 0 0 0 0 0 0 0 0 0 0 0 0 0 0 0 0 0 0 0 0 0 0 0 0 0 0 0 0 0 0 0 0 0 0 0 0 0 0 0 0 0 0 0 0 0 0 0 0 0 0 0 0 0 0 0 0 0 0 0 0 0 0 0 0 0 0 0 0 0 0 0 0 0 0 0 0 0 0 0 0 0 0 0 0 0 0 0 0 0 0 0 0 0 0 0 0 0 0 0 0 0 0 0 0 0 0 0 0 0 0 0 0 0 0 0 0 0 0 0 0 0 0 0 0 0 0 0 0 0 0 0 0 0 0 0 0 0 0 0 0 0 0 0 0 0 0 0 0 0 0 0 0 0 0 0 0 0 0 0 0 0 0 0 0 0 0 0 0 0 0 0 0 0 0 0 0 0 0 0 0 0 0 0 0 0 0 0 0 0 0 0 0 0 0 0 0 0 0 0 0 0 0 0 0 0 0 0 0 0 0 0 0 0 0 0 0 0 0 0 0 0 0 0 0 0 0 0
0 0 0 0 0 0 0 0 0 0 0 0 0 0 0 0 0 0 0 0 0 0 0 0 0 0 0 0 0 0 0 0 0 0 0 0 0 0 0 0 0 0 0 0 0 0 0 0 0 0 0 0 0 0 0 0 0 0 0 0 0 0 0 0 0 0 0 0 0 0 0 0 0 0 0 0 0 0 0 0 0 0 0 0 0 0 0 0 0 0 0 0 0 0 0 0 0 0 0 0 0 0 0 0 0 0 0 0 0 0 0 0 0 0 0 0 0 0 0 0 0 0 0 0 0 0 0 0 0 0 0 0 0 0 0 0 0 0 0 0 0 0 0 0 0 0 0 0 0 0 0 0 0 0 0 0 0 0 0 0 0 0 0 0 0 0 0 0 0 0 0 0 0 0 0 0 0 0 0 0 0 0 0 0 0 0 0 0 0 0 0 0 0 0 0 0 0 0 0 0 0 0 0 0 0 0 0 0 0 0 0 0 0 0 0 0 0 0 0 0 0 0 0 0 0 0 0 0 0 0 0 0 0 0 0 0 0 0 0 0 0 0 0 0 0 0 0 0 0 0 0 0 0 0 0 0 0 0 0 0 0 0 0 0 0 0 0 0 0 0 0 0 0 0 0 0 0 0 0 0 0 0 0 0 0 0 0 0 0 0 0 0 0 0 0 0 0 0 0 0 0 0 0 0 0 0 0 0 0 0 0 0 0 0 0 0 0 0 0 0 0 0 0 0 0 0 0 0 0 0 0 0 0 0 0 0 0 0 0 0 0 0 0 0 0 0 0 0 0 0 0 0 0 0 0 0 0 0 0 0 0 0 0 0 0 0 0 0 0 0 0 0 0 0 0 0 0 0 0 0 0 0 0 0 0 0 0 0 0 0 0 0 0 0 0 0 0 0 0 0 0 0 0 0 0 0 0 0 0 0 0 0 0 0 0 0 0 0 0 0 0 0 0 0 0 0 0 0 0 0 0 0 0 0 0 0 0 0 0 0 0 0 0 0 0 0 0 0 0 0 0 0 0 0 0 0 0 0 0 0 0 0 0 0 0 0 0 0 0 0 0 0 0 0 0 0 0 0 0 0 0 0 0 0 0 0 0 0 0 0 0 0 0 0 0 0 0 0 0 0 0 0 0 0 0 0 0 0 0 0 0 0 0 0 0 0 0 0 0 0 0 0 0 0 0 0 0 0 0 0 0 0 0 0 0 0 0 0 0 0 0 0 0 0 0 0 0 0 0 0 0 0 0 0 0 0 0 0 0 0 0 0 0 0 0 0 0 0 0 0 0 0 0 0 0 0
0 0 0 0 0 0 0 0 0 0 0 0 0 0 0 0 0 0 0 0 0 0 0 0 0 0 0 0 0 0 0 0 0 0 0 0 0 0 0 0 0 0 0 0 0 0 0 0 0 0 0 0 0 0 0 0 0 0 0 0 0 0 0 0 0 0 0 0 0 0 0 0 0 0 0 0 0 0 0 0 0 0 0 0 0 0 0 0 0 0 0 0 0 0 0 0 0 0 0 0 0 0 0 0 0 0 0 0 0 0 0 0 0 0 0 0 0 0 0 0 0 0 0 0 0 0 0 0 0 0 0 0 0 0 0 0 0 0 0 0 0 0 0 0 0 0 0 0 0 0 0 0 0 0 0 0 0 0 0 0 0 0 0 0 0 0 0 0 0 0 0 0 0 0 0 0 0 0 0 0 0 0 0 0 0 0 0 0 0 0 0 0 0 0 0 0 0 0 0 0 0 0 0 0 0 0 0 0 0 0 0 0 0 0 0 0 0 0 0 0 0 0 0 0 0 0 0 0 0 0 0 0 0 0 0 0 0 0 0 0 0 0 0 0 0 0 0 0 0 0 0 0 0 0 0 0 0 0 0 0 0 0 0 0 0 0 0 0 0 0 0 0 0 0 0 0 0 0 0 0 0 0 0 0 0 0 0 0 0 0 0 0 0 0 0 0 0 0 0 0 0 0 0 0 0 0 0 0 0 0 0 0 0 0 0 0 0 0 0 0 0 0 0 0 0 0 0 0 0 0 0 0 0 0 0 0 0 0 0 0 0 0 0 0 0 0 0 0 0 0 0 0 0 0 0 0 0 0 0 0 0 0 0 0 0 0 0 0 0 0 0 0 0 0 0 0 0 0 0 0 0 0 0 0 0 0 0 0 0 0 0 0 0 0 0 0 0 0 0 0 0 0 0 0 0 0 0 0 0 0 0 0 0 0 0 0 0 0 0 0 0 0 0 0 0 0 0 0 0 0 0 0 0 0 0 0 0 0 0 0 0 0 0 0 0 0 0 0 0 0 0 0 0 0 0 0 0 0 0 0 0 0 0 0 0 0 0 0 0 0 0 0 0 0 0 0 0 0 0 0 0 0 0 0 0 0 0 0 0 0 0 0 0 0 0 0 0 0 0 0 0 0 0 0 0 0 0 0 0 0 0 0 0 0 0 0 0 0 0 0 0 0 0 0 0 0 0 0 0 0 0 0 0 0 0 0 0 0 0 0 0 0 0 0 0 0 0 0 0 0 0 0 0 0 0 0 0 0 0 0 0 0 0 0 0 0 0 0 0 0 0 0 0 0 0 0
0 0 0 0 0 0 0 0 0 0 0 0 0 0 0 0 0 0 0 0 0 0 0 0 0 0 0 0 0 0 0 0 0 0 0 0 0 0 0 0 0 0 0 0 0 0 0 0 0 0 0 0 0 0 0 0 0 0 0 0 0 0 0 0 0 0 0 0 0 0 0 0 0 0 0 0 0 0 0 0 0 0 0 0 0 0 0 0 0 0 0 0 0 0 0 0 0 0 0 0 0 0 0 0 0 0 0 0 0 0 0 0 0 0 0 0 0 0 0 0 0 0 0 0 0 0 0 0 0 0 0 0 0 0 0 0 0 0 0 0 0 0 0 0 0 0 0 0 0 0 0 0 0 0 0 0 0 0 0 0 0 0 0 0 0 0 0 0 0 0 0 0 0 0 0 0 0 0 0 0 0 0 0 0 0 0 0 0 0 0 0 0 0 0 0 0 0 0 0 0 0 0 0 0 0 0 0 0 0 0 0 0 0 0 0 0 0 0 0 0 0 0 0 0 0 0 0 0 0 0 0 0 0 0 0 0 0 0 0 0 0 0 0 0 0 0 0 0 0 0 0 0 0 0 0 0 0 0 0 0 0 0 0 0 0 0 0 0 0 0 0 0 0 0 0 0 0 0 0 0 0 0 0 0 0 0 0 0 0 0 0 0 0 0 0 0 0 0 0 0 0 0 0 0 0 0 0 0 0 0 0 0 0 0 0 0 0 0 0 0 0 0 0 0 0 0 0 0 0 0 0 0 0 0 0 0 0 0 0 0 0 0 0 0 0 0 0 0 0 0 0 0 0 0 0 0 0 0 0 0 0 0 0 0 0 0 0 0 0 0 0 0 0 0 0 0 0 0 0 0 0 0 0 0 0 0 0 0 0 0 0 0 0 0 0 0 0 0 0 0 0 0 0 0 0 0 0 0 0 0 0 0 0 0 0 0 0 0 0 0 0 0 0 0 0 0 0 0 0 0 0 0 0 0 0 0 0 0 0 0 0 0 0 0 0 0 0 0 0 0 0 0 0 0 0 0 0 0 0 0 0 0 0 0 0 0 0 0 0 0 0 0 0 0 0 0 0 0 0 0 0 0 0 0 0 0 0 0 0 0 0 0 0 0 0 0 0 0 0 0 0 0 0 0 0 0 0 0 0 0 0 0 0 0 0 0 0 0 0 0 0 0 0 0 0 0 0 0 0 0 0 0 0 0 0 0 0 0 0 0 0 0 0 0 0 0 0 0 0 0 0 0 0 0 0 0 0 0 0 0 0 0 0 0 0 0 0 0 0 0 0 0 0 0 0 0
0 0 0 0 0 0 0 0 0 0 0 0 0 0 0 0 0 0 0 0 0 0 0 0 0 0 0 0 0 0 0 0 0 0 0 0 0 0 0 0 0 0 0 0 0 0 0 0 0 0 0 0 0 0 0 0 0 0 0 0 0 0 0 0 0 0 0 0 0 0 0 0 0 0 0 0 0 0 0 0 0 0 0 0 0 0 0 0 0 0 0 0 0 0 0 0 0 0 0 0 0 0 0 0 0 0 0 0 0 0 0 0 0 0 0 0 0 0 0 0 0 0 0 0 0 0 0 0 0 0 0 0 0 0 0 0 0 0 0 0 0 0 0 0 0 0 0 0 0 0 0 0 0 0 0 0 0 0 0 0 0 0 0 0 0 0 0 0 0 0 0 0 0 0 0 0 0 0 0 0 0 0 0 0 0 0 0 0 0 0 0 0 0 0 0 0 0 0 0 0 0 0 0 0 0 0 0 0 0 0 0 0 0 0 0 0 0 0 0 0 0 0 0 0 0 0 0 0 0 0 0 0 0 0 0 0 0 0 0 0 0 0 0 0 0 0 0 0 0 0 0 0 0 0 0 0 0 0 0 0 0 0 0 0 0 0 0 0 0 0 0 0 0 0 0 0 0 0 0 0 0 0 0 0 0 0 0 0 0 0 0 0 0 0 0 0 0 0 0 0 0 0 0 0 0 0 0 0 0 0 0 0 0 0 0 0 0 0 0 0 0 0 0 0 0 0 0 0 0 0 0 0 0 0 0 0 0 0 0 0 0 0 0 0 0 0 0 0 0 0 0 0 0 0 0 0 0 0 0 0 0 0 0 0 0 0 0 0 0 0 0 0 0 0 0 0 0 0 0 0 0 0 0 0 0 0 0 0 0 0 0 0 0 0 0 0 0 0 0 0 0 0 0 0 0 0 0 0 0 0 0 0 0 0 0 0 0 0 0 0 0 0 0 0 0 0 0 0 0 0 0 0 0 0 0 0 0 0 0 0 0 0 0 0 0 0 0 0 0 0 0 0 0 0 0 0 0 0 0 0 0 0 0 0 0 0 0 0 0 0 0 0 0 0 0 0 0 0 0 0 0 0 0 0 0 0 0 0 0 0 0 0 0 0 0 0 0 0 0 0 0 0 0 0 0 0 0 0 0 0 0 0 0 0 0 0 0 0 0 0 0 0 0 0 0 0 0 0 0 0 0 0 0 0 0 0 0 0 0 0 0 0 0 0 0 0 0 0 0 0 0 0 0 0 0 0 0 0 0 0 0 0 0 0 0 0 0 0 0 0 0 0 0 0 0 0
0 0 0 0 0 0 0 0 0 0 0 0 0 0 0 0 0 0 0 0 0 0 0 0 0 0 0 0 0 0 0 0 0 0 0 0 0 0 0 0 0 0 0 0 0 0 0 0 0 0 0 0 0 0 0 0 0 0 0 0 0 0 0 0 0 0 0 0 0 0 0 0 0 0 0 0 0 0 0 0 0 0 0 0 0 0 0 0 0 0 0 0 0 0 0 0 0 0 0 0 0 0 0 0 0 0 0 0 0 0 0 0 0 0 0 0 0 0 0 0 0 0 0 0 0 0 0 0 0 0 0 0 0 0 0 0 0 0 0 0 0 0 0 0 0 0 0 0 0 0 0 0 0 0 0 0 0 0 0 0 0 0 0 0 0 0 0 0 0 0 0 0 0 0 0 0 0 0 0 0 0 0 0 0 0 0 0 0 0 0 0 0 0 0 0 0 0 0 0 0 0 0 0 0 0 0 0 0 0 0 0 0 0 0 0 0 0 0 0 0 0 0 0 0 0 0 0 0 0 0 0 0 0 0 0 0 0 0 0 0 0 0 0 0 0 0 0 0 0 0 0 0 0 0 0 0 0 0 0 0 0 0 0 0 0 0 0 0 0 0 0 0 0 0 0 0 0 0 0 0 0 0 0 0 0 0 0 0 0 0 0 0 0 0 0 0 0 0 0 0 0 0 0 0 0 0 0 0 0 0 0 0 0 0 0 0 0 0 0 0 0 0 0 0 0 0 0 0 0 0 0 0 0 0 0 0 0 0 0 0 0 0 0 0 0 0 0 0 0 0 0 0 0 0 0 0 0 0 0 0 0 0 0 0 0 0 0 0 0 0 0 0 0 0 0 0 0 0 0 0 0 0 0 0 0 0 0 0 0 0 0 0 0 0 0 0 0 0 0 0 0 0 0 0 0 0 0 0 0 0 0 0 0 0 0 0 0 0 0 0 0 0 0 0 0 0 0 0 0 0 0 0 0 0 0 0 0 0 0 0 0 0 0 0 0 0 0 0 0 0 0 0 0 0 0 0 0 0 0 0 0 0 0 0 0 0 0 0 0 0 0 0 0 0 0 0 0 0 0 0 0 0 0 0 0 0 0 0 0 0 0 0 0 0 0 0 0 0 0 0 0 0 0 0 0 0 0 0 0 0 0 0 0 0 0 0 0 0 0 0 0 0 0 0 0 0 0 0 0 0 0 0 0 0 0 0 0 0 0 0 0 0 0 0 0 0 0 0 0 0 0 0 0 0 0 0 0 0 0 0 0 0 0 0 0 0 0 0 0 0 0 0 0 0 0 0
0 0 0 0 0 0 0 0 0 0 0 0 0 0 0 0 0 0 0 0 0 0 0 0 0 0 0 0 0 0 0 0 0 0 0 0 0 0 0 0 0 0 0 0 0 0 0 0 0 0 0 0 0 0 0 0 0 0 0 0 0 0 0 0 0 0 0 0 0 0 0 0 0 0 0 0 0 0 0 0 0 0 0 0 0 0 0 0 0 0 0 0 0 0 0 0 0 0 0 0 0 0 0 0 0 0 0 0 0 0 0 0 0 0 0 0 0 0 0 0 0 0 0 0 0 0 0 0 0 0 0 0 0 0 0 0 0 0 0 0 0 0 0 0 0 0 0 0 0 0 0 0 0 0 0 0 0 0 0 0 0 0 0 0 0 0 0 0 0 0 0 0 0 0 0 0 0 0 0 0 0 0 0 0 0 0 0 0 0 0 0 0 0 0 0 0 0 0 0 0 0 0 0 0 0 0 0 0 0 0 0 0 0 0 0 0 0 0 0 0 0 0 0 0 0 0 0 0 0 0 0 0 0 0 0 0 0 0 0 0 0 0 0 0 0 0 0 0 0 0 0 0 0 0 0 0 0 0 0 0 0 0 0 0 0 0 0 0 0 0 0 0 0 0 0 0 0 0 0 0 0 0 0 0 0 0 0 0 0 0 0 0 0 0 0 0 0 0 0 0 0 0 0 0 0 0 0 0 0 0 0 0 0 0 0 0 0 0 0 0 0 0 0 0 0 0 0 0 0 0 0 0 0 0 0 0 0 0 0 0 0 0 0 0 0 0 0 0 0 0 0 0 0 0 0 0 0 0 0 0 0 0 0 0 0 0 0 0 0 0 0 0 0 0 0 0 0 0 0 0 0 0 0 0 0 0 0 0 0 0 0 0 0 0 0 0 0 0 0 0 0 0 0 0 0 0 0 0 0 0 0 0 0 0 0 0 0 0 0 0 0 0 0 0 0 0 0 0 0 0 0 0 0 0 0 0 0 0 0 0 0 0 0 0 0 0 0 0 0 0 0 0 0 0 0 0 0 0 0 0 0 0 0 0 0 0 0 0 0 0 0 0 0 0 0 0 0 0 0 0 0 0 0 0 0 0 0 0 0 0 0 0 0 0 0 0 0 0 0 0 0 0 0 0 0 0 0 0 0 0 0 0 0 0 0 0 0 0 0 0 0 0 0 0 0 0 0 0 0 0 0 0 0 0 0 0 0 0 0 0 0 0 0 0 0 0 0 0 0 0 0 0 0 0 0 0 0 0 0 0 0 0 0 0 0 0 0 0 0 0 0 0 0 0 0 0
0 0 0 0 0 0 0 0 0 0 0 0 0 0 0 0 0 0 0 0 0 0 0 0 0 0 0 0 0 0 0 0 0 0 0 0 0 0 0 0 0 0 0 0 0 0 0 0 0 0 0 0 0 0 0 0 0 0 0 0 0 0 0 0 0 0 0 0 0 0 0 0 0 0 0 0 0 0 0 0 0 0 0 0 0 0 0 0 0 0 0 0 0 0 0 0 0 0 0 0 0 0 0 0 0 0 0 0 0 0 0 0 0 0 0 0 0 0 0 0 0 0 0 0 0 0 0 0 0 0 0 0 0 0 0 0 0 0 0 0 0 0 0 0 0 0 0 0 0 0 0 0 0 0 0 0 0 0 0 0 0 0 0 0 0 0 0 0 0 0 0 0 0 0 0 0 0 0 0 0 0 0 0 0 0 0 0 0 0 0 0 0 0 0 0 0 0 0 0 0 0 0 0 0 0 0 0 0 0 0 0 0 0 0 0 0 0 0 0 0 0 0 0 0 0 0 0 0 0 0 0 0 0 0 0 0 0 0 0 0 0 0 0 0 0 0 0 0 0 0 0 0 0 0 0 0 0 0 0 0 0 0 0 0 0 0 0 0 0 0 0 0 0 0 0 0 0 0 0 0 0 0 0 0 0 0 0 0 0 0 0 0 0 0 0 0 0 0 0 0 0 0 0 0 0 0 0 0 0 0 0 0 0 0 0 0 0 0 0 0 0 0 0 0 0 0 0 0 0 0 0 0 0 0 0 0 0 0 0 0 0 0 0 0 0 0 0 0 0 0 0 0 0 0 0 0 0 0 0 0 0 0 0 0 0 0 0 0 0 0 0 0 0 0 0 0 0 0 0 0 0 0 0 0 0 0 0 0 0 0 0 0 0 0 0 0 0 0 0 0 0 0 0 0 0 0 0 0 0 0 0 0 0 0 0 0 0 0 0 0 0 0 0 0 0 0 0 0 0 0 0 0 0 0 0 0 0 0 0 0 0 0 0 0 0 0 0 0 0 0 0 0 0 0 0 0 0 0 0 0 0 0 0 0 0 0 0 0 0 0 0 0 0 0 0 0 0 0 0 0 0 0 0 0 0 0 0 0 0 0 0 0 0 0 0 0 0 0 0 0 0 0 0 0 0 0 0 0 0 0 0 0 0 0 0 0 0 0 0 0 0 0 0 0 0 0 0 0 0 0 0 0 0 0 0 0 0 0 0 0 0 0 0 0 0 0 0 0 0 0 0 0 0 0 0 0 0 0 0 0 0 0 0 0 0 0 0 0 0 0 0 0 0 0 0 0
0 0 0 0 0 0 0 0 0 0 0 0 0 0 0 0 0 0 0 0 0 0 0 0 0 0 0 0 0 0 0 0 0 0 0 0 0 0 0 0 0 0 0 0 0 0 0 0 0 0 0 0 0 0 0 0 0 0 0 0 0 0 0 0 0 0 0 0 0 0 0 0 3 0 3 0 0 16 0 11 0 5 6 0 10 0 5 1 0 7 4 0 2 0 2 5 12 0 3 1 0 11 0 1 4 0 2 15 0 3 6 0 0 0 8 0 0 11 1 0 0 0 3 7 2 9 0 3 0 13 8 0 3 9 0 0 0 0 9 0 0 0 0 2 7 0 0 13 0 4 0 2 0 17 9 0 0 10 0 3 0 15 2 0 7 8 0 4 0 16 0 5 0 2 8 0 0 1 2 5 0 13 5 0 8 0 0 2 0 0 0 8 0 0 14 11 0 1 0 2 1 10 0 4 2 4 4 0 0 1 2 5 0 13 5 0 1 0 10 0 3 5 0 3 5 0 6 0 1 0 0 3 9 0 0 8 7 0 9 0 5 13 3 0 7 4 0 0 0 12 0 0 13 0 0 12 3 6 0 2 0 0 2 5 2 0 0 10 0 2 3 0 4 14 0 5 0 0 16 0 0 10 0 0 2 8 2 0 0 0 4 0 4 2 6 0 5 0 2 14 0 10 0 0 7 2 0 14 4 0 0 6 19 0 6 9 0 3 4 6 12 0 4 8 0 8 1 0 6 0 0 0 8 0 0 1 7 0 1 0 0 13 3 2 8 0 3 0 1 11 0 2 7 0 0 3 0 0 0 3 2 0 0 10 0 2 3 0 1 6 0 0 12 4 0 7 4 0 4 14 2 1 11 0 0 11 0 3 5 0 14 0 15 0 15 0 0 0 0 5 2 0 0 11 0 0 9 0 10 0 3 0 10 0 0 10 2 8 0 7 5 4 0 9 0 4 0 1 3 0 0 4 0 6 0 1 3 0 12 0 0 2 6 0 13 0 0 5 1 0 18 2 4 0 6 0 1 0 2 19 0 4 3 0 0 16 0 5 0 2 8 0 4 0 0 0 5 0 0 3 0 8 1 0 8 1 2 0 0 0 0 0 7 0 15 0 0 0 0 0 0 0 0 0 0 0 0 0 0 0 0 0 0 0 0 0 0 0 0 0 0 0 0 0 0 0 0 0 0 0 0 0 0 0 0 0 0 0 0 0 0 0 0 0 0 0 0 0 0 0 0 0 0 0 0 0 0 0 0 0 0 0 0 0 0 0 0 0 0 0 0 0 0 0 0 0
0 0 0 0 0 0 0 0 0 0 0 0 0 0 0 0 0 0 0 0 0 0 0 0 0 0 0 0 0 0 0 0 0 0 0 0 0 0 0 0 0 0 0 0 0 0 0 0 0 0 0 0 0 0 0 0 0 0 0 0 0 0 0 0 0 0 0 0 0 0 0 0 0 0 12 15 0 6 29 158 255 255 255 244 255 251 255 253 255 242 0 246 255 246 255 246 236 255 254 125 15 201 255 253 255 255 247 244 255 182 18 222 255 254 255 255 255 252 253 255 255 221 167 0 0 0 166 255 250 250 244 245 254 252 253 255 239 0 188 255 255 255 251 243 242 243 244 255 238 201 88 0 0 120 235 255 255 252 242 252 252 255 236 247 238 130 22 5 13 194 255 255 255 246 248 255 252 255 251 218 127 217 255 255 244 254 255 255 255 255 238 213 160 3 0 0 6 6 1 1 7 201 255 255 246 255 255 252 252 255 251 218 127 217 255 255 255 249 173 24 108 237 255 246 255 255 156 0 9 13 59 200 238 255 255 237 242 255 186 31 4 0 20 163 250 255 255 255 255 233 146 161 244 255 255 251 250 139 0 156 255 255 249 240 243 136 127 239 255 255 250 255 242 253 255 255 225 134 201 253 255 255 250 254 249 248 245 255 210 0 205 255 248 254 255 253 255 250 228 252 231 143 22 0 0 0 50 178 226 255 255 252 229 255 222 125 5 4 0 0 0 0 17 197 255 255 251 255 255 192 28 110 229 255 255 251 248 255 196 29 153 233 255 250 255 244 234 220 249 255 248 250 255 209 131 237 255 255 250 248 243 136 127 239 255 255 250 255 248 255 255 255 222 135 157 247 245 255 255 234 136 5 149 255 255 255 255 242 139 12 0 2 0 17 164 242 255 255 255 255 253 144 17 0 3 15 6 0 0 137 215 255 255 244 255 246 236 189 73 7 0 226 255 247 255 255 255 239 247 255 255 245 244 255 192 1 3 71 174 243 255 255 255 242 243 176 79 0 0 25 191 243 255 253 255 250 250 255 245 229 243 180 12 0 13 194 255 255 255 246 248 255 250 255 254 204 30 0 0 5 0 0 4 195 255 252 249 255 254 255 255 255 178 0 0 3 0 0 0 0 0 0 0 0 0 0 0 0 0 0 0 0 0 0 0 0 0 0 0 0 0 0 0 0 0 0 0 0 0 0 0 0 0 0 0 0 0 0 0 0 0 0 0 0 0 0 0 0 0 0 0 0 0 0 0 0 0 0 0 0 0 0 0 0 0 0 0 0 0 0 0 0 0 0 0 0
0 0 0 0 0 0 0 0 0 0 0 0 0 0 0 0 0 0 0 0 0 0 0 0 0 0 0 0 0 0 0 0 0 0 0 0 0 0 0 0 0 0 0 0 0 0 0 0 0 0 0 0 0 0 0 0 0 0 0 0 0 0 0 0 0 0 0 0 0 0 0 0 5 0 3 9 0 0 7 171 246 249 254 248 255 251 250 254 255 198 12 202 255 246 249 255 255 254 249 168 0 201 253 255 248 249 255 255 254 194 0 236 255 255 250 255 252 244 251 251 246 255 228 213 0 16 155 235 255 255 255 255 255 251 249 253 221 25 218 233 254 251 249 255 255 255 246 242 248 255 207 124 9 131 253 255 238 246 255 255 252 255 255 255 254 254 179 0 0 206 250 238 255 255 244 254 255 248 240 210 102 247 255 226 255 255 250 240 253 255 255 248 241 186 7 8 0 2 3 0 0 207 248 236 255 255 245 254 255 248 240 210 102 247 255 226 250 255 197 2 105 243 255 245 241 239 162 0 1 122 235 255 240 244 249 255 254 255 255 229 145 16 0 165 251 247 255 250 255 235 108 135 248 255 255 246 253 192 0 160 240 241 255 255 246 115 110 236 255 253 248 250 255 237 248 253 255 125 202 255 241 249 250 255 255 255 240 253 198 24 229 237 253 255 250 255 242 255 255 255 250 253 158 3 0 113 213 255 255 250 255 255 255 244 255 253 221 35 0 19 10 9 0 174 244 247 248 249 255 228 0 137 255 251 248 246 255 246 187 0 184 240 250 255 255 249 216 195 255 255 254 254 255 214 78 249 255 252 255 255 246 115 110 236 255 253 248 250 255 244 241 255 247 128 150 250 255 252 237 254 211 0 144 245 245 248 252 254 145 4 0 17 0 21 173 254 255 247 250 252 241 124 0 0 16 8 0 8 192 255 247 255 241 244 255 250 252 255 228 158 0 236 253 253 255 241 240 255 255 248 241 255 250 255 194 0 130 230 254 255 243 246 246 238 255 255 218 148 4 4 210 255 250 250 255 255 252 246 255 255 245 255 173 3 0 206 250 238 255 255 244 254 255 253 241 224 0 3 6 0 2 14 0 235 255 255 244 249 253 247 244 255 224 7 11 0 0 0 0 0 0 0 0 0 0 0 0 0 0 0 0 0 0 0 0 0 0 0 0 0 0 0 0 0 0 0 0 0 0 0 0 0 0 0 0 0 0 0 0 0 0 0 0 0 0 0 0 0 0 0 0 0 0 0 0 0 0 0 0 0 0 0 0 0 0 0 0 0 0 0 0 0 0 0 0 0
0 0 0 0 0 0 0 0 0 0 0 0 0 0 0 0 0 0 0 0 0 0 0 0 0 0 0 0 0 0 0 0 0 0 0 0 0 0 0 0 0 0 0 0 0 0 0 0 0 0 0 0 0 0 0 0 0 0 0 0 0 0 0 0 0 0 0 0 0 0 0 0 0 0 0 0 7 6 4 148 243 252 255 255 255 254 246 255 255 239 9 218 254 255 255 241 255 249 247 182 0 234 255 244 250 254 249 255 232 190 17 209 255 255 249 248 255 255 255 252 253 255 255 243 139 0 149 250 235 246 255 254 254 255 255 244 234 0 187 252 255 251 255 242 241 252 255 251 255 255 255 213 0 91 230 255 255 255 255 241 250 254 255 255 234 254 255 135 6 210 255 251 255 255 244 255 250 255 255 207 99 247 255 255 248 254 254 252 255 245 248 255 255 255 160 0 0 4 0 7 12 210 249 255 255 250 243 255 250 255 255 207 99 247 255 255 251 255 242 75 116 231 247 255 254 255 158 0 104 234 255 237 255 255 248 255 245 243 255 255 237 105 0 147 241 253 255 245 245 249 109 141 255 247 254 250 254 228 3 122 234 255 255 233 229 114 125 238 243 254 255 252 255 254 255 253 242 104 188 244 255 255 249 235 237 255 253 255 196 0 219 255 255 247 255 244 255 247 255 250 245 255 248 103 0 199 255 251 251 246 239 255 232 254 241 255 255 183 19 0 0 18 0 139 238 255 255 248 255 244 0 161 255 245 254 252 255 252 215 2 181 255 255 251 253 253 196 178 255 254 254 255 248 231 88 250 241 245 255 254 229 114 125 238 243 254 255 252 251 255 255 255 240 110 143 239 239 255 255 255 219 0 134 244 255 255 247 231 126 8 0 0 3 0 143 241 252 251 255 255 251 136 6 0 0 0 16 164 249 242 255 255 255 255 251 253 247 255 255 238 65 219 241 255 243 253 255 255 251 255 255 254 255 240 186 71 218 255 253 248 255 255 255 250 245 251 248 220 73 0 195 250 246 253 252 255 255 255 233 255 254 249 255 133 6 210 255 251 255 255 244 255 253 255 254 233 0 0 8 6 0 10 0 219 235 255 255 255 255 255 250 247 215 0 3 0 0 0 0 0 0 0 0 0 0 0 0 0 0 0 0 0 0 0 0 0 0 0 0 0 0 0 0 0 0 0 0 0 0 0 0 0 0 0 0 0 0 0 0 0 0 0 0 0 0 0 0 0 0 0 0 0 0 0 0 0 0 0 0 0 0 0 0 0 0 0 0 0 0 0 0 0 0 0 0 0
0 0 0 0 0 0 0 0 0 0 0 0 0 0 0 0 0 0 0 0 0 0 0 0 0 0 0 0 0 0 0 0 0 0 0 0 0 0 0 0 0 0 0 0 0 0 0 0 0 0 0 0 0 0 0 0 0 0 0 0 0 0 0 0 0 0 0 0 0 0 0 0 0 13 10 0 0 4 7 159 255 255 251 238 249 255 249 254 244 237 0 231 235 246 255 255 246 255 254 168 2 230 248 255 252 255 236 246 250 161 0 206 246 255 251 250 255 244 236 255 248 248 245 251 206 0 133 250 255 255 252 248 250 251 254 255 250 0 196 255 238 255 253 251 255 235 255 247 251 248 255 232 93 125 241 255 249 247 252 254 246 255 242 243 255 251 242 182 0 184 253 255 252 247 245 253 251 255 255 174 121 230 236 255 255 255 255 239 255 255 253 255 255 227 212 8 2 1 0 2 0 199 255 255 247 248 255 244 251 255 255 174 121 230 236 255 252 255 246 120 84 239 255 255 250 255 126 0 191 255 244 255 233 255 255 255 255 252 255 251 255 186 14 137 243 255 255 245 250 248 86 122 252 247 255 255 247 245 99 136 247 255 255 255 241 91 99 240 254 251 255 253 255 255 247 253 229 120 208 255 237 254 255 255 255 247 255 255 217 0 223 255 229 255 255 255 255 242 255 252 255 244 225 164 97 245 249 248 255 255 246 246 255 255 240 255 254 223 0 3 0 2 9 98 246 252 246 254 250 220 14 162 250 245 255 252 255 251 216 0 193 251 253 253 250 254 176 175 255 249 252 254 248 211 84 227 244 255 255 243 241 91 99 240 254 251 255 253 255 255 252 250 237 118 165 248 255 255 249 251 242 105 137 234 244 255 255 240 121 10 6 3 12 0 151 255 255 255 255 242 235 122 5 2 4 0 0 193 255 248 255 240 255 239 246 252 255 255 245 233 160 211 254 255 255 255 253 255 251 248 255 242 254 232 190 199 255 242 247 255 255 231 246 255 254 245 249 244 183 8 201 255 255 254 243 249 254 255 248 253 255 234 251 191 0 184 253 255 252 247 245 253 247 255 247 203 19 0 0 0 15 0 40 232 254 255 245 255 249 252 250 255 241 1 0 20 0 0 0 0 0 0 0 0 0 0 0 0 0 0 0 0 0 0 0 0 0 0 0 0 0 0 0 0 0 0 0 0 0 0 0 0 0 0 0 0 0 0 0 0 0 0 0 0 0 0 0 0 0 0 0 0 0 0 0 0 0 0 0 0 0 0 0 0 0 0 0 0 0 0 0 0 0 0 0 0
0 0 0 0 0 0 0 0 0 0 0 0 0 0 0 0 0 0 0 0 0 0 0 0 0 0 0 0 0 0 0 0 0 0 0 0 0 0 0 0 0 0 0 0 0 0 0 0 0 0 0 0 0 0 0 0 0 0 0 0 0 0 0 0 0 0 0 0 0 0 0 0 1 5 3 0 2 0 0 147 239 246 255 255 255 226 88 4 0 0 10 205 255 255 242 255 255 255 255 214 91 234 233 255 245 255 255 242 255 171 0 227 247 255 251 254 252 173 141 245 255 242 255 254 213 0 154 244 247 246 252 255 227 105 6 0 0 4 197 246 255 255 248 255 193 135 234 254 255 253 255 247 111 104 227 255 255 253 253 251 110 212 255 250 255 243 255 213 18 187 247 251 244 255 252 208 0 0 0 2 111 248 252 255 252 248 231 128 180 249 249 249 249 255 195 8 1 0 0 3 15 202 246 254 244 255 255 203 0 0 0 2 111 248 252 255 253 255 255 197 92 242 255 249 255 226 140 32 206 254 255 246 255 233 157 159 255 255 250 247 254 218 3 128 246 251 251 255 255 247 90 126 253 249 255 255 255 248 161 110 246 255 243 249 250 97 101 243 255 250 254 250 237 128 0 0 10 2 167 253 253 255 255 255 190 15 0 0 0 4 213 241 255 255 247 252 166 168 255 245 249 255 255 185 120 234 252 255 242 249 204 87 222 243 255 242 255 239 1 6 13 0 0 15 222 248 247 255 250 228 83 200 253 246 255 245 255 255 212 0 245 244 241 255 255 255 155 185 255 253 255 255 255 195 86 229 255 255 251 254 250 97 101 243 255 250 254 250 238 124 2 0 18 0 124 241 238 248 254 255 249 168 114 243 255 255 255 244 119 0 0 3 6 0 145 243 246 240 255 255 244 115 0 0 0 3 4 222 249 252 252 248 253 142 195 237 243 255 255 242 165 14 11 0 115 233 255 247 246 255 209 17 0 1 9 200 255 255 255 245 254 172 171 246 252 254 255 255 209 0 177 245 253 248 255 255 199 124 255 255 237 255 255 198 18 187 247 251 244 255 252 208 0 4 4 10 0 9 10 2 9 0 109 246 255 255 243 255 255 255 244 247 255 93 8 0 0 0 0 0 0 0 0 0 0 0 0 0 0 0 0 0 0 0 0 0 0 0 0 0 0 0 0 0 0 0 0 0 0 0 0 0 0 0 0 0 0 0 0 0 0 0 0 0 0 0 0 0 0 0 0 0 0 0 0 0 0 0 0 0 0 0 0 0 0 0 0 0 0 0 0 0 0 0 0 0
0 0 0 0 0 0 0 0 0 0 0 0 0 0 0 0 0 0 0 0 0 0 0 0 0 0 0 0 0 0 0 0 0 0 0 0 0 0 0 0 0 0 0 0 0 0 0 0 0 0 0 0 0 0 0 0 0 0 0 0 0 0 0 0 0 0 0 0 0 0 0 0 0 0 0 5 18 9 4 150 252 253 255 251 255 244 96 0 0 1 0 202 246 255 255 250 251 255 250 210 112 250 246 248 249 244 255 244 235 164 0 200 255 255 255 253 254 144 76 230 240 255 251 243 225 9 116 253 255 255 243 255 230 96 0 9 0 21 175 255 255 228 255 250 182 89 232 247 247 241 250 253 139 104 224 251 255 253 251 239 114 152 250 255 255 246 255 193 0 184 255 255 251 255 248 204 7 13 0 0 108 234 255 255 251 248 245 104 169 255 255 254 253 255 249 0 13 7 0 12 0 192 250 255 255 248 252 208 7 13 0 0 108 234 255 255 255 253 248 230 98 216 242 255 251 247 133 0 214 255 252 252 250 245 164 108 233 252 255 255 246 232 3 145 255 252 241 247 250 238 103 136 250 245 248 249 249 252 214 104 241 255 255 255 220 97 105 231 249 255 255 255 252 131 2 6 4 2 190 255 254 255 252 255 210 0 10 15 0 28 213 255 254 224 252 255 164 102 243 255 246 246 255 186 140 245 255 255 237 255 191 0 234 255 239 255 243 246 0 4 4 5 13 0 224 255 255 247 255 230 75 187 249 255 255 249 241 255 217 0 215 248 255 245 255 242 122 186 255 252 254 253 255 198 84 238 254 248 246 255 220 97 105 231 249 255 255 255 249 129 0 2 6 0 146 255 255 255 253 251 245 208 107 248 255 248 244 236 117 2 4 4 0 0 153 249 255 248 255 255 243 115 10 9 0 4 0 218 255 255 254 254 223 72 141 255 249 246 250 255 200 0 0 3 138 251 250 253 255 255 216 2 6 5 2 225 242 253 255 250 248 140 138 245 255 255 252 245 215 3 188 255 255 247 249 250 199 62 230 254 255 255 225 221 0 184 255 255 251 255 248 204 0 0 4 0 0 0 0 0 0 7 165 249 238 247 249 248 226 255 255 241 237 150 12 2 0 0 0 0 0 0 0 0 0 0 0 0 0 0 0 0 0 0 0 0 0 0 0 0 0 0 0 0 0 0 0 0 0 0 0 0 0 0 0 0 0 0 0 0 0 0 0 0 0 0 0 0 0 0 0 0 0 0 0 0 0 0 0 0 0 0 0 0 0 0 0 0 0 0 0 0 0 0 0 0
0 0 0 0 0 0 0 0 0 0 0 0 0 0 0 0 0 0 0 0 0 0 0 0 0 0 0 0 0 0 0 0 0 0 0 0 0 0 0 0 0 0 0 0 0 0 0 0 0 0 0 0 0 0 0 0 0 0 0 0 0 0 0 0 0 0 0 0 0 0 0 0 7 2 3 0 0 0 3 144 243 255 255 250 246 241 94 0 5 0 4 229 252 249 251 255 252 255 250 242 132 249 253 255 255 255 242 255 255 165 2 217 254 254 254 242 255 169 74 234 255 240 255 255 211 0 139 243 248 255 249 253 235 106 0 5 0 0 195 245 255 247 251 255 201 78 239 254 255 255 254 241 122 97 235 255 255 249 255 246 109 167 255 247 255 252 255 210 9 195 246 245 254 255 241 216 0 11 0 9 104 233 255 252 255 248 255 102 159 255 240 255 251 255 198 23 0 0 13 0 2 217 246 248 252 255 255 208 0 11 0 9 104 233 255 252 252 255 252 239 128 243 255 249 255 244 133 4 232 254 242 255 254 243 156 102 255 255 250 246 255 239 0 132 242 255 255 254 255 229 92 126 248 255 255 252 255 255 236 128 254 250 251 255 240 102 99 232 255 253 250 251 238 123 6 0 0 2 197 246 253 255 245 252 220 0 14 0 5 0 215 245 255 255 241 255 159 109 240 241 255 255 244 193 126 246 254 255 249 255 230 108 212 255 255 248 255 227 13 0 0 7 1 0 213 247 254 255 245 253 98 217 255 255 248 255 255 255 223 106 235 250 255 251 255 235 100 187 251 255 255 253 251 207 68 235 251 255 255 251 240 102 99 232 255 253 250 251 244 133 3 4 0 3 144 233 244 255 249 247 255 245 122 247 252 254 255 247 118 5 5 0 3 2 144 240 255 255 255 250 243 106 3 2 0 10 0 218 255 248 252 255 255 180 155 247 255 255 255 255 179 6 0 1 125 255 251 255 252 255 228 0 0 0 0 234 248 255 250 255 252 144 147 255 255 252 254 255 222 10 180 240 255 250 255 253 195 78 238 248 253 255 252 215 9 195 246 245 254 255 241 216 5 0 1 3 4 0 2 0 1 3 157 255 255 255 252 232 232 242 255 255 248 172 0 5 0 0 0 0 0 0 0 0 0 0 0 0 0 0 0 0 0 0 0 0 0 0 0 0 0 0 0 0 0 0 0 0 0 0 0 0 0 0 0 0 0 0 0 0 0 0 0 0 0 0 0 0 0 0 0 0 0 0 0 0 0 0 0 0 0 0 0 0 0 0 0 0 0 0 0 0 0 0 0 0
0 0 0 0 0 0 0 0 0 0 0 0 0 0 0 0 0 0 0 0 0 0 0 0 0 0 0 0 0 0 0 0 0 0 0 0 0 0 0 0 0 0 0 0 0 0 0 0 0 0 0 0 0 0 0 0 0 0 0 0 0 0 0 0 0 0 0 0 0 0 0 0 0 0 0 0 2 0 0 145 249 255 255 255 243 247 90 3 0 0 1 213 253 255 250 254 244 255 252 242 175 238 255 252 251 255 254 255 252 164 0 212 255 250 255 255 250 166 127 248 248 255 254 245 189 6 141 245 254 250 255 246 239 95 10 0 8 0 195 255 251 253 255 249 199 82 230 255 254 254 255 246 126 99 236 255 254 255 255 246 109 173 253 255 254 255 255 210 1 178 255 255 250 255 255 202 0 2 0 1 112 235 255 255 254 255 241 112 171 255 254 255 253 255 215 1 2 0 0 0 0 192 253 255 249 255 252 203 0 2 0 1 112 235 255 255 254 251 255 255 186 236 255 250 255 246 129 0 232 254 254 255 255 255 147 118 242 255 252 246 249 240 0 132 253 255 251 255 255 237 99 125 247 255 255 254 255 250 255 182 228 255 255 251 239 98 100 236 255 255 255 254 252 120 6 0 4 0 197 255 246 255 254 246 218 0 4 0 1 3 204 255 255 253 246 255 170 154 245 252 255 255 246 177 103 230 255 255 255 248 255 243 170 0 13 8 3 0 0 2 0 2 10 0 203 250 252 255 253 246 119 224 255 246 254 253 252 255 228 106 234 255 247 255 255 243 60 173 255 254 255 255 251 198 75 229 255 249 255 251 239 98 100 236 255 255 255 254 245 127 0 0 1 1 143 249 255 251 250 255 247 243 182 241 255 253 254 240 118 0 0 0 0 0 143 252 254 255 255 255 241 121 0 4 0 0 1 205 255 253 255 243 255 248 218 78 0 0 0 0 6 2 9 0 142 248 255 253 255 254 230 2 1 0 3 231 255 253 255 253 250 149 149 248 255 254 254 255 228 0 183 255 251 255 254 255 193 129 247 255 252 255 248 199 0 182 255 254 252 255 251 203 2 4 0 0 6 0 3 6 0 1 188 255 254 248 255 220 198 255 250 255 255 175 0 0 0 0 0 0 0 0 0 0 0 0 0 0 0 0 0 0 0 0 0 0 0 0 0 0 0 0 0 0 0 0 0 0 0 0 0 0 0 0 0 0 0 0 0 0 0 0 0 0 0 0 0 0 0 0 0 0 0 0 0 0 0 0 0 0 0 0 0 0 0 0 0 0 0 0 0 0 0 0 0 0
0 0 0 0 0 0 0 0 0 0 0 0 0 0 0 0 0 0 0 0 0 0 0 0 0 0 0 0 0 0 0 0 0 0 0 0 0 0 0 0 0 0 0 0 0 0 0 0 0 0 0 0 0 0 0 0 0 0 0 0 0 0 0 0 0 0 0 0 0 0 0 0 0 0 0 0 2 0 0 145 250 254 252 255 255 239 96 8 4 13 0 220 255 253 250 255 238 255 253 251 201 250 255 246 247 255 254 255 252 164 0 211 249 251 255 251 255 255 243 255 255 233 247 255 105 0 138 240 255 245 255 255 242 91 2 0 0 0 197 239 255 255 251 255 199 82 230 255 254 254 255 246 126 99 236 255 254 255 255 246 109 173 253 255 254 255 255 210 1 181 255 254 252 255 255 219 0 1 4 5 100 243 255 244 254 255 241 112 171 255 254 255 253 255 215 1 2 0 0 0 0 195 252 255 251 255 253 220 0 1 4 5 100 243 255 244 255 250 254 255 215 242 255 254 255 246 129 0 232 254 254 255 242 255 151 11 13 3 0 0 10 3 0 134 242 245 255 255 255 237 99 125 247 255 255 254 255 251 255 211 246 255 253 255 239 98 100 236 255 255 255 254 248 127 0 9 7 0 184 251 253 252 255 255 202 1 0 12 1 0 225 255 244 255 255 252 246 255 252 246 255 251 252 134 6 202 255 243 253 255 246 255 255 207 60 0 0 5 18 1 0 7 0 7 170 255 244 255 255 253 137 235 255 253 255 255 251 255 234 121 241 255 248 255 250 223 27 171 255 247 253 253 255 197 77 233 244 255 244 255 239 98 100 236 255 255 255 254 243 132 0 8 7 0 131 243 253 255 253 255 253 254 212 251 255 253 254 240 118 0 0 0 0 0 143 252 254 255 255 255 235 115 0 11 5 3 8 161 251 246 255 255 235 255 255 247 155 0 13 9 0 0 3 4 142 248 255 253 255 254 230 2 1 0 3 231 255 253 255 253 250 149 149 248 255 254 254 255 228 0 183 255 251 255 254 255 253 255 255 247 247 247 255 170 0 185 255 251 255 255 251 220 0 0 7 11 0 5 2 0 10 0 205 255 247 246 255 226 191 255 247 243 253 210 14 2 0 0 0 0 0 0 0 0 0 0 0 0 0 0 0 0 0 0 0 0 0 0 0 0 0 0 0 0 0 0 0 0 0 0 0 0 0 0 0 0 0 0 0 0 0 0 0 0 0 0 0 0 0 0 0 0 0 0 0 0 0 0 0 0 0 0 0 0 0 0 0 0 0 0 0 0 0 0 0 0
0 0 0 0 0 0 0 0 0 0 0 0 0 0 0 0 0 0 0 0 0 0 0 0 0 0 0 0 0 0 0 0 0 0 0 0 0 0 0 0 0 0 0 0 0 0 0 0 0 0 0 0 0 0 0 0 0 0 0 0 0 0 0 0 0 0 0 0 0 0 0 0 0 0 0 0 2 0 0 145 245 255 255 251 249 255 247 251 250 186 7 208 251 254 255 251 226 249 253 255 233 255 252 236 241 255 254 255 252 165 0 210 255 249 255 253 236 255 255 236 255 255 163 12 4 3 139 250 248 255 255 241 255 255 255 255 207 2 187 255 255 244 255 248 199 82 230 255 254 254 255 246 126 99 236 255 254 255 255 246 109 173 253 255 254 255 255 210 0 185 255 251 255 253 255 242 255 255 238 143 113 234 249 255 254 255 241 112 171 255 254 255 253 255 215 1 2 0 0 0 0 199 250 255 254 254 253 243 255 255 238 143 113 234 249 255 255 250 250 255 248 248 252 255 255 246 129 0 232 254 254 255 255 255 147 17 0 0 7 10 2 0 1 138 250 254 255 241 255 237 99 125 247 255 255 254 255 252 250 245 255 254 250 255 239 98 100 236 255 255 255 254 255 248 255 250 214 4 199 255 250 255 255 246 255 254 255 239 147 3 199 255 255 253 250 255 253 244 255 255 251 251 182 0 4 148 232 255 250 239 255 248 251 255 229 113 9 1 0 0 0 7 0 10 149 255 247 255 255 252 155 239 255 253 254 248 250 255 240 142 248 255 251 255 253 211 1 180 255 247 255 253 244 255 254 253 255 249 255 245 239 98 100 236 255 255 255 254 254 251 255 244 219 0 149 250 250 255 255 253 255 255 243 255 255 253 254 240 118 0 0 0 0 0 143 252 254 255 255 255 246 132 12 0 0 2 0 16 227 255 247 255 251 255 252 241 243 179 15 0 6 20 0 0 142 248 255 253 255 254 230 2 1 0 3 231 255 253 255 253 250 149 149 248 255 254 254 255 228 0 183 255 251 255 254 255 254 246 255 255 253 255 196 11 0 190 255 248 255 253 252 243 255 251 248 161 8 0 0 11 4 0 208 249 255 255 248 196 174 255 255 252 247 215 4 0 0 0 0 0 0 0 0 0 0 0 0 0 0 0 0 0 0 0 0 0 0 0 0 0 0 0 0 0 0 0 0 0 0 0 0 0 0 0 0 0 0 0 0 0 0 0 0 0 0 0 0 0 0 0 0 0 0 0 0 0 0 0 0 0 0 0 0 0 0 0 0 0 0 0 0 0 0 0 0 0
0 0 0 0 0 0 0 0 0 0 0 0 0 0 0 0 0 0 0 0 0 0 0 0 0 0 0 0 0 0 0 0 0 0 0 0 0 0 0 0 0 0 0 0 0 0 0 0 0 0 0 0 0 0 0 0 0 0 0 0 0 0 0 0 0 0 0 0 0 0 0 0 0 0 0 0 2 0 0 145 246 255 253 255 255 249 254 255 255 207 0 215 255 246 255 252 213 239 253 255 253 255 246 228 235 253 254 255 252 165 1 209 255 247 255 255 243 251 255 255 247 251 255 232 59 4 135 243 255 254 253 255 255 252 250 255 197 5 188 248 255 248 254 255 199 82 230 255 254 254 255 246 126 99 236 255 254 255 255 246 109 173 253 255 254 255 255 210 0 188 255 248 255 251 255 255 254 255 246 147 102 242 245 255 254 255 241 112 171 255 254 255 253 255 215 1 2 0 0 0 0 202 249 253 255 252 254 255 254 255 246 147 102 242 245 255 255 255 249 255 255 249 252 254 255 246 129 0 232 254 254 255 249 246 187 232 252 255 255 249 255 229 17 130 241 253 254 255 255 237 99 125 247 255 255 254 254 255 249 255 255 249 251 255 239 98 100 236 255 255 255 254 253 255 249 255 217 5 186 255 255 246 255 255 246 255 249 251 148 0 220 254 251 255 255 252 254 242 252 255 246 164 62 1 0 13 159 233 247 255 244 245 255 246 255 235 131 14 19 0 1 1 12 6 137 254 255 255 252 249 173 240 254 252 248 239 251 255 244 164 252 255 254 254 255 209 0 191 255 249 255 251 254 254 255 255 249 255 249 255 239 98 100 236 255 255 255 254 252 255 255 252 226 0 137 244 252 255 253 250 255 254 254 252 255 253 254 240 118 0 0 0 0 0 143 252 254 255 255 255 229 107 0 0 0 13 11 0 30 209 248 240 255 247 249 255 255 243 206 41 0 1 9 0 142 248 255 253 255 254 230 2 1 0 3 231 255 253 255 253 250 149 149 248 255 254 254 255 228 0 183 255 251 255 254 255 253 245 250 255 255 185 77 14 0 193 255 246 255 251 252 255 255 247 255 173 0 5 0 0 0 24 223 249 255 255 255 175 155 250 248 255 255 229 39 3 0 0 0 0 0 0 0 0 0 0 0 0 0 0 0 0 0 0 0 0 0 0 0 0 0 0 0 0 0 0 0 0 0 0 0 0 0 0 0 0 0 0 0 0 0 0 0 0 0 0 0 0 0 0 0 0 0 0 0 0 0 0 0 0 0 0 0 0 0 0 0 0 0 0 0 0 0 0 0 0
0 0 0 0 0 0 0 0 0 0 0 0 0 0 0 0 0 0 0 0 0 0 0 0 0 0 0 0 0 0 0 0 0 0 0 0 0 0 0 0 0 0 0 0 0 0 0 0 0 0 0 0 0 0 0 0 0 0 0 0 0 0 0 0 0 0 0 0 0 0 0 0 0 0 0 0 2 0 0 145 246 255 253 255 255 249 254 255 255 207 0 215 255 246 255 252 206 230 255 254 255 255 245 221 231 252 255 255 251 166 2 209 250 255 252 246 255 254 239 255 255 242 253 250 220 6 114 246 255 254 253 255 255 252 250 255 197 5 188 248 255 248 254 255 199 82 230 255 254 254 255 246 126 99 236 255 254 255 255 246 109 173 253 255 254 255 255 210 0 188 255 248 255 251 255 255 254 255 246 147 102 242 245 255 254 255 241 112 171 255 254 255 253 255 215 1 2 0 0 0 0 202 249 253 255 252 254 255 254 255 246 147 102 242 245 255 251 255 248 251 255 251 255 252 255 246 129 0 232 254 254 255 255 255 165 255 255 246 251 255 234 245 0 132 255 255 247 255 255 237 99 125 247 255 255 254 252 255 254 255 254 250 255 253 239 98 100 236 255 255 255 254 253 255 249 255 217 5 186 255 255 246 255 255 246 255 249 251 148 0 220 254 251 255 255 252 255 255 255 251 247 255 234 22 17 0 0 118 236 249 255 255 255 254 251 252 255 115 0 8 2 0 10 0 92 245 255 255 255 251 198 245 254 255 246 230 253 255 246 183 251 253 255 254 250 195 0 191 250 249 255 246 254 254 255 255 249 255 249 255 239 98 100 236 255 255 255 254 252 255 255 252 226 0 137 244 255 255 249 253 255 250 254 253 255 253 254 240 118 0 0 0 0 0 143 252 254 255 255 255 255 116 5 15 1 0 2 3 2 10 183 255 243 250 255 254 255 242 255 203 9 0 6 0 142 248 255 253 255 254 230 2 1 0 3 231 255 253 255 253 250 149 149 248 255 254 254 255 228 0 183 255 251 255 254 255 255 255 255 250 246 253 246 76 0 193 255 246 255 251 252 255 255 247 255 173 0 5 0 0 0 95 248 255 250 240 255 167 153 255 239 255 255 245 104 3 0 0 0 0 0 0 0 0 0 0 0 0 0 0 0 0 0 0 0 0 0 0 0 0 0 0 0 0 0 0 0 0 0 0 0 0 0 0 0 0 0 0 0 0 0 0 0 0 0 0 0 0 0 0 0 0 0 0 0 0 0 0 0 0 0 0 0 0 0 0 0 0 0 0 0 0 0 0 0 0
0 0 0 0 0 0 0 0 0 0 0 0 0 0 0 0 0 0 0 0 0 0 0 0 0 0 0 0 0 0 0 0 0 0 0 0 0 0 0 0 0 0 0 0 0 0 0 0 0 0 0 0 0 0 0 0 0 0 0 0 0 0 0 0 0 0 0 0 0 0 0 0 0 0 0 0 2 0 0 145 245 255 255 251 249 255 247 251 250 186 7 208 251 254 255 251 202 221 255 251 255 253 248 206 230 253 255 255 249 166 3 210 255 255 251 246 255 182 131 240 238 255 242 255 221 73 141 255 248 255 255 241 255 255 255 255 207 2 187 255 255 244 255 248 199 82 230 255 254 254 255 246 126 99 236 255 254 255 255 246 109 173 253 255 254 255 255 210 0 185 255 251 255 253 255 242 255 255 238 143 113 234 249 255 254 255 241 112 171 255 254 255 253 255 215 1 2 0 0 0 0 199 250 255 254 254 253 243 255 255 238 143 113 234 249 255 252 255 236 251 255 254 255 253 255 246 129 0 232 254 254 255 241 255 166 236 255 253 255 251 255 233 7 127 238 253 253 255 255 237 99 125 247 255 255 254 248 246 255 253 251 253 255 253 239 98 100 236 255 255 255 254 255 248 255 250 214 4 199 255 250 255 255 246 255 254 255 239 147 3 199 255 255 253 250 255 151 184 249 246 255 251 242 161 0 0 6 0 72 211 252 247 235 254 255 247 255 225 0 5 1 5 0 0 26 239 245 255 255 250 218 249 253 255 236 209 255 255 248 201 250 248 255 254 244 170 3 190 249 252 255 250 244 255 254 253 255 249 255 245 239 98 100 236 255 255 255 254 254 251 255 244 219 0 149 250 255 252 248 252 246 254 252 255 255 253 254 240 118 0 0 0 0 0 143 252 254 255 255 255 234 107 0 1 0 20 0 0 0 10 0 154 244 248 255 244 248 254 247 238 174 0 9 0 142 248 255 253 255 254 230 2 1 0 3 231 255 253 255 253 250 149 149 248 255 254 254 255 228 0 183 255 251 255 254 255 168 162 242 245 255 246 234 200 0 190 255 248 255 253 252 243 255 251 248 161 8 0 0 11 0 138 241 253 255 249 253 131 110 255 255 255 244 242 149 0 0 0 0 0 0 0 0 0 0 0 0 0 0 0 0 0 0 0 0 0 0 0 0 0 0 0 0 0 0 0 0 0 0 0 0 0 0 0 0 0 0 0 0 0 0 0 0 0 0 0 0 0 0 0 0 0 0 0 0 0 0 0 0 0 0 0 0 0 0 0 0 0 0 0 0 0 0 0 0 0
0 0 0 0 0 0 0 0 0 0 0 0 0 0 0 0 0 0 0 0 0 0 0 0 0 0 0 0 0 0 0 0 0 0 0 0 0 0 0 0 0 0 0 0 0 0 0 0 0 0 0 0 0 0 0 0 0 0 0 0 0 0 0 0 0 0 0 0 0 0 0 0 0 0 0 0 2 0 0 145 250 254 252 255 255 239 96 8 4 13 0 220 255 253 250 255 197 208 255 247 255 253 250 180 231 255 255 255 248 166 4 211 255 242 255 255 255 148 77 248 255 252 255 255 247 83 135 240 255 245 255 255 242 91 2 0 0 0 197 239 255 255 251 255 199 82 230 255 254 254 255 246 126 99 236 255 254 255 255 246 109 173 253 255 254 255 255 210 1 181 255 254 252 255 255 219 0 1 4 5 100 243 255 244 254 255 241 112 171 255 254 255 253 255 215 1 2 0 0 0 0 195 252 255 251 255 253 220 0 1 4 5 100 243 255 244 253 252 211 254 253 254 255 253 255 246 129 0 232 254 254 255 255 248 144 114 214 251 255 255 255 207 12 131 246 255 254 246 255 237 99 125 247 255 255 254 240 220 255 247 255 255 255 253 239 98 100 236 255 255 255 254 248 127 0 9 7 0 184 251 253 252 255 255 202 1 0 12 1 0 225 255 244 255 255 252 178 119 255 242 241 255 255 193 3 12 2 17 0 23 187 255 254 255 231 254 252 255 136 0 0 5 0 0 0 231 242 255 255 247 232 252 252 255 218 179 254 255 251 218 253 246 255 252 249 142 6 191 255 254 255 255 255 197 77 233 244 255 244 255 239 98 100 236 255 255 255 254 243 132 0 8 7 0 131 243 253 251 252 242 220 255 249 255 255 253 254 240 118 0 0 0 0 0 143 252 254 255 255 255 243 126 7 0 0 17 0 20 0 5 16 12 103 238 241 255 246 245 255 255 192 21 0 14 142 248 255 253 255 254 230 2 1 0 3 231 255 253 255 253 250 149 149 248 255 254 254 255 228 0 183 255 251 255 254 255 213 82 255 241 244 255 244 203 0 185 255 251 255 255 251 220 0 0 7 11 0 5 2 0 0 152 237 251 255 255 242 153 118 235 255 253 247 251 181 10 0 0 0 0 0 0 0 0 0 0 0 0 0 0 0 0 0 0 0 0 0 0 0 0 0 0 0 0 0 0 0 0 0 0 0 0 0 0 0 0 0 0 0 0 0 0 0 0 0 0 0 0 0 0 0 0 0 0 0 0 0 0 0 0 0 0 0 0 0 0 0 0 0 0 0 0 0 0 0 0
0 0 0 0 0 0 0 0 0 0 0 0 0 0 0 0 0 0 0 0 0 0 0 0 0 0 0 0 0 0 0 0 0 0 0 0 0 0 0 0 0 0 0 0 0 0 0 0 0 0 0 0 0 0 0 0 0 0 0 0 0 0 0 0 0 0 0 0 0 0 0 0 0 0 0 0 2 0 0 145 249 255 255 255 243 247 90 3 0 0 1 213 253 255 250 254 192 196 255 244 255 253 248 158 232 255 255 255 247 166 5 212 255 245 255 244 255 177 83 223 244 255 249 245 235 121 109 255 254 250 255 246 239 95 10 0 8 0 195 255 251 253 255 249 199 82 230 255 254 254 255 246 126 99 236 255 254 255 255 246 109 173 253 255 254 255 255 210 1 178 255 255 250 255 255 202 0 2 0 1 112 235 255 255 254 255 241 112 171 255 254 255 253 255 215 1 2 0 0 0 0 192 253 255 249 255 252 203 0 2 0 1 112 235 255 255 254 236 188 255 251 253 255 251 255 246 129 0 232 254 254 255 255 233 161 69 224 255 252 249 253 233 0 129 243 255 251 255 255 237 99 125 247 255 255 254 230 196 255 243 255 253 251 252 239 98 100 236 255 255 255 254 252 120 6 0 4 0 197 255 246 255 254 246 218 0 4 0 1 3 204 255 255 253 246 255 169 110 236 255 255 233 255 190 111 235 255 244 255 255 218 132 244 240 255 255 245 253 165 9 0 0 15 0 4 223 250 253 255 248 243 255 255 255 208 160 254 255 254 229 255 246 255 251 255 121 2 188 255 249 247 255 251 198 75 229 255 249 255 251 239 98 100 236 255 255 255 254 245 127 0 0 1 1 143 249 251 255 255 231 196 255 244 255 255 253 254 240 118 0 0 0 0 0 143 252 254 255 255 255 243 105 0 16 0 1 19 200 255 255 245 252 255 155 199 255 255 255 231 246 239 0 4 0 142 248 255 253 255 254 230 2 1 0 3 231 255 253 255 253 250 149 149 248 255 254 254 255 228 0 183 255 251 255 254 255 203 65 236 248 255 252 249 222 0 182 255 254 252 255 251 203 2 4 0 0 6 0 3 6 6 172 255 255 243 255 255 250 252 255 254 246 255 255 178 2 0 0 0 0 0 0 0 0 0 0 0 0 0 0 0 0 0 0 0 0 0 0 0 0 0 0 0 0 0 0 0 0 0 0 0 0 0 0 0 0 0 0 0 0 0 0 0 0 0 0 0 0 0 0 0 0 0 0 0 0 0 0 0 0 0 0 0 0 0 0 0 0 0 0 0 0 0 0 0 0
0 0 0 0 0 0 0 0 0 0 0 0 0 0 0 0 0 0 0 0 0 0 0 0 0 0 0 0 0 0 0 0 0 0 0 0 0 0 0 0 0 0 0 0 0 0 0 0 0 0 0 0 0 0 0 0 0 0 0 0 0 0 0 0 0 0 0 0 0 0 0 0 7 2 3 0 0 0 3 144 243 255 255 250 246 241 94 0 3 1 6 221 247 255 255 249 209 163 246 255 249 255 246 135 240 249 247 255 255 165 0 212 253 252 255 245 255 170 78 226 239 255 254 251 242 99 130 248 248 255 249 253 235 106 0 5 1 0 192 251 255 255 252 253 191 84 247 234 254 255 242 249 134 93 238 253 245 251 255 251 121 155 250 255 246 252 255 213 8 193 253 241 255 255 243 217 0 6 0 0 101 237 253 255 255 244 255 107 170 255 241 253 255 248 222 4 0 9 0 7 2 217 246 248 252 255 255 208 0 6 0 0 102 238 255 255 248 254 130 250 246 255 255 247 249 250 118 0 240 255 254 250 249 247 146 71 238 255 255 253 254 231 18 122 248 248 246 255 255 231 92 124 247 255 255 255 241 133 255 247 252 251 255 255 240 102 99 232 255 253 250 251 240 133 0 12 0 0 207 251 253 255 245 252 220 0 14 0 9 0 223 247 255 255 244 255 168 100 244 253 255 255 252 193 111 241 246 246 255 244 219 4 187 255 242 255 255 253 177 3 4 9 0 0 10 195 248 255 255 255 236 255 255 242 200 141 248 255 250 249 252 247 255 255 224 111 2 181 255 245 253 255 251 207 68 235 251 255 255 251 240 102 99 232 255 253 250 251 240 135 4 0 0 0 139 253 255 255 252 242 126 255 234 255 251 253 255 246 117 4 4 0 3 2 144 240 255 255 255 250 239 127 0 8 1 0 1 205 255 249 255 243 247 154 79 240 254 249 252 255 214 10 9 0 132 255 253 246 255 255 232 4 6 0 3 244 247 250 255 245 253 146 150 255 254 249 252 255 227 13 180 240 255 249 255 249 205 64 235 255 247 255 254 213 11 188 251 243 255 255 248 214 8 0 0 14 0 13 3 0 5 188 255 253 235 255 255 250 254 250 243 255 255 249 214 0 0 0 0 0 0 0 0 0 0 0 0 0 0 0 0 0 0 0 0 0 0 0 0 0 0 0 0 0 0 0 0 0 0 0 0 0 0 0 0 0 0 0 0 0 0 0 0 0 0 0 0 0 0 0 0 0 0 0 0 0 0 0 0 0 0 0 0 0 0 0 0 0 0 0 0 0 0 0 0 0
0 0 0 0 0 0 0 0 0 0 0 0 0 0 0 0 0 0 0 0 0 0 0 0 0 0 0 0 0 0 0 0 0 0 0 0 0 0 0 0 0 0 0 0 0 0 0 0 0 0 0 0 0 0 0 0 0 0 0 0 0 0 0 0 0 0 0 0 0 0 0 0 0 0 0 5 18 9 4 150 252 253 255 251 255 244 96 0 0 1 0 221 253 248 254 255 177 159 254 255 255 244 239 105 237 241 255 242 229 161 0 206 255 253 255 254 250 148 85 231 255 236 255 251 236 76 138 244 255 255 243 255 230 96 0 9 8 2 191 246 245 246 255 255 212 70 221 255 253 255 249 248 122 95 237 254 255 255 255 228 96 175 255 255 255 252 251 206 0 181 255 255 255 255 251 205 0 7 0 10 113 241 246 249 255 253 241 91 152 255 254 255 247 251 224 0 0 13 0 0 0 192 250 255 255 248 252 208 1 8 0 10 113 242 248 251 255 248 112 207 255 242 239 255 254 255 126 13 207 251 243 255 255 249 153 92 226 246 252 255 254 221 0 142 253 255 255 250 251 239 104 137 251 246 249 249 216 116 213 255 252 253 255 242 220 97 105 231 249 255 255 255 252 127 0 9 13 9 194 249 254 255 252 255 210 0 10 15 0 18 200 255 255 238 255 252 183 108 248 248 249 250 252 190 73 244 255 254 238 255 229 0 152 250 252 255 247 247 193 0 6 0 22 0 0 202 237 255 255 245 255 255 250 255 170 127 243 255 250 251 255 247 251 249 249 26 0 190 255 252 255 253 255 198 84 238 254 248 246 255 220 97 105 231 249 255 255 255 254 119 0 3 9 15 134 242 243 255 247 227 120 239 255 241 255 247 243 235 116 1 3 3 0 0 153 249 255 248 255 255 245 117 1 0 0 10 3 210 238 255 255 245 255 148 69 240 252 255 255 233 255 0 0 16 149 250 255 255 255 246 212 7 0 12 0 212 254 255 244 255 240 134 134 243 255 255 255 252 211 0 183 255 255 251 253 254 203 85 229 248 249 247 254 213 0 176 255 255 254 255 255 202 0 9 0 0 15 0 0 1 14 199 255 255 255 247 241 255 253 255 255 252 245 255 220 6 0 0 0 0 0 0 0 0 0 0 0 0 0 0 0 0 0 0 0 0 0 0 0 0 0 0 0 0 0 0 0 0 0 0 0 0 0 0 0 0 0 0 0 0 0 0 0 0 0 0 0 0 0 0 0 0 0 0 0 0 0 0 0 0 0 0 0 0 0 0 0 0 0 0 0 0 0 0 0 0
0 0 0 0 0 0 0 0 0 0 0 0 0 0 0 0 0 0 0 0 0 0 0 0 0 0 0 0 0 0 0 0 0 0 0 0 0 0 0 0 0 0 0 0 0 0 0 0 0 0 0 0 0 0 0 0 0 0 0 0 0 0 0 0 0 0 0 0 0 0 0 0 1 5 3 0 2 0 0 147 239 246 255 255 255 226 88 4 0 16 0 211 255 250 241 241 218 108 245 255 252 255 233 111 229 252 255 247 255 173 0 226 249 253 253 254 248 176 151 249 247 241 255 255 224 111 143 245 247 246 252 255 227 105 6 0 0 0 192 255 255 253 255 250 190 125 243 255 247 250 254 248 128 111 238 251 244 251 252 249 124 200 241 247 255 255 252 205 18 184 253 247 248 255 255 208 0 0 0 10 88 238 252 255 251 252 240 142 195 255 255 251 255 253 207 0 10 5 0 7 15 202 246 254 244 255 255 203 0 0 0 9 88 238 254 255 254 248 111 177 255 255 253 255 255 231 142 2 226 255 255 252 254 237 162 141 240 255 255 251 255 230 4 148 232 239 255 252 253 247 92 129 255 250 255 255 247 102 185 255 255 253 250 254 250 97 101 243 255 250 254 250 236 131 7 0 0 3 171 255 253 255 255 255 190 15 0 0 0 1 221 253 254 255 246 255 177 105 254 255 255 251 255 186 6 234 240 255 246 240 230 55 204 255 238 246 247 255 187 0 5 0 0 5 6 178 251 239 255 247 255 242 243 255 144 76 236 255 250 255 255 255 255 255 222 0 19 182 238 249 255 247 255 195 86 229 255 255 251 254 250 97 101 243 255 250 254 250 242 119 12 0 0 11 122 255 247 255 255 238 85 187 255 254 255 255 255 243 118 0 0 2 6 0 145 243 246 240 255 255 245 112 14 2 0 10 0 182 255 241 237 255 250 153 123 243 250 245 243 255 221 3 12 0 149 238 255 243 248 255 235 9 7 5 2 221 255 255 241 249 255 179 176 247 249 247 252 254 221 2 181 246 251 244 248 255 191 93 232 245 255 253 255 210 20 180 252 249 246 255 255 206 4 4 0 21 0 10 5 9 3 216 250 244 255 255 255 251 252 246 243 255 255 255 230 83 0 0 0 0 0 0 0 0 0 0 0 0 0 0 0 0 0 0 0 0 0 0 0 0 0 0 0 0 0 0 0 0 0 0 0 0 0 0 0 0 0 0 0 0 0 0 0 0 0 0 0 0 0 0 0 0 0 0 0 0 0 0 0 0 0 0 0 0 0 0 0 0 0 0 0 0 0 0 0 0
0 0 0 0 0 0 0 0 0 0 0 0 0 0 0 0 0 0 0 0 0 0 0 0 0 0 0 0 0 0 0 0 0 0 0 0 0 0 0 0 0 0 0 0 0 0 0 0 0 0 0 0 0 0 0 0 0 0 0 0 0 0 0 0 0 0 0 0 0 0 0 0 0 13 10 0 0 4 7 159 255 255 251 238 249 255 249 254 255 249 125 225 252 252 255 255 206 85 228 255 246 255 206 91 234 255 241 253 255 164 0 200 250 255 253 253 255 243 240 255 243 255 242 255 241 103 120 237 255 255 252 248 250 251 254 255 253 134 202 245 247 255 255 245 255 255 255 245 249 255 245 238 97 100 231 255 255 250 247 255 249 255 252 244 253 235 255 207 0 181 255 255 255 242 248 253 252 255 255 224 124 236 250 255 250 252 254 229 255 255 251 253 250 255 206 0 5 0 0 11 0 199 255 255 247 248 255 244 252 255 255 223 123 237 251 255 255 241 106 140 222 255 255 255 251 225 158 0 178 249 255 254 255 255 248 247 255 253 254 255 254 218 15 122 241 255 255 249 249 248 87 123 254 247 255 255 229 76 173 242 250 251 245 255 241 91 99 240 254 251 255 253 250 254 253 255 248 176 204 243 237 254 255 255 255 247 255 255 249 0 217 255 233 255 251 254 171 104 249 252 255 244 255 185 2 195 255 252 250 255 249 255 252 242 255 255 242 253 176 0 0 7 0 8 0 135 255 255 246 255 250 255 255 251 137 25 226 252 249 250 253 249 255 255 221 0 8 189 255 255 244 255 248 211 84 227 244 255 255 243 241 91 99 240 254 251 255 253 255 252 251 250 243 184 159 247 255 247 255 246 69 171 241 255 243 255 255 239 120 9 5 2 12 0 151 255 255 255 255 242 240 114 3 0 0 10 11 158 243 255 255 253 253 255 255 237 255 255 255 244 221 0 8 8 144 241 255 254 251 255 234 0 8 0 12 187 241 244 255 255 252 228 244 255 255 251 255 255 174 0 194 255 255 255 252 255 200 82 237 245 255 254 251 209 0 176 255 255 255 242 253 251 255 255 240 240 1 4 0 0 32 235 255 246 254 255 246 157 60 222 255 252 252 253 251 134 0 0 0 0 0 0 0 0 0 0 0 0 0 0 0 0 0 0 0 0 0 0 0 0 0 0 0 0 0 0 0 0 0 0 0 0 0 0 0 0 0 0 0 0 0 0 0 0 0 0 0 0 0 0 0 0 0 0 0 0 0 0 0 0 0 0 0 0 0 0 0 0 0 0 0 0 0 0 0 0
0 0 0 0 0 0 0 0 0 0 0 0 0 0 0 0 0 0 0 0 0 0 0 0 0 0 0 0 0 0 0 0 0 0 0 0 0 0 0 0 0 0 0 0 0 0 0 0 0 0 0 0 0 0 0 0 0 0 0 0 0 0 0 0 0 0 0 0 0 0 0 0 0 0 0 0 7 6 4 148 243 252 255 255 255 254 246 255 240 255 148 226 250 244 250 246 195 102 237 251 255 248 211 95 244 252 248 255 224 187 19 212 255 255 250 252 255 255 255 248 253 255 255 247 230 0 120 255 235 246 255 254 254 255 255 244 255 139 191 254 255 253 251 246 247 255 244 252 255 255 250 244 75 115 236 255 255 255 247 253 241 254 255 255 255 250 255 167 7 207 255 245 255 253 247 255 235 253 253 247 92 240 255 247 253 255 255 254 255 247 248 255 235 255 195 0 0 0 5 0 12 210 249 255 255 250 243 255 234 252 252 246 91 240 255 248 253 249 128 100 236 246 245 255 255 255 152 12 95 247 249 245 249 255 249 255 255 247 249 248 247 242 7 141 253 255 247 255 246 250 108 140 254 246 255 251 226 103 124 247 255 255 252 250 229 114 125 238 243 254 255 252 255 255 249 244 236 171 188 250 255 255 249 235 237 255 253 255 235 0 204 255 255 249 255 242 185 127 247 246 255 242 255 199 10 156 236 251 255 244 255 246 255 249 245 249 255 225 71 8 8 0 15 3 0 137 235 243 252 255 254 250 249 226 104 6 220 255 255 255 254 245 253 254 202 8 9 201 245 251 237 248 248 231 88 250 241 245 255 254 229 114 125 238 243 254 255 252 250 255 253 246 255 185 123 231 255 253 251 237 97 133 253 245 255 255 246 230 125 7 0 0 3 0 143 241 252 251 255 255 244 133 0 6 8 0 0 35 222 255 242 238 255 248 247 255 251 238 246 255 195 4 3 0 161 255 249 255 250 239 246 12 1 3 0 88 242 255 249 241 255 255 255 249 248 255 255 231 87 0 201 252 244 247 242 244 228 79 245 250 251 255 249 223 8 202 255 248 255 252 251 255 248 255 255 238 9 0 0 13 127 244 255 255 255 252 246 121 0 244 255 246 255 251 255 158 0 0 0 0 0 0 0 0 0 0 0 0 0 0 0 0 0 0 0 0 0 0 0 0 0 0 0 0 0 0 0 0 0 0 0 0 0 0 0 0 0 0 0 0 0 0 0 0 0 0 0 0 0 0 0 0 0 0 0 0 0 0 0 0 0 0 0 0 0 0 0 0 0 0 0 0 0 0 0 0
0 0 0 0 0 0 0 0 0 0 0 0 0 0 0 0 0 0 0 0 0 0 0 0 0 0 0 0 0 0 0 0 0 0 0 0 0 0 0 0 0 0 0 0 0 0 0 0 0 0 0 0 0 0 0 0 0 0 0 0 0 0 0 0 0 0 0 0 0 0 0 0 5 0 3 9 0 0 7 171 246 249 254 248 255 251 250 254 255 244 143 217 255 255 251 251 220 0 234 245 255 253 195 97 240 246 255 255 249 192 0 235 254 246 247 255 251 243 253 249 255 241 252 251 174 9 145 233 255 255 255 255 255 251 249 253 240 152 203 255 253 243 250 255 255 255 253 255 241 255 253 179 3 108 242 251 238 255 252 253 255 255 255 245 246 255 230 86 0 203 253 231 255 255 247 252 255 255 242 242 103 251 255 239 245 255 255 244 247 243 249 246 255 220 104 0 4 4 0 0 0 207 248 236 255 255 245 254 255 255 240 241 102 250 255 240 248 255 124 0 223 255 255 249 253 248 140 0 12 158 233 255 255 252 243 255 249 243 255 255 253 255 0 153 235 244 246 255 255 235 106 132 244 255 255 248 254 107 0 230 255 252 252 246 246 115 110 236 255 253 248 250 241 241 254 255 255 184 192 255 241 249 250 255 255 255 240 253 225 28 228 241 250 248 250 255 175 141 240 250 255 249 251 206 0 12 194 248 247 252 252 255 238 255 255 250 248 165 0 14 7 0 0 0 6 107 248 255 252 234 255 247 255 255 81 8 203 246 255 255 255 250 255 252 194 0 0 221 245 255 255 255 255 214 78 249 255 252 255 255 246 115 110 236 255 253 248 250 255 255 245 245 255 177 139 255 252 255 255 233 102 0 209 255 244 247 251 253 144 3 0 16 0 21 173 254 255 247 250 252 248 144 0 0 14 8 10 2 135 221 255 255 250 253 255 245 252 255 249 215 31 0 17 0 155 255 246 243 252 255 243 0 0 7 0 10 137 228 255 252 252 252 248 237 255 255 212 139 0 0 204 255 253 255 255 255 211 86 239 255 251 255 246 224 0 199 254 235 255 255 251 252 255 248 246 246 0 4 5 0 175 241 252 250 250 255 255 116 1 235 239 254 255 247 249 195 0 0 0 0 0 0 0 0 0 0 0 0 0 0 0 0 0 0 0 0 0 0 0 0 0 0 0 0 0 0 0 0 0 0 0 0 0 0 0 0 0 0 0 0 0 0 0 0 0 0 0 0 0 0 0 0 0 0 0 0 0 0 0 0 0 0 0 0 0 0 0 0 0 0 0 0 0 0 0 0
0 0 0 0 0 0 0 0 0 0 0 0 0 0 0 0 0 0 0 0 0 0 0 0 0 0 0 0 0 0 0 0 0 0 0 0 0 0 0 0 0 0 0 0 0 0 0 0 0 0 0 0 0 0 0 0 0 0 0 0 0 0 0 0 0 0 0 0 0 0 0 0 0 0 12 15 0 6 29 158 255 255 255 244 255 251 255 253 255 236 164 217 249 255 250 251 218 0 228 255 251 255 177 120 245 252 248 247 255 185 16 214 255 245 255 255 254 250 255 255 249 255 239 171 8 7 156 255 250 250 244 245 254 252 253 255 245 172 193 244 255 255 253 245 250 248 253 255 255 244 168 10 15 123 243 255 254 255 253 255 249 245 255 255 253 214 126 0 15 190 255 255 255 243 251 255 246 247 255 240 141 222 247 255 251 255 255 254 254 255 254 246 198 115 9 0 9 4 0 3 7 201 255 255 246 255 255 252 245 245 254 238 139 221 247 255 255 255 142 7 178 241 255 251 255 244 181 18 0 6 127 199 244 255 255 252 209 183 227 252 255 229 19 165 241 255 255 251 255 232 145 160 243 255 255 250 239 122 8 201 255 241 253 255 243 136 127 239 255 255 250 255 255 255 253 247 242 182 203 255 255 255 250 254 249 248 245 255 246 0 191 255 252 255 255 242 189 174 239 251 255 253 242 218 22 0 1 131 211 237 255 238 255 232 240 184 32 0 0 4 0 19 0 4 0 20 219 254 255 240 255 254 255 222 31 0 205 243 249 252 255 252 255 250 207 0 0 208 255 246 240 255 255 209 131 237 255 255 250 248 243 136 127 239 255 255 250 255 247 253 255 255 250 185 164 234 248 254 255 239 139 19 187 255 255 255 255 241 138 11 0 1 0 17 164 242 255 255 255 255 239 154 20 0 0 0 10 2 0 32 157 249 249 245 255 255 251 220 135 0 7 7 14 0 177 250 255 255 255 255 216 18 0 0 18 0 0 82 191 241 250 255 255 237 243 179 83 0 0 31 193 244 255 250 253 242 204 149 234 252 255 255 246 226 15 186 255 255 255 241 255 255 255 250 252 248 2 0 3 0 192 247 255 255 255 253 236 122 9 213 255 255 245 253 255 221 0 0 0 0 0 0 0 0 0 0 0 0 0 0 0 0 0 0 0 0 0 0 0 0 0 0 0 0 0 0 0 0 0 0 0 0 0 0 0 0 0 0 0 0 0 0 0 0 0 0 0 0 0 0 0 0 0 0 0 0 0 0 0 0 0 0 0 0 0 0 0 0 0 0 0 0 0 0 0 0
0 0 0 0 0 0 0 0 0 0 0 0 0 0 0 0 0 0 0 0 0 0 0 0 0 0 0 0 0 0 0 0 0 0 0 0 0 0 0 0 0 0 0 0 0 0 0 0 0 0 0 0 0 0 0 0 0 0 0 0 0 0 0 0 0 0 0 0 0 0 0 0 3 0 3 0 0 16 0 11 0 5 6 0 10 0 5 1 0 17 0 7 0 8 0 6 0 0 1 0 0 7 0 1 3 0 0 9 0 2 9 0 3 0 6 0 0 7 2 0 1 0 12 0 0 11 0 0 0 13 8 0 3 9 0 0 11 0 4 11 0 0 0 10 4 8 0 0 6 0 4 0 0 0 5 0 0 6 0 4 9 0 4 0 7 0 0 6 0 12 0 0 6 0 11 0 10 0 4 1 0 14 0 0 8 0 0 1 2 3 0 0 0 18 0 6 0 5 6 5 1 10 0 4 2 4 4 0 8 0 2 0 0 13 0 0 0 0 6 6 2 0 0 4 4 0 0 6 14 0 1 3 5 0 0 0 4 0 13 2 0 6 0 2 1 0 0 0 0 10 0 0 14 0 0 9 2 2 9 0 2 0 8 0 2 0 0 10 0 2 3 0 0 14 0 0 20 3 8 0 0 10 0 0 2 8 2 0 7 0 7 1 0 0 8 3 7 0 5 0 0 3 0 0 0 29 0 0 5 0 0 4 0 18 0 1 1 5 1 1 3 0 6 10 6 0 24 0 0 3 0 0 3 11 0 14 0 15 5 0 1 1 7 0 0 0 10 0 0 8 0 0 7 0 0 3 0 0 0 3 2 0 0 10 0 2 3 0 9 0 0 3 0 0 8 1 3 0 4 0 0 14 1 0 0 10 0 2 4 0 13 0 15 0 15 0 0 0 0 5 2 0 0 8 0 7 4 0 3 7 6 0 4 10 0 1 0 0 17 0 4 0 0 11 6 0 5 0 0 0 7 0 1 7 0 9 2 14 0 11 0 3 4 0 14 0 0 2 1 0 16 1 5 0 7 0 7 0 0 0 3 3 9 0 0 8 0 2 2 0 15 0 1 0 3 0 0 0 3 0 1 4 0 0 10 0 8 0 0 8 0 5 0 13 6 0 0 0 0 0 0 0 0 0 0 0 0 0 0 0 0 0 0 0 0 0 0 0 0 0 0 0 0 0 0 0 0 0 0 0 0 0 0 0 0 0 0 0 0 0 0 0 0 0 0 0 0 0 0 0 0 0 0 0 0 0 0 0 0 0 0 0 0 0 0 0 0 0 0 0 0 0 0 0 0 0
0 0 0 0 0 0 0 0 0 0 0 0 0 0 0 0 0 0 0 0 0 0 0 0 0 0 0 0 0 0 0 0 0 0 0 0 0 0 0 0 0 0 0 0 0 0 0 0 0 0 0 0 0 0 0 0 0 0 0 0 0 0 0 0 0 0 0 0 0 0 0 0 0 0 0 0 0 0 0 0 0 0 0 0 0 0 0 0 0 0 0 0 0 0 0 0 0 0 0 0 0 0 0 0 0 0 0 0 0 0 0 0 0 0 0 0 0 0 0 0 0 0 0 0 0 0 0 0 0 0 0 0 0 0 0 0 0 0 0 0 0 0 0 0 0 0 0 0 0 0 0 0 0 0 0 0 0 0 0 0 0 0 0 0 0 0 0 0 0 0 0 0 0 0 0 0 0 0 0 0 0 0 0 0 0 0 0 0 0 0 0 0 0 0 0 0 0 0 0 0 0 0 0 0 0 0 0 0 0 0 0 0 0 0 0 0 0 0 0 0 0 0 0 0 0 0 0 0 0 0 0 0 0 0 0 0 0 0 0 0 0 0 0 0 0 0 0 0 0 0 0 0 0 0 0 0 0 0 0 0 0 0 0 0 0 0 0 0 0 0 0 0 0 0 0 0 0 0 0 0 0 0 0 0 0 0 0 0 0 0 0 0 0 0 0 0 0 0 0 0 0 0 0 0 0 0 0 0 0 0 0 0 0 0 0 0 0 0 0 0 0 0 0 0 0 0 0 0 0 0 0 0 0 0 0 0 0 0 0 0 0 0 0 0 0 0 0 0 0 0 0 0 0 0 0 0 0 0 0 0 0 0 0 0 0 0 0 0 0 0 0 0 0 0 0 0 0 0 0 0 0 0 0 0 0 0 0 0 0 0 0 0 0 0 0 0 0 0 0 0 0 0 0 0 0 0 0 0 0 0 0 0 0 0 0 0 0 0 0 0 0 0 0 0 0 0 0 0 0 0 0 0 0 0 0 0 0 0 0 0 0 0 0 0 0 0 0 0 0 0 0 0 0 0 0 0 0 0 0 0 0 0 0 0 0 0 0 0 0 0 0 0 0 0 0 0 0 0 0 0 0 0 0 0 0 0 0 0 0 0 0 0 0 0 0 0 0 0 0 0 0 0 0 0 0 0 0 0 0 0 0 0 0 0 0 0 0 0 0 0 0 0 0 0 0 0 0 0 0 0 0 0 0 0 0 0 0 0 0 0 0 0 0 0 0 0 0 0 0 0 0 0 0 0 0 0 0 0 0 0 0 0 0 0 0 0 0 0 0 0 0 0 0 0 0 0
0 0 0 0 0 0 0 0 0 0 0 0 0 0 0 0 0 0 0 0 0 0 0 0 0 0 0 0 0 0 0 0 0 0 0 0 0 0 0 0 0 0 0 0 0 0 0 0 0 0 0 0 0 0 0 0 0 0 0 0 0 0 0 0 0 0 0 0 0 0 0 0 0 0 0 0 0 0 0 0 0 0 0 0 0 0 0 0 0 0 0 0 0 0 0 0 0 0 0 0 0 0 0 0 0 0 0 0 0 0 0 0 0 0 0 0 0 0 0 0 0 0 0 0 0 0 0 0 0 0 0 0 0 0 0 0 0 0 0 0 0 0 0 0 0 0 0 0 0 0 0 0 0 0 0 0 0 0 0 0 0 0 0 0 0 0 0 0 0 0 0 0 0 0 0 0 0 0 0 0 0 0 0 0 0 0 0 0 0 0 0 0 0 0 0 0 0 0 0 0 0 0 0 0 0 0 0 0 0 0 0 0 0 0 0 0 0 0 0 0 0 0 0 0 0 0 0 0 0 0 0 0 0 0 0 0 0 0 0 0 0 0 0 0 0 0 0 0 0 0 0 0 0 0 0 0 0 0 0 0 0 0 0 0 0 0 0 0 0 0 0 0 0 0 0 0 0 0 0 0 0 0 0 0 0 0 0 0 0 0 0 0 0 0 0 0 0 0 0 0 0 0 0 0 0 0 0 0 0 0 0 0 0 0 0 0 0 0 0 0 0 0 0 0 0 0 0 0 0 0 0 0 0 0 0 0 0 0 0 0 0 0 0 0 0 0 0 0 0 0 0 0 0 0 0 0 0 0 0 0 0 0 0 0 0 0 0 0 0 0 0 0 0 0 0 0 0 0 0 0 0 0 0 0 0 0 0 0 0 0 0 0 0 0 0 0 0 0 0 0 0 0 0 0 0 0 0 0 0 0 0 0 0 0 0 0 0 0 0 0 0 0 0 0 0 0 0 0 0 0 0 0 0 0 0 0 0 0 0 0 0 0 0 0 0 0 0 0 0 0 0 0 0 0 0 0 0 0 0 0 0 0 0 0 0 0 0 0 0 0 0 0 0 0 0 0 0 0 0 0 0 0 0 0 0 0 0 0 0 0 0 0 0 0 0 0 0 0 0 0 0 0 0 0 0 0 0 0 0 0 0 0 0 0 0 0 0 0 0 0 0 0 0 0 0 0 0 0 0 0 0 0 0 0 0 0 0 0 0 0 0 0 0 0 0 0 0 0 0 0 0 0 0 0 0 0 0 0 0 0 0 0 0 0 0 0 0 0 0 0 0 0 0 0 0 0
0 0 0 0 0 0 0 0 0 0 0 0 0 0 0 0 0 0 0 0 0 0 0 0 0 0 0 0 0 0 0 0 0 0 0 0 0 0 0 0 0 0 0 0 0 0 0 0 0 0 0 0 0 0 0 0 0 0 0 0 0 0 0 0 0 0 0 0 0 0 0 0 0 0 0 0 0 0 0 0 0 0 0 0 0 0 0 0 0 0 0 0 0 0 0 0 0 0 0 0 0 0 0 0 0 0 0 0 0 0 0 0 0 0 0 0 0 0 0 0 0 0 0 0 0 0 0 0 0 0 0 0 0 0 0 0 0 0 0 0 0 0 0 0 0 0 0 0 0 0 0 0 0 0 0 0 0 0 0 0 0 0 0 0 0 0 0 0 0 0 0 0 0 0 0 0 0 0 0 0 0 0 0 0 0 0 0 0 0 0 0 0 0 0 0 0 0 0 0 0 0 0 0 0 0 0 0 0 0 0 0 0 0 0 0 0 0 0 0 0 0 0 0 0 0 0 0 0 0 0 0 0 0 0 0 0 0 0 0 0 0 0 0 0 0 0 0 0 0 0 0 0 0 0 0 0 0 0 0 0 0 0 0 0 0 0 0 0 0 0 0 0 0 0 0 0 0 0 0 0 0 0 0 0 0 0 0 0 0 0 0 0 0 0 0 0 0 0 0 0 0 0 0 0 0 0 0 0 0 0 0 0 0 0 0 0 0 0 0 0 0 0 0 0 0 0 0 0 0 0 0 0 0 0 0 0 0 0 0 0 0 0 0 0 0 0 0 0 0 0 0 0 0 0 0 0 0 0 0 0 0 0 0 0 0 0 0 0 0 0 0 0 0 0 0 0 0 0 0 0 0 0 0 0 0 0 0 0 0 0 0 0 0 0 0 0 0 0 0 0 0 0 0 0 0 0 0 0 0 0 0 0 0 0 0 0 0 0 0 0 0 0 0 0 0 0 0 0 0 0 0 0 0 0 0 0 0 0 0 0 0 0 0 0 0 0 0 0 0 0 0 0 0 0 0 0 0 0 0 0 0 0 0 0 0 0 0 0 0 0 0 0 0 0 0 0 0 0 0 0 0 0 0 0 0 0 0 0 0 0 0 0 0 0 0 0 0 0 0 0 0 0 0 0 0 0 0 0 0 0 0 0 0 0 0 0 0 0 0 0 0 0 0 0 0 0 0 0 0 0 0 0 0 0 0 0 0 0 0 0 0 0 0 0 0 0 0 0 0 0 0 0 0 0 0 0 0 0 0 0 0 0 0 0 0 0 0 0 0 0 0 0 0 0 0 0
0 0 0 0 0 0 0 0 0 0 0 0 0 0 0 0 0 0 0 0 0 0 0 0 0 0 0 0 0 0 0 0 0 0 0 0 0 0 0 0 0 0 0 0 0 0 0 0 0 0 0 0 0 0 0 0 0 0 0 0 0 0 0 0 0 0 0 0 0 0 0 0 0 0 0 0 0 0 0 0 0 0 0 0 0 0 0 0 0 0 0 0 0 0 0 0 0 0 0 0 0 0 0 0 0 0 0 0 0 0 0 0 0 0 0 0 0 0 0 0 0 0 0 0 0 0 0 0 0 0 0 0 0 0 0 0 0 0 0 0 0 0 0 0 0 0 0 0 0 0 0 0 0 0 0 0 0 0 0 0 0 0 0 0 0 0 0 0 0 0 0 0 0 0 0 0 0 0 0 0 0 0 0 0 0 0 0 0 0 0 0 0 0 0 0 0 0 0 0 0 0 0 0 0 0 0 0 0 0 0 0 0 0 0 0 0 0 0 0 0 0 0 0 0 0 0 0 0 0 0 0 0 0 0 0 0 0 0 0 0 0 0 0 0 0 0 0 0 0 0 0 0 0 0 0 0 0 0 0 0 0 0 0 0 0 0 0 0 0 0 0 0 0 0 0 0 0 0 0 0 0 0 0 0 0 0 0 0 0 0 0 0 0 0 0 0 0 0 0 0 0 0 0 0 0 0 0 0 0 0 0 0 0 0 0 0 0 0 0 0 0 0 0 0 0 0 0 0 0 0 0 0 0 0 0 0 0 0 0 0 0 0 0 0 0 0 0 0 0 0 0 0 0 0 0 0 0 0 0 0 0 0 0 0 0 0 0 0 0 0 0 0 0 0 0 0 0 0 0 0 0 0 0 0 0 0 0 0 0 0 0 0 0 0 0 0 0 0 0 0 0 0 0 0 0 0 0 0 0 0 0 0 0 0 0 0 0 0 0 0 0 0 0 0 0 0 0 0 0 0 0 0 0 0 0 0 0 0 0 0 0 0 0 0 0 0 0 0 0 0 0 0 0 0 0 0 0 0 0 0 0 0 0 0 0 0 0 0 0 0 0 0 0 0 0 0 0 0 0 0 0 0 0 0 0 0 0 0 0 0 0 0 0 0 0 0 0 0 0 0 0 0 0 0 0 0 0 0 0 0 0 0 0 0 0 0 0 0 0 0 0 0 0 0 0 0 0 0 0 0 0 0 0 0 0 0 0 0 0 0 0 0 0 0 0 0 0 0 0 0 0 0 0 0 0 0 0 0 0 0 0 0 0 0 0 0 0 0 0 0 0 0 0 0 0 0
0 0 0 0 0 0 0 0 0 0 0 0 0 0 0 0 0 0 0 0 0 0 0 0 0 0 0 0 0 0 0 0 0 0 0 0 0 0 0 0 0 0 0 0 0 0 0 0 0 0 0 0 0 0 0 0 0 0 0 0 0 0 0 0 0 0 0 0 0 0 0 0 0 0 0 0 0 0 0 0 0 0 0 0 0 0 0 0 0 0 0 0 0 0 0 0 0 0 0 0 0 0 0 0 0 0 0 0 0 0 0 0 0 0 0 0 0 0 0 0 0 0 0 0 0 0 0 0 0 0 0 0 0 0 0 0 0 0 0 0 0 0 0 0 0 0 0 0 0 0 0 0 0 0 0 0 0 0 0 0 0 0 0 0 0 0 0 0 0 0 0 0 0 0 0 0 0 0 0 0 0 0 0 0 0 0 0 0 0 0 0 0 0 0 0 0 0 0 0 0 0 0 0 0 0 0 0 0 0 0 0 0 0 0 0 0 0 0 0 0 0 0 0 0 0 0 0 0 0 0 0 0 0 0 0 0 0 0 0 0 0 0 0 0 0 0 0 0 0 0 0 0 0 0 0 0 0 0 0 0 0 0 0 0 0 0 0 0 0 0 0 0 0 0 0 0 0 0 0 0 0 0 0 0 0 0 0 0 0 0 0 0 0 0 0 0 0 0 0 0 0 0 0 0 0 0 0 0 0 0 0 0 0 0 0 0 0 0 0 0 0 0 0 0 0 0 0 0 0 0 0 0 0 0 0 0 0 0 0 0 0 0 0 0 0 0 0 0 0 0 0 0 0 0 0 0 0 0 0 0 0 0 0 0 0 0 0 0 0 0 0 0 0 0 0 0 0 0 0 0 0 0 0 0 0 0 0 0 0 0 0 0 0 0 0 0 0 0 0 0 0 0 0 0 0 0 0 0 0 0 0 0 0 0 0 0 0 0 0 0 0 0 0 0 0 0 0 0 0 0 0 0 0 0 0 0 0 0 0 0 0 0 0 0 0 0 0 0 0 0 0 0 0 0 0 0 0 0 0 0 0 0 0 0 0 0 0 0 0 0 0 0 0 0 0 0 0 0 0 0 0 0 0 0 0 0 0 0 0 0 0 0 0 0 0 0 0 0 0 0 0 0 0 0 0 0 0 0 0 0 0 0 0 0 0 0 0 0 0 0 0 0 0 0 0 0 0 0 0 0 0 0 0 0 0 0 0 0 0 0 0 0 0 0 0 0 0 0 0 0 0 0 0 0 0 0 0 0 0 0 0 0 0 0 0 0 0 0 0 0 0 0 0 0 0 0
0 0 0 0 0 0 0 0 0 0 0 0 0 0 0 0 0 0 0 0 0 0 0 0 0 0 0 0 0 0 0 0 0 0 0 0 0 0 0 0 0 0 0 0 0 0 0 0 0 0 0 0 0 0 0 0 0 0 0 0 0 0 0 0 0 0 0 0 0 0 0 0 0 0 0 0 0 0 0 0 0 0 0 0 0 0 0 0 0 0 0 0 0 0 0 0 0 0 0 0 0 0 0 0 0 0 0 0 0 0 0 0 0 0 0 0 0 0 0 0 0 0 0 0 0 0 0 0 0 0 0 0 0 0 0 0 0 0 0 0 0 0 0 0 0 0 0 0 0 0 0 0 0 0 0 0 0 0 0 0 0 0 0 0 0 0 0 0 0 0 0 0 0 0 0 0 0 0 0 0 0 0 0 0 0 0 0 0 0 0 0 0 0 0 0 0 0 0 0 0 0 0 0 0 0 0 0 0 0 0 0 0 0 0 0 0 0 0 0 0 0 0 0 0 0 0 0 0 0 0 0 0 0 0 0 0 0 0 0 0 0 0 0 0 0 0 0 0 0 0 0 0 0 0 0 0 0 0 0 0 0 0 0 0 0 0 0 0 0 0 0 0 0 0 0 0 0 0 0 0 0 0 0 0 0 0 0 0 0 0 0 0 0 0 0 0 0 0 0 0 0 0 0 0 0 0 0 0 0 0 0 0 0 0 0 0 0 0 0 0 0 0 0 0 0 0 0 0 0 0 0 0 0 0 0 0 0 0 0 0 0 0 0 0 0 0 0 0 0 0 0 0 0 0 0 0 0 0 0 0 0 0 0 0 0 0 0 0 0 0 0 0 0 0 0 0 0 0 0 0 0 0 0 0 0 0 0 0 0 0 0 0 0 0 0 0 0 0 0 0 0 0 0 0 0 0 0 0 0 0 0 0 0 0 0 0 0 0 0 0 0 0 0 0 0 0 0 0 0 0 0 0 0 0 0 0 0 0 0 0 0 0 0 0 0 0 0 0 0 0 0 0 0 0 0 0 0 0 0 0 0 0 0 0 0 0 0 0 0 0 0 0 0 0 0 0 0 0 0 0 0 0 0 0 0 0 0 0 0 0 0 0 0 0 0 0 0 0 0 0 0 0 0 0 0 0 0 0 0 0 0 0 0 0 0 0 0 0 0 0 0 0 0 0 0 0 0 0 0 0 0 0 0 0 0 0 0 0 0 0 0 0 0 0 0 0 0 0 0 0 0 0 0 0 0 0 0 0 0 0 0 0 0 0 0 0 0 0 0 0 0 0 0 0 0 0
0 0 0 0 0 0 0 0 0 0 0 0 0 0 0 0 0 0 0 0 0 0 0 0 0 0 0 0 0 0 0 0 0 0 0 0 0 0 0 0 0 0 0 0 0 0 0 0 0 0 0 0 0 0 0 0 0 0 0 0 0 0 0 0 0 0 0 0 0 0 0 0 0 0 0 0 0 0 0 0 0 0 0 0 0 0 0 0 0 0 0 0 0 0 0 0 0 0 0 0 0 0 0 0 0 0 0 0 0 0 0 0 0 0 0 0 0 0 0 0 0 0 0 0 0 0 0 0 0 0 0 0 0 0 0 0 0 0 0 0 0 0 0 0 0 0 0 0 0 0 0 0 0 0 0 0 0 0 0 0 0 0 0 0 0 0 0 0 0 0 0 0 0 0 0 0 0 0 0 0 0 0 0 0 0 0 0 0 0 0 0 0 0 0 0 0 0 0 0 0 0 0 0 0 0 0 0 0 0 0 0 0 0 0 0 0 0 0 0 0 0 0 0 0 0 0 0 0 0 0 0 0 0 0 0 0 0 0 0 0 0 0 0 0 0 0 0 0 0 0 0 0 0 0 0 0 0 0 0 0 0 0 0 0 0 0 0 0 0 0 0 0 0 0 0 0 0 0 0 0 0 0 0 0 0 0 0 0 0 0 0 0 0 0 0 0 0 0 0 0 0 0 0 0 0 0 0 0 0 0 0 0 0 0 0 0 0 0 0 0 0 0 0 0 0 0 0 0 0 0 0 0 0 0 0 0 0 0 0 0 0 0 0 0 0 0 0 0 0 0 0 0 0 0 0 0 0 0 0 0 0 0 0 0 0 0 0 0 0 0 0 0 0 0 0 0 0 0 0 0 0 0 0 0 0 0 0 0 0 0 0 0 0 0 0 0 0 0 0 0 0 0 0 0 0 0 0 0 0 0 0 0 0 0 0 0 0 0 0 0 0 0 0 0 0 0 0 0 0 0 0 0 0 0 0 0 0 0 0 0 0 0 0 0 0 0 0 0 0 0 0 0 0 0 0 0 0 0 0 0 0 0 0 0 0 0 0 0 0 0 0 0 0 0 0 0 0 0 0 0 0 0 0 0 0 0 0 0 0 0 0 0 0 0 0 0 0 0 0 0 0 0 0 0 0 0 0 0 0 0 0 0 0 0 0 0 0 0 0 0 0 0 0 0 0 0 0 0 0 0 0 0 0 0 0 0 0 0 0 0 0 0 0 0 0 0 0 0 0 0 0 0 0 0 0 0 0 0 0 0 0 0 0 0 0 0 0 0 0 0 0 0 0 0 0 0
0 0 0 0 0 0 0 0 0 0 0 0 0 0 0 0 0 0 0 0 0 0 0 0 0 0 0 0 0 0 0 0 0 0 0 0 0 0 0 0 0 0 0 0 0 0 0 0 0 0 0 0 0 0 0 0 0 0 0 0 0 0 0 0 0 0 0 0 0 0 0 0 0 0 0 0 0 0 0 0 0 0 0 0 0 0 0 0 0 0 0 0 0 0 0 0 0 0 0 0 0 0 0 0 0 0 0 0 0 0 0 0 0 0 0 0 0 0 0 0 0 0 0 0 0 0 0 0 0 0 0 0 0 0 0 0 0 0 0 0 0 0 0 0 0 0 0 0 0 0 0 0 0 0 0 0 0 0 0 0 0 0 0 0 0 0 0 0 0 0 0 0 0 0 0 0 0 0 0 0 0 0 0 0 0 0 0 0 0 0 0 0 0 0 0 0 0 0 0 0 0 0 0 0 0 0 0 0 0 0 0 0 0 0 0 0 0 0 0 0 0 0 0 0 0 0 0 0 0 0 0 0 0 0 0 0 0 0 0 0 0 0 0 0 0 0 0 0 0 0 0 0 0 0 0 0 0 0 0 0 0 0 0 0 0 0 0 0 0 0 0 0 0 0 0 0 0 0 0 0 0 0 0 0 0 0 0 0 0 0 0 0 0 0 0 0 0 0 0 0 0 0 0 0 0 0 0 0 0 0 0 0 0 0 0 0 0 0 0 0 0 0 0 0 0 0 0 0 0 0 0 0 0 0 0 0 0 0 0 0 0 0 0 0 0 0 0 0 0 0 0 0 0 0 0 0 0 0 0 0 0 0 0 0 0 0 0 0 0 0 0 0 0 0 0 0 0 0 0 0 0 0 0 0 0 0 0 0 0 0 0 0 0 0 0 0 0 0 0 0 0 0 0 0 0 0 0 0 0 0 0 0 0 0 0 0 0 0 0 0 0 0 0 0 0 0 0 0 0 0 0 0 0 0 0 0 0 0 0 0 0 0 0 0 0 0 0 0 0 0 0 0 0 0 0 0 0 0 0 0 0 0 0 0 0 0 0 0 0 0 0 0 0 0 0 0 0 0 0 0 0 0 0 0 0 0 0 0 0 0 0 0 0 0 0 0 0 0 0 0 0 0 0 0 0 0 0 0 0 0 0 0 0 0 0 0 0 0 0 0 0 0 0 0 0 0 0 0 0 0 0 0 0 0 0 0 0 0 0 0 0 0 0 0 0 0 0 0 0 0 0 0 0 0 0 0 0 0 0 0 0 0 0 0 0 0 0 0 0 0 0 0 0 0 0 0
0 0 0 0 0 0 0 0 0 0 0 0 0 0 0 0 0 0 0 0 0 0 0 0 0 0 0 0 0 0 0 0 11 0 0 2 7 0 42 211 255 253 251 210 3 1 0 3 0 0 4 0 6 8 0 7 2 39 204 255 255 255 213 0 0 7 61 185 246 249 245 255 255 223 186 48 0 16 1 1 0 19 0 1 0 0 29 193 230 255 253 241 255 242 195 126 0 2 0 9 0 9 118 206 247 255 249 255 252 226 162 0 0 6 8 239 249 251 248 255 253 174 177 255 252 255 255 254 233 8 200 255 255 254 251 238 2 4 200 255 255 253 246 233 148 253 253 254 255 255 255 248 251 255 247 250 255 234 204 254 253 253 255 245 255 255 249 252 209 1 223 248 255 255 238 255 255 249 247 250 226 160 8 0 0 3 0 3 2 3 222 255 255 254 255 254 199 10 218 255 253 253 254 211 10 9 222 255 255 253 253 212 2 0 0 5 6 0 0 176 250 251 248 255 252 255 255 254 226 0 7 0 218 252 255 248 255 228 13 0 199 255 248 255 255 228 3 0 2 0 2 5 168 255 255 254 255 254 248 117 147 255 252 255 255 229 156 5 153 244 247 255 254 248 168 238 255 255 252 255 252 255 253 247 248 255 255 243 159 0 5 0 0 180 255 253 255 250 255 255 254 248 255 232 205 68 3 0 0 8 218 255 255 252 251 255 255 255 239 160 201 250 245 255 255 242 255 254 255 255 247 255 254 194 212 249 255 252 255 254 219 108 247 250 255 253 253 246 118 125 246 255 255 253 255 253 253 254 247 250 125 203 255 255 245 251 255 255 255 250 246 242 177 0 20 0 2 3 0 7 223 246 255 253 255 255 255 249 252 254 248 255 255 208 198 250 255 251 255 250 226 106 245 255 254 255 255 242 132 2 0 213 255 250 255 252 255 255 242 255 194 0 1 0 239 248 255 254 249 212 2 2 220 255 250 254 255 217 5 0 5 0 0 2 212 253 253 255 252 254 251 254 254 236 218 142 0 13 6 215 253 255 241 255 255 253 253 253 179 0 6 0 0 2 101 221 240 247 251 255 255 219 207 69 0 0 2 211 254 252 255 249 250 229 0 191 255 247 253 252 255 208 208 251 255 253 251 255 218 9 202 255 247 255 255 224 11 0 198 255 255 249 252 226 0 23 0 0 153 221 248 255 245 254 245 218 144 2 5 7 0 0 3 5 0 0 0 0 0 0 0 0 0 0 0 0 0 0 0 0 0 0 0 0 0 0 0 0 0 0 0 0 0 0 0 0
0 0 0 0 0 0 0 0 0 0 0 0 0 0 0 0 0 0 0 0 0 0 0 0 0 0 0 0 0 0 0 0 0 2 11 0 0 116 218 255 255 253 251 210 2 1 0 2 0 8 7 0 0 0 13 0 108 206 255 239 255 250 198 8 0 133 228 255 254 255 255 245 248 255 253 226 144 0 0 9 1 0 11 4 3 138 243 254 255 255 255 246 255 252 255 244 202 3 8 0 0 166 255 255 255 249 250 255 255 254 255 221 47 0 3 239 255 255 253 247 253 167 169 253 253 254 255 254 231 5 197 255 255 255 254 243 122 10 194 249 249 255 249 228 142 255 253 255 246 248 252 255 246 255 255 255 253 231 182 255 255 251 252 255 255 248 242 255 206 7 234 247 247 255 255 255 251 248 255 242 254 250 171 12 0 3 0 3 2 3 221 255 255 254 255 253 197 8 216 255 254 252 255 241 78 5 218 255 255 254 253 211 1 0 0 4 4 0 9 178 255 247 255 252 253 250 251 253 233 26 4 0 209 254 247 254 255 246 111 14 193 255 249 255 255 226 2 0 2 0 1 3 165 253 255 254 255 253 245 113 142 253 251 255 255 251 190 0 137 250 255 255 253 244 155 246 255 255 244 252 247 251 253 255 255 247 251 255 141 0 5 7 0 163 244 255 255 254 255 240 255 238 255 255 255 215 104 4 3 1 230 238 255 253 252 255 253 255 244 176 206 255 249 249 254 247 255 247 255 244 253 255 255 196 197 248 255 252 255 252 214 102 243 250 255 253 253 244 112 119 243 255 241 250 255 255 252 254 249 243 118 195 251 255 253 249 255 246 239 255 251 255 247 218 0 1 1 0 0 0 226 250 255 242 255 249 251 250 255 255 245 255 253 199 202 255 255 243 255 253 218 99 241 255 254 255 255 242 130 0 0 218 255 255 255 255 253 248 253 253 209 0 10 2 222 248 255 252 255 244 76 12 216 255 252 254 255 214 3 0 4 0 0 1 211 253 254 255 255 255 250 255 255 255 255 239 150 0 2 234 255 255 248 255 251 255 255 251 179 0 12 12 3 203 255 246 255 255 245 255 255 255 247 237 152 9 0 217 254 254 255 249 253 216 20 202 252 255 255 255 244 114 200 255 255 253 251 255 216 7 199 255 255 254 251 248 114 17 205 237 246 255 246 221 5 0 55 197 247 255 252 248 255 250 255 255 237 194 51 0 0 6 5 0 0 0 0 0 0 0 0 0 0 0 0 0 0 0 0 0 0 0 0 0 0 0 0 0 0 0 0 0 0 0 0 0
0 0 0 0 0 0 0 0 0 0 0 0 0 0 0 0 0 0 0 0 0 0 0 0 0 0 0 0 0 0 0 0 7 0 6 143 214 255 239 249 255 254 251 208 1 1 0 2 10 0 1 10 9 0 129 232 235 255 255 245 255 243 204 2 78 216 255 255 242 255 247 254 252 255 255 255 219 44 2 6 9 0 6 0 89 217 255 247 248 244 255 252 252 233 255 251 251 155 0 0 164 255 253 235 246 255 255 253 238 244 247 255 174 17 6 229 252 254 255 251 252 157 157 251 255 252 252 253 229 1 193 253 254 255 255 249 196 0 183 253 249 255 248 216 146 255 254 255 255 255 242 250 255 252 247 250 248 245 191 255 252 255 250 255 255 255 246 243 205 0 206 255 255 255 255 244 255 255 255 252 255 255 255 104 0 3 0 3 1 2 221 255 255 254 255 252 195 4 213 255 253 247 255 255 154 0 208 255 255 254 252 209 0 0 0 3 3 5 13 184 255 245 255 245 255 250 249 255 246 89 5 0 199 255 244 255 253 247 196 2 185 255 251 255 254 223 1 0 2 0 0 0 160 250 254 255 254 252 242 107 136 249 250 255 248 255 230 12 129 252 255 252 249 246 155 245 249 251 254 255 255 255 251 246 254 255 255 239 162 9 0 0 1 161 246 255 252 253 255 250 255 250 255 255 254 255 196 0 0 73 240 255 254 255 253 255 251 255 251 198 184 255 255 248 253 246 255 255 255 245 255 252 250 193 198 255 254 252 255 250 207 93 238 251 255 253 254 241 105 110 239 255 255 255 253 249 250 255 255 235 123 203 248 255 255 252 255 255 255 255 247 244 254 255 121 15 3 1 14 2 218 241 255 246 251 250 255 255 255 254 243 255 255 186 194 252 255 253 255 246 208 91 236 255 254 255 255 241 119 0 7 222 249 255 252 255 255 246 255 242 219 0 2 0 215 255 255 247 255 255 148 0 211 255 253 255 255 209 1 1 3 0 0 0 209 252 254 255 240 253 241 255 249 245 246 254 239 37 65 235 246 251 255 252 254 255 251 252 202 1 0 0 155 245 234 243 250 252 248 255 247 255 245 255 237 80 8 187 253 255 255 250 255 202 71 226 248 255 252 255 224 14 191 255 255 254 251 255 214 4 196 254 255 250 255 255 184 0 200 248 250 254 255 223 0 7 186 255 255 253 250 249 255 254 247 255 255 255 192 0 14 0 4 2 0 0 0 0 0 0 0 0 0 0 0 0 0 0 0 0 0 0 0 0 0 0 0 0 0 0 0 0 0 0 0 0
0 0 0 0 0 0 0 0 0 0 0 0 0 0 0 0 0 0 0 0 0 0 0 0 0 0 0 0 0 0 0 0 0 186 246 255 245 255 255 255 255 254 251 207 0 2 0 1 5 0 0 15 174 248 255 239 255 249 239 251 255 250 201 0 168 244 249 253 255 247 170 174 253 248 255 240 255 170 8 0 0 2 0 0 208 255 246 250 255 255 254 241 255 250 255 245 251 248 0 11 210 239 255 251 251 255 228 254 255 255 251 250 255 98 7 227 246 247 255 255 253 150 149 250 255 251 250 254 229 0 190 251 254 255 255 253 210 12 177 255 255 255 247 214 138 237 252 237 255 246 248 255 243 255 255 250 255 227 207 240 255 255 245 245 255 243 255 255 211 23 216 252 252 245 251 255 238 246 241 255 244 242 248 189 0 3 0 3 1 1 220 255 255 254 255 251 192 1 210 254 255 249 250 248 207 0 203 255 255 254 252 207 0 1 0 2 3 4 3 199 255 247 255 248 255 252 251 255 250 143 1 0 188 255 251 255 252 242 229 8 177 255 252 255 253 220 0 2 2 0 0 0 155 248 254 255 255 253 241 102 131 248 251 255 254 251 251 89 128 248 248 254 251 248 165 236 255 250 253 233 242 255 251 255 255 247 255 243 126 12 0 0 1 158 249 255 254 250 255 254 233 255 255 247 244 250 235 13 0 132 230 249 253 255 253 255 252 255 253 215 197 250 253 246 255 250 248 242 246 254 255 254 254 185 207 241 255 253 255 250 202 85 234 253 255 255 255 240 99 103 236 255 252 246 250 255 252 246 255 246 90 202 251 255 253 254 255 245 234 251 253 255 255 229 226 0 3 0 0 9 207 251 255 255 255 255 250 244 245 255 248 255 255 179 208 242 248 247 255 255 202 87 234 255 255 255 255 239 111 0 36 234 245 255 249 255 255 250 255 243 229 23 0 0 217 255 255 249 253 247 200 0 205 255 255 255 252 204 0 2 2 0 1 0 207 252 254 255 255 255 252 237 255 255 254 255 236 115 123 227 249 255 253 255 255 255 245 255 217 5 0 13 232 248 255 255 244 255 252 249 255 254 250 239 244 178 14 184 252 255 252 253 255 194 132 250 252 251 242 254 196 0 191 253 255 254 252 255 212 0 193 251 255 246 255 249 213 1 180 255 255 253 255 214 1 90 255 230 247 241 255 255 228 255 255 252 240 250 247 110 0 5 0 17 0 0 0 0 0 0 0 0 0 0 0 0 0 0 0 0 0 0 0 0 0 0 0 0 0 0 0 0 0 0 0 0
0 0 0 0 0 0 0 0 0 0 0 0 0 0 0 0 0 0 0 0 0 0 0 0 0 0 0 0 0 0 0 0 12 173 253 255 255 255 255 237 255 255 251 205 0 2 1 0 0 0 7 7 178 251 241 255 245 255 255 242 255 255 178 2 186 255 255 255 255 247 132 122 255 242 255 255 255 219 0 4 0 0 7 0 225 255 255 254 249 247 171 124 239 247 250 255 239 230 69 94 240 255 255 255 251 235 103 202 255 242 250 255 255 155 0 235 255 251 255 251 253 147 146 250 255 252 251 255 231 0 189 251 253 253 255 253 235 94 175 251 255 243 252 221 6 12 2 14 208 251 255 236 255 248 150 3 0 3 179 255 255 248 255 255 208 10 0 0 0 0 220 250 255 255 252 249 179 177 236 255 250 255 250 194 0 3 0 2 0 1 219 255 254 255 255 250 190 0 209 254 255 255 253 243 240 44 207 255 255 255 251 204 0 2 1 0 4 0 0 218 250 253 255 255 241 251 251 255 245 174 0 0 182 255 255 249 255 251 242 79 173 253 253 255 252 218 0 3 1 0 1 0 151 246 254 254 255 254 241 99 129 248 252 255 255 240 254 167 113 246 249 253 252 237 99 7 0 0 185 255 255 255 255 252 172 13 0 4 18 0 8 6 0 141 246 255 255 249 249 234 125 223 255 250 254 255 234 90 7 139 246 240 253 255 249 252 254 253 253 226 5 0 12 95 228 255 255 255 255 231 94 0 0 6 184 255 255 254 255 251 200 81 233 255 255 255 255 240 97 100 235 255 255 255 255 238 122 12 0 0 18 183 255 255 254 252 249 201 147 242 254 254 255 255 208 0 0 14 11 0 12 0 0 86 232 252 255 255 255 232 97 2 0 16 182 255 255 252 251 244 200 86 234 255 255 255 254 238 110 2 85 252 249 255 253 255 247 255 255 254 243 82 7 7 215 255 255 255 255 245 242 52 201 255 255 255 250 202 0 2 0 1 2 0 204 251 255 255 249 240 204 134 233 246 255 254 240 142 120 240 255 255 245 254 252 255 252 255 214 17 2 111 218 255 255 250 239 236 128 174 255 247 255 248 251 208 0 197 253 255 250 255 255 190 180 255 255 255 250 251 145 2 191 255 255 255 253 255 210 0 191 250 255 241 255 250 247 89 165 252 255 255 250 203 9 136 239 255 255 253 255 227 89 223 255 255 253 255 231 180 0 0 11 0 0 0 0 0 0 0 0 0 0 0 0 0 0 0 0 0 0 0 0 0 0 0 0 0 0 0 0 0 0 0 0 0
0 0 0 0 0 0 0 0 0 0 0 0 0 0 0 0 0 0 0 0 0 0 0 0 0 0 0 0 0 0 0 0 0 175 255 243 251 251 254 255 255 255 252 203 0 2 1 0 8 8 10 0 172 255 238 255 255 242 255 255 248 255 179 6 200 255 247 252 248 244 128 132 246 255 243 252 241 210 0 13 10 3 10 0 223 242 249 248 255 254 141 74 238 255 255 255 255 250 103 114 252 255 235 255 255 244 72 194 255 247 255 255 236 188 0 231 255 251 251 252 251 149 148 250 255 253 253 255 231 0 188 252 254 252 255 253 250 170 170 248 255 250 255 216 0 0 1 0 212 241 255 254 245 255 169 4 7 0 196 244 255 244 255 247 210 0 6 14 4 12 232 247 252 249 250 255 154 99 245 255 251 255 255 189 0 3 0 2 0 0 218 254 254 254 255 250 189 0 209 255 249 255 255 246 254 114 205 249 255 255 250 202 0 3 2 0 3 0 26 233 249 255 249 255 220 254 255 253 246 194 0 3 190 254 255 242 255 254 247 163 173 253 253 255 251 218 0 4 0 1 3 0 150 245 254 254 255 255 241 98 127 248 254 255 255 248 253 210 104 248 255 249 254 241 111 0 8 0 185 233 248 246 255 255 184 5 0 7 0 0 7 2 1 142 251 253 255 250 255 232 56 196 255 255 255 245 243 123 0 162 250 255 253 254 238 244 254 254 253 234 87 0 0 94 237 253 254 251 245 241 98 2 5 0 194 243 255 253 255 252 201 80 232 255 255 255 255 240 96 100 235 255 243 246 255 251 124 0 0 7 0 186 255 254 251 254 251 191 72 236 254 238 251 255 210 12 0 0 0 0 4 5 0 107 239 255 249 250 247 244 104 0 0 10 197 249 244 248 255 255 200 85 234 255 255 255 254 237 104 8 129 255 251 254 254 246 235 255 248 255 249 128 6 2 215 249 254 255 255 244 255 121 199 254 255 255 250 201 0 2 0 2 3 0 202 250 255 255 255 244 193 84 229 255 255 251 246 135 138 255 254 247 255 233 244 250 251 255 230 70 9 148 255 255 240 242 255 233 62 159 237 254 255 255 253 210 0 187 255 255 250 255 255 195 212 252 249 255 255 232 70 10 182 255 254 255 254 255 210 0 190 251 255 246 255 250 252 171 163 251 255 243 255 217 0 164 242 255 255 254 255 211 0 201 250 249 254 255 253 174 17 0 2 0 0 0 0 0 0 0 0 0 0 0 0 0 0 0 0 0 0 0 0 0 0 0 0 0 0 0 0 0 0 0 0 0
0 0 0 0 0 0 0 0 0 0 0 0 0 0 0 0 0 0 0 0 0 0 0 0 0 0 0 0 0 0 0 0 0 23 0 8 122 233 244 255 254 255 252 201 0 2 2 0 0 0 8 0 11 0 5 126 243 228 243 255 251 254 188 4 220 252 247 255 255 239 102 102 234 255 253 255 255 227 12 0 2 3 2 0 253 252 240 255 255 252 151 86 246 255 247 241 253 230 94 143 243 244 255 246 235 238 80 200 254 255 255 238 251 195 3 220 255 250 252 255 248 151 152 249 255 254 255 255 229 0 187 253 255 253 255 254 249 203 173 255 255 255 252 212 6 0 4 0 227 252 255 242 255 253 161 0 5 2 207 253 255 255 255 245 213 5 10 0 4 0 205 255 255 251 249 254 166 101 247 255 247 239 255 201 0 3 0 2 0 0 218 254 253 254 255 250 188 0 211 255 248 255 255 251 253 182 197 248 255 255 250 200 0 4 2 0 0 4 82 239 254 251 249 255 199 255 255 254 255 208 0 4 198 250 255 247 252 250 252 210 175 254 252 255 251 219 0 4 0 2 5 0 149 246 254 253 254 255 241 96 126 248 253 255 253 255 250 233 133 248 255 252 253 245 113 0 2 0 196 255 255 255 253 242 177 13 4 0 13 10 0 0 9 147 255 253 251 250 255 240 69 205 251 254 255 236 254 100 0 185 239 255 254 249 225 232 251 255 255 242 128 1 2 106 239 247 255 255 255 244 105 0 0 0 197 255 255 251 255 251 202 80 231 255 255 255 255 239 97 101 235 255 255 255 250 242 122 4 5 0 3 199 255 250 251 255 255 204 64 229 255 255 255 246 227 0 0 2 2 7 0 0 0 114 233 255 255 255 245 239 103 6 3 0 192 246 253 255 255 253 197 83 231 255 254 255 255 239 98 7 158 252 253 251 254 229 220 255 249 255 253 151 3 0 220 246 255 255 251 248 255 178 199 253 254 255 251 203 0 1 0 2 4 0 200 250 255 255 255 255 197 80 228 255 251 241 242 128 185 253 239 245 255 215 234 244 248 255 246 133 0 126 231 255 255 255 252 237 85 147 246 255 247 252 251 228 16 185 255 255 250 255 251 212 238 250 247 255 250 201 7 5 181 255 253 255 254 255 210 0 191 252 252 255 255 251 243 208 172 255 255 237 255 225 0 179 255 239 248 255 255 232 0 221 248 255 238 253 255 196 0 29 0 13 0 0 0 0 0 0 0 0 0 0 0 0 0 0 0 0 0 0 0 0 0 0 0 0 0 0 0 0 0 0 0 0
0 0 0 0 0 0 0 0 0 0 0 0 0 0 0 0 0 0 0 0 0 0 0 0 0 0 0 0 0 0 0 0 4 0 0 1 9 172 244 255 254 255 252 201 0 2 2 0 7 7 5 0 0 10 1 3 160 255 255 244 255 255 176 8 212 255 252 255 241 251 123 113 255 245 255 253 255 214 0 1 1 0 4 0 236 255 254 249 255 244 155 91 232 246 255 255 251 248 113 134 243 246 255 255 255 229 73 202 249 255 242 255 255 176 15 217 255 254 253 252 245 153 155 247 253 254 255 255 227 0 185 254 255 254 255 255 255 221 183 255 239 255 248 224 1 0 5 1 213 246 255 255 255 245 173 7 0 1 186 254 255 254 247 255 209 0 3 6 3 0 218 255 244 251 255 248 167 158 243 252 254 255 243 194 0 3 0 2 0 0 217 253 253 254 255 250 188 0 212 255 255 254 255 255 250 225 196 255 255 255 250 199 0 5 3 0 0 11 129 240 255 247 252 247 180 249 255 250 255 211 1 0 196 244 255 255 252 252 255 230 178 255 252 255 251 219 0 4 0 3 6 0 150 246 254 253 252 254 240 95 125 248 252 253 249 255 248 251 177 246 247 255 252 241 101 9 5 0 190 255 255 250 253 255 190 0 0 4 0 6 0 0 12 134 245 253 255 250 253 229 98 222 251 254 247 255 225 78 3 191 255 242 255 246 215 222 249 255 255 248 153 0 0 106 245 252 255 242 255 231 113 0 5 2 184 255 255 249 255 250 202 80 230 255 254 254 255 238 97 101 234 255 248 252 255 247 121 4 7 0 1 195 253 252 255 253 252 195 139 248 243 255 248 255 196 10 0 0 3 0 2 6 5 107 238 255 244 255 255 247 101 3 3 0 197 254 255 253 250 255 194 80 228 253 253 255 255 240 98 8 176 250 255 254 255 221 202 252 252 251 255 169 15 0 221 245 255 255 251 255 255 219 199 253 253 255 252 204 0 1 0 3 5 0 199 250 255 255 251 255 191 82 221 255 252 255 253 117 199 242 255 252 250 211 221 248 255 255 235 159 2 134 249 255 241 255 255 233 95 158 255 250 249 255 245 216 0 190 253 254 251 255 250 230 255 255 255 255 236 179 0 5 193 255 253 255 255 255 210 0 192 253 246 255 247 255 255 235 181 251 255 253 250 205 0 164 241 255 255 254 248 218 3 219 235 255 255 250 249 191 10 0 19 0 0 0 0 0 0 0 0 0 0 0 0 0 0 0 0 0 0 0 0 0 0 0 0 0 0 0 0 0 0 0 0 0
0 0 0 0 0 0 0 0 0 0 0 0 0 0 0 0 0 0 0 0 0 0 0 0 0 0 0 0 0 0 0 0 1 0 0 1 0 179 247 255 255 252 251 198 0 0 11 0 0 6 5 0 3 0 3 7 172 249 255 253 255 255 185 1 212 253 255 251 255 246 114 115 245 255 253 255 253 216 3 0 0 0 2 0 232 255 251 255 255 252 164 88 240 255 249 255 255 246 113 138 251 249 249 255 255 232 81 202 252 255 252 255 255 186 0 231 253 254 255 255 249 149 148 248 255 255 254 255 221 10 186 248 255 248 252 253 255 244 214 250 255 246 255 220 3 0 0 2 213 255 255 255 255 249 173 3 0 0 195 253 255 250 255 255 208 0 0 9 0 0 223 255 253 255 250 255 245 255 254 247 255 250 237 160 0 2 0 2 0 0 219 255 255 254 255 250 190 0 211 255 255 245 255 251 254 250 213 254 255 253 255 197 0 0 4 0 10 0 157 248 245 252 255 246 171 246 249 255 250 221 76 1 187 254 251 250 255 249 255 252 215 241 253 255 251 212 4 2 0 0 0 2 143 251 255 253 255 254 239 96 127 250 254 255 255 255 242 253 230 235 252 255 255 236 115 2 0 2 193 254 255 255 255 252 197 1 0 0 0 3 0 2 0 149 247 254 254 252 255 255 250 246 255 249 242 255 214 0 0 219 255 250 255 255 187 219 249 251 255 250 178 0 8 99 243 251 255 249 255 240 110 3 0 0 198 253 249 255 249 245 196 79 224 255 255 255 255 239 96 101 235 255 246 255 255 239 122 3 0 6 0 192 250 252 255 250 255 255 254 243 255 251 248 255 168 13 0 3 0 0 3 0 1 118 241 252 254 255 253 240 112 0 1 0 197 254 255 255 254 255 193 75 236 255 253 255 250 235 102 0 193 254 254 254 251 221 193 255 254 255 241 219 0 0 212 253 255 253 255 254 248 251 225 249 255 255 255 196 4 0 1 1 0 2 193 255 255 254 245 254 199 117 248 255 238 255 242 134 209 252 252 244 255 200 218 255 255 255 249 181 8 132 246 251 255 243 255 224 106 161 246 255 255 248 251 213 4 176 251 255 242 255 252 253 252 255 255 253 239 93 8 2 187 252 255 255 255 252 211 2 184 255 255 246 255 255 246 253 212 251 255 252 255 213 0 164 253 255 254 254 253 226 0 0 0 11 3 0 13 9 2 0 0 3 0 0 0 0 0 0 0 0 0 0 0 0 0 0 0 0 0 0 0 0 0 0 0 0 0 0 0 0 0 0 0 0
0 0 0 0 0 0 0 0 0 0 0 0 0 0 0 0 0 0 0 0 0 0 0 0 0 0 0 0 0 0 0 0 1 0 0 1 0 179 247 255 255 251 251 190 2 4 7 3 11 4 0 0 12 14 0 0 173 249 255 253 255 255 185 1 212 253 255 251 255 246 114 115 245 255 253 255 253 216 3 0 0 0 2 0 232 255 251 255 254 252 158 0 17 0 0 0 0 7 0 125 255 255 255 248 255 232 81 202 252 255 252 255 255 186 0 231 253 254 255 255 249 149 148 248 255 255 254 255 223 7 184 249 255 249 255 255 255 254 237 253 255 252 253 217 3 0 0 2 213 255 255 255 255 249 173 3 0 0 195 253 245 255 251 232 255 255 255 239 160 17 200 253 255 255 251 255 255 236 254 255 249 255 202 0 0 2 0 2 0 0 219 255 255 254 255 250 190 0 211 255 255 248 255 251 254 255 237 255 255 253 255 197 0 0 4 0 0 0 175 251 255 255 244 232 122 243 252 255 253 238 105 0 188 253 253 251 255 248 255 248 237 253 254 255 253 216 3 0 0 0 0 2 143 251 255 253 255 254 239 96 127 250 254 255 255 255 252 255 246 249 254 250 255 236 115 2 0 2 193 254 255 255 255 252 197 1 0 0 0 3 0 2 0 149 247 254 255 250 251 240 255 246 255 254 255 213 112 6 0 220 255 254 241 251 170 210 255 248 252 254 200 0 8 108 246 249 254 251 255 240 110 3 0 0 198 253 242 255 252 255 255 241 255 240 255 255 255 239 96 101 235 255 255 255 253 255 251 252 255 209 3 195 253 250 255 241 254 250 255 251 255 249 255 200 39 0 0 3 0 0 3 0 1 118 241 252 254 255 253 240 112 0 1 0 197 254 255 255 254 255 255 242 255 232 249 255 247 249 94 7 213 255 255 255 250 195 179 253 246 255 251 220 7 1 211 253 255 250 255 255 252 250 237 255 255 255 253 196 4 0 1 1 0 2 193 255 255 254 255 255 255 248 253 250 255 253 236 128 225 250 255 255 250 149 205 241 250 250 248 193 0 135 250 255 255 249 255 238 79 0 0 1 0 0 3 24 0 208 251 255 244 255 251 253 253 253 251 244 243 43 0 0 198 249 255 255 255 252 211 2 184 255 254 251 255 255 249 255 233 255 255 252 255 213 0 164 253 255 255 244 255 238 3 10 3 0 7 0 0 0 0 7 6 0 0 0 0 0 0 0 0 0 0 0 0 0 0 0 0 0 0 0 0 0 0 0 0 0 0 0 0 0 0 0 0 0
0 0 0 0 0 0 0 0 0 0 0 0 0 0 0 0 0 0 0 0 0 0 0 0 0 0 0 0 0 0 0 0 1 0 0 1 0 179 247 255 251 255 255 182 3 11 0 2 0 0 8 0 0 0 0 4 174 250 255 253 255 255 185 1 212 253 255 251 255 246 114 115 245 255 253 255 253 216 3 0 0 0 2 0 232 255 251 255 255 251 168 0 0 0 18 0 7 5 2 143 246 239 255 252 255 232 81 202 252 255 252 255 255 186 0 231 253 254 255 255 249 149 148 248 255 255 254 255 227 3 181 252 255 250 255 255 255 255 255 252 251 255 251 217 3 0 0 2 213 255 255 255 255 249 173 3 0 0 195 253 250 252 255 255 252 255 234 255 136 0 218 255 239 250 255 255 247 255 251 251 255 154 45 0 0 2 0 2 0 0 219 255 255 254 255 250 190 0 211 255 253 253 255 251 255 255 255 255 255 253 255 197 0 0 4 0 3 5 197 244 255 255 245 232 118 255 251 250 255 250 136 0 190 251 255 254 251 248 255 246 255 255 252 255 254 219 3 0 0 0 0 2 143 251 255 253 255 254 239 96 127 250 254 255 255 248 255 255 254 255 255 250 255 236 115 2 0 2 193 254 255 255 255 252 197 1 0 0 0 3 0 2 0 149 247 254 253 249 255 247 255 255 252 250 224 111 0 10 94 246 249 248 255 255 140 184 255 255 255 255 211 0 0 108 244 250 250 255 255 240 110 3 0 0 198 253 255 255 255 251 238 255 246 255 255 255 255 239 96 101 235 255 245 255 247 255 247 247 255 223 0 193 255 253 255 246 255 255 243 255 255 229 194 95 0 20 0 3 0 0 3 0 1 118 241 252 254 255 253 240 112 0 1 0 197 254 255 255 254 255 242 255 246 255 255 255 253 233 90 22 220 246 250 249 255 177 153 252 244 255 255 218 26 0 210 253 253 246 255 254 255 250 250 255 255 253 253 196 5 0 1 1 0 2 193 255 255 254 255 243 238 255 252 255 255 245 239 130 247 255 248 246 246 178 202 254 255 255 255 217 0 139 231 254 255 255 248 244 115 2 0 10 9 12 0 0 0 193 251 255 246 255 251 254 255 250 247 255 239 103 0 24 183 253 255 255 255 252 211 2 184 255 248 255 253 255 253 255 251 255 255 252 255 213 0 164 253 255 253 255 236 222 194 250 250 255 252 255 255 188 25 0 0 8 0 0 0 0 0 0 0 0 0 0 0 0 0 0 0 0 0 0 0 0 0 0 0 0 0 0 0 0 0 0 0 0
0 0 0 0 0 0 0 0 0 0 0 0 0 0 0 0 0 0 0 0 0 0 0 0 0 0 0 0 0 0 0 0 1 0 0 1 0 179 247 255 254 247 244 195 131 248 249 255 255 250 255 255 202 15 0 9 175 250 255 252 255 255 185 1 212 253 255 251 255 246 114 115 245 255 253 255 253 216 3 0 0 0 2 0 232 255 251 255 238 239 166 5 5 0 10 0 3 5 0 135 250 248 255 254 255 232 81 202 252 255 252 255 255 186 0 231 253 254 255 255 249 149 148 248 255 255 254 255 231 1 181 254 255 250 255 253 254 252 255 250 247 255 247 222 3 0 0 2 213 255 255 255 255 249 173 3 0 0 195 253 255 255 255 238 244 255 250 252 154 7 217 253 237 255 255 249 255 241 255 239 243 255 222 30 0 2 0 2 0 0 219 255 255 254 255 250 190 0 211 255 255 254 252 249 255 249 255 250 255 253 255 197 0 0 4 0 6 3 213 245 255 255 252 217 67 234 243 255 255 249 162 7 189 249 255 255 250 246 255 248 255 255 248 253 253 218 3 0 0 0 0 2 143 251 255 253 255 254 239 96 127 250 254 255 255 245 255 251 250 255 254 254 255 236 115 2 0 2 193 254 255 255 255 252 197 1 0 0 0 3 0 2 0 149 247 254 253 250 255 252 230 251 255 249 253 246 161 1 128 241 255 252 236 254 132 180 255 242 239 254 224 23 0 106 238 255 251 255 255 240 110 3 0 0 198 253 255 238 252 254 255 255 246 255 255 255 255 239 96 101 235 255 255 255 242 255 255 252 255 213 0 190 255 255 255 252 255 242 255 252 250 252 252 223 117 0 0 3 0 0 3 0 1 118 241 252 254 255 253 240 112 0 1 0 197 254 255 255 254 255 255 255 244 255 254 242 255 235 107 65 243 248 255 255 255 162 150 255 244 250 253 234 100 23 211 255 254 245 255 247 255 251 255 255 253 252 254 197 5 0 1 1 0 2 193 255 255 254 248 255 255 255 250 246 255 255 195 132 231 250 255 255 248 133 162 252 250 248 251 217 10 122 255 246 247 255 255 233 76 0 4 3 0 6 5 16 0 188 250 255 250 254 253 254 255 251 255 245 255 165 14 10 186 255 255 255 255 252 211 2 184 255 248 255 249 253 255 252 254 255 255 252 255 213 0 164 253 255 248 255 255 221 214 240 255 253 249 255 255 188 0 0 0 0 0 0 0 0 0 0 0 0 0 0 0 0 0 0 0 0 0 0 0 0 0 0 0 0 0 0 0 0 0 0 0 0
0 0 0 0 0 0 0 0 0 0 0 0 0 0 0 0 0 0 0 0 0 0 0 0 0 0 0 0 0 0 0 0 1 0 0 1 0 179 247 255 255 255 251 186 130 255 254 254 253 244 248 255 228 0 4 0 176 251 255 252 255 255 184 1 212 253 255 251 255 246 114 115 245 255 253 255 253 216 3 0 0 0 2 0 232 255 251 255 255 252 169 92 232 255 255 240 255 228 106 142 245 244 253 255 255 232 81 202 252 255 252 255 255 186 0 231 253 254 255 255 249 149 148 248 255 255 254 255 232 1 184 255 255 250 255 238 255 248 255 251 251 255 245 225 3 0 0 2 213 255 255 255 255 249 173 3 0 0 195 253 241 255 251 239 255 247 255 239 142 15 206 249 255 255 242 255 165 173 251 244 255 255 232 180 0 2 0 2 0 0 219 255 255 254 255 250 190 0 211 255 255 253 248 240 255 244 255 250 255 253 255 197 0 0 4 0 0 0 223 255 252 255 253 186 72 234 245 252 255 255 193 1 187 250 255 255 252 238 255 253 250 255 249 255 253 214 1 0 0 0 0 2 143 251 255 253 255 254 239 96 127 250 254 255 255 243 249 254 249 251 252 255 255 236 115 2 0 2 193 254 255 255 255 252 197 1 0 0 0 3 0 2 0 149 247 254 255 250 251 235 124 222 255 255 253 255 216 0 143 255 255 250 255 244 104 151 255 255 255 255 247 84 10 108 235 255 253 249 255 240 110 3 0 0 198 253 250 250 255 248 255 231 255 249 255 255 255 239 96 101 235 255 251 255 251 255 250 244 255 217 6 190 254 253 254 248 251 207 149 227 254 255 250 251 203 0 0 3 0 0 3 0 1 118 241 252 254 255 253 240 112 0 1 0 197 254 255 255 254 255 253 230 255 241 255 252 255 240 103 99 255 255 255 250 244 132 135 255 255 255 255 240 127 0 213 255 255 247 255 231 255 253 254 255 250 253 255 198 4 0 1 1 0 2 193 255 255 254 255 245 255 244 255 252 243 157 0 126 255 255 244 255 255 107 147 255 252 255 255 243 84 138 254 247 255 255 240 226 106 180 249 255 242 255 243 205 20 181 250 255 252 253 255 250 255 254 255 238 255 203 0 0 186 255 255 255 255 252 211 2 184 255 253 255 246 247 255 246 252 254 255 252 255 213 0 164 253 255 239 255 241 205 200 255 255 255 255 254 242 186 3 16 11 0 0 0 0 0 0 0 0 0 0 0 0 0 0 0 0 0 0 0 0 0 0 0 0 0 0 0 0 0 0 0 0 0
0 0 0 0 0 0 0 0 0 0 0 0 0 0 0 0 0 0 0 0 0 0 0 0 0 0 0 0 0 0 0 0 1 0 0 1 0 179 247 255 237 255 255 199 130 244 249 246 250 255 255 250 214 0 20 1 177 252 255 251 255 255 184 1 212 253 255 251 255 246 114 115 245 255 253 255 253 216 3 0 0 0 2 0 232 255 251 255 243 247 163 89 239 251 242 255 255 250 105 123 251 255 248 251 255 232 81 202 252 255 252 255 255 186 0 231 253 254 255 255 249 149 148 248 255 255 254 255 228 0 187 255 255 252 254 220 251 250 253 255 255 255 247 222 3 0 0 2 213 255 255 255 255 249 173 3 0 0 195 253 255 255 255 255 207 0 0 2 7 0 220 255 255 254 242 255 161 133 245 252 255 249 244 204 0 2 0 2 0 0 219 255 255 254 255 250 190 0 211 255 255 254 247 217 255 249 255 255 255 253 255 197 0 0 4 0 0 41 231 255 247 253 255 201 2 191 255 255 245 248 200 0 184 253 255 255 254 223 237 255 253 255 255 255 255 212 0 0 0 0 0 2 143 251 255 253 255 254 239 96 127 250 254 255 253 240 223 255 255 253 253 253 255 236 115 2 0 2 193 254 255 255 255 252 197 1 0 0 0 3 0 2 0 149 247 254 254 248 253 234 64 206 255 253 254 236 255 97 175 231 237 255 255 229 114 147 228 255 251 245 248 134 8 102 235 255 255 248 255 240 110 3 0 0 198 253 255 255 255 241 197 95 226 255 255 255 255 239 96 101 235 255 248 255 255 231 116 7 4 5 6 187 254 255 255 254 252 194 98 241 242 250 249 252 227 9 0 3 0 0 3 0 1 118 241 252 254 255 253 240 112 0 1 0 197 254 255 255 254 255 193 99 237 254 255 250 255 231 94 124 247 246 252 245 245 163 112 219 246 255 255 255 172 0 213 255 255 251 255 207 248 254 252 255 249 254 255 196 2 0 1 1 0 2 193 255 255 254 255 253 201 18 2 0 12 3 6 187 254 255 252 255 234 101 158 255 241 249 254 238 125 121 242 236 249 250 255 251 74 147 248 255 247 255 253 230 0 183 252 255 254 253 255 238 255 255 248 253 246 239 0 4 188 254 255 255 255 252 211 2 184 255 255 254 249 229 245 248 254 255 255 252 255 213 0 164 253 255 255 250 255 239 2 155 255 246 250 255 255 192 0 0 0 0 0 0 0 0 0 0 0 0 0 0 0 0 0 0 0 0 0 0 0 0 0 0 0 0 0 0 0 0 0 0 0 0
0 0 0 0 0 0 0 0 0 0 0 0 0 0 0 0 0 0 0 0 0 0 0 0 0 0 0 0 0 0 0 0 1 0 0 1 0 179 247 255 255 255 229 199 137 242 255 255 255 245 252 255 211 2 0 7 178 252 255 251 254 255 184 1 212 253 255 251 255 246 114 115 245 255 253 255 253 216 3 0 0 0 2 0 232 255 251 255 255 248 148 79 243 255 243 253 246 240 102 125 252 255 250 251 255 232 81 202 252 255 252 255 255 186 0 231 253 254 255 255 249 149 148 248 255 255 254 255 219 0 190 255 252 255 254 204 225 252 253 255 255 252 255 213 3 0 0 2 213 255 255 255 255 249 173 3 0 0 195 253 254 250 252 249 207 0 6 0 0 9 218 242 250 255 255 246 173 96 238 255 243 250 255 201 0 2 0 2 0 0 219 255 255 254 255 250 190 0 211 255 250 255 251 181 239 255 252 255 255 253 255 197 0 0 4 0 8 112 242 246 250 250 255 244 251 255 243 237 242 255 228 7 183 255 253 254 255 205 211 255 255 255 253 255 255 212 0 0 0 0 0 2 143 251 255 253 255 254 239 96 127 250 254 255 254 236 182 255 253 254 255 253 255 236 115 2 0 2 193 254 255 255 255 252 197 1 0 0 0 3 0 2 0 149 247 254 249 249 255 241 72 207 250 250 255 248 242 93 183 255 255 243 242 255 247 255 255 255 254 255 243 168 0 98 240 251 255 254 255 240 110 3 0 0 198 253 255 238 246 255 205 70 222 255 255 255 255 239 96 101 235 255 255 249 251 255 142 2 0 1 2 184 255 255 255 255 255 199 70 238 250 254 255 252 210 0 0 3 0 0 3 0 1 118 241 252 254 255 253 240 112 0 1 0 197 254 255 255 254 255 212 47 226 255 246 236 255 239 103 163 253 253 253 255 255 239 247 255 255 250 237 247 182 0 213 255 255 253 254 181 234 253 254 255 250 255 255 193 1 0 1 1 0 2 193 255 255 254 255 255 204 0 9 6 0 1 0 200 246 255 251 255 255 255 229 255 255 255 255 254 161 125 250 255 255 255 247 236 87 169 249 255 249 254 248 221 0 195 255 253 255 253 253 222 245 253 246 251 255 232 110 0 205 245 255 255 255 252 211 2 184 255 254 254 255 201 221 253 255 255 255 252 255 213 0 164 253 255 251 246 235 225 0 172 255 255 252 252 243 176 6 3 2 0 0 0 0 0 0 0 0 0 0 0 0 0 0 0 0 0 0 0 0 0 0 0 0 0 0 0 0 0 0 0 0 0
0 0 0 0 0 0 0 0 0 0 0 0 0 0 0 0 0 0 0 0 0 0 0 0 0 0 0 0 0 0 0 0 1 0 0 1 0 179 247 255 240 255 254 191 12 0 0 0 0 5 11 0 3 3 8 0 178 253 255 251 254 255 184 1 212 253 255 251 255 246 114 115 245 255 253 255 253 216 3 0 0 0 2 0 232 255 251 255 255 242 158 86 230 254 250 255 255 237 107 132 244 251 255 255 255 232 81 202 252 255 252 255 255 186 0 231 253 254 255 255 249 149 148 248 255 255 254 255 212 0 191 255 250 255 255 196 197 251 253 255 251 250 255 207 3 0 0 2 213 255 255 255 255 249 173 3 0 0 195 253 254 251 255 255 204 2 0 4 4 0 209 255 255 237 255 250 177 106 249 255 255 255 255 194 0 2 0 2 0 0 219 255 255 254 255 250 190 0 211 255 246 255 255 153 221 255 247 255 255 253 255 197 0 0 4 0 0 157 252 248 255 249 244 255 255 243 248 255 253 253 233 71 183 255 252 252 255 192 193 254 255 255 246 255 254 214 1 2 0 0 0 2 143 251 255 253 255 254 239 96 127 250 254 255 255 233 148 250 244 252 255 255 255 236 115 2 0 2 193 254 255 255 255 252 197 1 0 0 0 3 0 2 0 149 247 254 255 253 255 227 84 205 246 255 252 255 233 92 215 243 251 255 255 249 248 255 241 255 255 247 253 197 0 104 248 243 255 255 255 240 110 3 0 0 198 253 255 255 255 255 188 81 237 247 255 255 255 239 96 101 235 255 255 255 255 234 120 8 2 1 5 188 255 255 247 250 255 193 86 229 255 254 247 255 220 0 0 3 0 0 3 0 1 118 241 252 254 255 253 240 112 0 1 0 197 254 255 255 254 255 195 88 237 249 254 255 254 241 94 179 255 255 252 247 255 254 255 242 252 255 252 255 198 6 211 253 255 255 250 164 224 251 255 255 252 255 254 190 1 2 1 1 0 2 193 255 255 254 254 239 222 15 0 7 8 0 0 218 250 250 253 255 233 255 255 247 255 249 255 255 172 129 251 253 239 255 251 228 90 142 255 255 255 255 252 208 8 183 255 252 255 253 251 211 236 249 255 255 245 244 161 4 186 255 255 255 255 252 211 2 184 255 253 255 255 177 198 255 255 248 255 252 255 213 0 164 253 255 255 255 255 215 14 157 253 248 252 255 249 173 7 0 0 4 0 0 0 0 0 0 0 0 0 0 0 0 0 0 0 0 0 0 0 0 0 0 0 0 0 0 0 0 0 0 0 0
0 0 0 0 0 0 0 0 0 0 0 0 0 0 0 0 0 0 0 0 0 0 0 0 0 0 0 0 0 0 0 0 0 17 0 0 10 171 255 249 248 255 249 197 0 8 0 0 0 0 0 0 0 0 0 0 183 254 252 248 255 255 180 5 219 240 252 255 255 243 107 107 234 255 251 244 255 214 8 0 10 0 0 17 206 252 255 251 252 240 158 78 241 240 255 255 243 249 61 98 248 251 255 255 234 246 83 200 252 250 255 241 255 162 4 223 255 255 247 255 253 140 142 242 255 240 248 255 213 4 187 240 255 244 255 192 148 247 255 248 252 251 252 215 0 3 2 0 220 255 251 255 255 245 180 0 0 5 191 253 255 250 255 255 203 0 4 2 0 5 211 255 248 252 255 248 172 123 236 255 253 255 254 198 0 13 0 3 6 0 220 255 254 255 254 251 193 10 203 254 248 251 255 166 169 252 255 251 251 255 252 204 0 5 2 0 5 160 255 249 247 255 255 254 255 250 250 255 244 255 241 116 184 253 251 252 253 206 135 255 253 255 255 246 255 214 2 3 0 0 0 8 137 255 248 255 248 255 237 103 125 241 255 250 255 228 105 235 254 245 255 254 252 234 117 0 1 3 207 250 255 249 255 252 201 4 0 3 4 3 9 0 16 142 251 254 253 255 252 234 76 199 251 255 250 255 233 95 217 255 255 253 242 255 248 243 255 255 240 255 255 197 7 113 232 250 253 253 254 235 117 0 0 0 204 246 255 255 244 255 207 86 229 255 252 252 255 241 99 105 239 255 255 252 251 252 133 1 0 0 0 204 254 248 255 255 255 198 77 255 242 248 255 250 220 0 2 0 0 5 3 0 6 120 242 255 254 255 250 239 122 0 0 4 198 255 253 250 255 252 195 89 231 255 247 255 247 241 85 209 255 253 255 255 251 255 253 246 255 250 255 254 221 0 213 250 255 255 246 170 170 254 255 255 248 255 255 195 2 2 0 2 5 0 204 252 255 251 255 255 216 3 4 0 11 7 2 226 255 255 247 255 249 253 248 254 255 249 255 255 195 100 242 250 255 246 249 232 79 152 255 250 255 255 255 187 15 181 246 255 250 252 255 192 226 241 255 250 253 253 207 0 198 255 255 255 255 251 214 0 187 255 255 255 248 208 142 249 255 246 251 255 253 216 14 158 255 254 245 255 249 227 0 176 253 255 250 255 245 182 3 0 0 4 0 0 0 0 0 0 0 0 0 0 0 0 0 0 0 0 0 0 0 0 0 0 0 0 0 0 0 0 0 0 0 0
0 0 0 0 0 0 0 0 0 0 0 0 0 0 0 0 0 0 0 0 0 0 0 0 0 0 0 0 0 0 0 0 0 5 0 0 0 169 255 253 251 253 248 191 4 6 3 0 0 0 0 0 0 0 0 0 172 246 251 255 255 251 188 11 177 255 255 237 242 252 145 145 255 247 255 250 255 199 0 13 0 6 5 0 239 255 246 255 255 244 162 127 252 255 255 247 255 215 0 129 226 255 255 244 255 221 95 204 255 255 255 255 252 159 0 231 237 240 255 255 244 169 178 249 255 255 255 249 208 3 191 246 255 248 255 201 72 239 246 255 255 255 255 217 0 5 4 9 207 253 248 255 255 243 169 5 5 10 198 255 251 250 255 248 195 28 11 0 0 11 201 245 255 244 255 251 168 111 237 252 251 255 255 201 6 0 0 0 4 4 221 255 250 248 249 243 174 8 206 255 252 255 255 170 118 238 255 255 254 248 250 196 0 4 9 0 13 180 255 255 254 250 255 254 255 255 249 255 255 252 241 146 191 255 253 255 248 198 88 245 251 255 255 247 255 219 0 0 0 6 5 6 141 250 246 255 246 251 235 106 130 241 255 246 237 246 101 192 254 255 249 255 250 244 124 11 1 0 198 255 253 251 245 246 187 4 0 3 4 0 0 0 6 138 248 254 252 255 249 243 82 203 251 254 251 255 237 115 228 255 255 255 255 255 252 254 255 244 255 243 255 205 10 89 233 255 255 254 253 246 126 11 1 0 197 253 250 255 255 255 195 69 229 255 255 254 251 242 101 101 235 242 246 255 255 237 111 0 11 14 14 181 253 255 255 242 245 189 78 234 245 255 255 255 217 8 0 1 2 0 0 0 0 108 235 253 255 255 254 237 123 2 0 0 200 254 255 251 255 252 207 84 238 255 246 255 247 235 108 201 240 250 255 248 252 250 255 255 245 243 255 244 230 64 206 255 255 255 253 175 120 245 255 255 251 255 255 199 0 0 0 9 4 0 196 250 248 254 250 251 211 6 2 6 0 0 76 232 244 255 253 250 255 255 255 255 242 252 255 253 205 88 235 251 239 255 255 232 121 185 248 242 255 244 249 187 0 193 255 249 255 237 255 201 162 255 255 251 250 250 211 13 184 245 243 249 254 247 204 3 185 255 244 255 253 191 86 241 239 255 252 255 244 199 0 144 227 255 252 248 243 228 81 202 255 247 252 251 244 174 7 1 3 0 0 0 0 0 0 0 0 0 0 0 0 0 0 0 0 0 0 0 0 0 0 0 0 0 0 0 0 0 0 0 0 0
0 0 0 0 0 0 0 0 0 0 0 0 0 0 0 0 0 0 0 0 0 0 0 0 0 0 0 0 0 0 0 0 1 0 7 17 4 185 253 253 254 255 255 200 0 0 0 1 0 0 0 0 0 0 0 0 187 255 247 243 243 254 201 0 152 254 250 252 255 248 155 162 246 244 255 246 249 185 14 0 6 1 11 5 169 238 255 255 237 255 249 250 255 248 248 255 242 199 13 0 244 239 255 255 253 255 249 255 246 250 250 254 232 134 4 174 255 255 248 251 255 241 250 255 242 248 255 244 176 0 197 247 252 248 252 212 5 220 231 248 245 253 250 217 6 0 0 5 212 255 255 252 252 255 181 9 0 0 192 255 255 255 255 255 255 230 254 255 248 0 230 255 238 255 252 255 183 113 253 254 253 255 253 199 0 0 21 5 3 0 216 255 255 254 255 255 189 16 208 248 255 255 247 181 56 219 255 234 255 253 255 204 0 0 2 0 0 199 248 255 255 247 247 192 0 174 247 253 249 255 255 158 176 251 251 255 248 196 13 197 253 255 251 241 250 227 0 9 0 2 0 0 159 255 255 253 255 251 235 101 127 244 255 255 255 223 80 164 252 255 253 249 253 239 103 6 4 3 203 252 252 255 254 255 199 10 0 0 7 0 3 13 10 150 250 250 255 255 245 241 75 204 255 255 250 255 237 143 238 255 250 253 239 226 110 100 242 251 253 255 251 233 68 101 244 254 250 253 255 242 106 7 4 3 202 252 253 255 255 253 204 83 250 248 255 255 253 244 92 90 249 255 255 255 248 255 255 245 255 232 154 203 250 244 254 249 255 217 90 238 255 249 241 255 219 0 4 2 3 0 0 9 3 139 250 252 239 249 251 242 124 0 11 0 206 246 250 247 255 255 206 68 237 255 248 255 255 243 109 237 255 253 250 255 248 144 44 217 255 255 252 255 255 107 210 255 249 251 247 174 47 229 255 255 249 249 246 208 0 10 0 2 0 0 204 255 253 255 255 255 215 0 0 17 0 16 135 255 250 243 253 255 241 100 86 219 255 255 247 255 238 58 210 255 255 255 223 254 255 243 252 255 247 252 252 123 2 192 250 249 255 255 255 193 144 234 255 255 255 255 238 89 194 255 255 255 250 255 223 2 179 255 255 235 254 217 0 214 253 232 253 243 255 215 22 102 242 255 245 255 255 248 249 255 240 255 253 255 255 180 0 0 1 0 0 0 0 0 0 0 0 0 0 0 0 0 0 0 0 0 0 0 0 0 0 0 0 0 0 0 0 0 0 0 0 0
0 0 0 0 0 0 0 0 0 0 0 0 0 0 0 0 0 0 0 0 0 0 0 0 0 0 0 0 0 0 0 0 4 0 0 0 0 191 255 255 255 249 244 200 4 9 8 2 0 0 0 0 0 0 0 0 179 243 250 255 255 235 198 12 33 218 255 253 240 255 252 255 255 252 242 255 233 79 14 1 8 6 0 6 118 245 254 251 247 255 248 255 248 255 255 248 247 73 1 0 165 244 253 249 255 243 254 255 255 255 255 254 213 1 1 111 232 246 242 255 245 253 255 255 244 255 255 226 84 0 211 255 255 255 247 205 0 185 254 255 255 255 255 224 1 13 9 9 217 252 243 255 252 251 173 0 10 5 214 251 254 249 250 244 247 255 255 255 237 0 229 255 255 255 255 255 186 115 255 252 253 255 249 200 16 0 1 0 3 6 232 252 244 245 255 255 198 0 222 255 250 255 241 187 0 191 255 255 255 248 246 202 2 7 9 2 3 237 255 247 255 252 255 183 2 192 249 255 255 253 255 199 194 255 255 255 255 223 0 175 245 255 255 255 255 239 0 0 0 16 16 1 158 239 251 255 251 243 242 114 140 252 249 245 254 224 107 125 249 247 255 249 253 241 113 0 7 4 210 251 252 255 244 250 194 0 12 13 5 1 0 0 0 152 255 255 242 254 254 250 89 210 250 244 255 255 241 177 249 255 251 255 255 237 95 80 234 243 255 250 245 251 116 107 245 249 245 251 255 243 115 1 7 4 209 250 255 249 249 249 209 89 254 245 250 252 237 247 117 112 248 234 253 252 244 255 254 255 255 250 189 184 253 255 255 253 255 191 92 218 245 255 255 255 222 9 0 0 9 0 6 2 0 123 231 255 255 255 252 239 126 1 4 0 219 255 255 254 253 255 217 77 243 255 245 254 249 227 147 233 244 253 250 252 243 128 8 214 247 252 245 250 242 144 206 255 248 255 255 191 0 196 251 255 255 255 255 223 0 0 2 9 7 2 202 246 248 255 243 255 230 0 3 15 0 0 148 235 249 255 255 246 247 94 98 247 249 255 252 245 249 103 161 255 237 242 255 255 239 255 248 245 255 236 208 8 18 193 254 250 255 254 239 204 109 246 250 250 244 255 244 148 188 254 240 255 255 242 214 1 211 253 255 255 254 217 0 186 255 255 255 255 239 220 4 0 201 245 255 232 255 254 242 252 255 247 255 251 244 179 5 11 13 0 0 0 0 0 0 0 0 0 0 0 0 0 0 0 0 0 0 0 0 0 0 0 0 0 0 0 0 0 0 0 0 0
0 0 0 0 0 0 0 0 0 0 0 0 0 0 0 0 0 0 0 0 0 0 0 0 0 0 0 0 0 0 0 0 0 0 5 4 6 201 254 246 251 255 252 214 0 0 0 5 0 0 0 0 0 0 0 0 203 255 249 248 242 255 211 0 0 135 218 255 247 248 255 249 249 255 249 229 147 0 0 6 0 3 15 3 0 161 253 245 255 255 255 248 239 251 255 232 113 3 12 16 0 185 255 254 255 255 255 250 242 246 255 218 37 0 15 0 152 253 255 248 255 254 246 245 253 255 218 147 18 0 206 249 237 255 248 216 7 115 245 250 239 246 255 233 0 1 0 0 237 255 245 255 248 255 202 0 1 0 208 252 254 252 255 255 255 255 245 247 239 5 214 240 249 249 250 255 185 128 253 251 255 255 255 218 0 0 10 6 6 0 226 253 255 255 240 245 198 0 225 252 248 255 240 199 1 169 240 244 249 255 253 214 0 0 0 7 6 230 255 254 254 235 255 176 0 187 247 252 255 246 254 218 198 255 243 241 242 228 5 127 246 253 245 245 248 221 8 0 0 1 0 0 168 249 255 249 255 254 241 114 139 248 255 255 244 255 95 0 216 255 255 255 251 251 151 1 0 0 205 255 252 254 255 255 211 0 1 0 0 2 1 8 5 164 255 247 255 255 255 237 99 215 255 255 255 252 237 201 248 250 248 255 240 238 101 83 249 242 248 255 255 254 134 106 241 255 255 255 251 250 151 0 0 0 204 255 255 254 255 255 208 91 240 255 255 255 252 244 111 104 242 255 248 255 255 255 248 238 254 255 187 182 255 252 242 239 255 223 102 252 253 252 240 255 238 0 7 0 0 0 3 2 2 150 244 255 242 242 248 255 143 6 5 1 207 243 253 247 248 255 213 101 242 255 254 255 255 242 184 248 249 255 255 255 245 125 0 224 255 255 252 255 251 179 217 255 236 245 250 195 0 171 253 251 251 250 241 210 3 0 7 0 0 0 214 253 255 249 255 255 232 0 0 2 3 10 209 255 255 248 246 242 250 86 69 254 254 254 255 246 255 162 0 181 255 252 252 255 233 254 255 231 254 223 16 4 0 206 255 245 255 253 255 225 0 236 255 255 252 255 255 200 193 248 255 255 240 248 235 0 201 243 252 255 246 221 10 124 238 237 246 242 255 218 0 18 37 223 252 246 255 255 248 251 251 254 248 255 253 195 0 0 0 0 0 0 0 0 0 0 0 0 0 0 0 0 0 0 0 0 0 0 0 0 0 0 0 0 0 0 0 0 0 0 0 0
0 0 0 0 0 0 0 0 0 0 0 0 0 0 0 0 0 0 0 0 0 0 0 0 0 0 0 0 0 0 0 0 15 5 0 0 11 179 251 255 253 255 252 214 18 6 0 10 0 0 0 0 0 0 0 0 191 248 252 249 253 255 203 3 0 3 69 205 254 246 255 252 249 244 201 76 8 0 6 5 1 5 0 0 9 0 56 216 243 237 247 255 255 237 164 40 6 0 0 0 3 7 110 216 241 255 255 252 255 236 152 1 0 0 11 4 0 47 180 235 250 246 254 255 245 187 87 0 0 21 207 255 255 255 255 229 0 47 219 252 255 255 254 226 0 0 2 9 232 255 251 255 252 251 191 6 0 8 193 255 255 255 254 250 246 251 248 255 237 11 217 255 255 255 243 250 199 163 244 245 249 251 246 222 0 8 4 0 0 13 222 255 234 255 255 255 192 20 214 255 248 255 255 198 14 120 218 255 249 255 253 211 20 6 0 14 125 241 247 255 255 247 248 190 0 176 255 254 251 255 255 231 193 250 255 255 255 213 8 28 239 255 255 255 255 205 32 0 7 2 0 26 176 251 255 251 255 252 235 137 158 236 255 255 253 251 119 12 202 249 255 244 255 234 143 0 4 23 206 255 255 255 255 245 201 22 3 0 10 11 0 0 9 154 250 255 255 255 248 222 129 216 252 255 255 255 245 231 254 255 255 255 255 223 14 0 229 255 246 255 251 246 179 152 234 248 251 248 255 233 142 0 3 22 205 255 249 242 249 247 220 137 234 248 244 255 251 237 130 131 238 255 255 252 248 255 255 255 248 245 184 195 255 255 255 251 255 211 107 253 255 255 246 255 224 6 11 1 0 0 0 6 21 134 250 255 252 255 255 248 125 0 0 27 200 252 255 255 251 249 205 141 229 241 249 255 252 248 194 255 255 253 245 255 237 120 3 215 255 255 243 255 255 196 230 255 255 255 255 190 19 99 246 251 255 255 252 202 27 0 14 0 6 20 211 253 255 249 253 245 211 10 7 0 8 6 202 251 255 255 255 255 210 14 13 215 253 246 255 245 248 187 10 7 126 227 230 249 255 255 239 244 152 0 3 4 2 220 242 241 255 253 250 223 18 198 253 255 247 253 252 231 209 248 240 254 255 255 226 8 193 255 249 250 255 217 0 42 231 255 255 234 254 239 14 0 8 0 171 252 242 228 255 234 167 226 249 255 255 199 21 5 0 8 0 0 0 0 0 0 0 0 0 0 0 0 0 0 0 0 0 0 0 0 0 0 0 0 0 0 0 0 0 0 0 0
0 0 0 0 0 0 0 0 0 0 0 0 0 0 0 0 0 0 0 0 0 0 0 0 0 0 0 0 0 0 0 0 0 0 6 1 0 20 16 0 10 0 0 12 0 16 6 0 0 0 0 0 0 0 0 0 13 0 3 21 0 0 6 8 3 0 0 0 0 0 10 0 6 0 4 0 8 5 0 0 0 3 14 0 0 9 1 0 0 10 5 0 3 1 15 0 0 22 0 11 6 0 6 0 8 0 0 7 3 2 5 4 0 18 0 0 12 0 14 0 4 0 1 8 9 5 0 0 1 0 23 3 0 0 0 1 7 0 29 6 0 0 4 2 0 1 13 0 12 0 0 6 1 8 10 0 9 12 14 0 0 0 0 2 8 0 6 1 2 1 10 0 0 0 0 5 0 0 10 14 10 9 5 0 13 0 0 0 11 0 12 0 12 3 0 1 17 0 15 0 7 0 0 11 0 20 10 0 6 0 0 8 0 15 0 0 11 14 0 0 3 1 8 0 2 1 2 1 0 0 0 0 8 8 0 0 1 16 0 9 0 1 0 0 6 15 0 0 0 10 5 0 0 0 0 6 0 4 15 0 2 10 5 0 0 0 3 0 9 0 11 8 2 12 15 0 8 0 10 2 0 0 0 5 11 0 0 19 0 0 5 6 0 13 12 0 0 0 14 22 0 6 0 0 0 1 0 0 0 0 0 0 2 6 0 0 7 0 8 0 2 9 4 0 5 1 6 4 2 11 14 0 8 0 10 2 12 5 2 1 10 0 12 8 6 0 0 17 0 3 8 0 0 1 6 1 3 4 1 10 8 2 0 0 0 7 18 0 4 0 0 9 10 0 15 0 0 5 3 18 6 0 0 8 0 4 6 8 0 8 12 9 0 0 20 0 0 0 0 6 6 0 8 4 7 4 0 0 1 0 0 8 8 0 8 0 0 16 0 0 2 2 0 2 2 0 0 0 0 7 0 25 4 0 0 0 3 19 0 0 0 0 15 0 8 0 0 6 0 14 29 0 1 0 2 0 10 0 0 0 0 0 16 0 0 13 0 5 12 0 3 3 0 0 2 0 7 7 0 1 1 5 0 0 1 0 11 0 8 17 1 3 0 3 0 16 0 6 0 3 5 4 0 12 3 13 0 0 5 0 34 0 0 21 0 4 0 0 5 1 0 17 0 0 15 0 0 3 0 3 9 12 0 6 0 5 7 0 0 2 0 9 6 0 0 0 0 0 0 0 0 0 0 0 0 0 0 0 0 0 0 0 0 0 0 0 0 0 0 0 0 0 0 0 0 0
0 0 0 0 0 0 0 0 0 0 0 0 0 0 0 0 0 0 0 0 0 0 0 0 0 0 0 0 0 0 0 0 6 6 2 3 4 0 3 1 8 0 13 6 0 2 5 0 0 0 0 0 0 0 0 0 0 0 2 0 0 9 9 0 0 7 3 0 9 6 0 2 0 18 0 1 7 0 14 1 8 0 0 14 0 7 0 4 0 15 1 2 4 0 0 5 0 5 0 0 0 1 4 3 4 0 3 3 0 12 0 2 6 0 7 0 2 0 13 5 4 0 0 1 0 0 0 5 6 0 0 0 8 0 0 2 8 0 0 0 1 6 3 2 9 0 3 11 0 11 8 0 0 2 0 10 0 13 0 13 2 9 5 0 6 0 13 0 7 0 3 3 0 16 0 0 6 4 0 4 0 0 0 3 4 0 15 0 3 12 0 6 0 12 6 1 0 23 0 4 6 0 5 5 6 0 0 3 3 0 13 0 4 2 0 2 0 0 12 8 0 0 1 2 0 0 10 3 0 8 5 1 4 0 0 8 5 0 12 0 0 7 5 1 1 0 7 4 0 2 0 7 10 6 6 2 0 0 0 0 12 0 0 5 3 1 0 9 0 6 0 0 0 0 0 2 3 6 0 6 0 12 0 2 0 15 0 0 10 0 0 5 7 0 0 2 16 0 0 7 3 3 0 9 0 6 0 7 3 5 4 0 0 1 4 7 0 0 4 3 1 0 4 8 0 0 5 0 0 0 0 3 5 8 0 7 0 7 10 0 5 3 2 0 5 2 1 8 0 3 2 7 3 9 6 0 0 9 0 0 0 11 0 1 3 0 3 0 9 0 12 0 0 6 0 7 0 16 0 1 0 7 11 0 10 0 0 16 1 1 0 0 1 7 3 0 0 14 0 3 0 13 0 0 3 3 0 15 0 4 3 0 0 1 5 0 6 0 0 0 3 2 0 5 0 0 9 11 0 0 16 0 3 0 10 3 0 0 2 1 2 0 2 4 0 13 0 3 4 0 0 6 5 3 0 3 1 0 8 7 5 3 0 0 6 0 7 4 0 0 8 0 2 4 0 0 3 0 3 0 0 0 4 0 16 3 0 7 0 0 7 0 9 0 2 0 0 8 0 1 0 4 0 8 3 0 4 16 0 8 0 8 0 0 0 1 3 5 2 0 5 0 0 17 0 0 8 0 10 0 0 5 0 12 0 0 5 0 17 0 5 0 2 3 0 0 0 0 0 0 0 0 0 0 0 0 0 0 0 0 0 0 0 0 0 0 0 0 0 0 0 0 0 0 0 0
0 0 0 0 0 0 0 0 0 0 0 0 0 0 0 0 0 0 0 0 0 0 0 0 0 0 0 0 0 0 0 0 0 0 0 0 0 0 0 0 0 11 0 1 0 5 0 2 2 3 2 0 0 0 0 1 0 0 0 0 0 0 0 0 0 0 9 0 7 7 10 0 0 9 6 0 4 0 8 0 0 1 1 9 0 4 0 6 2 4 0 0 0 3 5 1 0 0 0 0 0 0 0 0 0 0 0 9 0 5 0 7 4 5 2 5 8 0 0 7 0 0 0 0 0 0 0 0 8 0 3 0 0 11 1 0 0 12 0 2 5 0 1 0 0 0 0 0 9 7 0 0 1 3 5 0 9 0 11 0 1 0 6 8 0 0 1 2 3 0 0 0 3 3 0 0 0 0 0 0 0 0 0 0 0 4 7 2 0 2 0 0 0 2 2 0 0 1 5 5 0 0 0 10 2 0 6 0 5 0 15 0 0 0 10 0 2 3 1 0 0 1 0 0 0 0 0 0 0 0 0 0 0 8 0 3 2 0 9 0 0 2 6 0 0 2 1 0 1 0 11 0 0 0 13 0 1 0 0 0 0 0 0 1 0 1 9 0 6 2 0 10 3 0 0 0 0 0 0 3 0 0 0 0 0 0 0 0 3 2 0 9 0 0 12 0 3 1 0 0 0 5 4 0 1 0 11 0 0 0 13 0 0 1 0 0 9 2 0 8 0 5 0 0 7 4 0 3 3 0 0 4 2 2 2 0 0 7 5 0 3 3 0 0 2 1 0 0 2 6 3 0 3 0 0 0 3 3 0 0 8 0 0 0 1 0 0 3 0 0 9 0 8 1 7 0 7 0 12 0 6 1 1 0 1 0 0 1 0 0 0 1 6 0 0 3 0 5 4 0 7 0 0 0 3 2 1 3 0 5 6 0 0 1 6 3 10 0 9 6 4 0 3 11 2 8 0 1 0 0 15 0 0 0 8 4 5 0 16 1 0 1 0 0 4 8 0 0 0 4 5 0 0 5 1 0 0 0 10 0 0 11 0 0 2 3 0 1 0 3 10 0 1 9 0 0 6 5 0 4 0 0 0 0 0 0 0 0 5 0 0 5 5 6 0 0 0 7 2 10 1 0 4 0 7 0 0 5 1 8 5 0 0 7 0 0 7 3 0 1 3 0 2 8 3 0 0 5 0 0 0 0 0 0 0 0 0 0 0 0 0 0 0 0 0 0 0 0 0 0 0 0 0 0 0 0 0 0 0 0 0 0 0 0 0 0 0 0 0 0 0 0 0 0 0 0
0 0 0 0 0 0 0 0 0 0 0 0 0 0 0 0 0 0 0 0 0 0 0 0 0 0 0 0 0 0 0 0 0 0 0 0 0 0 0 0 2 4 0 9 6 20 4 0 2 1 2 5 6 4 1 0 4 4 4 4 4 4 4 4 22 2 0 8 0 0 0 3 14 0 0 7 13 18 0 4 10 0 0 7 7 9 2 4 0 4 6 4 3 4 4 2 4 4 4 4 4 4 4 4 2 5 0 0 6 0 7 0 4 0 0 0 0 0 1 6 0 0 0 0 0 0 0 0 0 1 5 0 0 0 0 4 0 5 5 2 11 0 14 0 17 8 4 5 0 0 0 18 0 5 2 9 0 0 0 11 2 1 0 0 0 9 11 2 2 0 0 1 3 4 3 1 4 4 4 4 4 4 4 4 5 4 2 0 1 4 6 4 3 0 1 6 7 2 0 0 13 7 0 0 0 0 10 2 12 0 0 16 10 7 9 0 3 0 1 5 4 0 1 6 0 0 0 0 0 0 0 0 0 12 0 0 2 0 6 0 5 3 0 0 0 0 5 8 3 0 10 4 14 0 1 0 5 4 3 2 3 4 5 6 0 0 0 2 0 14 1 0 0 3 5 3 3 5 3 0 4 4 4 4 4 4 4 4 0 6 7 3 0 0 0 3 0 0 7 11 5 0 0 0 3 0 10 4 14 0 1 0 5 2 6 7 0 0 0 6 0 7 18 0 0 0 7 0 4 8 7 0 0 0 5 8 11 5 0 0 2 8 7 2 3 2 3 3 0 0 0 8 2 0 0 1 3 4 3 1 3 2 2 3 2 1 3 7 0 0 9 0 0 0 7 8 0 15 9 0 0 9 0 8 2 0 0 5 7 3 1 3 0 11 11 0 0 0 0 7 0 3 10 5 0 0 0 0 0 0 0 2 7 7 1 0 2 10 4 0 2 18 3 0 0 1 0 12 16 0 6 0 11 3 4 0 2 2 0 0 9 6 4 2 0 0 0 8 5 3 0 0 0 0 4 8 14 0 3 0 0 2 0 12 0 0 8 0 0 0 0 2 0 0 0 1 0 3 7 3 3 3 3 3 3 3 3 3 5 3 0 0 0 0 6 12 15 1 0 0 7 0 3 5 0 11 11 0 0 0 0 5 0 0 0 0 0 1 4 0 8 0 0 0 0 5 8 7 0 0 0 0 0 0 0 0 0 0 0 0 0 0 0 0 0 0 0 0 0 0 0 0 0 0 0 0 0 0 0 0 0 0 0 0 0 0 0 0 0 0 0 0 0 0 0 0
0 0 0 0 0 0 0 0 0 0 0 0 0 0 0 0 0 0 0 0 0 0 0 0 0 0 0 0 0 0 0 0 0 0 0 0 0 0 0 0 0 0 0 10 0 1 0 0 1 0 0 3 6 0 0 0 0 0 0 0 0 0 0 0 0 0 0 0 13 6 0 2 0 2 10 1 0 0 0 0 0 19 8 16 1 0 5 0 0 0 2 4 1 0 0 2 0 0 0 0 0 0 0 0 0 13 2 1 0 0 10 0 0 0 4 10 9 10 7 0 0 0 0 0 0 0 0 0 2 10 1 6 14 5 1 0 8 0 0 0 2 0 12 14 0 0 0 3 1 0 0 0 10 0 0 4 12 7 0 0 0 0 2 12 14 0 0 0 0 0 0 0 0 0 0 0 0 0 0 0 0 0 0 0 4 0 0 0 0 0 0 1 9 0 0 2 4 0 0 3 0 0 24 0 7 0 0 3 0 5 3 10 0 0 2 0 0 0 0 4 1 0 0 5 3 3 3 3 3 3 3 3 0 15 0 0 5 0 0 0 0 0 1 10 12 4 0 0 9 3 0 0 1 0 0 9 0 0 0 0 0 0 0 0 1 3 0 6 0 8 19 5 0 2 4 0 0 4 2 0 0 0 0 0 0 0 0 0 10 6 0 0 10 18 3 13 4 0 0 2 5 0 1 7 9 3 0 0 1 0 0 9 2 0 0 10 1 2 6 0 20 0 3 1 4 0 16 6 0 1 0 0 3 10 3 0 2 0 4 7 0 0 0 0 4 0 0 2 4 0 1 8 0 0 0 0 0 0 0 0 0 1 3 0 0 0 0 1 0 0 0 0 9 0 0 1 8 0 0 0 12 0 5 7 0 0 0 2 5 3 0 0 0 0 0 7 22 4 0 7 0 0 0 0 1 5 5 4 6 4 5 5 0 0 0 5 0 10 0 0 0 0 0 5 2 6 1 0 5 0 8 10 0 0 9 2 12 17 0 19 0 0 1 10 8 6 4 0 0 0 3 11 8 0 0 0 0 0 7 6 5 5 0 0 1 1 11 0 6 13 0 0 11 3 13 12 0 0 9 6 0 0 0 0 0 0 0 0 0 1 1 6 20 0 9 0 0 0 12 0 11 11 7 0 0 0 0 7 23 5 0 5 10 2 11 10 0 0 8 5 0 3 9 7 4 3 0 0 0 0 0 0 0 0 0 0 0 0 0 0 0 0 0 0 0 0 0 0 0 0 0 0 0 0 0 0 0 0 0 0 0 0 0 0 0 0 0 0 0 0 0 0 0 0 0 0
0 0 0 0 0 0 0 0 0 0 0 0 0 0 0 0 0 0 0 0 0 0 0 0 0 0 0 0 0 0 0 0 0 0 0 0 0 0 0 0 3 0 0 9 0 0 7 10 9 0 0 4 4 0 0 7 0 0 0 0 0 0 0 0 6 5 10 0 7 0 4 7 1 12 3 0 13 0 30 5 0 0 0 0 0 7 4 0 9 3 1 3 2 0 2 8 0 0 0 0 0 0 0 0 0 5 0 10 0 4 0 5 6 1 2 0 0 0 2 0 0 0 0 0 0 0 0 0 0 7 0 0 1 0 3 8 14 0 6 15 9 0 1 0 7 6 7 0 0 9 12 0 2 0 12 0 10 0 4 4 3 4 0 2 6 0 0 17 4 3 1 1 2 3 3 4 1 1 1 1 1 1 1 1 4 0 1 7 6 0 0 0 0 0 0 1 3 4 4 5 10 1 0 0 3 10 0 6 2 0 11 0 8 1 19 6 4 3 3 3 2 1 1 1 0 0 0 0 0 0 0 0 0 12 0 0 14 7 0 3 12 7 2 0 0 0 0 0 0 2 3 0 10 8 3 2 0 0 0 0 1 2 2 3 1 10 3 12 1 0 1 0 5 4 2 0 0 2 4 5 0 0 0 0 0 0 0 0 0 0 10 5 4 1 0 0 5 3 0 0 0 0 0 0 0 2 3 0 10 8 3 2 2 0 0 2 3 5 6 2 0 0 2 0 16 0 2 0 1 6 0 0 11 8 0 0 1 0 5 13 3 0 5 5 1 1 1 2 2 0 0 0 4 3 1 1 2 3 3 4 1 6 6 1 0 3 2 0 1 4 3 3 14 2 0 4 7 0 1 22 6 0 15 0 3 2 2 4 4 2 1 1 16 9 0 5 8 0 0 5 13 0 0 6 6 0 0 7 1 3 4 1 0 0 4 9 0 2 11 6 26 0 12 0 0 7 14 0 13 4 10 0 7 6 7 0 0 0 0 4 9 7 5 0 0 7 13 0 8 6 2 0 0 0 0 0 1 8 8 0 0 7 8 0 1 4 0 0 0 1 0 10 0 0 0 3 12 11 0 0 1 1 1 1 1 1 1 1 7 3 1 0 0 0 3 3 2 4 15 0 0 2 0 1 15 8 0 4 8 0 0 3 0 0 0 0 9 11 1 0 0 0 0 0 1 4 7 10 0 0 0 0 0 0 0 0 0 0 0 0 0 0 0 0 0 0 0 0 0 0 0 0 0 0 0 0 0 0 0 0 0 0 0 0 0 0 0 0 0 0 0 0 0 0 0 0
0 0 0 0 0 0 0 0 0 0 0 0 0 0 0 0 0 0 0 0 0 0 0 0 0 0 0 0 0 0 0 0 0 0 0 0 0 0 0 0 11 1 2 2 2 0 0 0 4 1 2 5 1 0 0 4 0 0 0 0 0 0 0 0 8 0 0 11 0 0 6 0 2 0 2 0 2 0 0 0 21 0 7 4 5 0 0 18 8 1 0 0 3 2 0 0 0 0 0 0 0 0 0 0 4 0 0 8 9 14 0 0 0 0 3 2 0 3 9 8 0 0 0 0 0 0 0 0 0 9 10 14 8 0 0 0 0 1 0 0 0 17 9 0 0 0 4 0 0 2 5 0 12 7 17 0 0 3 0 1 0 8 3 0 0 5 1 0 2 2 1 0 0 0 0 0 2 2 2 2 2 2 2 2 0 0 3 4 1 0 0 4 0 12 15 6 0 2 0 0 7 2 0 10 5 4 0 6 5 0 9 0 1 0 0 7 0 4 2 0 0 7 5 0 0 0 0 0 0 0 0 0 0 1 0 0 4 4 0 8 0 1 2 0 1 10 10 3 3 5 2 4 2 0 0 0 0 1 1 2 3 3 3 3 2 1 0 0 16 0 0 12 6 0 0 3 3 0 0 6 0 0 0 0 0 0 0 0 11 0 3 7 0 0 9 7 0 2 12 5 0 0 3 1 3 5 2 4 2 0 0 0 0 12 3 0 0 0 0 13 0 20 21 0 3 1 6 8 0 0 0 0 0 0 0 17 16 2 0 0 0 0 1 0 0 4 10 0 0 0 6 7 2 2 1 0 0 0 0 0 1 1 0 0 2 5 2 0 0 3 3 3 0 0 0 12 0 12 0 12 0 6 7 0 0 1 3 0 0 0 1 4 0 2 3 4 0 0 19 0 0 0 8 14 7 0 0 8 2 6 5 2 6 11 1 0 9 0 0 0 0 4 19 0 0 0 4 0 6 4 4 0 1 0 1 6 19 0 26 0 0 0 0 0 0 0 4 1 0 0 0 0 4 14 13 3 0 2 0 0 0 1 4 0 0 17 10 17 9 0 1 0 2 12 3 0 4 0 0 13 1 1 1 1 1 1 1 1 0 0 13 9 0 4 0 4 4 0 0 13 5 3 0 13 0 1 0 1 0 0 18 0 2 16 5 0 1 0 0 14 8 0 0 0 6 0 0 0 0 0 0 0 0 0 0 0 0 0 0 0 0 0 0 0 0 0 0 0 0 0 0 0 0 0 0 0 0 0 0 0 0 0 0 0 0 0 0 0 0 0 0 0 0 0 0 0
0 0 0 0 0 0 0 0 0 0 0 0 0 0 0 0 0 0 0 0 0 0 0 0 0 0 0 0 0 0 0 0 0 0 0 0 0 0 0 0 0 0 10 0 5 0 0 7 0 1 5 5 2 0 0 0 0 0 0 0 0 0 0 0 0 19 0 0 0 18 0 8 0 0 14 1 0 28 0 0 0 0 11 0 5 4 0 0 1 3 3 2 3 5 0 0 0 0 0 0 0 0 0 0 15 0 9 0 0 0 1 18 2 9 4 2 5 0 0 0 0 0 0 0 0 0 0 0 4 0 0 0 0 11 5 6 14 7 3 1 8 5 0 7 13 6 0 0 10 3 0 2 0 0 5 7 0 24 0 9 0 0 7 16 3 0 8 13 0 0 1 1 0 0 0 0 0 0 0 0 0 0 0 0 0 3 2 0 0 0 5 7 0 1 0 0 0 1 11 12 0 0 0 8 0 0 8 8 0 9 6 6 0 19 0 3 0 1 0 0 0 6 5 0 3 3 3 3 3 3 3 3 15 3 8 0 0 0 0 5 0 6 7 1 0 0 0 0 8 0 0 17 4 4 7 15 0 0 0 0 0 0 0 0 0 1 13 7 12 1 0 6 1 0 0 5 5 0 0 1 0 0 0 0 0 0 0 0 0 0 0 14 2 0 9 0 10 9 1 0 0 5 2 0 8 0 0 17 4 4 7 15 0 5 1 0 14 12 0 0 0 0 0 0 8 4 0 3 11 0 0 10 5 0 0 0 0 4 6 0 3 1 0 9 11 9 1 0 0 4 3 0 0 0 1 1 0 0 0 0 2 0 0 1 4 3 3 4 0 0 0 10 0 14 7 0 5 5 8 0 19 15 0 11 0 0 2 0 0 1 4 4 11 3 0 15 11 0 16 0 6 9 3 0 0 6 2 0 0 0 3 0 0 0 6 8 8 0 2 20 0 1 0 9 15 0 1 10 1 4 0 7 0 0 4 1 0 0 11 0 13 5 0 3 17 6 0 4 4 6 4 0 0 1 0 0 4 1 0 10 10 0 2 5 0 0 0 0 1 1 15 1 0 1 0 1 11 2 0 10 0 0 0 0 0 0 0 0 5 0 0 0 0 13 1 1 1 11 0 0 1 2 3 0 13 2 0 13 10 0 16 0 0 6 1 0 8 4 0 8 0 2 7 9 4 0 0 6 0 0 0 0 0 0 0 0 0 0 0 0 0 0 0 0 0 0 0 0 0 0 0 0 0 0 0 0 0 0 0 0 0 0 0 0 0 0 0 0 0 0 0 0 0 0 0 0
0 0 0 0 0 0 0 0 0 0 0 0 0 0 0 0 0 0 0 0 0 0 0 0 0 0 0 0 0 0 0 0 0 0 0 0 0 0 0 0 1 19 6 0 12 5 0 1 1 3 0 0 0 8 7 0 2 2 2 2 2 2 2 2 3 0 0 0 12 0 2 0 8 0 0 0 9 0 8 7 0 12 0 3 13 0 19 4 0 10 10 0 0 0 5 1 2 2 2 2 2 2 2 2 0 13 0 11 4 5 16 0 0 0 0 0 20 7 0 16 0 0 0 0 0 0 0 0 32 0 15 7 0 6 0 0 0 0 14 0 18 0 0 15 0 19 8 0 3 4 0 12 20 0 13 0 4 1 0 4 9 0 0 8 0 2 11 0 0 0 5 7 5 4 4 4 1 1 1 1 1 1 1 1 3 9 7 0 2 10 5 0 12 1 0 9 12 4 0 1 3 0 6 4 11 0 35 0 5 11 0 0 20 0 3 5 5 1 3 7 2 0 0 4 0 0 0 0 0 0 0 0 0 0 11 14 0 2 2 3 6 0 1 10 6 0 2 21 7 0 3 10 0 3 10 0 1 2 3 3 2 0 0 0 16 0 0 2 0 30 0 0 1 6 3 0 0 3 6 1 2 2 2 2 2 2 2 2 0 23 0 3 21 0 0 2 3 0 0 3 6 2 3 10 7 0 3 10 0 3 10 0 4 0 6 5 0 0 9 0 8 2 2 20 0 6 10 4 0 0 10 12 0 6 21 0 0 25 8 0 6 6 0 0 0 0 0 9 13 4 0 3 0 0 5 7 5 4 4 4 7 0 2 9 4 0 0 12 7 0 2 10 0 7 13 0 6 0 22 9 0 7 0 0 4 6 4 3 7 9 3 0 0 19 0 2 11 0 0 9 0 0 0 4 8 4 3 8 13 0 0 8 8 0 0 2 0 0 18 0 8 14 0 14 0 0 10 19 0 10 1 0 1 4 2 0 0 25 0 19 0 10 2 0 4 0 0 8 8 0 1 10 7 0 2 20 0 11 0 0 0 0 7 0 28 0 16 7 0 4 0 0 9 0 0 14 0 0 6 0 2 2 2 2 2 2 2 2 3 11 2 0 16 0 19 0 0 9 2 0 18 0 30 7 0 20 0 0 11 0 0 10 6 0 3 11 0 0 5 0 0 6 4 0 0 2 7 0 0 0 0 0 0 0 0 0 0 0 0 0 0 0 0 0 0 0 0 0 0 0 0 0 0 0 0 0 0 0 0 0 0 0 0 0 0 0 0 0 0 0 0 0 0 0 0 0
0 0 0 0 0 0 0 0 0 0 0 0 0 0 0 0 0 0 0 0 0 0 0 0 0 0 0 0 0 0 0 0 0 0 0 0 0 0 0 0 0 2 0 19 174 251 255 255 254 248 231 218 230 255 255 248 255 255 255 255 255 255 255 255 252 0 10 10 0 0 225 252 254 253 253 255 222 0 164 243 250 255 239 246 149 7 144 254 246 255 255 229 217 234 253 255 255 255 255 255 255 255 255 255 255 232 0 8 0 137 234 243 249 255 248 241 229 126 14 0 0 0 0 0 0 0 0 0 0 16 194 255 246 255 245 255 254 255 211 0 8 0 10 0 5 170 255 249 254 255 241 249 142 0 1 7 209 248 255 248 250 254 255 248 245 255 190 13 239 244 251 255 255 253 253 254 252 252 252 252 252 252 252 252 246 255 255 250 255 255 240 206 0 7 73 174 241 251 248 255 255 236 187 52 2 1 229 255 253 246 255 255 224 0 130 238 255 244 249 255 246 216 220 250 255 255 255 255 255 255 255 255 186 175 236 255 244 255 255 251 254 243 250 252 189 80 5 0 0 4 5 0 12 165 255 253 253 254 254 254 253 251 249 247 196 71 3 9 2 223 252 255 248 255 247 216 216 247 255 248 255 255 255 255 255 255 255 255 249 187 4 27 181 232 255 251 250 253 255 222 125 19 0 1 0 4 5 0 12 165 255 253 255 245 255 234 138 157 246 255 248 255 233 141 19 146 254 251 255 254 242 144 12 0 11 0 0 9 0 12 140 229 244 255 253 254 255 219 122 18 0 4 239 244 251 255 255 253 253 254 255 249 252 255 244 224 232 255 249 255 255 237 154 192 251 255 255 252 249 211 0 214 255 255 255 255 250 250 255 255 240 220 9 216 255 246 255 255 255 251 255 248 253 236 140 17 0 11 8 0 16 130 233 255 255 252 255 245 208 7 156 243 255 247 255 255 237 191 124 230 255 255 254 255 253 252 253 239 3 0 11 171 255 251 255 255 244 255 252 244 253 253 186 75 2 0 162 237 255 255 255 255 227 151 0 12 206 255 243 255 240 255 255 246 255 181 8 0 143 238 254 254 254 254 254 254 254 254 238 215 111 2 10 0 211 255 255 244 255 255 224 1 6 0 13 218 255 245 255 255 255 252 251 249 255 177 2 0 140 225 246 255 253 247 255 251 169 73 0 0 0 0 0 0 0 0 0 0 0 0 0 0 0 0 0 0 0 0 0 0 0 0 0 0 0 0 0 0 0 0 0 0 0 0 0 0 0 0 0 0 0 0 0 0 0 0
0 0 0 0 0 0 0 0 0 0 0 0 0 0 0 0 0 0 0 0 0 0 0 0 0 0 0 0 0 0 0 0 0 0 0 0 0 0 0 0 3 1 4 0 160 252 255 255 255 253 242 181 255 248 255 248 255 249 255 255 248 253 255 253 248 0 14 0 0 14 210 255 254 253 255 255 217 5 141 252 255 252 254 255 193 0 149 242 248 255 255 248 182 239 255 255 250 255 255 250 255 255 250 251 255 227 7 4 186 250 255 246 254 247 250 242 255 252 200 8 1 11 5 0 0 0 0 0 1 38 233 249 250 255 241 255 253 255 201 6 0 0 1 1 4 155 248 255 253 254 255 242 126 1 0 4 200 255 251 255 255 255 240 248 255 253 204 0 220 255 255 247 254 255 255 255 251 255 225 249 255 255 243 255 250 255 255 250 255 251 250 192 0 144 236 244 255 255 253 255 254 245 255 233 133 0 226 242 255 249 252 255 221 0 103 250 254 255 255 247 255 173 212 255 245 255 255 255 250 253 255 250 187 135 254 252 244 255 255 255 255 245 255 254 255 228 95 0 0 6 0 1 1 158 255 254 250 255 255 251 252 253 255 253 255 231 123 1 0 232 240 255 255 252 251 192 220 247 255 251 255 254 255 251 255 245 255 242 255 172 88 211 255 255 242 255 250 254 248 252 252 223 35 2 2 4 0 3 3 156 252 255 253 254 255 246 111 144 249 255 254 254 255 192 0 138 237 255 253 255 244 130 0 3 0 2 0 0 2 215 239 253 255 241 254 251 252 255 250 186 3 0 225 252 254 253 255 250 245 253 255 241 254 255 255 200 229 253 255 255 255 253 121 183 255 254 253 255 255 197 8 192 255 254 255 255 254 241 255 250 255 205 0 225 255 252 255 254 255 255 255 241 255 248 255 180 7 0 1 4 0 10 221 255 255 251 255 253 216 0 152 251 255 252 255 249 247 151 128 245 254 255 255 247 255 255 253 243 131 0 1 156 250 251 254 255 248 255 254 242 255 243 255 228 92 0 151 249 255 255 253 255 244 121 0 0 218 250 255 253 255 254 252 255 255 205 0 0 133 236 255 249 254 255 248 255 234 255 255 247 242 169 0 0 220 242 254 255 254 255 220 0 3 0 0 226 255 253 255 247 254 254 248 255 255 180 13 176 236 255 255 239 255 255 240 253 255 242 157 0 0 7 9 2 0 1 0 0 0 0 0 0 0 0 0 0 0 0 0 0 0 0 0 0 0 0 0 0 0 0 0 0 0 0 0 0 0 0 0 0 0 0 0 0 0 0
0 0 0 0 0 0 0 0 0 0 0 0 0 0 0 0 0 0 0 0 0 0 0 0 0 0 0 0 0 0 0 0 0 0 0 0 0 0 0 0 3 0 3 0 158 251 255 254 249 253 243 169 237 255 254 253 255 250 255 255 254 255 250 254 229 0 0 5 16 8 195 248 254 253 255 255 216 3 139 250 255 250 253 255 213 30 135 243 255 255 252 232 175 244 255 248 254 251 255 255 255 247 242 255 255 241 0 177 250 255 245 251 250 255 255 242 255 255 238 188 4 0 0 8 11 4 7 3 0 131 255 253 249 255 247 253 253 255 200 5 0 0 1 0 3 154 247 255 253 254 255 242 124 1 0 3 199 255 250 255 248 244 255 255 246 242 205 0 218 247 255 255 255 247 251 250 255 255 237 254 253 252 244 247 249 245 255 248 255 245 253 179 98 213 255 250 255 255 253 255 255 255 251 250 219 68 193 255 254 255 255 254 226 28 124 247 250 255 252 246 255 142 210 254 255 255 253 245 249 255 255 246 186 138 242 255 255 250 249 243 251 237 255 255 247 250 201 6 0 5 0 1 0 156 253 254 255 247 244 255 255 248 246 255 255 253 204 7 0 209 255 249 253 252 255 186 225 248 255 245 242 247 255 247 255 251 252 255 239 183 210 255 233 247 255 243 255 248 255 251 241 255 178 12 1 4 0 3 2 154 251 255 253 254 254 243 107 140 246 255 253 255 249 215 30 136 241 255 252 255 242 129 0 2 0 1 0 4 185 240 255 255 234 255 252 253 255 246 252 255 175 0 216 255 255 246 252 254 255 255 255 255 255 242 247 179 246 255 255 255 255 251 119 181 255 253 253 255 255 195 6 190 255 254 246 255 255 255 251 239 248 205 6 221 250 245 248 244 255 255 255 251 255 244 255 246 111 9 0 2 0 5 214 255 255 255 255 255 221 0 161 254 255 255 255 249 248 113 143 249 255 255 255 250 254 254 250 245 151 0 0 151 247 251 255 255 249 255 255 248 255 251 242 253 202 11 147 246 254 255 253 255 241 117 0 11 219 248 255 252 255 255 252 255 246 217 0 4 120 242 255 249 255 255 248 255 250 255 251 255 238 235 23 0 191 255 254 255 254 255 220 0 3 0 0 224 255 249 253 251 255 255 255 254 238 185 122 255 255 253 243 255 255 252 255 255 243 240 246 95 4 0 0 2 1 0 0 0 0 0 0 0 0 0 0 0 0 0 0 0 0 0 0 0 0 0 0 0 0 0 0 0 0 0 0 0 0 0 0 0 0 0 0 0 0 0
0 0 0 0 0 0 0 0 0 0 0 0 0 0 0 0 0 0 0 0 0 0 0 0 0 0 0 0 0 0 0 0 0 0 0 0 0 0 0 0 1 0 2 0 156 249 254 254 255 247 245 188 244 255 229 255 255 254 242 242 255 255 237 255 235 41 4 0 0 0 201 255 255 253 255 254 215 1 136 247 255 247 252 255 238 101 114 244 239 246 248 247 191 235 255 255 255 253 244 243 252 255 255 255 249 227 76 237 255 244 255 255 255 232 255 252 255 255 236 249 93 2 8 6 2 0 4 0 10 210 255 251 253 252 252 255 253 255 199 5 0 0 1 0 1 152 246 255 252 253 255 240 121 0 0 2 197 255 250 255 255 235 255 226 255 255 202 5 230 247 248 249 247 255 255 241 232 246 243 255 246 255 255 247 255 244 244 255 243 255 255 170 172 246 255 248 255 255 237 248 255 255 244 255 255 154 161 255 250 255 255 249 233 68 148 245 252 255 254 250 252 99 213 255 242 246 248 255 255 247 255 255 154 155 235 253 255 243 255 255 241 255 255 239 255 248 222 0 0 4 0 1 0 154 251 253 252 251 255 248 246 245 255 247 255 255 238 89 7 208 255 251 255 246 241 191 213 254 255 252 255 255 255 239 248 255 223 255 255 194 227 253 255 255 255 255 254 241 252 255 251 251 237 0 0 3 0 2 1 152 250 255 254 254 252 239 101 135 243 254 252 255 241 242 94 123 247 255 252 255 240 127 0 1 0 0 0 83 255 248 255 251 249 253 255 254 251 255 253 231 234 64 235 254 241 249 255 252 245 241 231 255 234 255 255 204 252 230 254 255 254 248 116 178 255 252 254 255 254 192 2 188 255 255 255 240 233 255 240 255 255 203 0 207 251 255 255 255 255 242 248 255 255 249 253 255 180 0 0 0 0 0 201 251 252 255 254 255 223 18 169 251 255 253 255 251 244 55 166 255 255 251 252 255 253 255 251 249 178 3 0 146 244 252 255 255 250 249 237 255 254 244 253 255 224 0 141 243 254 255 252 254 238 111 0 43 229 251 254 252 255 255 253 255 245 227 28 3 112 242 255 250 253 250 250 244 255 254 254 255 251 255 122 6 187 255 254 255 254 255 220 0 3 0 0 220 253 249 254 254 255 237 243 255 255 193 196 249 237 255 255 245 237 255 245 247 255 255 242 155 6 6 0 6 8 4 0 0 0 0 0 0 0 0 0 0 0 0 0 0 0 0 0 0 0 0 0 0 0 0 0 0 0 0 0 0 0 0 0 0 0 0 0 0 0 0
0 0 0 0 0 0 0 0 0 0 0 0 0 0 0 0 0 0 0 0 0 0 0 0 0 0 0 0 0 0 0 0 0 0 0 0 0 0 0 0 0 0 2 0 154 246 253 254 253 251 240 94 0 0 13 217 240 255 255 255 253 159 12 0 11 0 0 0 13 1 207 246 255 254 255 253 213 0 134 245 255 247 253 255 252 166 99 246 255 255 253 228 90 12 0 0 206 251 255 255 255 242 142 3 2 17 128 230 255 255 255 240 227 87 220 255 245 255 252 236 149 3 6 0 0 0 15 0 74 242 237 251 252 250 250 255 253 255 198 4 0 0 1 0 0 150 245 255 252 252 255 239 118 0 0 0 194 255 250 255 252 255 220 17 1 0 6 0 205 246 255 255 253 243 165 1 19 7 0 0 3 122 238 255 234 255 255 232 3 0 3 8 211 255 255 251 254 238 175 168 253 253 248 254 255 206 135 235 249 255 255 249 241 97 163 248 253 255 255 254 242 54 215 255 255 255 250 248 167 19 0 0 27 137 241 250 255 246 255 232 94 221 243 242 255 250 255 124 0 3 0 1 0 150 248 253 248 255 232 234 102 217 248 253 255 249 235 140 6 214 252 255 237 255 255 190 7 0 4 132 234 250 255 255 252 217 12 2 0 120 255 255 253 252 225 218 95 230 253 255 255 246 250 0 0 2 0 1 0 150 248 254 255 255 252 237 97 132 242 254 252 255 243 255 161 105 251 252 253 255 238 125 0 1 0 0 0 162 230 251 255 238 255 227 65 217 255 249 255 244 255 138 0 0 9 127 235 251 255 255 255 225 6 7 0 88 230 255 254 255 254 247 113 175 255 253 254 255 252 189 0 187 255 255 249 255 255 211 10 0 0 0 4 206 255 255 251 252 242 175 166 248 249 255 248 250 209 4 0 0 1 0 182 250 250 255 252 254 228 44 180 250 253 251 255 252 230 6 188 255 255 249 252 253 251 255 255 254 198 0 0 142 242 253 255 255 249 240 100 221 243 253 255 251 250 91 136 242 255 255 253 255 237 106 8 87 243 255 252 253 252 247 254 247 255 235 95 0 112 237 255 246 251 255 242 116 174 255 254 255 255 244 176 5 195 244 254 255 254 255 220 0 3 0 0 216 255 255 255 254 242 202 5 0 0 1 200 255 255 255 255 252 135 158 255 255 233 255 251 199 0 7 0 0 0 1 0 0 0 0 0 0 0 0 0 0 0 0 0 0 0 0 0 0 0 0 0 0 0 0 0 0 0 0 0 0 0 0 0 0 0 0 0 0 0 0
0 0 0 0 0 0 0 0 0 0 0 0 0 0 0 0 0 0 0 0 0 0 0 0 0 0 0 0 0 0 0 0 0 0 0 0 0 0 0 0 0 0 2 0 153 245 253 255 255 245 236 110 9 5 0 203 253 255 248 249 243 157 0 1 1 15 18 0 0 0 209 249 255 254 255 253 213 0 133 244 255 250 254 252 253 210 105 248 245 246 255 251 109 3 0 10 208 255 255 235 249 255 171 0 1 0 171 255 241 255 243 255 215 1 215 255 240 250 255 251 154 0 5 0 4 3 3 0 165 255 250 254 226 253 249 255 252 255 196 2 0 1 2 0 0 149 245 255 252 252 255 239 115 0 0 0 193 255 251 255 249 250 208 0 2 0 0 7 224 254 249 246 246 255 192 2 0 0 0 5 4 130 246 246 255 255 241 229 0 4 0 0 222 253 252 255 255 238 144 130 249 255 255 250 247 222 81 233 250 255 253 254 247 114 166 254 250 255 252 252 222 16 211 252 246 242 255 255 185 10 0 13 0 138 248 251 255 255 255 222 79 202 255 255 252 246 244 122 0 2 0 2 0 148 246 254 255 251 249 237 62 161 248 255 252 249 253 122 0 204 255 252 255 255 240 196 3 3 0 132 250 253 247 248 249 234 0 2 8 144 252 255 234 255 248 184 0 212 243 255 255 245 231 3 0 3 0 2 0 148 247 254 255 255 253 237 96 131 242 255 253 251 253 255 212 100 252 250 254 255 237 123 0 1 0 0 0 171 246 255 253 255 245 225 0 230 255 241 255 255 241 137 15 0 0 136 255 255 249 244 250 227 0 14 1 117 243 250 255 255 255 247 111 174 255 255 255 255 251 188 0 186 255 255 249 250 248 203 0 0 8 6 9 212 255 252 242 255 251 159 97 242 254 255 255 243 207 9 3 0 2 0 149 251 252 255 255 255 238 77 198 254 255 255 255 253 206 0 205 255 255 251 251 236 246 255 255 254 206 0 3 140 243 255 254 255 248 233 90 196 255 255 249 243 248 102 134 243 255 255 255 255 238 104 8 125 251 255 250 254 243 235 255 247 255 243 139 0 108 238 251 255 250 254 244 89 138 253 249 255 252 249 162 0 186 255 254 255 254 255 220 0 3 0 0 215 255 255 255 255 239 184 0 6 12 1 214 248 239 255 242 231 109 129 255 255 242 255 255 200 0 4 9 3 0 0 0 0 0 0 0 0 0 0 0 0 0 0 0 0 0 0 0 0 0 0 0 0 0 0 0 0 0 0 0 0 0 0 0 0 0 0 0 0 0 0
0 0 0 0 0 0 0 0 0 0 0 0 0 0 0 0 0 0 0 0 0 0 0 0 0 0 0 0 0 0 0 0 0 0 0 0 0 0 0 0 0 0 3 0 152 244 253 255 255 255 247 102 0 12 1 214 250 255 248 255 253 179 9 15 0 6 1 0 7 0 199 251 255 254 255 253 213 0 134 244 253 255 253 252 248 238 134 247 254 255 255 233 100 0 4 0 210 255 255 251 253 253 169 0 0 0 169 255 249 255 253 253 229 2 226 250 255 246 252 250 174 5 9 0 3 0 0 19 215 255 255 238 184 255 255 255 252 255 194 1 0 2 2 0 0 149 245 255 253 253 255 239 113 0 1 0 192 255 252 255 255 240 214 8 0 5 13 0 220 253 250 255 255 249 181 0 0 2 3 7 3 135 255 251 253 243 253 229 6 7 11 10 226 249 245 251 255 251 153 146 242 255 254 247 255 220 11 235 253 253 251 255 252 130 171 255 254 255 254 254 204 1 210 254 255 255 255 250 172 8 0 0 10 150 241 248 254 255 255 237 68 203 249 253 254 255 235 117 0 2 0 4 0 146 245 255 251 248 255 234 76 161 255 245 251 255 251 138 5 206 251 255 246 247 255 185 7 4 13 133 252 255 255 255 255 236 0 5 3 136 235 255 254 255 251 242 112 255 249 249 246 255 227 0 0 4 0 3 0 147 246 254 255 255 254 237 96 130 243 255 254 249 255 252 241 127 248 251 255 255 236 122 0 2 0 0 4 171 252 251 255 255 245 221 21 201 243 252 251 254 244 191 0 0 1 129 245 255 255 252 255 231 0 0 0 99 248 251 255 255 255 245 109 171 254 255 254 255 252 189 0 187 255 255 255 255 255 213 2 6 7 0 0 212 255 255 251 255 255 167 102 253 255 253 255 255 195 0 2 1 3 1 98 245 254 253 252 255 242 103 210 253 254 253 255 254 178 17 220 255 253 254 249 209 240 255 255 251 214 17 3 137 244 255 251 255 250 232 62 189 251 245 255 255 240 102 133 244 255 255 255 255 239 103 0 151 252 255 247 255 234 220 255 255 249 251 153 7 98 245 245 255 247 240 247 117 149 246 255 245 255 255 177 4 186 255 254 255 254 255 220 0 3 0 5 216 255 252 251 255 249 187 0 0 0 0 218 255 253 255 255 255 173 164 245 255 250 253 255 195 15 4 0 0 10 20 0 0 0 0 0 0 0 0 0 0 0 0 0 0 0 0 0 0 0 0 0 0 0 0 0 0 0 0 0 0 0 0 0 0 0 0 0 0 0 0
0 0 0 0 0 0 0 0 0 0 0 0 0 0 0 0 0 0 0 0 0 0 0 0 0 0 0 0 0 0 0 0 0 0 0 0 0 0 0 0 0 0 4 0 152 244 254 255 245 255 241 94 0 0 0 221 253 255 252 255 245 174 0 0 5 2 0 0 10 0 194 255 255 254 255 254 214 0 135 246 251 255 251 255 247 255 174 245 255 255 254 233 108 3 13 1 210 253 255 255 255 248 173 9 0 9 175 243 255 247 255 240 216 0 216 245 255 255 249 253 177 5 0 0 3 1 2 123 236 251 255 213 165 254 255 255 252 255 193 1 0 2 2 0 0 149 245 255 254 254 255 240 112 1 3 0 192 255 254 255 255 239 202 7 0 3 11 0 208 255 255 255 255 248 181 4 0 3 0 0 0 130 251 250 254 248 255 234 0 0 0 0 241 255 255 253 248 247 142 139 244 255 253 248 255 223 0 212 255 255 250 252 254 152 182 255 255 255 255 255 189 1 211 255 255 255 255 244 174 11 8 4 1 130 238 255 255 255 235 225 96 226 255 246 253 252 230 108 0 3 0 6 0 145 245 255 249 255 228 231 85 216 252 253 253 255 220 113 7 212 241 255 255 255 255 195 1 0 2 129 241 253 253 255 252 224 0 0 1 124 250 242 249 255 251 245 242 136 13 12 0 0 5 17 0 5 0 4 0 147 247 255 255 255 254 237 95 130 242 255 255 250 255 255 250 179 243 253 255 255 236 122 0 3 0 0 11 182 236 245 255 247 255 216 0 213 255 255 255 255 250 173 0 8 8 135 244 248 255 254 255 234 7 2 0 102 246 253 255 255 254 243 106 168 252 255 254 255 253 190 1 188 255 255 255 246 252 207 4 7 2 0 1 213 255 255 245 250 238 168 159 244 248 246 255 255 190 5 0 1 4 0 41 230 254 255 249 255 244 121 218 250 251 251 253 255 155 65 232 255 252 255 249 184 238 255 253 252 231 67 1 134 245 255 249 255 255 236 96 233 255 248 255 245 208 75 132 244 255 255 254 255 239 102 0 174 253 255 247 255 224 204 255 255 249 249 177 7 96 243 253 246 252 255 244 109 148 255 255 238 255 238 141 8 191 240 254 255 254 255 220 0 3 0 4 214 255 252 249 255 254 187 6 0 0 7 193 252 255 247 247 246 255 213 70 0 6 0 0 5 0 7 10 0 0 0 0 0 0 0 0 0 0 0 0 0 0 0 0 0 0 0 0 0 0 0 0 0 0 0 0 0 0 0 0 0 0 0 0 0 0 0 0 0 0 0
0 0 0 0 0 0 0 0 0 0 0 0 0 0 0 0 0 0 0 0 0 0 0 0 0 0 0 0 0 0 0 0 0 0 0 0 0 0 0 0 0 1 5 0 152 244 255 255 255 255 233 109 22 0 0 211 249 255 252 255 247 188 8 7 0 2 3 3 7 2 194 255 255 253 255 254 215 1 136 247 251 255 249 255 249 255 204 243 253 247 255 254 124 0 0 2 215 254 250 251 251 248 178 4 3 0 167 255 255 250 240 255 220 3 225 255 243 252 253 255 177 6 0 3 8 0 4 184 255 251 250 201 173 251 254 251 252 255 193 0 0 3 2 0 0 149 246 255 255 255 255 240 112 2 4 0 192 255 255 255 251 255 202 0 1 0 0 9 207 255 252 241 247 253 189 0 2 8 3 4 5 136 252 252 255 251 243 241 0 17 0 9 222 252 254 255 252 255 148 146 255 243 255 254 237 234 15 182 255 255 251 248 255 169 193 255 255 251 254 253 175 0 206 255 247 249 255 255 184 0 0 2 7 137 251 255 244 255 254 255 255 247 252 255 255 245 232 0 1 3 0 7 0 145 245 255 255 238 255 251 255 239 255 246 254 245 208 3 0 203 255 244 255 243 235 202 0 6 0 149 253 255 248 255 255 230 8 3 0 3 215 255 253 250 255 252 253 255 196 56 6 8 0 0 0 5 1 4 0 147 247 255 252 254 253 237 95 129 242 255 255 253 249 255 250 221 238 255 255 255 236 122 0 4 1 0 0 174 255 255 245 255 246 225 0 236 249 239 255 248 249 180 5 0 0 143 255 240 251 252 252 231 0 13 0 122 237 251 253 255 252 241 103 166 251 254 254 255 254 192 2 188 255 255 254 252 255 207 1 0 0 3 3 209 250 253 249 255 255 243 251 255 253 255 252 239 160 0 0 1 4 0 2 217 253 255 252 255 250 135 227 253 254 254 252 255 142 102 241 255 251 255 251 172 240 255 251 255 248 111 0 131 244 255 248 255 255 241 251 255 244 253 252 254 227 0 131 243 255 255 252 255 238 101 0 191 255 255 249 255 217 192 254 250 255 241 209 0 102 235 250 254 255 244 255 252 255 249 252 255 248 218 24 1 181 255 254 255 254 255 220 0 3 0 0 211 255 255 251 255 251 177 6 0 0 7 160 236 255 247 252 255 249 255 255 138 3 3 6 0 11 0 0 0 19 0 0 0 0 0 0 0 0 0 0 0 0 0 0 0 0 0 0 0 0 0 0 0 0 0 0 0 0 0 0 0 0 0 0 0 0 0 0 0 0 0
0 0 0 0 0 0 0 0 0 0 0 0 0 0 0 0 0 0 0 0 0 0 0 0 0 0 0 0 0 0 0 0 0 0 0 0 0 0 0 0 0 0 0 4 144 248 254 255 255 253 241 112 0 3 1 215 255 254 254 255 246 182 0 0 1 0 1 1 2 0 200 254 255 252 255 255 213 0 133 248 255 255 252 251 255 250 254 247 255 255 255 237 114 0 0 1 217 255 255 254 254 255 175 0 0 5 170 251 254 254 255 253 220 1 220 255 255 252 255 250 177 0 0 7 0 6 4 226 250 255 248 157 162 255 255 251 255 239 197 6 0 5 4 0 0 150 245 255 254 255 255 238 117 3 2 0 192 255 253 255 251 255 255 247 255 246 145 4 210 255 255 246 255 255 250 254 251 243 136 0 7 140 244 255 255 255 255 229 0 4 0 3 230 255 253 255 255 251 150 146 247 255 245 255 255 228 5 172 255 252 255 250 253 178 211 255 255 250 255 244 153 1 209 255 254 255 251 247 249 255 255 235 119 137 240 251 248 255 255 253 254 240 255 255 255 229 112 7 0 3 0 2 0 149 247 254 248 255 255 246 255 249 247 255 215 103 17 0 17 214 249 255 255 255 251 199 0 2 1 142 247 255 255 250 255 230 1 0 0 14 142 250 249 242 255 255 255 245 255 224 103 11 1 0 0 3 0 2 0 149 247 254 255 252 255 240 93 130 246 255 251 255 243 255 255 243 252 255 255 252 240 117 1 0 2 0 3 174 253 255 255 255 255 222 0 223 255 254 252 255 252 181 0 2 0 145 248 255 255 254 255 230 2 0 0 114 238 255 252 254 255 251 248 250 255 249 255 255 252 189 0 186 255 254 253 255 251 255 245 255 243 146 4 204 255 254 254 249 245 255 255 240 255 242 252 191 0 2 5 0 0 2 1 205 254 255 254 255 251 166 225 255 251 255 255 237 118 135 247 250 255 244 251 110 247 241 255 248 255 135 0 132 248 255 245 255 250 249 249 255 246 251 255 233 88 11 134 248 252 255 255 253 240 97 0 225 239 253 254 255 190 178 255 255 255 254 218 2 87 246 254 247 255 255 249 255 251 255 255 241 124 0 0 17 184 252 254 255 253 253 218 0 2 0 0 208 254 250 255 255 249 255 255 248 244 118 0 227 255 254 255 245 252 252 255 255 184 3 0 16 11 0 0 9 8 0 0 0 0 0 0 0 0 0 0 0 0 0 0 0 0 0 0 0 0 0 0 0 0 0 0 0 0 0 0 0 0 0 0 0 0 0 0 0 0 0
0 0 0 0 0 0 0 0 0 0 0 0 0 0 0 0 0 0 0 0 0 0 0 0 0 0 0 0 0 0 0 0 0 0 0 0 0 0 0 0 0 0 0 4 144 248 254 255 255 253 241 112 0 3 1 215 255 254 254 255 246 182 0 0 1 0 1 1 2 0 200 254 255 252 255 255 213 0 133 248 255 255 255 250 255 249 255 255 255 255 255 237 114 0 0 1 217 255 255 254 254 255 175 0 0 5 170 251 254 254 255 253 220 1 220 255 255 252 255 250 181 7 0 3 13 0 135 249 255 247 248 102 171 242 242 255 253 255 203 2 0 0 0 0 0 150 245 255 254 255 255 238 116 2 2 0 192 255 253 255 255 252 246 248 247 249 151 0 217 255 255 247 253 248 252 255 255 249 141 0 4 144 244 247 255 255 255 229 0 4 0 3 230 255 253 255 255 251 150 146 249 255 249 255 249 222 0 146 249 250 255 252 255 188 216 255 252 252 255 251 129 4 208 253 248 251 252 255 255 247 248 249 99 130 246 255 254 249 251 255 255 255 255 246 215 119 18 0 0 3 0 2 0 149 247 254 255 248 241 253 253 252 250 255 255 231 171 16 0 197 255 236 255 255 251 199 0 2 1 142 247 255 255 250 255 230 1 0 7 0 19 147 243 255 255 244 239 255 255 255 246 129 19 0 0 3 0 2 0 149 247 254 255 252 255 240 93 130 246 255 252 255 248 255 252 251 255 254 255 252 240 117 1 0 2 0 3 174 253 255 255 255 255 222 0 223 255 255 252 255 249 177 0 2 0 145 248 255 255 254 255 230 2 0 0 114 238 255 249 255 255 255 255 247 254 255 255 255 252 189 0 186 255 254 255 247 245 248 249 255 254 153 7 208 253 248 250 254 255 255 237 255 249 246 184 60 0 18 0 1 3 5 0 185 249 255 253 255 252 174 229 255 252 255 249 241 97 164 249 247 255 255 229 126 236 248 255 253 247 172 1 140 246 254 247 255 255 254 254 255 253 254 204 125 24 0 133 248 252 255 255 253 240 97 0 221 252 255 255 255 180 168 253 255 253 255 230 34 94 240 247 249 255 243 250 255 255 248 250 251 231 210 0 0 196 255 254 255 253 253 218 0 2 0 1 212 255 250 253 250 246 255 233 255 246 141 0 23 205 250 249 255 255 249 248 253 255 213 48 0 0 7 11 4 0 0 0 0 0 0 0 0 0 0 0 0 0 0 0 0 0 0 0 0 0 0 0 0 0 0 0 0 0 0 0 0 0 0 0 0 0 0 0 0 0 0
0 0 0 0 0 0 0 0 0 0 0 0 0 0 0 0 0 0 0 0 0 0 0 0 0 0 0 0 0 0 0 0 0 0 0 0 0 0 0 0 0 0 0 4 144 248 254 255 255 253 241 112 0 3 1 215 255 254 254 255 246 182 0 0 1 0 1 1 2 0 200 254 255 252 255 255 213 0 133 248 254 255 255 246 255 249 254 255 255 255 255 237 114 0 0 1 217 255 255 254 254 255 175 0 0 5 170 251 254 254 255 253 220 1 220 255 255 252 255 250 175 0 0 0 0 7 220 243 253 241 226 17 167 255 255 249 254 253 176 0 9 5 0 5 0 150 245 255 254 255 255 238 114 2 2 0 192 255 253 255 250 255 255 255 246 249 149 0 214 249 250 254 255 255 254 244 246 236 130 0 0 151 254 251 255 255 255 229 0 4 0 3 230 255 253 255 254 250 150 145 244 255 252 255 252 230 4 119 242 251 255 253 255 202 225 255 249 255 251 246 80 2 208 253 255 255 250 245 254 254 255 234 118 141 237 255 255 252 251 252 236 250 246 255 255 243 159 8 0 3 0 2 0 149 247 254 251 250 253 255 229 255 255 248 252 255 248 108 2 203 255 253 255 255 251 199 0 2 1 142 247 255 255 250 255 230 1 0 0 0 1 1 107 238 253 252 252 255 247 255 255 232 135 0 0 3 0 2 0 149 247 254 255 252 255 240 93 130 246 255 252 255 250 255 245 255 255 251 255 252 240 117 1 0 2 0 3 174 253 255 255 255 255 222 0 223 255 255 253 255 248 174 0 2 0 145 248 255 255 254 255 230 2 0 0 114 238 255 255 255 231 247 255 255 253 255 255 255 252 189 0 186 255 254 255 251 255 255 254 254 243 145 5 212 254 247 249 255 255 234 255 235 255 244 249 220 35 0 0 4 3 4 4 166 252 252 253 255 253 189 235 255 253 255 255 221 10 167 255 255 251 242 223 69 228 252 255 255 234 202 0 142 244 255 255 254 255 248 240 255 244 255 255 244 143 1 133 248 252 255 255 253 240 96 85 249 255 242 236 245 159 151 250 255 250 255 243 81 103 234 255 255 255 247 255 231 248 255 255 250 255 255 129 10 201 240 254 255 253 253 218 0 2 0 0 213 255 254 254 255 255 255 255 250 242 121 4 10 8 183 237 255 255 248 255 248 243 245 178 32 0 3 13 0 0 5 0 0 0 0 0 0 0 0 0 0 0 0 0 0 0 0 0 0 0 0 0 0 0 0 0 0 0 0 0 0 0 0 0 0 0 0 0 0 0 0
0 0 0 0 0 0 0 0 0 0 0 0 0 0 0 0 0 0 0 0 0 0 0 0 0 0 0 0 0 0 0 0 0 0 0 0 0 0 0 0 0 0 0 4 144 248 254 255 255 253 241 112 0 3 1 215 255 254 254 255 246 182 0 0 1 0 1 1 2 0 200 254 255 252 255 255 213 0 133 248 253 250 255 240 252 252 252 255 255 255 255 237 114 0 0 1 217 255 255 254 254 255 175 0 0 5 170 251 254 254 255 253 220 1 220 255 255 252 255 250 182 0 8 10 0 80 237 251 255 243 196 14 151 242 255 255 246 255 187 4 0 5 19 0 0 150 245 255 254 255 255 238 112 1 3 0 192 255 252 255 251 251 255 233 255 255 150 1 204 255 255 255 244 251 255 253 255 245 136 10 0 140 252 255 255 255 255 229 0 4 0 3 229 255 252 255 254 250 149 145 243 255 253 255 255 236 5 75 236 254 255 253 255 216 233 255 253 255 242 228 26 0 210 255 243 255 251 255 255 246 255 240 96 144 238 251 255 255 253 241 137 220 253 255 239 255 219 5 0 3 0 2 0 149 247 254 250 255 248 230 114 203 255 255 243 252 244 188 10 210 246 254 255 255 251 199 0 2 1 142 247 255 255 250 255 230 1 0 15 0 0 22 11 63 212 255 255 238 253 255 231 255 228 13 0 3 0 2 0 149 247 254 255 252 255 240 93 130 246 255 253 255 245 248 246 255 255 251 255 252 240 117 1 0 2 0 3 174 253 255 255 255 255 222 1 223 254 254 253 255 251 177 0 2 0 145 248 255 255 254 255 230 2 0 0 114 238 255 247 255 252 255 247 255 255 245 255 255 252 189 0 186 255 254 255 238 246 255 236 255 243 156 0 213 255 254 253 255 244 191 169 255 236 255 255 233 180 5 3 3 0 0 11 142 255 251 252 255 254 207 241 255 255 255 253 219 0 204 255 255 248 255 239 0 227 251 255 255 238 211 0 137 242 255 255 250 254 232 118 224 243 244 251 255 214 16 132 247 252 255 255 253 239 95 104 232 254 253 255 255 155 128 248 255 251 255 248 124 106 231 255 241 255 250 246 139 180 253 248 255 255 234 223 0 188 255 254 255 253 253 218 0 2 0 0 215 255 255 255 255 255 239 253 235 255 114 0 0 6 0 168 242 249 251 255 255 254 251 255 140 7 0 0 2 2 4 0 0 0 0 0 0 0 0 0 0 0 0 0 0 0 0 0 0 0 0 0 0 0 0 0 0 0 0 0 0 0 0 0 0 0 0 0 0 0 0
0 0 0 0 0 0 0 0 0 0 0 0 0 0 0 0 0 0 0 0 0 0 0 0 0 0 0 0 0 0 0 0 0 0 0 0 0 0 0 0 0 0 0 4 144 248 254 255 255 253 241 112 0 3 1 215 255 254 254 255 246 182 0 0 1 0 1 1 2 0 200 254 255 252 255 255 213 0 133 248 255 248 255 239 231 255 254 253 255 255 255 237 114 0 0 1 217 255 255 254 254 255 175 0 0 5 170 251 254 254 255 253 220 1 220 255 255 252 255 250 182 0 5 14 0 132 234 255 248 255 255 234 255 255 255 254 255 238 255 236 145 0 0 9 0 150 245 255 254 255 255 238 110 0 3 1 192 255 252 255 255 255 205 19 2 0 4 0 226 254 242 252 255 255 167 0 0 0 0 0 6 151 247 248 255 255 255 229 0 4 0 3 229 255 252 255 254 250 149 145 248 255 253 252 254 229 0 18 227 255 255 251 255 228 241 255 254 255 243 215 0 0 213 255 255 255 254 251 171 11 0 3 13 127 254 255 252 249 251 233 56 211 255 255 248 248 240 128 0 3 0 2 0 149 247 254 250 255 247 218 59 172 251 255 255 255 247 194 0 212 249 248 255 255 251 199 0 2 1 142 247 255 255 250 255 230 1 0 0 16 10 0 3 0 12 191 246 255 255 255 252 255 238 119 0 3 0 2 0 149 247 254 255 252 255 240 93 130 246 255 255 252 238 230 254 255 249 255 255 252 240 117 1 0 2 0 3 174 253 255 255 255 255 222 3 223 252 252 253 255 255 181 0 2 0 145 248 255 255 254 255 230 2 0 0 114 238 255 255 254 245 228 106 164 250 255 255 255 252 189 0 186 255 254 252 255 255 205 12 1 0 0 0 214 255 255 253 255 241 164 123 241 252 243 234 255 196 8 0 5 0 0 4 90 247 255 253 255 254 224 246 255 255 255 255 202 0 222 252 255 245 255 201 11 198 233 253 251 255 232 21 132 241 255 255 248 253 227 76 211 255 255 238 241 240 96 131 246 252 255 255 253 238 94 134 236 255 255 249 238 136 105 248 255 253 255 245 158 103 233 255 240 255 253 242 88 139 252 251 255 248 255 205 0 187 255 254 255 253 253 218 0 2 0 4 219 254 253 251 250 244 195 14 7 0 26 0 0 3 4 0 123 221 255 254 234 246 255 255 214 2 0 0 10 5 0 0 0 0 0 0 0 0 0 0 0 0 0 0 0 0 0 0 0 0 0 0 0 0 0 0 0 0 0 0 0 0 0 0 0 0 0 0 0 0 0
0 0 0 0 0 0 0 0 0 0 0 0 0 0 0 0 0 0 0 0 0 0 0 0 0 0 0 0 0 0 0 0 0 0 0 0 0 0 0 0 0 0 0 4 144 248 254 255 255 253 241 112 0 3 1 215 255 254 254 255 246 182 0 0 1 0 1 1 2 0 200 254 255 252 255 255 213 0 133 248 255 251 255 239 191 255 255 253 255 255 255 237 114 0 0 1 217 255 255 254 254 255 175 0 0 5 170 251 254 254 255 253 220 1 220 255 255 252 255 250 178 5 0 0 7 122 235 249 253 255 241 255 253 241 254 255 255 249 255 243 124 0 8 0 0 150 245 255 254 255 255 238 107 0 4 2 191 255 252 255 255 255 194 0 12 0 6 1 215 255 255 253 249 251 188 9 10 9 6 8 0 141 245 255 255 255 255 229 0 4 0 3 228 255 252 255 253 249 148 144 248 254 253 254 255 229 0 0 211 254 255 252 253 238 247 255 251 255 251 205 4 0 215 255 247 245 255 255 181 3 0 8 0 130 254 254 250 253 255 226 86 205 244 255 253 255 239 119 0 3 0 2 0 149 247 254 253 254 250 251 86 181 247 252 252 249 255 185 5 203 255 255 255 255 251 199 0 2 1 142 247 255 255 250 255 230 1 0 0 140 233 255 255 255 255 221 132 242 255 247 252 252 249 190 0 3 0 2 0 149 247 254 255 252 255 240 93 130 246 255 255 252 234 194 255 255 248 255 255 252 240 117 1 0 2 0 3 174 253 255 255 255 255 222 3 222 251 251 254 255 254 179 0 2 0 145 248 255 255 254 255 230 2 0 0 114 238 255 249 253 255 255 97 168 255 248 255 255 252 189 0 186 255 254 249 254 238 200 0 9 1 7 0 216 253 255 250 255 251 166 101 244 255 255 250 254 194 0 0 8 8 1 0 26 227 255 253 255 253 238 249 255 255 255 255 170 9 222 252 255 245 245 255 234 255 255 255 244 255 228 76 130 244 252 254 249 255 234 82 193 245 255 254 255 250 105 130 246 252 255 255 252 238 93 165 249 255 255 252 255 246 255 249 255 254 255 243 185 97 237 255 255 255 252 252 103 148 255 255 255 243 255 204 15 187 246 254 255 253 253 218 0 2 0 3 219 251 254 253 253 247 177 0 0 26 0 227 255 245 255 255 234 185 185 255 255 255 245 242 243 0 8 3 2 1 3 0 0 0 0 0 0 0 0 0 0 0 0 0 0 0 0 0 0 0 0 0 0 0 0 0 0 0 0 0 0 0 0 0 0 0 0 0 0 0 0
0 0 0 0 0 0 0 0 0 0 0 0 0 0 0 0 0 0 0 0 0 0 0 0 0 0 0 0 0 0 0 0 0 0 0 0 0 0 0 0 0 0 0 4 144 248 254 255 255 253 241 112 0 3 1 215 255 254 254 255 246 182 0 0 1 0 1 1 2 0 200 254 255 252 255 255 213 0 133 248 255 252 255 237 142 244 255 255 255 255 255 237 114 0 0 1 217 255 255 254 254 255 175 0 0 5 170 251 254 254 255 253 220 1 220 255 255 252 255 250 178 15 0 2 4 128 245 251 250 255 244 248 254 255 255 244 255 246 246 239 137 1 6 0 0 150 245 255 254 255 255 238 106 0 4 2 191 255 251 255 253 255 215 4 10 0 3 0 213 253 249 255 255 255 191 0 0 0 0 6 0 147 255 255 255 255 255 229 0 4 0 3 228 255 251 255 253 249 148 144 246 250 255 255 255 227 10 3 191 248 255 255 253 247 251 254 252 255 255 187 12 0 215 252 255 255 253 241 173 10 3 0 14 142 245 245 253 255 255 228 78 190 255 255 243 255 249 112 0 3 0 2 0 149 247 254 255 252 239 229 67 167 247 255 255 249 255 191 15 196 252 252 255 255 251 199 0 2 1 142 247 255 255 250 255 230 1 0 6 128 254 255 243 255 246 212 1 184 255 255 254 255 255 171 0 3 0 2 0 149 247 254 255 252 255 240 93 130 246 255 254 255 230 144 251 255 251 255 255 252 240 117 1 0 2 0 3 174 253 255 255 255 255 222 1 221 252 253 255 255 247 169 0 2 0 145 248 255 255 254 255 230 2 0 0 114 238 255 255 249 241 248 96 178 255 253 255 255 252 189 0 186 255 254 251 255 255 218 0 0 0 0 3 216 249 255 249 255 255 172 122 251 232 255 255 252 203 0 0 6 6 4 0 0 215 255 253 255 251 248 250 254 255 255 248 157 94 251 250 248 255 255 241 255 242 255 249 248 255 248 126 125 249 253 249 254 255 236 80 201 255 250 253 255 234 86 129 245 252 255 255 252 237 92 175 250 249 253 245 247 254 255 251 255 251 255 246 208 92 240 244 255 248 241 245 108 145 247 240 253 255 252 215 0 179 255 254 255 253 253 218 0 2 0 0 218 251 255 255 255 255 183 5 0 2 0 198 244 255 251 255 235 144 103 231 240 249 255 255 241 0 7 0 0 3 5 0 0 0 0 0 0 0 0 0 0 0 0 0 0 0 0 0 0 0 0 0 0 0 0 0 0 0 0 0 0 0 0 0 0 0 0 0 0 0 0
0 0 0 0 0 0 0 0 0 0 0 0 0 0 0 0 0 0 0 0 0 0 0 0 0 0 0 0 0 0 0 0 0 0 0 0 0 0 0 0 0 0 0 4 144 248 254 255 255 253 241 112 0 3 1 215 255 254 254 255 246 182 0 0 1 0 1 1 2 0 200 254 255 252 255 255 213 0 133 248 253 252 255 232 105 231 255 255 255 255 255 237 114 0 0 1 217 255 255 254 254 255 175 0 0 5 170 251 254 254 255 253 220 1 220 255 255 252 255 250 155 0 1 7 0 152 241 255 255 253 255 242 255 244 247 255 252 255 253 236 137 0 0 4 0 150 245 255 254 255 255 238 105 0 4 2 191 255 251 255 255 247 203 5 0 0 9 0 220 253 248 255 252 248 192 0 5 2 1 7 0 151 255 245 255 255 255 229 0 4 0 3 228 255 251 255 253 249 148 144 249 252 255 255 246 213 8 1 176 243 255 255 255 252 254 253 255 252 252 166 13 0 215 254 254 249 254 255 186 0 0 7 0 136 251 255 255 249 255 238 79 212 254 246 255 254 214 139 0 3 0 2 0 149 247 254 249 255 255 231 65 171 253 252 247 255 248 181 0 223 255 246 255 255 251 199 0 2 1 142 247 255 255 250 255 230 1 0 0 124 226 255 255 254 247 232 0 180 241 252 255 245 242 192 0 3 0 2 0 149 247 254 255 252 255 240 93 130 246 255 247 255 226 106 239 254 253 254 255 252 240 117 1 0 2 0 3 174 253 255 255 255 255 222 0 221 253 255 255 255 240 159 0 2 0 145 248 255 255 254 255 230 2 0 0 114 238 255 255 255 246 255 110 177 244 255 255 255 252 189 0 186 255 254 255 248 255 203 3 1 0 6 2 214 248 255 251 254 255 168 109 242 252 255 248 255 191 2 5 2 0 4 10 0 215 248 254 255 250 253 250 252 255 255 247 132 115 243 254 255 255 249 255 241 255 255 254 255 255 246 150 117 254 255 250 255 255 230 81 192 255 247 253 252 228 109 128 245 252 255 255 252 237 92 201 255 246 255 255 249 255 245 253 255 248 255 251 223 90 241 246 255 251 252 248 104 139 255 255 244 252 253 201 11 184 254 254 255 253 253 218 0 2 0 0 221 253 255 249 253 255 179 0 4 0 0 207 247 255 253 248 250 148 73 242 254 250 255 255 221 7 5 0 3 10 0 0 0 0 0 0 0 0 0 0 0 0 0 0 0 0 0 0 0 0 0 0 0 0 0 0 0 0 0 0 0 0 0 0 0 0 0 0 0 0 0
0 0 0 0 0 0 0 0 0 0 0 0 0 0 0 0 0 0 0 0 0 0 0 0 0 0 0 0 0 0 0 0 0 0 0 0 0 0 0 0 11 0 1 5 142 251 254 255 255 255 227 118 21 0 0 221 252 253 249 252 254 175 9 0 0 3 0 4 0 3 192 255 255 255 242 248 224 0 136 246 252 244 255 233 91 195 255 255 255 255 248 251 122 0 6 1 220 252 253 252 254 255 180 7 3 0 165 235 255 255 255 252 220 91 244 243 240 255 247 254 158 0 3 3 0 149 249 255 255 245 255 251 255 249 251 255 253 255 252 231 141 5 0 0 0 152 253 248 244 255 255 237 97 0 4 5 173 255 255 248 248 255 209 11 0 7 0 4 210 254 255 247 251 255 189 6 0 8 13 2 4 148 253 249 255 255 252 237 0 1 3 0 222 254 234 255 255 249 170 152 247 255 255 255 250 222 0 7 137 241 255 255 247 255 255 247 248 255 246 144 0 8 216 253 249 255 254 255 163 17 0 0 3 137 250 250 255 254 254 232 75 211 255 255 247 255 242 119 0 8 13 2 4 148 253 249 246 255 247 237 108 213 255 255 247 255 248 201 0 217 250 255 255 246 242 207 0 2 0 150 255 255 253 255 253 227 5 0 0 0 252 246 255 252 248 229 71 187 253 255 255 248 255 181 0 8 13 2 4 148 253 249 255 255 250 238 94 130 245 255 252 255 231 99 190 255 245 255 255 255 241 121 0 7 0 11 0 171 239 255 255 246 251 226 79 233 250 255 244 251 253 152 4 0 8 144 255 255 247 255 255 235 0 7 0 124 235 255 255 252 255 246 106 177 249 255 255 255 250 207 0 183 255 248 249 255 247 204 21 0 0 2 7 210 255 253 251 251 255 177 108 247 252 242 255 254 190 9 9 0 4 11 0 0 180 246 255 255 255 255 255 255 255 255 243 95 144 254 255 255 244 255 255 255 255 251 253 254 246 255 172 124 254 250 251 255 252 237 88 202 249 255 246 254 240 99 123 248 254 255 255 255 242 90 215 243 255 255 250 250 255 255 247 255 252 255 255 227 132 231 248 253 255 254 237 115 209 247 255 244 255 253 205 2 203 252 255 254 253 255 199 0 0 1 13 194 255 254 254 255 246 183 3 0 18 6 167 250 255 255 255 243 161 132 217 255 255 242 255 227 0 13 0 2 3 2 0 0 0 0 0 0 0 0 0 0 0 0 0 0 0 0 0 0 0 0 0 0 0 0 0 0 0 0 0 0 0 0 0 0 0 0 0 0 0 0
0 0 0 0 0 0 0 0 0 0 0 0 0 0 0 0 0 0 0 0 0 0 0 0 0 0 0 0 0 0 0 0 0 0 0 0 0 0 0 0 0 0 6 4 147 244 249 249 242 255 239 112 0 0 1 225 255 255 255 255 253 177 0 0 10 7 0 0 0 1 199 250 252 254 255 255 205 16 121 255 255 255 255 232 68 175 243 249 253 255 247 235 113 1 13 0 211 246 252 255 255 246 174 0 6 0 60 247 255 248 254 253 255 231 255 255 255 239 255 216 86 0 13 3 0 9 5 0 3 0 0 16 193 253 255 247 252 255 193 8 0 0 16 2 14 151 245 255 255 255 251 252 255 246 255 195 202 237 243 255 255 220 255 255 248 255 234 2 214 255 255 255 254 255 192 8 3 0 0 0 0 146 255 255 255 251 255 229 8 0 14 1 195 255 255 255 244 255 240 255 255 255 246 250 254 178 10 0 125 241 241 245 250 255 255 255 255 246 225 104 9 5 218 251 249 255 240 255 255 248 255 255 197 152 235 255 255 255 251 251 89 211 253 255 250 252 240 129 3 0 0 0 0 146 255 255 255 252 242 255 227 255 255 245 255 255 255 163 2 209 251 250 252 247 255 194 0 0 1 141 234 249 252 255 253 231 1 4 8 19 195 255 254 255 255 255 244 255 255 248 247 252 255 158 3 0 0 0 0 146 255 255 255 254 249 240 104 139 248 251 243 255 239 60 170 255 251 254 252 250 235 122 0 10 0 0 17 70 233 255 240 255 255 254 255 255 254 255 255 241 245 68 0 7 8 136 241 248 252 255 252 230 6 0 4 110 241 252 255 246 253 247 116 185 252 251 253 255 244 175 16 181 248 255 255 244 241 255 231 255 255 234 2 205 249 252 255 249 250 170 118 254 255 255 255 245 187 0 8 0 3 0 0 14 169 251 253 253 253 253 253 253 253 253 224 41 165 231 251 255 244 255 228 5 133 255 253 246 255 238 191 124 240 253 252 255 246 234 93 202 249 255 251 255 238 106 130 252 254 251 253 253 241 112 241 247 244 248 255 247 149 42 231 252 248 253 255 236 147 235 255 255 246 253 255 224 255 253 255 255 245 255 222 0 180 248 243 255 245 251 255 241 255 243 126 230 251 252 255 255 255 248 255 244 241 207 154 250 255 246 250 255 251 246 255 253 240 255 255 223 14 10 0 3 6 0 0 0 0 0 0 0 0 0 0 0 0 0 0 0 0 0 0 0 0 0 0 0 0 0 0 0 0 0 0 0 0 0 0 0 0 0 0 0 0 0
0 0 0 0 0 0 0 0 0 0 0 0 0 0 0 0 0 0 0 0 0 0 0 0 0 0 0 0 0 0 0 0 0 0 0 0 0 0 0 0 0 0 3 0 161 253 255 253 254 255 243 124 0 7 1 220 244 250 250 250 248 195 4 14 0 0 2 5 4 0 212 251 255 247 248 255 207 14 125 252 235 248 254 253 100 114 249 255 253 255 255 244 120 2 6 0 225 255 252 255 253 252 194 0 4 11 8 190 246 251 255 255 253 250 248 249 254 255 250 209 9 0 1 2 10 15 2 13 0 7 5 0 198 243 249 255 255 241 196 0 27 3 0 0 1 150 246 255 255 255 246 255 243 251 250 199 187 255 251 255 242 255 246 241 255 245 229 12 219 255 250 250 244 255 204 0 13 7 1 12 0 152 249 248 255 251 255 228 3 0 4 0 92 215 255 254 232 255 255 255 245 242 248 255 240 82 2 7 21 231 255 255 255 242 249 252 235 255 238 111 0 9 200 255 255 255 246 245 248 249 255 242 246 132 242 246 240 255 247 229 87 208 253 255 248 255 240 128 13 7 1 12 0 152 249 248 255 252 250 255 255 255 246 255 244 249 236 166 21 222 236 255 252 243 255 192 4 8 10 158 248 255 255 255 255 243 1 5 0 3 187 237 255 253 230 255 255 240 245 255 255 244 222 102 13 7 1 12 0 152 249 248 255 252 253 239 104 136 245 254 255 253 234 87 119 240 245 255 255 255 245 133 0 4 4 0 0 10 196 252 242 251 255 247 248 248 253 255 250 255 189 15 0 9 0 154 249 255 255 255 255 235 4 0 9 123 251 255 255 245 255 247 119 181 251 253 248 255 255 187 15 197 246 255 255 255 255 255 255 246 255 235 0 221 255 251 255 251 255 182 110 243 250 249 253 255 217 7 0 1 8 9 0 5 104 228 255 255 255 255 255 255 255 255 237 0 209 255 246 255 255 248 189 9 177 231 255 255 242 255 221 138 235 255 255 255 253 242 85 204 255 255 249 255 235 100 131 249 253 248 255 253 238 144 229 255 255 253 255 237 126 0 227 252 255 255 255 253 177 245 248 255 246 255 250 255 255 253 252 255 245 252 189 0 212 255 255 255 246 241 248 249 255 242 152 220 234 247 253 241 255 255 252 255 253 227 23 202 255 243 255 254 248 255 255 247 241 255 255 169 0 2 4 0 0 0 0 0 0 0 0 0 0 0 0 0 0 0 0 0 0 0 0 0 0 0 0 0 0 0 0 0 0 0 0 0 0 0 0 0 0 0 0 0 0 0
0 0 0 0 0 0 0 0 0 0 0 0 0 0 0 0 0 0 0 0 0 0 0 0 0 0 0 0 0 0 0 0 0 0 0 0 0 0 0 0 12 6 0 0 166 251 255 244 255 247 230 139 3 2 0 219 255 255 255 251 248 205 3 3 0 0 8 5 1 0 214 250 255 250 236 251 228 0 159 251 255 255 242 231 107 0 229 251 241 245 252 251 129 0 0 8 227 255 239 242 241 255 210 0 0 0 3 0 219 249 255 251 249 255 252 255 238 255 196 0 0 10 0 0 9 0 0 0 6 13 1 0 212 255 255 255 255 254 208 0 0 6 2 13 0 167 255 249 249 254 248 255 255 255 247 202 182 255 242 243 247 255 249 255 255 255 249 0 220 255 245 243 244 255 221 0 0 0 0 4 1 171 255 241 253 255 245 241 7 14 6 7 5 138 234 255 248 252 242 253 253 255 255 223 148 7 0 0 11 235 254 239 251 255 255 247 255 255 235 0 3 0 229 243 237 252 252 255 255 240 253 255 207 136 255 255 246 255 255 228 98 214 255 250 245 255 248 138 0 0 0 4 1 171 255 241 246 255 255 239 251 240 247 255 255 255 231 24 0 206 255 236 255 251 249 210 0 4 0 154 254 255 246 246 250 238 0 0 8 0 11 201 253 255 242 255 243 250 255 248 255 240 159 0 0 0 0 4 1 171 255 241 255 255 255 241 114 140 245 255 244 251 245 106 4 224 255 234 250 255 244 138 0 0 11 8 0 20 0 218 255 246 255 255 255 255 255 233 255 210 0 9 3 1 0 176 255 251 242 244 255 232 0 4 0 142 240 251 255 253 255 251 130 181 253 255 243 255 255 213 0 207 251 244 246 245 255 239 255 248 252 236 0 228 255 244 248 244 255 185 141 255 254 243 244 255 217 0 6 0 0 7 0 2 83 255 253 253 253 253 253 253 253 253 220 0 219 255 255 246 238 254 222 0 162 244 255 252 243 255 227 153 227 255 248 247 252 237 96 217 255 249 243 255 241 110 142 248 255 253 255 255 240 182 250 255 252 239 255 244 134 3 221 245 249 246 252 250 191 238 248 254 250 255 239 249 236 255 247 250 255 235 104 0 214 220 247 247 253 255 255 252 242 255 133 215 253 255 255 255 255 250 255 255 255 234 0 129 218 254 245 254 255 244 237 248 255 254 178 72 0 0 12 0 0 1 0 0 0 0 0 0 0 0 0 0 0 0 0 0 0 0 0 0 0 0 0 0 0 0 0 0 0 0 0 0 0 0 0 0 0 0 0 0 0 0
0 0 0 0 0 0 0 0 0 0 0 0 0 0 0 0 0 0 0 0 0 0 0 0 0 0 0 0 0 0 0 0 0 0 0 0 0 0 0 0 0 0 1 15 165 240 255 255 255 255 245 148 0 0 23 237 242 250 255 255 247 192 4 0 14 2 0 0 0 15 211 249 244 255 255 255 207 8 160 237 248 247 255 239 134 7 207 255 255 255 253 238 132 12 0 4 226 255 255 255 255 242 185 9 9 0 11 10 0 151 223 248 248 253 255 249 228 150 0 26 0 8 0 7 11 0 6 9 0 0 0 24 193 253 251 254 255 255 205 25 0 0 9 0 18 158 246 253 255 255 253 252 249 252 249 218 212 255 255 255 255 244 243 255 251 253 232 3 218 255 255 255 255 249 191 9 7 14 0 0 6 164 255 255 245 255 254 231 10 0 0 3 0 6 61 178 249 255 248 255 255 241 184 68 0 0 9 2 0 208 251 255 255 248 255 255 246 245 225 0 10 4 228 255 255 254 247 255 255 244 250 255 225 170 237 250 255 249 254 239 123 207 253 255 255 255 232 147 7 14 0 0 6 164 255 255 255 255 255 254 251 255 255 246 235 218 124 0 0 233 255 255 255 255 255 204 2 0 8 185 238 254 255 255 255 230 21 2 10 0 11 0 114 219 255 240 255 253 251 242 178 36 0 7 7 14 0 0 6 164 255 255 248 245 255 236 148 167 240 255 255 248 231 126 3 202 255 254 255 255 234 145 18 1 0 0 10 0 18 0 142 221 241 252 242 255 243 234 141 0 17 3 0 3 4 172 243 252 255 255 255 236 15 3 0 133 235 255 249 242 249 244 160 197 245 253 255 250 234 197 15 205 255 255 255 255 251 243 255 255 247 237 8 195 244 255 255 255 255 200 146 239 255 255 255 251 200 16 7 2 0 7 1 0 30 195 255 255 255 255 255 255 255 255 198 29 208 255 241 246 255 255 200 5 132 255 247 252 255 253 242 199 246 255 247 251 255 244 118 213 255 255 255 255 228 131 168 242 249 241 253 247 232 206 243 253 255 255 255 231 113 0 235 253 255 248 254 255 220 248 255 250 251 255 255 255 246 255 255 240 234 130 0 0 217 255 254 255 255 255 242 255 246 247 162 222 251 248 245 252 255 247 244 252 255 221 6 0 58 169 247 249 255 255 255 255 205 120 15 2 11 0 0 3 7 0 0 0 0 0 0 0 0 0 0 0 0 0 0 0 0 0 0 0 0 0 0 0 0 0 0 0 0 0 0 0 0 0 0 0 0 0 0 0 0 0
0 0 0 0 0 0 0 0 0 0 0 0 0 0 0 0 0 0 0 0 0 0 0 0 0 0 0 0 0 0 0 0 0 0 0 0 0 0 0 0 7 17 4 0 13 13 0 0 3 0 1 5 0 24 0 3 8 2 7 0 2 19 0 18 0 0 13 12 8 0 25 0 7 0 0 0 14 0 7 0 21 0 5 7 2 0 6 0 0 0 0 14 4 0 7 5 11 0 0 4 1 6 29 0 7 5 7 2 5 1 0 0 0 12 0 7 0 1 15 0 12 4 0 0 0 0 7 1 5 1 6 0 6 2 0 4 0 0 1 10 4 0 10 8 0 16 12 0 0 0 0 11 9 0 0 0 0 8 0 0 0 15 0 0 5 0 3 0 5 0 0 0 0 2 29 0 0 0 1 8 0 10 6 0 11 0 0 9 0 12 15 0 4 0 0 15 6 0 0 8 0 0 13 0 0 13 1 0 0 31 0 0 8 0 0 0 0 16 10 0 0 0 8 0 1 0 0 0 0 1 5 5 10 0 0 3 12 0 3 9 5 5 0 0 0 0 13 5 0 0 1 8 0 10 6 0 4 0 0 14 0 9 1 0 14 0 6 0 22 15 0 0 0 0 0 9 7 20 0 0 5 6 0 0 0 21 0 7 0 18 0 17 11 0 10 2 0 2 0 0 18 0 0 7 0 0 1 8 0 10 6 0 10 6 11 5 0 0 11 10 1 0 18 12 0 3 0 0 0 3 7 7 0 6 13 7 0 7 0 19 8 11 0 13 0 13 9 0 0 8 5 2 3 9 0 20 5 0 0 0 0 11 0 6 10 13 8 0 8 3 0 10 0 4 10 5 0 0 17 21 0 14 0 0 0 5 7 4 0 0 0 10 0 35 5 0 0 0 3 5 0 8 0 0 0 0 19 0 0 8 6 8 5 0 0 27 2 2 2 2 2 2 2 2 16 0 18 8 7 7 0 0 5 0 8 17 1 0 0 0 0 0 6 6 0 0 9 0 0 8 0 0 0 0 13 7 0 14 15 1 6 7 0 0 0 0 0 0 0 0 7 9 0 1 4 0 2 7 0 5 3 0 0 0 0 4 0 0 4 0 2 0 12 6 7 0 0 3 0 0 0 15 0 0 0 0 1 2 2 6 8 4 14 2 0 0 4 0 0 7 0 0 5 0 0 0 10 13 0 0 16 3 1 0 6 0 0 0 0 0 0 0 0 0 0 0 0 0 0 0 0 0 0 0 0 0 0 0 0 0 0 0 0 0 0 0 0 0 0 0 0 0 0 0 0 0
0 0 0 0 0 0 0 0 0 0 0 0 0 0 0 0 0 0 0 0 0 0 0 0 0 0 0 0 0 0 0 0 0 0 0 0 0 0 0 0 0 0 0 4 0 0 0 5 0 7 6 0 0 8 0 3 0 0 11 1 1 0 0 3 8 0 3 0 0 1 1 0 3 2 12 6 0 14 0 0 0 0 20 0 0 2 0 13 8 9 0 0 0 2 7 0 1 0 3 12 3 0 0 0 0 3 0 7 5 0 1 15 5 5 9 9 0 0 3 10 0 0 5 8 5 6 0 0 2 0 6 1 4 5 0 4 18 8 5 0 0 0 2 0 0 0 2 17 19 9 1 0 0 1 11 11 0 0 0 9 5 5 10 14 0 0 0 9 5 0 6 12 3 0 0 4 12 5 2 0 12 0 0 13 0 4 21 7 0 0 0 9 4 10 9 0 0 5 13 0 12 0 1 10 7 0 0 11 0 1 0 13 3 0 0 14 2 0 0 0 9 0 10 11 0 6 13 4 0 2 1 1 0 17 9 5 0 0 1 5 0 0 3 21 14 0 0 0 12 5 2 0 12 0 0 13 7 0 0 13 0 1 3 14 0 11 0 8 0 0 0 11 11 13 5 0 0 0 6 5 0 2 12 0 4 2 3 10 11 0 17 0 8 3 0 0 7 8 13 0 13 0 0 0 12 5 2 0 12 0 0 13 0 2 2 0 6 9 0 1 0 8 7 0 12 4 6 0 0 7 0 5 0 4 0 0 9 4 0 0 0 8 0 0 10 0 0 20 6 17 0 5 0 3 3 0 0 4 10 6 7 7 12 0 0 0 2 13 0 4 0 2 4 14 0 0 2 0 0 0 14 0 0 0 9 1 0 0 6 3 2 0 0 0 0 0 4 3 0 3 4 0 9 16 9 0 0 16 1 9 1 0 0 14 0 2 0 0 0 0 0 0 0 0 0 0 3 2 0 5 15 0 1 2 0 2 0 0 15 8 1 9 0 0 0 0 3 0 0 0 1 16 19 0 0 0 4 3 6 0 0 1 0 2 12 4 0 1 1 0 0 2 0 0 3 0 2 5 0 6 0 11 9 5 0 0 3 1 0 15 4 3 8 0 0 12 4 5 1 15 4 0 0 5 14 0 1 6 4 2 0 0 0 8 17 0 14 8 8 0 6 6 7 8 7 2 0 0 23 2 0 0 10 0 0 6 0 0 0 0 0 0 0 0 0 0 0 0 0 0 0 0 0 0 0 0 0 0 0 0 0 0 0 0 0 0 0 0 0 0 0 0 0 0 0 0
0 0 0 0 0 0 0 0 0 0 0 0 0 0 0 0 0 0 0 0 0 0 0 0 0 0 0 0 0 0 0 0 0 0 0 0 0 0 0 0 8 6 0 12 0 0 1 6 6 1 0 2 8 0 4 2 8 0 3 0 7 0 15 0 2 2 13 0 0 12 0 7 3 0 0 2 0 0 9 4 0 16 0 0 20 0 8 0 0 0 0 5 4 0 0 5 1 3 10 0 0 11 0 9 0 5 7 0 2 7 4 0 0 2 3 0 1 8 0 0 1 0 4 0 1 10 0 8 0 0 11 0 1 0 0 3 0 0 9 0 7 6 0 3 5 0 2 1 0 1 13 3 3 0 0 3 0 10 0 0 0 0 0 0 0 10 12 0 0 1 11 0 1 11 0 1 0 3 4 0 17 0 0 4 2 6 0 0 11 14 0 2 8 0 0 9 8 0 1 0 0 0 2 0 6 0 11 0 8 0 0 5 0 12 1 1 4 0 0 10 0 7 0 0 6 0 0 0 4 5 0 2 2 3 0 7 0 11 0 2 1 4 1 0 0 1 11 0 0 3 4 0 17 0 0 4 0 5 0 0 6 2 0 1 0 11 0 3 6 0 11 0 0 6 0 10 12 0 0 0 3 0 6 0 7 0 16 0 0 2 0 8 3 8 2 6 7 0 6 0 0 1 11 0 0 3 4 0 17 0 0 4 0 10 7 0 9 3 0 8 5 4 0 12 3 0 10 3 0 13 0 7 5 0 0 15 0 10 0 0 12 0 2 4 3 7 4 0 9 0 1 6 5 0 7 0 0 12 0 0 5 0 7 0 0 19 0 7 0 16 0 0 5 5 0 9 0 0 5 6 0 0 23 0 1 0 6 0 5 0 5 0 0 0 19 2 0 12 0 0 1 0 4 0 1 9 0 2 0 0 3 5 0 3 5 0 1 1 1 1 1 1 1 1 3 6 1 5 2 0 0 3 0 13 0 10 4 0 8 0 0 13 0 0 6 0 0 5 0 12 2 0 0 0 2 3 8 0 3 2 0 6 0 2 0 0 0 3 5 2 0 0 6 0 3 0 3 1 0 1 0 6 0 13 2 3 0 0 0 11 0 5 3 3 11 0 3 5 0 0 0 0 6 0 0 0 7 2 0 0 3 3 9 0 0 6 2 0 6 3 0 6 1 0 0 6 3 1 0 7 3 0 3 0 4 0 0 0 0 0 0 0 0 0 0 0 0 0 0 0 0 0 0 0 0 0 0 0 0 0 0 0 0 0 0 0 0 0 0 0 0 0 0 0 0 0
0 0 0 0 0 0 0 0 0 0 0 0 0 0 0 0 0 0 0 0 0 0 0 0 1 1 1 1 1 1 1 1 1 1 1 1 1 1 1 1 0 0 0 0 0 0 0 0 0 0 0 0 0 0 0 0 1 1 1 1 1 1 1 1 0 0 0 0 0 0 0 0 0 0 0 0 0 0 0 0 0 0 0 0 0 0 0 0 0 0 0 0 0 0 0 0 0 0 1 1 1 1 1 1 0 0 0 0 0 0 0 0 0 0 0 0 0 0 0 0 0 0 0 0 0 0 0 0 0 0 0 0 0 0 0 0 0 1 0 1 0 1 0 1 0 1 0 1 0 1 0 1 0 0 0 0 0 0 0 0 0 0 0 0 0 0 0 0 1 1 0 1 0 1 0 1 0 1 0 1 0 1 0 1 1 1 1 1 1 1 1 1 1 1 1 1 1 1 1 1 0 0 0 0 0 0 0 0 0 0 0 0 0 0 0 0 0 0 0 0 0 0 0 0 0 0 0 0 0 0 0 0 0 0 0 0 0 0 0 0 0 0 0 0 0 0 0 0 0 0 0 0 0 0 0 0 0 0 0 0 0 0 0 0 0 0 0 0 0 0 0 0 0 0 0 0 0 0 0 0 0 0 0 0 0 0 0 0 0 0 0 0 0 0 0 0 0 0 0 0 0 0 0 0 0 0 0 0 0 0 0 0 0 0 0 0 0 0 0 0 0 0 0 0 0 0 0 0 0 0 0 0 0 0 0 0 0 0 0 0 0 0 0 0 0 0 0 0 0 0 0 0 0 0 0 0 0 0 0 0 0 0 0 0 0 0 0 0 0 0 0 0 0 0 0 0 0 0 0 0 0 0 0 0 0 0 0 0 0 0 0 0 0 0 0 0 0 0 0 0 0 0 0 0 0 0 0 0 1 1 1 1 1 1 1 1 1 1 1 1 1 1 1 1 1 1 1 1 1 1 1 1 1 1 1 1 1 1 1 1 0 0 0 0 0 0 0 0 0 0 0 0 0 0 0 0 0 0 0 0 0 0 0 0 0 0 0 0 0 0 0 0 0 0 0 0 0 0 0 0 0 0 0 0 0 0 0 0 0 0 0 0 0 0 0 0 0 0 0 0 0 0 0 0 0 0 0 0 0 0 0 0 0 0 0 0 0 0 0 0 0 0 0 0 0 0 0 0 0 0 0 0 0 0 0 0 0 0 0 0 0 0 0 0 0 0 0 0 0 0 0 0 0 0 0 0 0 0 0 0 0 0 0 0 0 0 0 0 0 0 0 0 0 0 0 0
0 0 0 0 0 0 0 0 1 1 1 1 1 1 1 1 0 0 0 0 0 0 0 0 0 1 0 1 0 1 0 1 1 2 1 2 1 2 1 1 1 1 1 1 1 1 1 1 0 0 0 0 0 0 0 0 1 1 1 1 1 1 1 1 0 0 0 0 0 0 0 0 0 0 0 0 0 0 0 0 0 0 0 0 0 0 0 0 0 0 0 0 0 0 0 1 1 1 1 2 2 2 2 2 1 1 1 1 1 1 1 1 1 1 1 1 1 1 1 1 1 1 1 1 1 1 1 1 1 1 1 1 1 1 1 1 1 2 1 2 1 2 1 2 1 2 1 2 1 2 1 1 1 1 1 1 1 1 1 1 1 1 1 1 1 1 1 1 1 2 1 2 1 2 1 2 1 2 1 2 1 2 1 2 1 2 1 2 1 2 1 2 1 2 1 2 1 2 1 2 1 1 1 1 1 1 1 1 1 1 1 1 1 1 1 1 1 1 1 1 1 1 1 1 1 1 1 1 1 1 1 1 1 1 1 1 1 1 1 1 1 1 1 1 1 1 1 1 0 0 0 0 0 0 0 0 0 0 0 0 0 0 0 0 1 1 1 1 1 1 1 1 0 0 0 0 0 0 0 0 0 0 0 0 0 0 0 0 0 0 0 0 0 0 0 0 1 1 1 1 1 1 1 1 1 1 1 1 1 1 1 1 1 1 1 1 1 1 1 1 1 1 1 1 1 1 1 1 1 1 1 1 1 1 1 1 1 1 1 1 1 1 1 1 1 1 1 1 1 1 1 1 1 1 1 1 1 1 1 1 0 1 0 1 0 1 0 1 0 1 0 1 0 1 0 1 1 1 1 1 1 1 1 1 1 1 1 1 1 1 1 1 0 1 0 1 0 1 0 1 0 1 0 1 0 1 0 1 1 2 1 2 1 2 1 2 1 2 1 2 1 2 1 2 1 2 1 2 1 2 1 2 1 2 1 2 1 2 1 2 1 1 1 1 1 1 1 1 1 1 1 1 1 1 1 1 0 0 0 0 0 0 0 0 0 0 0 0 0 0 0 1 1 1 1 1 1 1 1 1 1 1 1 1 1 1 1 1 1 1 1 1 1 1 1 1 1 1 1 1 1 1 1 1 1 0 0 0 0 0 0 0 0 0 0 0 0 0 0 0 1 1 1 1 1 1 1 1 1 1 1 1 1 1 1 1 1 1 1 1 1 1 1 1 1 1 1 1 1 1 1 1 1 1 1 1 1 1 1 1 1 1 1 1 1 1 1 1 0 0 0 0 0 0 0 0
0 0 0 0 0 0 0 0 0 0 0 0 0 0 0 0 0 0 0 0 0 0 0 0 0 0 0 0 0 0 0 0 0 0 0 0 0 0 0 0 0 0 0 0 0 0 0 0 0 0 0 0 0 0 0 0 0 1 1 1 1 1 1 1 1 1 1 1 1 1 1 1 0 0 0 0 0 0 0 0 0 0 0 0 0 0 0 0 0 0 0 0 0 0 0 0 0 0 0 0 0 0 0 0 0 0 0 0 0 0 0 0 0 0 0 0 0 0 0 0 0 0 0 0 0 0 0 0 0 0 0 0 0 0 0 0 0 0 0 0 0 0 0 0 0 0 0 0 0 0 0 0 0 1 0 1 0 1 0 1 0 1 0 1 0 1 0 0 0 0 0 0 0 0 0 0 0 0 0 0 0 0 0 0 0 0 0 0 0 0 0 0 0 0 0 0 0 0 0 0 0 0 0 0 0 0 0 0 0 0 0 0 0 0 0 0 0 0 0 0 0 0 0 0 0 0 0 0 0 0 0 0 0 0 0 0 0 0 0 0 0 0 0 0 0 0 0 0 0 0 0 0 0 0 0 0 0 0 0 0 0 0 0 0 0 0 0 0 0 0 0 0 0 0 0 0 0 0 0 0 0 0 0 0 0 0 0 0 0 0 0 0 0 0 0 0 0 0 0 0 0 0 0 0 0 0 0 0 0 0 0 0 0 0 0 0 0 0 0 0 0 0 0 0 0 0 0 0 0 0 0 0 0 0 0 0 0 0 0 0 0 0 0 0 0 0 0 0 0 0 0 0 0 0 0 0 0 0 0 0 0 0 0 0 0 0 0 0 0 0 0 0 0 0 0 0 0 0 0 0 0 0 0 0 0 0 0 0 0 0 0 0 0 0 0 0 0 0 0 0 0 0 0 0 0 0 0 0 0 0 0 0 0 0 0 0 0 0 0 0 0 0 0 0 0 0 0 0 0 0 0 0 0 0 0 0 0 0 0 0 0 0 0 0 0 0 0 0 0 0 0 0 0 0 0 0 0 0 0 0 0 0 0 0 0 0 0 0 0 0 0 0 1 1 1 1 1 1 1 1 1 1 1 1 1 1 1 1 1 1 1 1 1 1 1 1 1 1 1 1 1 1 1 1 0 0 0 0 0 0 0 0 0 0 0 0 0 0 0 0 0 0 0 0 0 0 0 0 0 0 0 0 0 0 0 0 0 0 0 0 0 0 0 0 0 0 0 0 0 0 0 0 1 1 1 1 1 1 1 1 1 1 1 1 1 1 1 1 0 0 0 0 0 0 0 0
0 0 0 0 0 0 0 0 2 2 2 2 2 2 2 2 2 2 2 2 2 2 2 2 2 2 2 2 2 2 2 2 3 3 3 3 3 3 3 3 4 5 4 5 4 5 4 5 2 3 2 3 2 3 2 3 3 3 3 3 3 3 3 3 4 4 4 4 4 4 4 4 4 4 3 4 3 4 3 4 3 4 3 4 3 4 3 3 2 2 2 2 2 2 2 3 1 1 1 2 2 2 2 2 1 1 1 1 1 1 1 1 1 1 1 1 1 1 1 1 1 1 1 1 1 1 1 1 1 1 1 1 1 1 1 1 1 1 0 1 0 1 0 1 0 1 0 1 0 1 0 1 2 3 3 3 3 3 3 3 3 3 3 3 3 3 3 2 1 1 0 1 0 1 0 1 0 1 0 1 0 1 0 1 1 1 1 1 1 1 1 1 1 1 1 1 1 1 1 1 1 1 1 1 1 1 1 1 3 3 3 3 3 3 3 3 1 1 1 1 1 1 1 1 1 1 1 1 1 1 1 1 1 1 1 1 1 1 1 1 1 1 1 1 1 1 1 1 2 2 2 2 2 2 2 2 2 2 2 2 2 2 2 2 2 3 2 3 2 3 2 3 3 4 3 4 3 4 3 4 3 3 3 3 3 3 3 3 4 4 4 4 4 4 4 4 2 3 2 3 2 3 2 3 2 3 2 3 2 3 2 3 2 3 2 3 2 3 2 3 2 3 2 3 2 3 2 3 2 3 2 3 2 3 2 3 2 3 2 3 2 3 2 2 1 1 1 1 1 1 1 1 1 1 1 1 1 1 1 1 0 0 0 0 0 0 0 0 0 0 0 0 0 0 0 0 3 3 3 3 3 3 3 3 1 1 1 1 1 1 1 1 0 0 0 0 0 0 0 0 0 0 0 0 0 0 0 0 1 1 1 1 1 1 1 1 3 3 3 3 3 3 3 3 1 1 1 1 1 1 1 1 1 1 1 1 1 1 1 1 1 1 1 1 1 1 1 1 1 1 1 1 1 1 1 1 2 2 2 2 2 2 2 2 2 2 2 2 2 2 2 2 2 3 2 3 2 3 2 3 2 3 2 3 2 3 2 3 2 3 2 3 2 3 2 3 2 3 2 3 2 3 2 3 2 2 2 2 2 2 2 2 2 2 2 2 2 2 2 2 2 3 2 3 2 3 2 3 2 3 2 3 2 3 2 3 2 3 2 3 2 3 2 3 2 3 2 3 2 3 2 3 2 3 2 3 2 3 2 3 2 3 2 3 2 3 2 3 0 0 0 0 0 0 0 0
0 0 0 0 0 0 0 0 0 0 0 0 0 0 0 0 0 0 0 0 0 0 0 0 0 0 0 0 0 0 0 0 0 0 0 0 0 0 0 0 0 1 0 1 0 1 0 1 0 1 0 1 0 1 0 1 1 1 1 1 1 1 1 1 1 1 1 1 1 1 1 1 1 1 0 1 0 1 0 1 0 1 0 1 0 1 0 0 0 0 0 0 0 0 0 0 0 0 0 0 0 0 0 0 0 0 0 0 0 0 0 0 0 0 0 0 0 0 0 0 0 0 0 0 0 0 0 0 0 0 0 0 0 0 0 0 0 0 0 0 0 0 0 0 0 0 0 0 0 0 0 0 0 1 0 1 0 1 0 1 0 1 0 1 0 1 0 0 0 0 0 0 0 0 0 0 0 0 0 0 0 0 0 0 0 0 0 0 0 0 0 0 0 0 0 0 0 0 0 0 0 0 0 0 0 0 0 0 0 0 0 0 0 0 0 0 0 0 0 0 0 0 0 0 0 0 0 0 0 0 0 0 0 0 0 0 0 0 0 0 0 0 0 0 0 0 0 0 0 0 0 0 0 0 0 0 0 0 0 0 0 0 0 0 0 1 0 1 0 1 0 1 0 1 0 1 0 1 0 1 0 0 0 0 0 0 0 0 0 0 0 0 0 0 0 0 0 1 0 1 0 1 0 1 0 1 0 1 0 1 0 1 0 1 0 1 0 1 0 1 0 1 0 1 0 1 0 1 0 1 0 1 0 1 0 1 0 1 0 1 0 1 0 0 0 0 0 0 0 0 0 0 0 0 0 0 0 0 0 0 0 0 0 0 0 0 0 0 0 0 0 0 0 0 0 0 0 0 0 0 0 0 0 0 0 0 0 0 0 0 0 0 0 0 0 0 0 0 0 0 0 0 0 0 0 0 0 0 0 0 0 0 0 0 0 0 0 0 0 0 0 0 0 0 0 0 0 0 0 0 0 0 0 0 0 0 0 0 0 0 0 0 0 0 0 0 0 0 0 0 0 0 0 0 0 0 0 0 0 0 0 0 0 0 0 0 0 0 0 0 0 0 0 1 0 1 0 1 0 1 0 1 0 1 0 1 0 1 0 1 0 1 0 1 0 1 0 1 0 1 0 1 0 0 0 0 0 0 0 0 0 0 0 0 0 0 0 0 0 0 0 1 0 1 0 1 0 1 0 1 0 1 0 1 0 1 0 1 0 1 0 1 0 1 0 1 0 1 0 1 0 1 0 1 0 1 0 1 0 1 0 1 0 1 0 1 0 1 0 0 0 0 0 0 0 0
0 0 0 0 0 0 0 0 4 5 4 5 4 5 4 5 3 4 3 4 3 4 3 3 1 1 1 1 1 1 1 1 2 2 2 2 2 2 2 2 3 4 4 4 4 4 4 4 4 4 4 4 4 4 4 4 3 4 3 4 3 4 3 4 3 4 3 4 3 4 3 3 3 3 2 3 2 3 2 3 2 3 2 3 2 3 2 2 2 2 1 2 2 2 2 2 2 3 3 3 3 4 3 3 3 3 3 3 3 3 3 3 3 3 3 3 3 3 3 3 3 3 3 3 3 3 3 3 3 3 3 3 3 3 3 3 2 2 2 2 2 2 2 2 2 2 2 2 2 2 2 3 4 4 4 4 4 4 4 4 4 4 4 4 4 4 4 4 2 2 2 2 2 2 2 2 2 2 2 2 2 2 2 2 2 2 2 2 2 2 2 2 2 2 2 2 2 2 2 2 3 3 3 3 3 3 3 3 3 3 3 3 3 3 3 3 3 3 3 3 3 3 3 3 3 3 3 3 3 3 3 3 3 3 3 3 3 3 3 3 3 3 3 3 3 3 3 3 3 4 4 4 4 4 4 4 4 4 4 4 4 4 4 4 4 4 3 4 3 4 3 4 2 3 2 3 2 3 2 3 3 3 3 3 3 3 3 3 4 4 4 4 4 4 4 4 4 4 4 4 4 4 4 4 4 4 4 4 4 4 4 4 4 4 4 4 4 4 4 4 4 4 4 4 4 4 4 4 4 4 4 4 4 4 4 4 4 4 4 4 4 4 4 3 3 3 2 3 2 3 2 3 2 3 2 3 2 3 2 3 2 2 2 2 2 2 2 2 2 2 2 2 2 2 2 3 3 3 3 3 3 3 3 3 3 3 3 3 3 3 3 3 2 2 2 2 2 2 2 2 2 2 2 2 2 2 2 2 2 2 2 2 2 2 2 2 2 2 2 2 2 2 2 2 2 2 2 2 2 2 2 2 2 2 2 2 2 2 2 2 3 3 3 3 3 3 3 3 3 3 3 3 3 3 3 3 3 4 4 4 4 4 4 4 4 4 4 4 4 4 4 4 4 4 4 4 4 4 4 4 4 4 4 4 4 4 4 4 4 4 4 4 4 4 4 4 4 4 4 4 4 4 4 4 4 4 4 4 4 4 4 4 4 4 4 4 4 4 4 4 4 4 4 4 4 4 4 4 4 4 4 4 4 4 4 4 4 4 4 4 4 4 4 4 4 4 4 4 4 4 4 4 4 4 4 4 4 4 4 4 4 4 4 4 4 4 4 4 0 0 0 0 0 0 0 0
0 0 0 0 0 0 0 0 14 15 14 15 14 15 14 15 14 15 14 15 14 15 14 15 14 14 14 14 14 14 14 14 15 15 15 15 15 15 15 15 16 16 16 16 16 16 16 16 15 15 15 15 15 15 15 15 15 16 15 16 15 16 15 16 15 16 15 16 15 16 15 15 15 15 14 15 14 15 14 15 14 15 14 15 14 15 14 14 15 15 14 15 15 15 15 16 18 18 18 18 18 19 18 18 18 18 18 18 18 18 18 18 18 18 18 18 18 18 18 18 18 18 18 18 18 18 18 18 18 18 18 18 18 18 18 18 17 17 17 17 17 17 17 17 17 17 17 17 17 17 17 18 18 18 18 18 18 18 18 18 18 18 18 18 18 18 18 18 17 17 17 17 17 17 17 17 17 17 17 17 17 17 17 17 17 17 17 17 17 17 17 17 17 17 17 17 17 17 17 17 18 18 18 18 18 18 18 18 16 16 16 16 16 16 16 16 18 18 18 18 18 18 18 18 18 18 18 18 18 18 18 18 18 18 18 18 18 18 18 18 18 18 18 18 18 18 18 18 18 18 18 18 18 18 18 18 18 18 18 18 18 18 18 18 18 18 17 18 17 18 17 18 14 15 14 15 14 15 14 15 15 15 15 15 15 15 15 15 16 16 16 16 16 16 16 16 18 18 18 18 18 18 18 18 18 18 18 18 18 18 18 18 18 18 18 18 18 18 18 18 18 18 18 18 18 18 18 18 18 18 18 18 18 18 18 18 18 18 18 18 18 18 18 18 18 18 17 18 17 18 17 18 17 18 17 18 17 18 17 18 18 18 18 18 18 18 18 18 18 18 18 18 18 18 18 18 16 16 16 16 16 16 16 16 18 18 18 18 18 18 18 18 18 18 18 18 18 18 18 18 18 18 18 18 18 18 18 18 17 17 17 17 17 17 17 17 15 15 15 15 15 15 15 15 17 17 17 17 17 17 17 17 17 17 17 17 17 17 17 17 18 18 18 18 18 18 18 18 18 18 18 18 18 18 18 18 18 18 18 18 18 18 18 18 18 18 18 18 18 18 18 18 17 17 17 17 17 17 17 17 17 17 17 17 17 17 17 17 17 17 17 17 17 17 17 17 17 17 17 17 17 17 17 17 18 18 18 18 18 18 18 18 18 18 18 18 18 18 18 18 18 18 18 18 18 18 18 18 18 18 18 18 18 18 18 18 18 18 18 18 18 18 18 18 18 18 18 18 18 18 18 18 17 17 17 17 17 17 17 17 17 17 17 17 17 17 17 17 0 0 0 0 0 0 0 0
0 0 0 0 0 0 0 0 118 118 118 118 118 118 118 118 124 124 124 124 124 124 124 124 126 126 126 126 126 126 126 126 127 127 127 127 127 127 127 127 127 127 127 127 127 127 127 127 125 125 125 125 125 125 125 125 124 124 124 124 124 124 124 124 126 126 126 126 126 126 126 126 126 126 126 126 126 126 126 126 126 126 126 126 126 126 126 126 127 127 127 127 128 128 128 128 131 131 131 131 131 131 131 131 131 131 131 131 131 131 131 131 131 131 131 131 131 131 131 131 131 131 131 131 131 131 131 131 131 131 131 131 131 131 131 131 130 130 130 130 130 130 130 130 130 130 130 130 130 130 130 130 129 129 129 129 129 129 129 129 129 129 129 129 129 129 129 129 130 130 130 130 130 130 130 130 130 130 130 130 130 130 130 130 130 130 130 130 130 130 130 130 130 130 130 130 130 130 130 130 131 131 131 131 131 131 131 131 129 129 129 129 129 129 129 129 131 131 131 131 131 131 131 131 131 131 131 131 131 131 131 131 131 131 131 131 131 131 131 131 131 131 131 131 131 131 131 130 129 129 129 129 129 129 129 129 129 129 129 129 129 129 129 129 129 129 129 129 129 129 129 129 126 126 126 126 126 126 126 126 125 126 126 126 126 126 126 126 127 127 127 127 127 127 127 127 129 129 129 129 129 129 129 129 129 129 129 129 129 129 129 129 129 129 129 129 129 129 129 129 129 129 129 129 129 129 129 129 129 129 129 129 129 129 129 129 129 129 129 129 129 129 129 129 130 130 130 130 130 130 130 130 130 130 130 130 130 130 130 130 131 131 131 131 131 131 131 131 131 131 131 131 131 131 131 131 129 129 129 129 129 129 129 129 131 131 131 131 131 131 131 131 131 131 131 131 131 131 131 131 131 131 131 131 131 131 131 131 130 130 130 130 130 130 130 130 128 128 128 128 128 128 128 128 130 130 130 130 130 130 130 130 130 130 130 130 130 130 130 130 131 131 131 131 131 131 131 131 131 131 131 131 131 131 131 130 129 129 129 129 129 129 129 129 129 129 129 129 129 129 129 129 129 129 128 129 128 129 128 129 128 129 128 129 128 129 128 129 128 129 128 129 128 129 128 129 128 129 128 129 128 129 128 129 129 129 129 129 129 129 129 129 129 129 129 129 129 129 129 129 129 129 129 129 129 129 129 129 129 129 129 129 129 129 129 129 129 129 129 129 129 129 129 129 129 129 129 129 129 129 129 129 129 129 128 129 128 129 128 129 128 129 128 129 128 129 128 129 0 0 0 0 0 0 0 0
0 0 0 0 0 0 0 0 172 172 172 173 174 175 177 178 179 179 180 181 181 182 183 183 183 184 185 186 186 187 188 188 188 188 188 188 188 188 188 187 186 186 186 186 186 186 186 186 186 185 184 183 182 181 182 182 182 182 182 182 182 182 182 182 182 182 182 182 182 182 182 182 182 181 181 181 181 182 183 184 181 181 182 183 183 184 185 186 188 189 189 188 188 187 187 187 190 190 192 193 193 194 196 195 193 193 193 192 192 191 191 191 192 192 192 192 192 192 192 192 193 193 193 193 193 193 193 193 193 193 193 193 193 193 193 193 192 192 192 192 192 192 192 192 192 192 192 192 192 192 192 191 191 190 190 190 190 190 190 190 191 191 191 191 191 191 191 192 192 193 193 193 193 193 193 193 192 192 192 192 192 192 192 192 192 192 191 192 191 192 191 192 192 193 192 192 191 191 190 191 190 192 193 194 194 194 194 193 193 193 193 192 192 191 191 191 189 189 189 190 191 192 193 194 195 195 195 195 195 195 195 195 193 193 193 193 193 193 193 193 193 193 193 194 194 195 195 196 192 192 192 192 192 192 192 192 193 193 193 192 192 192 191 191 190 190 189 189 188 187 186 186 183 183 183 183 183 183 183 184 184 184 184 184 184 184 184 184 186 186 186 187 187 188 188 188 189 189 188 190 189 191 190 191 190 191 190 191 190 191 190 191 190 191 190 191 190 191 190 191 190 191 190 191 190 191 190 191 189 190 189 190 189 190 189 190 189 190 189 190 189 190 189 190 193 194 193 194 193 194 193 194 193 195 194 195 194 194 192 192 192 192 192 192 192 192 192 192 192 192 192 192 192 192 192 192 193 193 193 192 192 191 191 191 192 193 194 195 195 195 195 194 194 194 194 195 195 196 196 196 194 194 194 194 194 194 194 194 193 193 192 193 192 193 192 193 190 191 190 191 190 191 190 191 191 192 191 192 191 192 191 192 191 192 191 192 191 192 191 192 193 193 193 193 193 193 193 193 193 193 193 193 193 193 193 193 191 191 191 191 191 191 191 191 192 192 192 191 191 190 190 189 190 190 190 190 190 190 190 190 190 190 190 190 190 190 190 190 190 190 190 190 190 190 190 190 190 190 190 190 190 190 190 190 190 191 191 191 191 191 191 191 191 191 191 191 191 191 191 191 191 191 191 191 191 191 191 191 191 191 191 191 191 191 191 191 192 192 191 191 190 190 189 190 189 190 189 190 189 190 189 189 189 189 189 189 189 189 189 189 190 190 190 190 190 190 190 190 0 0 0 0 0 0 0 0
0 0 0 0 0 0 0 0 171 172 171 172 173 175 176 178 178 179 179 181 180 182 182 183 183 184 185 186 186 187 188 188 188 188 188 188 188 188 188 188 186 186 186 186 186 186 186 186 186 185 184 183 182 181 182 182 182 182 181 182 181 182 181 182 181 182 181 182 181 182 181 181 182 181 180 181 180 182 182 184 180 181 181 183 182 184 184 186 188 189 189 188 188 187 188 188 191 191 192 192 193 194 196 196 193 193 193 192 192 191 191 191 192 192 192 192 192 192 192 192 193 193 193 193 193 193 193 193 193 193 193 193 193 193 193 193 192 192 192 192 192 192 192 192 192 192 192 192 192 192 192 192 190 190 190 190 190 190 190 190 191 191 191 191 191 191 191 191 192 193 193 193 193 193 193 193 192 192 192 192 192 192 192 192 192 192 192 192 192 192 192 192 193 193 193 192 192 191 191 191 191 192 193 194 194 194 194 193 193 193 193 192 192 191 191 191 189 189 189 190 191 192 193 194 195 195 195 195 195 195 195 195 193 193 193 193 193 193 193 193 193 193 193 194 194 194 195 194 192 191 191 191 191 191 191 191 192 192 191 191 190 190 190 190 190 190 188 188 186 187 185 186 182 183 182 183 182 183 182 183 183 183 183 183 183 183 183 183 185 185 185 186 186 186 187 187 188 188 188 189 189 189 190 190 190 190 190 190 190 190 190 190 190 190 190 190 190 190 190 190 190 190 190 190 190 190 190 190 189 189 189 189 189 189 189 189 189 189 189 189 189 189 189 190 192 194 194 194 194 194 194 194 194 195 195 195 195 194 193 192 193 193 193 193 193 193 193 193 193 193 193 193 193 193 193 193 193 193 193 192 192 191 191 191 192 193 194 194 195 195 194 194 195 195 195 196 196 196 197 197 195 195 195 195 195 195 195 194 193 193 193 193 193 193 193 193 192 192 192 192 192 192 192 192 192 192 192 192 192 192 192 192 192 192 192 192 192 192 192 192 193 193 193 193 193 193 193 193 193 193 193 193 193 193 193 192 191 190 190 190 190 190 190 190 191 191 191 190 190 189 189 189 190 189 189 189 189 189 189 189 189 189 189 189 189 189 189 189 189 189 189 189 189 189 189 189 189 189 189 189 189 189 189 190 190 190 190 190 190 190 190 190 190 190 190 190 190 190 190 190 191 191 191 191 191 191 191 191 191 191 191 191 191 191 191 191 191 191 191 190 190 189 189 189 189 189 189 189 189 189 189 189 189 188 188 188 188 188 188 188 189 189 189 189 189 189 189 189 0 0 0 0 0 0 0 0
0 0 0 0 0 0 0 0 169 170 169 171 171 174 175 177 177 178 178 180 179 181 181 182 183 184 185 186 186 187 188 188 188 188 188 188 188 188 188 187 185 185 185 185 185 185 185 185 185 184 183 182 181 180 181 181 181 181 180 181 180 181 180 181 180 181 180 181 180 181 180 180 180 180 180 180 180 181 182 182 180 180 181 182 182 183 184 185 188 189 189 188 188 187 187 187 190 190 191 192 193 194 195 196 193 193 193 192 192 191 191 191 192 192 192 192 192 192 192 192 193 193 193 193 193 193 193 193 193 193 193 193 193 193 193 193 192 192 192 192 192 192 192 192 192 192 192 192 192 192 192 192 190 189 189 189 189 189 189 189 190 190 190 190 190 190 190 191 193 193 193 193 193 193 193 193 192 192 192 192 192 192 192 192 192 192 192 192 192 192 192 192 193 193 193 192 192 191 191 191 191 192 193 194 194 194 194 193 193 193 193 192 192 191 191 191 190 189 189 189 190 191 193 193 194 194 194 194 194 194 194 194 193 193 193 193 193 193 193 193 192 192 193 193 193 194 194 193 192 190 190 190 190 190 190 190 190 190 189 189 189 188 188 189 188 188 187 187 186 185 184 184 182 182 182 182 182 182 182 182 183 182 182 182 182 182 182 182 184 184 184 184 185 185 185 186 187 187 187 187 188 188 188 189 189 189 189 189 189 189 189 189 189 189 189 189 189 189 189 189 189 189 189 189 189 189 189 189 188 188 188 188 188 188 188 188 188 188 188 188 188 188 188 190 192 193 193 193 193 193 193 193 193 194 194 194 194 193 192 192 192 192 192 192 192 192 192 192 192 192 192 192 192 192 192 193 193 193 193 192 192 191 191 191 192 192 193 194 195 195 194 194 195 194 194 194 195 195 195 196 193 193 193 193 193 193 193 193 193 193 193 193 193 193 193 193 192 192 192 192 192 192 192 192 192 192 192 192 192 192 192 192 192 192 192 192 192 192 192 192 193 193 193 193 193 193 193 193 193 193 193 193 193 193 193 192 191 189 189 189 189 189 189 189 190 190 190 189 189 188 188 188 189 189 189 189 189 189 189 189 189 189 189 189 189 189 189 189 189 189 189 189 189 189 189 189 189 189 189 189 189 189 189 189 189 189 189 189 189 189 189 189 189 189 189 189 189 189 189 190 190 190 190 190 190 190 190 190 190 190 190 190 190 190 190 190 190 190 190 189 189 188 188 188 188 188 188 188 188 188 188 188 188 188 188 188 188 188 188 188 189 189 189 189 189 189 189 189 0 0 0 0 0 0 0 0
0 0 0 0 0 0 0 0 169 170 169 171 171 174 174 176 177 178 178 180 179 181 181 182 182 183 184 185 185 186 187 187 187 187 187 187 187 187 187 187 186 186 185 186 185 186 185 186 185 185 183 183 181 181 181 181 181 181 180 181 180 181 180 181 179 180 179 180 179 180 179 179 180 180 179 179 180 180 181 182 180 180 181 182 182 183 184 185 187 188 188 187 187 187 187 187 189 189 190 192 192 193 194 194 193 193 192 192 191 191 190 191 191 192 191 192 191 192 191 192 192 193 192 193 192 193 192 193 192 193 192 193 192 193 192 193 192 192 192 192 192 192 192 192 192 192 192 192 192 192 192 192 191 190 190 190 190 190 190 190 191 191 191 191 191 191 191 192 193 193 193 193 193 193 193 193 192 192 192 192 192 192 192 192 191 192 191 192 191 192 191 192 192 193 192 192 191 191 190 191 190 192 192 194 193 194 193 193 192 193 192 192 191 191 190 191 189 189 188 189 189 191 191 192 192 193 192 193 192 193 192 193 192 192 191 192 191 192 191 192 191 192 191 192 191 193 192 192 192 191 190 191 190 191 190 191 189 190 188 189 187 188 187 187 187 187 187 186 185 184 184 183 182 182 182 182 182 182 182 182 182 183 182 183 182 183 182 183 183 184 184 185 184 186 185 186 186 187 187 188 187 189 188 189 188 189 188 189 188 189 188 189 188 189 188 189 188 189 188 189 188 189 188 189 188 189 188 189 188 189 188 189 188 189 188 189 188 189 188 189 188 189 188 189 191 192 192 192 192 192 192 192 192 193 193 193 193 192 191 191 192 192 192 192 192 192 192 192 192 192 192 192 192 192 192 192 192 193 192 192 191 191 190 191 190 192 192 194 193 194 193 193 193 193 194 194 194 195 195 195 192 192 192 192 192 192 192 192 191 192 191 192 191 192 191 192 192 193 192 193 192 193 192 193 191 192 191 192 191 192 191 192 191 192 191 192 191 192 191 192 192 193 192 193 192 193 192 193 192 193 192 193 192 193 192 192 191 190 189 190 189 190 189 190 190 191 190 190 189 189 188 189 188 189 188 189 188 189 188 189 188 189 188 189 188 189 188 189 188 189 188 189 188 189 188 189 188 189 188 189 188 189 188 189 188 189 188 189 188 189 188 189 189 190 189 190 189 190 189 190 190 191 190 191 190 191 190 191 190 191 190 191 190 191 190 191 190 191 190 190 189 189 188 189 188 189 188 189 188 189 188 189 188 189 188 189 188 189 188 189 188 189 188 189 188 189 188 189 0 0 0 0 0 0 0 0
0 0 0 0 0 0 0 0 169 169 170 170 172 173 175 176 178 178 179 180 180 181 182 182 182 182 183 184 184 185 186 186 186 186 186 186 186 186 186 186 186 186 186 186 186 186 186 186 186 185 184 183 182 181 182 182 182 182 181 182 181 182 181 182 180 181 180 181 180 181 180 180 181 180 179 180 179 181 181 183 180 181 181 183 182 184 184 186 187 187 187 186 186 186 186 187 188 189 190 190 191 192 193 193 192 192 191 191 190 190 189 190 190 191 190 191 190 191 190 191 191 192 191 192 191 192 191 192 191 192 191 192 191 192 191 192 191 192 191 192 191 192 191 192 191 192 191 192 191 192 191 191 191 191 191 191 191 191 191 191 192 192 192 192 192 192 192 192 192 193 192 193 192 193 192 193 191 192 191 192 191 192 191 192 191 191 191 191 191 191 191 191 192 192 192 191 191 190 190 191 189 191 191 193 192 193 192 192 191 192 191 191 190 190 189 190 188 188 187 188 187 189 189 190 189 190 189 190 189 190 189 190 191 191 190 191 190 191 190 191 190 191 190 191 190 190 189 190 191 191 190 191 190 191 190 191 188 189 188 189 187 188 186 186 188 187 186 186 184 184 183 184 182 183 182 183 182 183 182 183 183 184 183 184 183 184 183 184 184 185 184 186 185 186 186 187 187 188 186 189 187 189 188 190 188 190 188 190 188 190 188 190 188 190 188 190 188 190 188 190 188 190 188 190 188 190 188 190 188 190 188 190 188 190 188 190 188 190 188 190 188 190 188 190 190 191 191 191 191 191 191 191 191 192 192 192 192 191 190 189 191 192 191 192 191 192 191 192 191 192 191 192 191 192 191 192 191 192 191 191 190 190 189 190 189 191 191 192 192 193 191 192 192 193 192 194 193 194 194 195 191 192 191 192 191 192 191 192 191 191 191 191 191 191 191 191 192 192 192 192 192 192 192 192 191 191 191 191 191 191 191 191 191 191 191 191 191 191 191 191 192 192 191 192 191 192 191 192 191 192 191 192 191 192 191 192 191 191 190 191 190 191 190 191 191 192 191 191 190 190 189 190 189 190 189 190 189 190 189 190 189 190 189 190 189 190 189 190 189 190 189 190 189 190 189 190 189 190 189 190 189 190 189 190 189 190 189 190 189 190 189 190 190 191 190 191 190 191 190 191 191 191 191 191 191 191 191 191 191 191 191 191 191 191 191 191 191 192 190 191 189 190 188 190 188 190 188 190 188 190 188 190 189 190 189 190 189 190 189 190 189 190 189 190 189 190 189 190 0 0 0 0 0 0 0 0
0 0 0 0 0 0 0 0 169 170 169 171 171 174 174 176 178 179 179 181 180 182 182 182 181 181 182 183 183 184 185 185 185 185 185 185 185 185 185 185 186 187 186 187 186 187 186 187 186 186 184 184 182 182 182 183 182 182 182 182 182 182 182 182 180 180 180 180 180 180 180 180 180 180 179 179 180 181 182 182 181 181 182 183 183 184 185 186 186 186 186 185 186 185 185 186 186 188 188 189 190 191 191 191 191 191 191 190 190 189 189 189 190 190 190 190 190 190 190 190 191 191 191 191 191 191 191 191 191 191 191 191 191 191 191 191 190 191 191 191 191 191 191 191 191 191 191 191 191 191 191 191 192 192 192 192 192 192 192 192 193 193 193 193 193 193 193 193 192 192 192 192 192 192 192 192 191 191 191 191 191 191 191 191 190 190 190 190 190 190 190 190 191 191 191 190 190 189 189 189 189 190 191 192 192 192 192 191 191 191 191 190 190 189 189 189 188 188 187 187 187 187 188 188 188 188 188 188 188 188 188 188 189 189 189 189 189 189 189 189 190 190 189 189 189 188 188 188 190 190 189 190 189 190 189 190 188 189 188 188 187 188 186 186 188 187 186 185 184 184 183 183 183 183 183 183 183 183 183 184 184 185 184 185 184 185 184 185 184 186 185 186 186 187 186 187 187 188 188 188 189 189 189 189 189 189 189 189 189 189 189 189 189 189 189 189 189 189 189 189 189 189 189 189 189 189 189 189 190 190 190 190 190 190 190 190 190 190 190 190 190 190 190 190 190 190 190 190 190 190 190 190 190 191 191 191 191 190 189 189 190 191 190 191 190 191 190 191 190 191 190 191 190 191 190 191 191 191 191 190 190 189 189 189 189 189 190 191 191 191 191 191 191 192 191 192 192 193 192 193 189 190 189 190 189 190 189 189 189 189 189 189 189 189 189 189 190 190 190 190 190 190 190 190 190 190 190 190 190 190 190 190 190 190 190 190 190 190 190 190 191 191 191 191 191 191 191 191 191 191 191 191 191 191 191 191 192 192 191 192 191 192 191 192 192 193 192 192 191 191 190 191 189 190 189 190 189 190 189 190 189 190 189 190 189 190 189 190 189 190 189 190 189 190 189 190 189 190 189 190 189 190 189 190 189 190 189 190 189 190 189 190 191 192 191 192 191 192 191 192 191 192 191 192 191 192 191 192 191 192 191 192 191 192 191 192 192 192 192 191 191 190 190 190 190 190 190 190 190 190 190 190 190 191 190 191 190 191 190 191 189 190 189 190 189 190 189 190 0 0 0 0 0 0 0 0
0 0 0 0 0 0 0 0 171 171 171 172 173 175 176 177 180 180 181 182 182 183 184 183 180 180 181 182 182 183 184 184 184 184 184 184 184 184 184 185 187 188 187 188 187 188 187 188 187 187 185 185 183 183 183 184 183 183 183 183 183 183 183 183 181 181 181 181 181 181 181 181 181 181 180 180 181 181 182 183 182 182 183 184 184 185 186 186 185 185 185 184 185 184 184 184 185 186 187 188 189 189 190 190 190 190 190 189 189 188 188 188 189 189 189 189 189 189 189 189 190 190 190 190 190 190 190 190 190 190 190 190 190 190 190 190 190 190 190 190 190 190 190 190 190 190 190 190 190 190 190 191 192 193 193 193 193 193 193 193 194 194 194 194 194 194 194 193 192 191 191 191 191 191 191 191 190 190 190 190 190 190 190 190 190 189 189 189 189 189 189 189 190 190 190 189 189 188 188 189 188 189 190 191 191 191 191 190 190 190 190 189 189 188 188 188 187 187 186 185 185 186 186 187 186 186 186 186 186 186 186 186 188 188 188 188 188 188 188 188 188 188 188 187 187 187 186 186 188 189 188 189 188 189 188 189 188 189 188 189 187 188 186 186 187 187 186 186 185 184 183 183 184 184 184 184 184 184 184 184 185 186 185 186 185 186 185 186 185 186 186 187 186 188 187 188 188 188 189 189 189 190 190 190 190 190 190 190 190 190 190 190 190 190 190 190 190 190 190 190 190 190 190 190 190 190 190 190 191 191 191 191 191 191 191 191 191 191 191 191 191 191 191 190 189 189 189 189 189 189 189 189 189 190 190 190 190 189 188 188 189 190 189 190 189 190 189 190 189 190 189 190 189 190 189 190 190 190 190 189 189 188 188 188 187 188 189 190 190 190 190 189 190 190 190 191 190 192 191 192 187 188 187 188 187 188 187 187 188 188 188 188 188 188 188 188 189 189 189 189 189 189 189 189 189 189 189 189 189 189 189 189 189 189 189 189 189 189 189 189 190 190 190 190 190 190 190 190 190 190 190 190 190 190 190 190 192 193 192 193 192 193 192 193 193 194 193 193 192 192 191 192 190 191 190 191 190 191 190 191 190 191 190 191 190 191 190 191 190 191 190 191 190 191 190 191 190 191 190 191 190 191 190 191 190 191 190 191 190 191 190 191 192 193 192 193 192 193 192 193 192 193 192 193 192 193 192 193 192 193 192 193 192 193 192 193 193 193 193 192 192 191 191 191 191 191 191 191 191 191 191 192 191 192 191 192 191 192 191 192 190 191 190 191 190 191 190 191 0 0 0 0 0 0 0 0
0 0 0 0 0 0 0 0 170 171 170 172 172 174 175 177 179 180 180 182 181 183 183 183 180 180 181 182 181 183 184 184 184 184 184 184 184 184 185 185 187 188 188 188 188 188 188 188 188 187 186 185 184 183 184 184 183 183 183 183 183 183 183 183 181 181 181 181 180 181 180 180 181 180 180 180 180 181 182 183 182 182 183 184 184 185 186 185 185 184 184 184 185 184 184 185 186 186 187 188 188 189 189 189 190 190 190 189 189 188 188 188 189 189 189 189 189 189 189 189 190 190 190 190 190 190 190 190 190 190 190 190 190 190 190 191 189 189 189 189 189 189 189 190 190 190 190 190 190 190 190 191 192 192 192 192 192 192 192 192 193 193 193 193 193 193 193 193 192 192 192 192 191 191 191 191 190 190 190 190 190 190 189 190 190 190 190 190 190 190 190 190 191 191 191 190 190 189 189 189 188 189 190 191 191 191 191 190 190 190 190 189 189 188 188 188 187 187 186 185 185 185 186 186 186 186 186 186 186 186 186 186 188 188 188 188 188 188 188 188 188 188 188 187 187 186 186 185 187 188 187 188 187 187 187 187 188 188 187 187 187 186 186 186 187 187 186 185 184 184 183 183 184 184 184 184 184 184 184 184 185 186 185 185 185 185 185 185 185 185 185 186 186 187 187 187 188 188 188 189 189 190 190 190 190 190 190 190 190 190 190 190 190 190 190 190 190 190 190 190 190 190 190 190 190 190 190 190 191 191 191 191 191 191 191 191 191 191 191 191 191 191 191 190 190 189 188 189 188 189 189 189 189 190 190 190 190 189 188 188 189 190 190 190 190 190 190 190 190 190 190 190 190 190 190 190 190 190 190 189 189 188 188 188 187 188 189 190 190 190 190 189 190 190 190 191 191 192 192 192 188 188 188 188 188 188 188 188 189 189 189 189 189 189 189 189 189 189 189 189 189 189 189 189 190 190 190 190 190 190 190 190 190 190 190 190 190 190 190 190 190 190 190 190 190 190 190 190 190 190 190 190 190 190 190 190 192 192 192 192 192 192 192 192 193 193 193 192 192 191 191 191 190 190 190 190 190 190 190 190 190 190 190 190 190 190 190 190 190 190 190 190 190 190 190 190 190 190 190 190 190 190 190 190 190 190 190 190 190 190 190 190 192 192 192 192 192 192 192 192 193 193 193 193 193 193 193 193 193 193 193 193 193 193 193 193 193 193 193 192 192 191 191 191 191 191 191 191 191 191 191 191 191 191 191 191 191 191 191 191 190 190 190 190 190 190 190 190 0 0 0 0 0 0 0 0
0 0 0 0 0 0 0 0 170 171 170 171 172 173 175 176 177 180 181 183 183 184 182 182 180 181 181 183 182 183 184 184 185 185 186 186 187 187 187 187 187 187 187 187 187 187 187 187 189 187 184 182 181 182 183 184 182 183 183 183 182 182 182 182 181 181 181 181 180 181 180 180 181 181 181 181 181 181 181 181 181 181 182 183 183 184 185 185 185 185 184 184 184 184 184 184 187 187 188 189 188 189 190 190 190 190 190 190 190 190 190 190 190 190 190 190 190 190 190 190 190 190 190 190 190 190 190 190 190 190 191 192 192 192 191 191 190 189 189 189 190 190 190 191 190 190 190 190 191 191 191 191 191 191 191 191 191 191 191 191 192 192 192 192 192 192 192 192 195 195 194 195 194 194 194 194 191 191 190 191 190 191 190 190 190 190 190 190 190 190 190 190 191 191 191 190 190 189 189 189 190 190 190 191 191 192 192 192 191 191 191 190 190 189 189 189 187 187 187 186 186 185 185 185 188 188 188 187 187 186 186 186 187 187 186 187 186 187 186 187 186 188 187 188 187 187 185 185 185 186 185 186 185 185 185 185 185 185 185 184 184 184 182 182 184 184 184 184 184 184 184 184 182 182 182 183 183 184 184 184 185 186 185 185 185 185 185 185 184 184 184 185 185 186 186 186 188 189 189 189 189 188 187 186 187 187 187 187 187 187 187 187 187 187 188 188 188 189 189 189 188 188 188 188 188 188 188 188 188 189 190 191 191 191 191 190 189 189 189 189 189 189 189 189 190 190 189 190 189 190 190 190 191 191 191 190 190 189 189 189 191 191 191 191 191 191 191 191 190 190 190 190 190 190 190 190 191 191 191 190 190 189 189 189 190 190 190 190 190 190 190 190 190 190 190 190 190 190 190 190 187 187 187 187 187 187 187 187 188 188 188 188 188 188 188 188 189 189 189 189 189 189 189 189 188 188 189 190 191 191 192 192 190 190 190 190 190 190 190 190 191 191 191 191 191 191 191 191 191 191 191 191 191 191 191 191 190 190 190 190 190 190 190 190 192 192 191 190 189 189 188 187 188 188 188 188 188 188 188 188 188 188 188 188 188 188 188 188 188 188 188 188 188 188 188 188 187 187 187 187 187 187 187 187 188 188 188 188 188 188 188 188 191 191 191 191 191 191 191 192 193 193 193 193 193 193 193 193 192 192 192 192 192 192 192 192 191 191 191 190 190 189 189 189 190 190 190 190 190 190 190 190 189 189 189 188 188 187 187 187 188 188 188 188 188 188 188 188 0 0 0 0 0 0 0 0
0 0 0 0 0 0 0 0 170 170 170 170 172 173 175 176 177 178 180 182 183 183 182 181 181 181 182 183 182 183 185 185 185 185 185 187 187 188 188 189 186 186 186 186 186 186 186 186 187 186 183 181 180 181 182 184 182 183 183 183 182 182 182 182 181 181 180 180 180 180 180 180 181 181 181 181 181 181 181 181 181 181 182 183 183 184 185 185 185 185 186 186 185 185 185 184 188 188 188 188 188 189 190 190 191 191 191 191 191 191 191 191 191 191 191 191 191 191 191 191 191 191 191 191 191 192 192 192 191 192 192 193 193 192 192 190 189 189 189 189 189 189 190 190 190 190 191 191 192 192 192 191 190 189 189 189 189 189 189 189 191 191 191 191 191 191 191 192 194 195 194 194 194 194 193 193 192 192 191 191 190 190 190 190 191 191 191 191 191 191 191 191 192 192 192 191 191 190 190 190 190 190 190 191 191 192 192 192 191 191 191 190 190 189 189 189 187 187 187 187 186 186 186 186 188 188 188 188 187 187 186 186 187 187 187 187 187 187 187 187 187 187 188 188 187 187 186 185 185 185 185 185 185 185 185 185 185 185 183 183 183 182 182 182 184 184 184 184 184 184 184 184 182 182 182 183 183 183 184 184 185 185 185 185 184 184 184 184 183 183 183 184 184 184 185 185 188 188 189 189 188 187 187 186 185 185 185 185 185 185 185 185 186 186 186 187 188 188 189 189 188 188 188 188 188 188 188 188 188 189 190 190 191 191 190 190 189 189 189 189 189 189 189 189 190 190 190 190 190 190 191 191 191 191 191 191 191 191 190 190 192 192 192 192 192 192 192 192 190 190 190 190 191 191 191 191 191 191 190 190 190 189 189 189 190 190 190 190 190 190 190 190 191 191 191 191 190 190 190 190 188 188 188 188 188 188 188 188 189 189 189 189 189 189 189 189 189 189 189 189 189 189 189 189 188 189 189 190 191 192 192 193 191 191 191 191 191 191 191 191 192 192 192 192 192 192 192 192 192 192 192 192 192 192 192 191 190 190 190 190 190 190 190 190 193 192 192 191 190 189 188 188 188 188 188 188 188 188 188 188 188 188 188 188 188 188 188 188 188 188 188 188 188 188 188 188 187 187 187 187 187 187 187 187 188 188 188 188 188 188 188 188 191 191 191 191 191 191 191 191 192 192 192 192 192 192 192 192 191 191 191 191 191 191 191 191 191 191 191 190 190 190 189 189 190 190 190 190 190 190 190 190 189 189 189 188 188 187 187 187 188 188 188 188 188 188 188 188 0 0 0 0 0 0 0 0
0 0 0 0 0 0 0 0 169 169 169 170 171 173 175 176 177 178 180 182 183 182 182 181 181 181 182 183 182 183 185 185 184 185 185 186 187 188 189 189 187 187 187 187 187 187 187 187 187 185 183 182 181 181 182 184 182 183 183 183 182 182 182 182 182 182 181 181 181 181 181 181 181 181 181 181 181 181 181 181 181 181 182 183 183 184 185 185 186 186 186 186 186 186 185 185 188 188 187 188 188 189 189 190 191 191 191 191 191 191 191 191 192 192 192 192 192 192 192 192 192 192 192 192 192 192 192 192 191 192 192 193 193 192 191 190 189 189 190 190 190 190 191 191 191 191 192 192 193 193 193 192 190 190 190 190 190 190 190 190 191 191 191 192 192 192 192 193 193 194 194 194 193 193 193 193 191 191 191 191 190 190 190 190 191 191 191 191 191 191 191 191 192 192 192 191 191 190 190 190 190 190 190 191 191 192 192 192 191 191 191 190 190 189 189 189 187 187 187 187 188 188 188 188 188 188 188 188 187 187 187 187 187 187 187 187 187 187 187 187 187 187 188 188 187 186 185 185 185 185 185 185 184 184 184 184 184 184 183 182 182 182 181 181 183 183 183 183 183 183 183 183 182 182 182 182 183 183 183 184 185 185 185 185 184 184 184 184 183 183 183 183 184 184 184 185 187 188 188 188 188 187 186 185 183 183 183 183 183 183 183 183 184 184 185 186 187 188 188 189 188 188 188 188 188 188 188 188 188 188 189 190 191 191 190 190 190 190 190 190 190 190 190 190 190 190 190 190 190 190 191 191 191 191 191 191 191 191 191 191 192 192 192 192 192 192 192 192 191 191 191 191 192 192 192 192 191 190 190 190 189 189 189 189 190 190 190 190 190 190 190 190 191 191 191 191 190 190 190 190 188 188 188 188 188 188 188 188 189 189 189 189 189 189 189 189 188 188 188 188 188 188 188 188 187 188 188 189 190 191 191 192 191 191 191 191 191 191 191 191 192 192 192 192 192 192 192 192 192 192 192 192 192 192 192 191 191 191 191 191 191 191 191 191 193 192 192 191 190 190 189 189 188 188 188 188 188 188 188 188 188 188 188 188 188 188 188 188 188 188 188 188 188 188 188 188 187 187 187 187 187 187 187 187 188 188 188 188 188 188 188 188 191 191 191 191 191 191 191 191 192 192 192 192 192 192 192 192 191 191 191 191 191 191 191 191 191 191 191 191 190 190 190 189 190 190 190 190 190 190 190 190 189 189 189 189 188 188 188 188 188 188 188 188 188 188 188 188 0 0 0 0 0 0 0 0
0 0 0 0 0 0 0 0 169 169 169 170 171 173 174 175 177 178 180 181 182 182 181 181 181 181 182 183 182 183 185 185 184 184 185 186 186 188 188 188 188 187 187 187 187 187 187 187 185 185 183 182 182 182 182 184 184 184 184 184 183 183 183 183 183 183 182 182 182 182 182 182 182 182 182 182 182 182 182 182 182 182 182 183 183 184 184 184 186 186 187 187 186 186 186 185 187 187 187 188 188 188 189 189 190 190 190 190 190 190 190 190 192 192 192 192 192 192 192 192 193 193 193 192 192 192 192 192 191 191 192 192 192 191 190 188 189 189 189 189 190 190 191 191 191 191 192 192 192 193 193 192 192 191 191 191 191 191 191 191 190 191 191 191 191 192 192 193 194 195 195 195 194 194 194 194 191 191 191 191 190 190 190 190 192 192 192 192 192 192 192 192 192 192 192 191 191 190 190 190 190 190 190 191 191 192 192 192 191 191 191 190 190 189 189 189 187 187 188 188 188 189 189 189 188 188 188 188 188 187 187 187 187 187 187 187 187 187 187 187 186 187 187 187 187 186 185 184 184 184 184 184 183 183 183 183 183 183 182 182 181 181 181 180 182 182 182 182 182 182 182 182 181 181 182 182 182 183 183 183 184 184 184 184 183 183 183 183 182 182 183 183 183 184 184 184 187 187 187 187 187 186 185 185 182 182 182 182 182 182 182 182 182 183 183 184 186 187 188 188 187 187 187 187 187 187 187 187 187 188 189 190 190 190 190 189 190 190 190 190 190 190 190 190 190 190 190 190 190 190 191 191 191 191 191 191 192 191 191 191 191 191 191 191 191 191 191 191 191 191 191 191 192 192 192 192 190 190 190 189 189 189 188 188 189 189 189 189 189 189 189 189 190 190 190 190 189 189 189 189 188 188 188 188 188 188 188 188 188 188 188 188 188 188 188 188 187 187 187 187 187 187 187 187 187 187 188 188 189 190 191 191 191 191 191 191 191 191 191 191 192 192 192 192 192 192 192 192 192 192 192 192 192 192 192 191 191 191 191 191 191 191 191 191 192 192 191 191 190 190 189 189 188 188 188 188 188 188 188 188 188 188 188 188 188 188 188 188 188 188 188 188 188 188 188 188 188 188 188 188 188 188 188 188 188 188 188 188 188 188 188 188 190 190 190 190 190 190 190 190 191 191 191 191 191 191 191 191 191 191 191 191 191 191 191 191 192 192 191 191 191 190 190 190 190 190 190 190 190 190 190 190 189 189 189 189 189 189 189 188 189 189 189 189 189 189 189 189 0 0 0 0 0 0 0 0
0 0 0 0 0 0 0 0 168 168 169 169 171 172 174 175 176 177 179 181 182 182 181 180 181 181 182 183 182 183 185 185 185 185 185 186 186 187 187 187 187 187 187 187 187 187 187 187 185 185 184 184 183 183 184 184 184 184 184 184 183 183 183 183 183 183 182 182 182 182 182 182 182 182 182 182 182 182 182 182 182 182 183 183 183 183 184 184 186 186 186 186 186 186 185 185 187 187 187 187 187 188 189 189 190 190 190 190 190 190 190 190 191 191 191 191 191 191 191 191 193 193 193 192 192 191 191 191 190 190 190 190 190 189 188 186 187 188 188 188 190 190 191 191 191 191 191 192 192 192 192 192 193 193 193 193 193 193 193 193 190 191 191 192 192 193 193 193 192 192 192 192 192 192 192 192 191 191 191 191 190 190 190 190 192 192 192 192 192 192 192 192 192 192 192 191 191 190 190 190 190 190 190 191 191 192 192 192 191 191 191 190 190 189 189 189 188 188 188 188 188 188 188 188 186 186 187 187 187 187 187 187 188 188 188 188 188 188 188 188 187 187 188 188 187 187 186 185 184 184 184 184 184 184 183 183 183 182 182 182 180 180 180 180 182 182 182 182 182 182 182 182 181 181 181 182 182 182 183 183 184 184 184 184 183 183 183 183 182 182 182 183 183 183 184 184 186 186 187 187 186 185 184 184 183 183 183 183 183 183 183 183 182 183 183 184 185 186 187 187 187 187 187 187 187 187 187 187 187 188 189 189 190 190 189 189 190 190 190 190 190 190 190 190 189 189 189 189 189 189 190 190 189 189 190 190 191 191 191 191 191 191 191 191 191 191 191 191 191 191 191 191 192 192 192 192 190 190 189 189 189 188 188 188 189 189 189 189 189 189 189 189 190 190 190 190 189 189 189 189 188 188 188 188 188 188 188 188 188 188 188 188 188 188 188 188 187 187 187 187 187 187 187 187 187 187 188 188 189 190 191 191 191 191 191 191 191 191 191 191 192 192 192 192 192 192 192 192 192 192 192 192 192 192 192 191 190 190 190 190 190 190 190 190 190 190 190 190 190 189 189 189 188 188 188 188 188 188 188 188 188 188 188 188 188 188 188 188 188 188 188 188 188 188 188 188 188 188 188 188 188 188 188 188 188 188 188 188 188 188 188 188 190 190 190 190 190 190 190 190 191 191 191 191 191 191 191 191 191 191 191 191 191 191 191 191 192 192 192 191 191 191 190 190 190 190 190 190 190 190 190 190 189 189 189 189 189 189 189 190 189 189 189 189 189 189 189 189 0 0 0 0 0 0 0 0
0 0 0 0 0 0 0 0 168 168 168 169 170 172 173 174 176 177 179 181 181 181 180 180 181 181 182 183 182 183 185 185 186 186 186 186 185 185 185 184 185 185 185 185 185 185 185 185 184 184 184 184 184 184 184 184 185 185 185 185 184 184 184 184 184 184 183 183 183 183 183 183 183 183 183 183 183 183 183 183 183 183 183 183 183 183 183 183 185 185 185 185 184 185 184 184 186 187 186 187 187 188 188 188 189 189 189 189 189 189 189 189 189 189 189 189 189 189 189 189 193 192 192 191 191 190 189 189 188 188 189 188 188 186 185 184 186 186 186 187 189 189 190 190 190 190 190 190 191 191 191 191 192 192 192 192 192 192 192 192 190 190 190 191 192 192 193 193 190 190 190 190 190 190 190 190 191 191 191 191 190 190 190 190 193 193 193 193 193 193 193 193 192 192 192 191 191 190 190 190 190 190 190 191 191 192 192 192 191 191 191 190 190 189 189 189 189 188 188 188 187 187 186 186 184 185 185 185 185 186 186 186 188 188 188 188 188 188 188 188 187 187 187 187 187 186 185 185 183 183 183 183 183 183 182 182 182 182 181 181 180 179 179 179 181 181 181 181 181 181 181 181 180 181 181 181 182 182 182 182 183 183 183 183 182 182 182 182 181 182 182 182 183 183 183 183 185 185 186 186 185 185 184 183 184 184 184 184 184 184 184 184 184 184 184 185 185 185 186 186 186 186 186 186 186 186 186 186 187 187 188 189 189 189 189 189 189 189 189 189 189 189 189 189 187 187 187 187 187 187 188 188 187 188 188 188 189 190 190 190 190 190 190 190 190 190 190 190 190 190 190 190 191 191 191 191 189 189 189 189 188 188 188 187 188 188 188 188 188 188 188 188 189 189 189 189 188 188 188 188 188 188 188 188 188 188 188 188 187 187 187 187 187 187 187 187 187 187 187 187 187 187 187 187 187 188 188 189 190 191 191 192 191 191 191 191 191 191 191 191 192 192 192 192 192 192 192 192 192 192 192 192 192 192 192 191 188 188 188 188 188 188 188 188 188 188 188 188 188 188 188 188 188 188 188 188 188 188 188 188 188 188 188 188 188 188 188 188 188 188 188 188 188 188 188 188 189 189 189 189 189 189 189 189 188 188 188 188 188 188 188 188 189 189 189 189 189 189 189 189 190 190 190 190 190 190 190 190 191 191 191 191 191 191 191 191 193 192 192 192 191 191 191 191 190 190 190 190 190 190 190 190 189 189 189 189 190 190 190 190 190 190 190 190 190 190 190 190 0 0 0 0 0 0 0 0
0 0 0 0 0 0 0 0 168 168 168 169 170 172 173 174 175 177 179 180 181 181 180 180 181 181 182 183 182 183 185 185 188 188 186 186 184 184 183 182 184 184 184 184 184 184 184 184 183 184 184 184 185 184 184 184 185 185 185 185 184 184 184 184 185 185 184 184 184 184 184 184 183 183 183 183 183 183 183 183 183 183 183 183 183 183 183 183 184 183 184 184 183 183 183 183 186 186 186 187 187 187 188 188 189 189 189 189 189 189 189 189 188 188 188 188 188 188 188 188 192 192 191 190 189 188 188 187 186 187 187 186 185 184 183 182 184 185 185 186 187 188 190 190 189 189 189 189 190 190 190 190 190 191 191 191 191 191 191 191 190 190 191 192 193 193 194 193 192 192 191 191 191 191 191 191 191 191 191 191 191 191 191 191 193 193 193 193 193 193 193 193 192 192 192 191 191 190 190 190 190 190 190 191 191 192 192 192 191 191 191 190 190 189 189 189 189 189 188 187 186 185 184 184 183 183 183 184 184 184 185 185 188 188 188 188 188 188 188 188 186 187 187 187 187 186 185 184 182 182 182 182 182 182 181 181 181 181 181 180 180 180 179 179 180 180 180 180 180 180 180 180 180 180 181 181 181 182 182 182 183 183 183 183 182 182 182 182 181 181 182 182 182 183 183 183 184 185 185 185 185 184 183 182 184 184 184 184 184 184 184 184 186 186 186 186 185 185 185 185 186 186 186 186 186 186 186 186 186 187 188 189 189 189 189 188 188 188 188 188 188 188 188 188 185 185 185 185 185 185 186 186 186 186 186 187 188 188 189 189 190 190 190 190 190 190 190 190 189 189 189 189 190 190 190 190 189 189 189 188 188 188 187 187 188 188 188 188 188 188 188 188 189 189 189 189 188 188 188 188 188 188 188 188 188 188 188 188 187 187 187 187 187 187 187 187 188 188 188 188 188 188 188 188 188 189 189 190 191 192 192 193 191 191 191 191 191 191 191 191 192 192 192 192 192 192 192 192 192 192 192 192 192 192 192 191 187 187 187 187 187 187 187 187 187 187 187 187 187 187 187 187 188 188 188 188 188 188 188 188 188 188 188 188 188 188 188 188 188 188 188 188 188 188 188 188 189 189 189 189 189 189 189 189 188 188 188 188 188 188 188 188 189 189 189 189 189 189 189 189 190 190 190 190 190 190 190 190 191 191 191 191 191 191 191 191 193 193 192 192 192 191 191 191 190 190 190 190 190 190 190 190 189 189 189 190 190 191 191 191 190 190 190 190 190 190 190 190 0 0 0 0 0 0 0 0
0 0 0 0 0 0 0 0 168 168 168 169 170 171 173 174 175 177 178 180 181 181 180 179 181 181 182 183 182 183 185 185 189 189 187 186 184 183 181 180 183 183 183 183 183 183 183 183 183 183 184 185 185 185 184 184 185 185 185 185 184 184 184 184 185 185 184 184 184 184 184 184 183 183 183 183 183 183 183 183 183 183 183 183 183 183 183 183 183 183 183 183 182 183 182 182 186 186 186 187 186 187 188 188 189 189 189 189 189 189 189 189 187 187 187 187 187 187 187 187 191 191 190 189 188 187 187 186 185 185 185 185 184 183 181 180 183 184 184 185 186 187 189 189 188 188 188 188 189 189 189 189 188 189 189 189 189 189 189 189 189 190 191 191 192 193 194 193 195 195 195 195 195 195 195 195 191 191 191 191 191 191 191 191 193 193 193 193 193 193 193 193 192 192 192 191 191 190 190 190 190 190 190 191 191 192 192 192 191 191 191 190 190 189 189 189 190 189 188 187 185 184 182 182 181 182 182 182 183 184 184 184 188 188 188 188 188 188 188 188 186 187 187 187 187 186 185 184 182 182 182 182 182 182 181 181 181 181 180 180 180 179 179 179 180 180 180 180 180 180 180 180 180 180 180 181 181 182 182 182 183 183 183 183 182 182 182 182 181 181 181 182 182 183 183 183 184 184 185 185 185 184 183 182 183 183 183 183 183 183 183 183 188 188 187 186 186 185 184 184 186 186 186 186 186 186 186 186 186 187 188 189 189 189 189 188 187 187 187 187 187 187 187 187 184 184 184 184 184 184 185 185 184 185 185 185 187 188 188 188 190 190 190 190 190 190 190 190 188 188 188 188 189 189 189 189 189 189 189 188 188 187 187 187 188 188 188 188 188 188 188 188 189 189 189 189 188 188 188 188 188 188 188 188 188 188 188 188 187 187 187 187 187 187 187 187 188 188 188 188 188 188 188 188 189 189 190 191 192 192 193 193 191 191 191 191 191 191 191 191 192 192 192 192 192 192 192 192 192 192 192 192 192 192 192 191 186 186 186 186 186 186 186 186 185 185 186 186 186 186 186 186 188 188 188 188 188 188 188 188 188 188 188 188 188 188 188 188 188 188 188 188 188 188 188 188 189 189 189 189 189 189 189 189 188 188 188 188 188 188 188 188 189 189 189 189 189 189 189 189 190 190 190 190 190 190 190 190 191 191 191 191 191 191 191 191 193 193 193 192 192 191 191 191 190 190 190 190 190 190 190 190 189 189 189 190 190 191 191 191 190 190 190 190 190 190 190 190 0 0 0 0 0 0 0 0
0 0 0 0 0 0 0 0 169 169 169 170 171 172 174 175 177 178 179 180 180 180 180 179 180 180 181 182 181 182 184 184 186 187 187 186 182 181 181 182 183 183 183 184 184 185 185 185 184 185 185 186 186 185 185 184 186 186 186 185 184 184 183 183 182 182 181 181 181 181 181 181 181 181 181 181 181 181 181 181 181 181 181 181 181 181 181 181 184 183 182 182 181 181 181 182 185 186 185 187 187 188 189 189 189 189 189 188 188 188 187 187 188 188 188 188 188 188 188 188 189 188 188 187 187 186 186 186 188 188 187 186 184 182 180 179 182 184 187 189 190 190 189 188 185 184 183 183 183 184 186 188 190 190 189 188 187 186 185 185 185 186 186 187 188 189 190 190 191 190 189 189 189 189 189 189 189 189 190 191 191 192 192 193 190 191 192 194 194 193 192 192 192 192 192 191 191 191 190 190 189 189 189 189 189 189 189 189 190 190 190 189 189 189 188 188 186 186 185 184 184 183 183 182 180 180 180 180 181 182 183 184 186 186 187 187 188 188 188 188 186 185 185 185 184 183 183 183 182 182 182 182 182 182 182 182 181 181 181 181 180 180 180 180 180 180 180 180 180 180 180 180 180 180 180 180 180 180 180 180 181 181 181 181 180 180 180 180 183 183 183 183 183 183 183 183 183 183 183 183 183 183 183 183 183 183 184 184 184 185 185 185 185 185 185 185 185 185 185 185 184 184 184 185 185 186 186 186 187 187 187 187 187 187 187 187 186 186 186 186 186 186 186 186 184 184 184 184 184 184 185 185 186 186 186 186 187 187 187 187 188 188 188 188 188 188 188 188 188 188 188 188 189 189 189 189 188 188 188 188 188 188 188 188 189 188 187 186 186 186 186 187 189 189 189 189 188 188 188 188 188 188 188 188 188 188 188 188 188 188 188 188 188 188 188 188 188 188 188 188 188 188 188 188 188 188 188 189 189 190 190 190 190 190 190 190 190 190 190 190 191 191 191 191 191 191 191 192 191 191 191 191 191 191 191 190 187 187 187 187 187 187 187 187 187 187 187 187 187 187 187 187 188 188 188 188 188 188 188 188 186 186 186 187 187 188 188 188 187 187 187 188 188 189 189 189 189 189 189 189 189 189 189 189 189 189 189 189 189 189 189 189 188 188 188 188 188 188 188 188 187 187 187 188 188 189 189 189 189 189 189 190 190 191 191 191 191 191 191 191 191 191 191 191 191 191 191 190 190 189 189 189 187 188 189 190 190 190 190 189 190 190 190 190 190 190 190 190 0 0 0 0 0 0 0 0
0 0 0 0 0 0 0 0 169 169 169 170 171 172 174 175 177 178 178 179 180 180 179 179 180 180 181 181 181 182 184 184 186 187 187 185 182 181 181 182 183 183 183 184 184 184 185 185 184 185 185 186 186 185 185 184 186 186 185 185 184 183 183 183 182 182 181 181 181 181 181 181 181 181 181 181 181 181 181 181 181 181 181 181 181 181 181 181 182 181 181 181 180 181 181 181 184 185 184 186 186 187 188 188 189 189 188 188 188 187 187 187 188 188 188 188 188 188 188 188 188 187 187 187 186 186 185 185 186 186 186 185 185 184 183 182 181 183 185 186 187 186 184 183 182 182 181 181 181 182 184 185 186 186 185 185 184 183 182 182 179 180 180 181 182 183 183 184 186 186 185 186 186 186 186 186 188 189 190 190 191 191 192 192 189 190 191 193 193 193 192 191 192 192 191 191 190 190 190 190 189 189 189 189 189 189 189 189 190 190 189 189 188 188 188 188 186 185 185 184 183 183 182 182 181 180 180 179 180 180 181 182 185 185 185 186 186 187 187 187 184 184 184 183 183 183 182 182 181 181 181 181 181 181 181 181 181 181 181 181 180 180 180 180 179 179 179 179 179 179 179 179 180 180 180 180 180 180 180 180 181 181 181 181 180 180 180 180 183 183 183 183 183 183 183 183 183 183 183 183 183 183 183 183 183 183 183 184 184 184 185 185 185 185 185 185 185 185 185 185 184 184 184 185 185 185 186 186 187 187 187 187 187 187 187 187 186 186 186 186 186 186 186 186 184 184 184 184 184 184 185 185 186 186 186 186 187 187 187 187 188 188 188 188 188 188 188 188 188 188 188 188 189 189 189 189 188 188 188 188 188 188 188 188 189 188 187 186 186 186 186 187 189 189 189 189 188 188 188 188 188 188 188 188 188 188 188 188 188 188 188 188 188 188 188 188 188 188 188 188 188 188 188 188 188 188 188 189 189 190 190 190 190 190 190 190 190 190 190 190 190 190 190 190 191 191 191 191 191 191 191 191 191 191 191 190 187 187 187 187 187 187 187 187 187 187 187 187 187 187 187 187 187 187 187 187 187 187 187 187 186 186 186 187 187 187 188 188 187 187 187 188 188 188 189 189 189 189 189 189 189 189 189 189 189 189 189 189 189 189 189 189 188 188 188 188 188 188 188 188 187 187 187 188 188 188 189 189 189 189 189 190 190 190 191 191 191 191 191 191 191 191 191 191 191 191 190 190 190 189 189 189 187 188 189 190 190 190 190 189 190 190 190 190 190 190 190 190 0 0 0 0 0 0 0 0
0 0 0 0 0 0 0 0 169 169 169 170 171 172 174 175 176 177 178 179 179 179 179 178 180 180 180 181 181 182 183 184 186 186 186 185 182 181 181 182 183 183 183 183 184 184 184 185 184 184 185 185 185 185 184 184 185 185 185 184 183 183 182 182 181 181 180 180 180 180 180 180 180 180 180 180 180 180 180 180 180 180 180 180 180 180 180 180 180 180 179 179 179 179 179 180 183 183 183 184 184 185 186 187 188 188 188 187 187 187 186 186 187 187 187 187 187 187 187 187 186 186 186 186 185 185 185 185 184 184 184 184 184 185 185 185 186 187 188 188 188 186 184 183 183 182 182 182 181 182 183 185 188 187 187 186 185 185 184 184 180 181 181 182 182 183 184 184 183 183 183 184 185 185 186 186 188 188 189 190 190 190 190 191 188 189 190 191 191 191 191 190 191 191 190 190 190 189 189 189 188 188 188 188 188 188 188 188 189 189 188 188 188 187 187 187 185 185 184 183 182 181 181 180 180 180 179 178 178 178 179 179 183 184 184 185 185 185 186 186 184 183 183 183 183 182 182 182 180 180 180 180 179 179 180 180 181 181 181 181 181 181 181 180 177 177 177 177 177 177 177 177 179 179 179 179 179 179 179 179 180 180 180 180 179 179 179 179 182 182 182 182 182 182 182 182 183 183 183 183 183 183 183 183 182 182 183 183 183 184 184 184 184 184 184 184 184 184 184 184 184 184 184 184 185 185 185 186 186 186 186 186 186 186 186 186 185 185 185 185 185 185 185 185 183 183 183 183 183 183 184 184 186 186 186 186 187 187 187 187 188 188 188 188 188 188 188 188 187 187 187 188 189 189 189 189 188 188 188 188 188 188 188 188 188 188 187 186 186 186 186 186 188 188 188 188 187 187 187 187 188 188 188 188 188 188 188 188 188 188 188 188 188 188 188 188 188 188 188 188 188 188 188 188 188 188 188 188 189 189 189 189 189 189 189 189 189 189 189 189 190 190 189 189 189 189 189 189 189 189 189 189 189 189 189 188 187 187 187 187 187 187 187 187 187 187 187 187 187 187 187 187 186 186 186 186 186 186 186 186 186 186 186 186 187 187 187 188 187 187 187 187 188 188 188 189 189 189 189 189 189 189 189 189 189 189 189 189 189 189 189 189 188 188 188 188 188 188 188 188 186 186 186 186 187 187 187 188 188 188 188 188 189 189 189 190 191 191 191 191 191 191 191 191 191 190 190 190 189 189 189 189 187 188 189 190 190 190 190 189 190 190 190 190 190 190 190 190 0 0 0 0 0 0 0 0
0 0 0 0 0 0 0 0 169 169 169 170 171 172 174 175 176 176 177 178 178 178 178 178 179 179 180 181 181 181 183 183 185 186 186 185 182 180 180 181 182 182 183 183 183 184 184 184 183 184 185 185 185 185 184 183 184 184 184 184 182 182 182 181 180 180 179 179 179 179 179 179 179 179 179 179 179 179 179 179 179 179 179 179 179 179 179 179 178 178 178 178 177 178 178 179 181 182 182 183 183 184 185 185 187 187 187 187 186 186 186 185 186 186 186 186 186 186 186 186 185 185 185 185 185 185 185 185 183 183 183 182 182 182 183 183 186 186 187 187 187 186 184 184 180 180 180 181 180 181 181 182 185 185 185 184 184 183 183 183 181 181 181 182 182 183 183 183 184 185 186 186 188 188 189 190 187 187 188 189 189 189 189 189 187 188 188 189 189 190 190 190 190 190 189 189 188 188 188 188 187 187 187 187 187 187 187 187 188 188 187 187 186 186 186 186 184 184 183 182 181 180 179 179 179 179 178 177 176 176 176 177 181 182 182 182 183 183 184 184 182 182 181 181 181 181 181 181 181 181 181 181 180 180 181 181 180 180 180 180 180 180 180 180 178 178 178 178 178 178 178 178 178 178 178 178 178 178 178 178 179 179 179 179 178 178 178 178 181 181 181 181 181 181 181 181 182 182 182 182 182 182 182 182 181 182 182 182 183 183 183 183 183 183 183 183 183 183 183 183 183 183 184 184 184 185 185 185 185 185 185 185 185 185 185 185 184 184 184 184 184 184 184 184 182 182 182 182 182 182 183 183 185 185 185 185 186 186 186 186 187 187 187 187 187 187 187 187 186 187 187 187 188 189 189 189 188 188 188 188 188 188 188 188 188 187 186 186 185 185 186 186 187 187 187 187 186 186 186 186 188 188 188 188 188 188 188 188 188 188 188 188 188 188 188 188 188 188 188 188 188 188 188 188 188 188 188 188 188 188 188 189 188 188 188 188 188 188 188 188 189 188 188 188 188 187 187 187 188 188 188 188 188 188 188 187 186 186 186 186 186 186 186 186 186 186 186 186 186 186 186 186 184 184 184 184 184 184 184 184 185 185 186 186 186 187 187 187 186 186 187 187 187 188 188 188 188 188 188 188 188 188 188 188 188 188 188 188 188 188 188 188 187 187 187 187 187 187 187 187 185 185 186 186 186 187 187 187 187 187 188 188 188 189 189 189 190 190 190 190 190 190 190 190 190 190 190 189 189 189 188 188 187 188 189 190 190 190 190 189 190 190 190 190 190 190 190 190 0 0 0 0 0 0 0 0
0 0 0 0 0 0 0 0 169 169 169 170 171 172 174 175 175 175 176 177 178 178 177 177 179 179 180 180 180 181 183 183 185 186 186 184 181 180 180 181 182 182 182 183 183 183 184 184 183 183 184 185 185 184 183 183 184 183 183 183 181 181 181 181 178 178 177 177 177 177 177 177 177 177 177 177 177 177 177 177 177 177 177 177 177 177 177 177 177 176 177 177 176 178 178 179 180 181 181 182 182 183 184 185 187 186 186 186 185 185 185 185 186 186 186 186 186 186 186 186 185 185 185 185 185 185 185 185 184 183 182 180 179 179 180 180 179 180 181 181 181 181 181 180 177 177 177 177 178 178 178 178 180 180 180 179 179 179 179 179 177 177 177 177 177 178 178 177 185 184 185 187 188 189 191 191 187 187 188 187 187 187 188 188 186 186 186 187 187 188 188 189 188 188 188 188 187 187 186 186 185 185 185 185 185 185 185 185 186 186 186 186 185 185 184 184 184 183 182 181 180 178 177 177 177 177 176 174 174 174 174 175 179 180 180 181 181 182 182 182 180 180 180 180 180 181 181 181 181 181 181 181 181 181 181 181 181 181 180 180 180 180 180 180 178 178 178 178 178 178 178 178 178 178 178 178 178 178 178 178 179 179 179 179 178 178 178 178 181 181 181 181 181 181 181 181 182 182 182 182 182 182 182 182 181 181 181 181 182 182 182 183 183 183 183 183 183 183 183 183 183 183 183 184 184 184 185 185 185 185 185 185 185 185 185 185 184 184 184 184 184 184 184 184 182 182 182 182 182 182 183 183 185 185 185 185 186 186 186 186 187 187 187 187 187 187 187 187 185 186 186 187 188 189 189 189 188 188 188 188 188 188 188 188 188 187 186 185 185 185 185 186 187 187 187 187 186 186 186 186 188 188 188 188 188 188 188 188 188 188 188 188 188 188 188 188 188 188 188 188 188 188 188 188 188 188 188 188 188 188 188 187 188 188 188 188 188 188 188 188 188 187 187 186 186 185 185 185 186 186 186 186 186 186 186 185 186 186 186 186 186 186 186 186 186 186 186 186 186 186 186 186 183 183 183 183 183 183 183 183 185 185 185 186 186 186 187 187 186 186 186 187 187 187 188 188 188 188 188 188 188 188 188 188 188 188 188 188 188 188 188 188 187 187 187 187 187 187 187 187 185 185 185 186 186 186 187 187 187 187 187 188 188 188 189 189 190 190 190 190 190 190 190 190 190 190 189 189 189 188 188 188 187 188 189 190 190 190 190 189 190 190 190 190 190 190 190 190 0 0 0 0 0 0 0 0
0 0 0 0 0 0 0 0 169 169 169 170 171 172 174 175 174 175 176 176 177 177 176 176 178 179 179 180 180 181 182 182 184 185 185 184 181 180 180 180 181 182 182 182 183 183 183 183 183 183 184 184 184 184 183 183 183 183 182 182 181 180 180 180 177 177 176 176 176 176 176 176 176 176 176 176 176 176 176 176 176 176 176 176 176 176 176 176 176 176 176 177 176 178 178 179 180 181 181 182 182 183 184 184 186 186 185 185 185 184 184 184 185 185 185 185 185 185 185 185 185 185 185 185 186 186 186 186 185 183 181 179 179 179 179 180 179 181 181 181 181 181 182 182 181 182 182 183 183 183 183 182 181 181 181 180 180 180 180 180 177 177 177 177 177 177 177 177 182 182 182 183 185 185 187 187 186 186 187 186 186 186 187 186 186 185 185 185 185 186 187 188 187 187 187 186 186 186 185 185 184 184 184 184 184 184 184 184 185 185 185 184 184 184 183 183 183 183 181 180 178 177 176 175 175 174 173 172 172 172 173 174 178 179 180 180 180 181 181 181 180 180 180 180 181 181 181 181 182 182 182 182 182 182 182 182 180 180 179 179 179 179 179 179 180 179 179 179 179 179 179 179 177 177 177 177 177 177 177 177 178 178 178 178 177 177 177 177 180 180 180 180 180 180 180 180 181 181 181 181 181 181 181 181 180 180 180 181 181 181 182 182 182 182 182 182 182 182 182 182 182 183 183 183 184 184 184 184 184 184 184 184 184 184 184 184 183 183 183 183 183 183 183 183 181 181 181 181 181 181 182 182 184 184 184 184 185 185 185 185 186 186 186 186 186 186 186 186 185 185 185 186 188 188 189 189 188 188 188 188 188 188 188 188 187 187 186 185 184 184 185 185 186 186 186 186 185 185 185 185 188 188 188 188 188 188 188 188 188 188 188 188 188 188 188 188 188 188 188 188 188 188 188 188 188 188 188 188 187 187 187 187 187 187 187 187 187 187 187 187 187 186 186 185 184 184 183 183 185 185 185 185 185 185 185 184 185 185 185 185 185 185 185 185 185 185 185 185 185 185 185 185 183 183 183 183 183 183 183 183 184 185 185 185 186 186 186 186 185 186 186 186 187 187 187 187 187 187 187 187 187 187 187 187 187 187 187 187 187 187 187 187 186 186 186 186 186 186 186 186 184 185 185 185 186 186 186 186 186 187 187 187 188 188 188 188 189 189 189 189 189 189 189 189 189 189 189 189 188 188 188 187 187 188 189 190 190 190 190 189 190 190 190 190 190 190 190 190 0 0 0 0 0 0 0 0
0 0 0 0 0 0 0 0 169 169 169 170 171 172 174 175 173 174 175 176 176 176 176 175 178 178 179 180 180 180 182 182 184 185 185 184 181 179 179 180 181 181 182 182 182 183 183 183 182 183 183 184 184 183 183 182 182 182 182 181 180 180 179 179 176 176 175 175 175 175 175 175 175 175 175 175 175 175 175 175 175 175 175 175 175 175 175 175 176 176 176 177 177 178 179 180 181 181 181 182 182 183 184 185 185 185 185 184 184 184 183 183 184 184 184 184 184 184 184 184 185 185 186 186 187 187 187 188 185 183 182 180 180 181 183 184 186 186 186 185 184 184 184 184 186 187 187 188 189 188 187 187 185 185 185 185 185 185 185 185 182 182 182 182 182 182 182 182 179 180 181 181 182 182 183 183 186 185 186 186 185 185 185 185 185 184 183 183 183 185 186 187 186 186 186 186 185 185 184 184 183 183 183 183 183 183 183 183 184 184 184 184 183 183 182 182 183 182 181 179 177 176 175 174 172 171 171 171 171 172 172 174 178 179 179 180 180 181 181 181 180 180 180 180 181 181 182 182 181 181 180 180 180 180 180 180 180 180 179 179 179 179 180 179 178 177 177 177 177 177 177 177 176 176 176 176 176 176 176 176 177 177 177 177 176 176 176 176 179 179 179 179 179 179 179 179 181 181 181 181 181 181 181 181 179 179 180 180 180 181 181 181 181 181 181 181 181 181 181 181 182 182 183 183 183 184 184 184 183 183 183 183 183 183 183 183 182 182 182 182 182 182 182 182 180 180 180 180 180 180 181 181 184 184 184 184 185 185 185 185 186 186 186 186 186 186 186 186 184 184 185 186 188 188 189 189 188 188 188 188 188 188 188 188 187 186 185 185 184 184 185 185 185 185 185 185 184 184 184 184 188 188 188 188 188 188 188 188 188 188 188 188 188 188 188 188 188 188 188 188 188 188 188 188 188 188 188 187 187 186 186 186 186 186 186 186 186 186 186 186 186 185 185 184 183 182 182 181 183 183 183 183 183 183 183 182 185 185 185 185 185 185 185 185 185 185 185 185 185 185 185 185 184 184 184 184 184 184 184 184 184 184 185 185 185 186 186 186 185 185 186 186 186 187 187 187 187 187 187 187 187 187 187 187 187 187 187 187 187 187 187 187 186 186 186 186 186 186 186 186 184 184 185 185 185 186 186 186 186 186 187 187 187 188 188 188 189 189 189 189 189 189 189 189 189 189 189 188 188 188 187 187 187 188 189 190 190 190 190 189 190 190 190 190 190 190 190 190 0 0 0 0 0 0 0 0
0 0 0 0 0 0 0 0 169 169 169 170 171 172 174 175 173 174 175 176 176 176 175 175 178 178 179 180 179 180 182 182 184 185 185 183 180 179 179 180 181 181 181 182 182 183 183 183 182 183 183 184 184 183 183 182 182 182 181 181 181 179 179 179 176 176 175 175 175 175 175 175 175 175 175 175 175 175 175 175 175 175 175 175 175 175 175 175 176 177 177 177 177 179 180 180 180 180 181 182 183 185 185 185 185 185 184 184 184 183 183 183 183 183 183 183 183 183 183 183 185 186 185 186 186 187 187 188 183 182 181 180 181 183 186 188 187 187 185 184 181 181 180 180 180 181 183 184 185 184 182 181 184 183 183 183 183 183 183 185 185 185 185 184 184 184 184 184 182 182 182 182 182 182 182 182 185 185 185 184 184 183 184 182 183 183 182 181 181 183 184 185 185 185 184 184 184 183 183 183 183 183 183 183 183 183 183 183 184 184 183 183 183 182 182 182 182 182 180 179 177 175 174 173 170 170 170 170 170 171 173 174 179 179 179 180 180 181 181 181 180 180 180 181 181 182 182 182 180 180 179 179 179 179 179 179 180 180 179 179 179 179 179 179 177 176 176 176 176 176 176 176 176 176 176 176 176 176 176 176 176 176 176 176 176 176 176 176 179 179 179 179 179 179 179 179 181 181 181 181 181 181 181 181 179 179 179 180 180 180 181 181 181 181 181 181 181 181 181 181 182 182 182 183 183 184 184 184 183 183 183 183 183 183 183 183 182 182 182 182 182 182 182 182 181 181 180 181 180 181 181 181 184 184 184 184 185 185 185 185 186 186 186 186 186 186 186 186 183 184 185 185 186 188 188 188 188 188 188 188 188 188 188 188 187 186 185 184 184 184 184 185 185 185 185 185 184 184 184 184 188 188 188 188 188 188 188 188 188 188 188 188 188 188 188 188 188 188 188 188 188 188 188 188 188 188 188 187 187 186 186 186 186 186 186 186 186 186 186 186 185 185 184 183 182 181 181 180 183 183 183 183 183 183 183 182 185 185 185 185 185 185 185 185 185 185 185 185 185 185 185 185 184 184 184 184 184 184 184 184 184 184 184 185 185 186 186 186 185 185 185 186 186 187 187 187 187 187 187 187 187 187 187 187 187 187 187 187 187 187 187 187 185 185 185 185 185 185 185 185 184 184 184 185 185 186 186 186 186 186 186 187 187 188 188 188 188 188 188 189 188 189 189 189 189 189 189 188 188 187 187 187 187 188 188 190 189 190 190 189 190 190 190 190 190 190 190 190 0 0 0 0 0 0 0 0
0 0 0 0 0 0 0 0 169 169 169 169 170 171 172 173 173 174 175 175 175 175 174 175 177 177 178 179 180 180 181 183 187 186 184 182 181 179 178 177 181 181 181 181 181 181 181 181 183 183 184 184 184 184 184 183 181 181 180 179 178 177 176 175 177 177 176 176 175 175 174 175 176 177 177 177 177 177 176 176 175 175 175 175 175 175 174 175 178 177 177 176 177 178 178 179 183 183 183 184 184 185 185 185 190 188 184 182 180 180 181 182 180 182 185 184 182 181 183 185 186 185 183 183 186 188 187 186 185 183 180 178 179 183 188 193 187 186 181 176 172 170 170 170 174 174 173 173 172 172 170 170 172 173 174 175 177 178 179 181 181 185 190 191 190 187 186 187 183 184 184 184 185 185 184 185 182 181 179 180 180 181 180 179 180 178 175 175 177 180 182 183 181 182 183 183 183 183 183 183 180 180 178 182 184 184 181 178 178 179 181 180 180 180 183 185 178 182 182 176 175 178 175 169 170 169 166 165 165 167 171 173 180 180 180 180 180 181 181 181 179 180 180 181 181 180 180 179 181 181 180 179 179 180 180 180 178 178 177 177 177 177 177 178 178 178 178 178 178 178 178 178 177 177 177 176 176 175 175 175 176 176 176 176 176 176 176 176 179 179 179 179 179 179 179 179 179 179 179 179 179 179 179 179 180 180 181 181 181 182 182 182 181 181 181 180 180 179 179 179 182 182 182 182 182 182 182 182 182 182 182 182 182 182 182 182 181 181 181 181 181 181 181 181 182 182 181 182 181 182 182 182 185 185 184 183 184 185 187 188 187 187 187 187 187 187 187 187 187 187 187 187 187 187 187 187 188 188 188 188 188 188 188 188 191 190 188 186 185 185 186 186 184 184 184 184 184 184 184 184 190 190 189 189 189 189 189 189 188 188 188 188 188 188 188 188 188 188 188 188 188 188 188 188 190 189 189 188 187 186 185 185 186 186 186 186 186 186 186 186 185 184 183 182 181 180 180 180 181 181 181 181 181 181 181 180 185 185 185 185 185 185 185 185 185 185 185 185 185 185 185 185 184 184 184 184 184 184 184 184 185 185 185 185 185 185 185 185 185 185 186 186 186 187 187 187 188 188 188 188 188 188 188 188 188 188 188 188 188 188 187 187 185 185 185 185 184 184 183 183 183 183 183 183 183 183 183 183 185 185 185 185 185 185 185 185 187 187 187 188 190 190 190 191 188 189 188 189 189 189 189 188 188 187 188 188 188 189 189 189 188 188 189 189 189 189 190 190 0 0 0 0 0 0 0 0
0 0 0 0 0 0 0 0 169 168 168 169 169 170 172 172 174 174 175 176 176 175 175 175 177 177 178 178 179 180 182 182 185 184 183 181 181 179 178 177 181 181 181 181 181 181 181 181 183 183 184 184 184 184 184 184 182 182 180 180 179 178 176 176 177 177 176 176 175 175 174 175 177 177 177 177 177 177 176 176 175 175 175 175 174 174 174 175 177 177 177 176 177 178 178 179 182 182 182 183 184 184 185 185 183 183 182 182 181 181 180 180 181 183 183 182 179 178 178 180 190 189 189 189 191 191 188 187 185 183 179 178 177 175 173 171 161 157 150 143 136 131 128 127 128 128 130 129 129 129 130 130 124 126 128 132 135 139 141 143 149 155 161 164 164 165 165 168 174 176 176 178 180 182 183 182 185 184 184 184 185 184 183 181 175 175 175 178 179 180 179 178 180 181 180 181 181 181 181 182 183 182 181 182 184 183 180 178 179 179 179 180 178 178 179 180 174 179 179 175 173 174 171 166 170 168 166 165 166 168 170 170 178 179 179 179 179 180 180 180 179 180 180 181 181 180 180 179 180 180 179 179 179 179 179 179 178 178 177 177 177 177 177 177 178 178 178 178 178 178 178 178 176 176 175 175 175 174 174 174 175 175 175 175 175 175 175 175 179 179 179 179 179 179 179 179 179 179 179 179 179 179 179 179 179 179 180 180 180 181 181 181 181 181 181 180 180 179 179 179 182 182 182 182 182 182 182 182 182 182 182 182 182 182 182 182 181 181 181 181 181 181 181 181 182 182 182 182 182 182 182 182 184 184 183 183 183 184 186 187 187 188 188 188 188 188 188 188 189 189 189 189 189 189 189 189 190 190 190 190 190 190 190 190 190 189 187 185 184 184 185 185 184 184 184 184 184 184 184 184 189 189 188 188 188 188 188 188 188 188 188 188 188 188 188 188 188 188 188 188 188 188 188 188 188 188 187 187 186 185 184 184 185 185 185 185 185 185 185 185 185 184 183 182 181 180 180 180 181 181 181 181 181 181 181 181 184 184 184 184 184 184 184 184 184 184 184 184 184 184 184 184 184 184 184 184 184 184 184 184 184 184 184 184 184 184 184 184 184 184 185 185 185 186 186 186 188 188 188 188 188 188 188 189 188 188 188 188 188 188 187 187 185 185 184 184 183 183 183 183 182 183 183 183 183 183 183 183 185 185 185 185 185 185 185 185 185 185 186 187 188 189 189 189 189 189 189 189 190 190 190 189 187 187 187 187 188 188 189 189 188 189 189 189 189 190 190 190 0 0 0 0 0 0 0 0
0 0 0 0 0 0 0 0 169 169 168 168 169 170 171 172 175 175 176 177 177 177 177 177 177 177 178 178 179 180 181 181 181 181 180 180 180 179 178 178 181 181 181 181 181 181 181 181 183 183 183 183 184 184 184 184 182 182 180 180 179 178 177 177 177 177 176 176 175 175 175 175 177 178 178 178 178 178 177 177 176 176 175 175 175 175 175 175 177 178 177 177 177 177 178 178 180 181 181 182 183 184 185 186 183 183 182 182 182 180 179 178 180 181 182 182 181 182 183 185 185 184 184 184 183 180 175 171 175 172 166 162 157 149 138 131 123 119 112 104 97 91 87 85 82 83 83 84 85 85 86 85 89 91 94 97 101 105 107 109 115 120 126 130 133 137 138 141 146 149 152 158 163 169 173 174 175 175 176 177 176 176 175 174 177 177 177 178 178 179 179 180 179 180 180 179 178 178 177 178 182 181 180 179 180 180 177 175 176 177 179 180 181 182 182 182 179 181 181 179 176 172 164 155 149 148 150 155 164 169 170 169 176 177 177 177 178 178 179 179 179 180 180 181 181 180 180 179 179 178 178 177 177 178 178 179 178 178 178 178 177 177 177 177 178 178 178 178 178 178 178 178 175 175 175 174 174 174 173 173 174 174 174 174 174 174 174 174 178 178 178 178 178 178 178 178 178 178 178 178 178 178 178 178 178 178 178 179 179 179 180 180 180 180 180 180 179 179 179 179 181 181 181 181 181 181 181 181 181 181 181 181 181 181 181 181 181 181 181 181 181 181 181 181 182 182 182 182 182 182 182 182 183 182 182 182 182 183 184 184 185 186 186 186 186 186 186 186 188 188 188 188 188 188 188 188 189 189 189 189 189 189 189 189 187 186 185 184 183 183 183 183 183 183 183 183 183 183 183 183 187 187 186 186 186 186 186 186 187 187 187 187 187 187 187 187 187 187 187 187 187 187 187 187 186 186 185 185 184 183 183 182 184 184 184 184 184 184 184 184 184 184 182 181 180 180 180 181 181 181 181 181 181 181 181 181 182 182 182 182 182 182 182 182 182 182 182 182 182 182 182 182 184 184 184 184 184 184 184 184 182 182 182 182 182 182 182 182 182 182 183 183 183 184 184 184 186 186 186 186 186 186 186 187 187 187 187 187 187 187 186 186 185 185 184 184 183 183 183 183 182 183 183 183 183 183 183 183 185 185 185 185 185 185 185 185 183 184 185 185 186 187 187 187 188 188 188 188 189 189 189 188 187 186 186 187 187 188 189 189 188 189 189 190 190 191 191 191 0 0 0 0 0 0 0 0
0 0 0 0 0 0 0 0 167 167 166 167 168 170 171 172 175 176 177 178 178 178 178 177 177 177 177 178 178 179 180 181 178 178 178 178 179 179 179 179 181 181 181 181 181 181 181 181 182 182 182 182 183 183 183 183 182 182 181 180 180 179 178 177 178 178 177 177 176 176 176 177 178 178 178 178 178 178 177 177 177 177 176 176 176 176 176 177 178 178 177 177 177 177 178 179 181 181 182 183 184 184 185 185 189 187 185 183 181 179 178 178 175 176 179 182 185 188 190 192 193 192 191 188 182 174 164 158 144 137 128 120 114 106 96 88 85 83 79 75 71 68 65 64 59 59 59 60 59 60 60 59 60 61 61 63 64 66 67 68 69 72 75 79 82 86 88 90 104 108 114 123 133 141 148 152 168 171 173 177 178 180 183 184 182 180 177 173 171 173 178 181 180 180 179 179 176 176 176 175 176 177 175 176 175 175 174 173 171 173 176 181 186 188 188 187 187 182 178 175 172 160 139 123 104 109 119 136 154 166 170 170 175 175 175 176 177 177 178 178 179 180 180 181 181 180 180 179 178 177 177 176 176 177 177 178 178 178 178 178 177 177 177 177 178 178 178 178 178 178 178 178 176 176 176 175 175 175 174 174 175 175 175 175 175 175 175 175 177 177 177 177 177 177 177 177 177 177 177 177 177 177 177 177 176 176 177 177 177 178 178 178 180 179 179 179 179 179 179 179 180 180 180 180 180 180 180 180 180 180 180 180 180 180 180 180 180 180 180 180 180 180 180 180 181 181 181 181 181 181 181 181 181 181 181 181 181 181 182 182 182 182 182 182 182 182 182 182 182 182 182 182 182 182 182 182 183 183 183 183 183 183 183 183 184 184 183 182 182 182 181 181 182 182 182 182 182 182 182 182 185 185 184 184 184 184 184 184 184 184 184 184 184 184 184 184 184 184 184 184 184 184 184 184 184 184 183 183 182 182 181 181 182 182 182 182 182 182 182 182 183 183 182 181 180 180 180 181 181 181 181 181 181 181 181 181 180 180 180 180 180 180 180 180 180 180 180 180 180 180 180 180 181 181 181 181 181 181 181 181 180 180 180 180 180 180 180 180 180 181 181 181 182 182 182 183 185 185 185 185 185 185 185 186 186 186 186 186 186 186 185 185 185 185 184 184 183 183 183 183 182 183 183 183 183 183 183 183 184 184 184 184 184 184 184 184 182 182 183 183 185 185 185 185 187 187 187 187 188 188 188 187 186 186 185 186 187 188 188 189 188 190 189 190 190 191 191 191 0 0 0 0 0 0 0 0
0 0 0 0 0 0 0 0 166 166 166 167 167 169 171 172 175 176 177 178 178 178 178 177 177 177 177 178 178 178 179 180 177 177 177 177 179 179 180 180 180 180 181 181 181 181 181 181 182 182 182 182 182 182 183 183 181 181 181 180 180 180 179 178 178 178 178 178 177 177 177 177 178 179 179 179 178 178 178 178 177 177 177 177 176 176 176 177 178 178 177 176 176 177 178 178 181 181 182 182 183 183 183 183 187 185 182 179 178 178 179 180 176 177 177 179 180 182 183 183 181 177 170 162 151 138 125 116 96 89 78 71 68 68 67 67 65 64 63 62 62 62 62 62 58 59 58 57 55 54 54 53 55 55 54 54 54 53 53 54 55 56 56 57 59 60 61 61 71 76 81 89 97 105 111 114 131 137 143 151 157 164 171 177 178 179 179 178 175 175 178 181 182 182 181 181 179 179 178 178 177 178 177 178 177 176 176 178 176 176 178 183 187 187 184 181 178 166 156 152 147 128 97 74 63 75 96 123 147 163 170 171 173 173 174 175 176 177 177 178 179 180 180 181 181 180 180 179 177 177 176 176 176 176 177 177 179 179 178 178 178 178 177 177 179 179 179 179 179 179 179 179 179 179 178 178 178 177 177 177 177 177 177 177 177 177 177 177 177 177 177 177 177 177 177 177 177 177 177 177 177 177 177 177 175 176 176 176 177 177 177 177 178 180 180 180 180 180 180 180 181 181 181 181 181 181 181 181 181 181 181 181 181 181 181 181 181 181 181 181 181 181 181 181 181 181 181 181 181 181 181 181 180 181 181 181 181 180 180 180 180 180 180 180 180 180 180 180 179 179 179 179 179 179 179 179 180 180 180 180 180 180 180 180 182 182 182 182 181 181 180 180 182 182 182 182 182 182 182 182 183 183 182 182 182 182 182 182 181 181 181 181 181 181 181 181 181 181 181 181 181 181 181 181 182 182 182 181 181 181 181 181 181 181 181 181 181 181 181 181 182 182 181 180 180 180 180 181 181 181 181 181 181 181 181 181 179 179 179 179 179 179 179 179 179 179 179 179 179 179 179 179 179 179 179 179 179 179 179 179 179 179 179 179 179 179 179 179 179 180 181 181 181 182 182 182 184 184 184 184 184 184 184 184 184 184 184 184 184 184 183 183 185 185 184 184 183 183 183 183 182 183 183 183 183 183 183 183 184 184 184 184 184 184 184 184 182 182 182 182 183 183 183 183 185 185 185 185 186 186 186 185 185 185 185 186 187 188 187 188 188 189 189 190 190 192 191 192 0 0 0 0 0 0 0 0
0 0 0 0 0 0 0 0 165 165 165 166 167 169 170 172 175 175 176 177 177 177 177 177 177 177 177 177 177 178 179 179 177 177 177 178 179 180 180 180 180 180 181 181 181 181 181 181 181 181 181 181 181 181 182 181 181 181 181 181 181 180 179 179 179 179 179 179 179 179 178 179 178 179 179 179 178 178 178 178 178 178 178 178 177 177 177 178 178 178 177 177 177 177 178 178 181 181 181 181 180 180 180 179 177 176 175 176 177 181 184 186 189 184 178 174 169 164 158 154 133 128 119 108 96 84 72 65 57 53 48 46 48 54 63 69 72 72 73 73 74 74 75 75 76 76 75 74 72 70 69 68 73 74 74 74 74 75 75 75 76 73 70 68 69 70 70 69 68 69 70 73 75 77 79 79 79 85 93 101 110 121 133 142 158 166 176 183 184 183 183 183 182 182 181 182 180 180 180 180 181 182 181 180 177 177 178 180 186 184 182 183 182 176 167 161 149 135 123 117 108 88 61 42 45 64 94 125 150 164 169 170 172 173 174 175 176 177 178 178 179 180 180 181 181 180 180 179 178 177 177 176 176 177 177 178 179 179 178 178 178 178 177 177 179 179 179 179 179 179 179 179 180 180 179 179 179 178 178 178 178 178 178 178 178 178 178 178 176 176 176 176 176 176 176 176 176 176 176 176 176 176 176 176 175 175 176 176 177 177 177 177 179 179 179 179 180 180 180 180 180 180 180 180 180 180 180 180 180 180 180 180 180 180 180 180 180 180 180 180 180 180 180 180 180 180 180 180 180 180 180 180 180 181 181 181 181 180 179 179 181 181 181 181 181 181 181 181 180 180 180 180 180 180 180 180 181 181 181 181 181 181 181 181 180 181 181 182 182 181 180 180 181 181 181 181 181 181 181 181 182 182 181 181 181 181 181 181 180 180 180 180 180 180 180 180 180 180 180 180 180 180 180 180 181 181 181 181 181 181 181 181 181 181 181 181 181 181 181 181 181 181 180 180 180 180 181 181 181 181 181 181 181 181 181 181 179 179 179 179 179 179 179 179 179 179 179 179 179 179 179 179 178 178 178 178 178 178 178 178 179 179 179 179 179 179 179 179 180 180 180 181 181 181 182 182 183 183 183 183 183 183 183 183 183 183 183 183 183 183 182 182 185 185 184 184 183 183 183 183 182 183 183 183 183 183 183 183 183 183 183 183 183 183 183 183 182 181 182 182 183 182 182 182 184 184 184 184 185 185 185 185 185 185 185 186 186 187 187 187 188 189 188 190 191 192 192 193 0 0 0 0 0 0 0 0
0 0 0 0 0 0 0 0 164 164 164 166 167 169 170 171 174 174 175 176 177 176 176 176 177 177 177 177 177 177 178 178 178 178 178 178 180 180 180 180 180 180 180 180 181 181 181 181 181 181 181 181 181 181 181 181 181 181 181 181 181 181 180 180 179 179 179 179 179 179 179 180 179 180 179 179 179 179 178 178 179 179 179 179 179 179 179 178 179 178 178 177 176 177 177 178 179 178 178 177 175 175 173 173 170 173 176 181 184 186 187 189 188 179 167 154 140 127 115 107 82 78 71 66 61 58 54 52 47 50 53 54 57 64 75 83 85 86 87 88 89 90 89 89 95 94 93 92 91 90 89 89 85 85 86 86 87 87 87 88 89 84 80 78 79 81 81 80 81 80 78 75 72 69 67 66 61 65 69 72 76 85 97 106 117 128 143 154 161 168 174 178 175 176 175 175 174 175 175 175 178 179 177 174 169 167 169 171 176 171 165 161 154 143 128 118 103 94 84 75 63 47 36 34 46 70 107 139 159 168 171 172 172 173 174 175 176 178 179 179 179 180 180 181 181 180 180 179 179 179 178 178 177 177 178 178 179 179 179 179 178 178 178 178 178 178 178 178 178 178 178 178 178 178 178 177 177 177 176 176 177 177 177 177 177 177 177 177 175 175 175 175 175 175 175 175 175 175 175 175 175 175 175 175 176 176 176 177 177 177 178 178 178 178 178 179 179 180 180 180 179 179 179 179 179 179 179 179 179 179 179 179 179 179 179 179 180 180 180 180 180 180 180 180 180 180 180 180 180 180 180 180 181 181 182 182 182 181 179 178 181 181 181 181 181 181 181 181 180 180 180 180 180 180 180 180 181 181 181 181 181 181 181 181 179 180 181 182 182 181 180 180 180 180 180 180 180 180 180 180 182 182 181 181 181 181 181 181 181 181 181 181 181 181 181 181 181 181 181 181 181 181 181 181 181 181 181 181 181 181 181 181 182 182 182 182 182 182 182 182 181 180 180 179 179 180 181 181 181 181 181 181 181 181 181 181 179 179 179 179 179 179 179 179 179 179 179 179 179 179 179 179 179 179 179 179 179 179 179 179 179 179 179 179 179 179 179 179 180 180 180 181 181 181 182 182 181 181 181 181 181 181 181 181 182 182 182 182 182 182 181 181 185 185 184 184 183 183 183 183 182 182 182 182 182 182 182 182 182 182 182 182 182 182 182 182 182 182 183 182 183 182 182 182 183 183 183 183 184 184 184 184 184 184 185 185 186 186 186 187 188 189 189 191 192 192 193 193 0 0 0 0 0 0 0 0
0 0 0 0 0 0 0 0 163 163 164 165 167 169 170 171 173 174 175 175 176 176 175 175 177 177 177 177 177 177 178 178 179 179 179 179 180 180 180 180 180 180 180 180 180 181 181 181 181 181 181 181 181 181 181 181 181 181 181 181 181 181 180 180 179 179 179 179 179 179 179 180 179 180 179 179 179 179 178 178 179 179 179 179 179 179 179 179 179 178 178 177 176 177 177 178 177 176 175 173 171 170 168 167 172 175 182 188 191 191 189 187 172 161 145 126 108 90 74 63 33 30 28 29 35 41 44 48 54 62 69 74 74 77 85 93 88 89 91 93 94 95 95 95 100 100 99 99 98 98 97 98 100 100 101 100 100 99 99 99 105 101 97 96 98 101 101 101 95 93 88 83 79 74 70 68 52 53 52 48 46 50 59 68 78 85 96 108 120 135 153 165 166 167 166 166 166 168 167 168 171 171 169 164 157 154 154 156 148 143 134 128 118 105 88 75 63 57 50 42 27 16 19 31 51 78 117 149 167 172 173 174 173 173 174 175 177 178 179 180 179 180 180 181 181 180 180 179 180 179 179 178 177 178 178 179 179 179 179 179 178 178 178 178 178 178 178 178 178 178 178 178 177 177 177 176 176 175 175 175 176 176 176 176 176 176 176 176 175 175 175 175 175 175 175 175 175 175 175 175 175 175 175 175 176 176 176 177 177 178 178 179 178 178 178 179 179 180 180 180 179 179 179 179 179 179 179 179 179 179 179 179 179 179 179 179 180 180 180 180 180 180 180 180 180 180 180 180 180 180 180 180 181 182 183 183 182 181 179 178 179 179 179 179 179 179 179 179 179 179 179 179 179 179 179 179 180 180 180 180 180 180 180 180 179 180 181 183 183 182 181 180 180 180 180 180 180 180 180 180 182 182 181 181 181 181 181 181 182 182 182 182 182 182 182 182 182 182 182 182 182 182 182 182 181 181 181 181 181 181 181 181 182 182 182 182 182 182 182 182 180 180 179 179 179 180 181 181 181 181 181 181 181 181 181 181 179 179 179 179 179 179 179 179 179 179 179 179 179 179 179 179 180 180 180 180 180 180 180 180 179 179 179 179 179 179 179 180 180 180 180 181 181 182 182 182 181 181 181 181 181 181 181 181 182 182 182 182 182 182 181 181 185 185 184 184 183 183 183 183 182 182 182 182 182 182 182 182 182 182 182 182 182 182 182 182 182 182 183 182 183 182 182 182 183 183 183 183 184 184 184 184 184 184 184 185 185 186 187 187 188 189 190 190 191 192 193 193 0 0 0 0 0 0 0 0
0 0 0 0 0 0 0 0 166 166 167 168 168 169 170 170 172 172 173 174 175 175 176 176 175 175 175 176 176 177 178 178 177 177 177 178 179 180 180 180 180 180 180 180 180 180 181 181 181 181 181 181 181 181 181 181 180 180 180 180 181 181 181 181 182 181 180 179 179 179 179 180 179 178 178 177 178 179 181 182 179 179 179 179 178 178 178 179 177 179 180 181 179 176 170 167 171 167 165 165 168 172 175 176 173 180 190 195 191 179 165 155 139 125 104 84 68 55 45 39 41 41 44 50 57 66 74 80 87 90 92 95 95 94 92 90 97 98 97 97 95 94 94 94 92 93 93 95 97 99 100 100 99 100 100 100 100 100 101 101 101 101 101 101 101 101 101 99 98 97 96 94 91 89 89 87 79 77 73 68 62 56 51 48 58 61 64 66 73 89 111 128 124 125 124 124 125 126 125 126 123 126 127 123 114 108 104 104 90 85 79 75 69 64 57 51 45 39 37 37 27 21 34 55 83 114 145 158 166 175 179 176 173 173 174 175 177 178 179 179 180 180 180 181 181 182 182 182 182 182 180 180 180 180 178 178 179 179 179 179 179 179 179 179 179 179 179 179 179 179 179 179 179 179 179 178 178 177 177 177 177 177 177 177 177 177 177 177 175 175 175 175 175 175 175 175 176 176 175 175 175 176 177 178 176 176 176 177 177 178 178 178 177 178 179 180 180 181 182 182 181 181 181 181 181 181 181 181 181 181 181 181 181 181 181 181 181 181 181 181 181 181 181 181 181 181 181 181 181 181 181 181 180 181 181 181 181 180 179 178 180 180 180 180 180 180 180 180 179 179 179 179 179 179 179 179 180 180 180 180 180 180 180 180 181 181 181 181 181 181 181 181 181 181 181 181 181 181 181 181 182 182 181 181 181 181 181 181 181 181 181 181 181 181 181 181 181 181 181 181 181 181 181 181 181 181 181 181 181 181 181 181 181 181 181 181 181 181 181 181 181 180 179 178 178 178 178 179 179 179 179 179 179 179 179 179 179 179 179 179 179 179 179 179 179 179 179 179 179 179 179 179 180 180 180 180 180 180 180 180 180 180 180 180 180 180 180 180 181 181 181 181 181 181 181 181 181 181 181 180 180 180 179 179 180 180 180 180 180 180 179 179 181 181 181 181 180 181 181 181 182 181 181 181 181 181 181 181 182 182 182 182 182 182 182 182 182 182 183 182 183 183 182 182 183 183 183 183 184 184 184 184 183 183 185 186 186 187 188 189 190 190 190 191 191 192 192 192 0 0 0 0 0 0 0 0
0 0 0 0 0 0 0 0 166 166 167 167 168 169 170 170 172 172 173 173 174 175 176 176 175 175 175 176 176 176 178 178 177 177 177 178 179 180 180 180 180 180 180 180 180 180 180 181 181 181 181 181 181 181 181 181 180 180 180 180 181 181 181 181 182 181 180 179 179 180 179 180 180 178 178 177 178 179 179 181 179 179 179 179 178 178 178 178 177 179 180 180 178 175 170 168 166 166 166 170 174 177 178 179 178 182 184 183 176 160 139 126 102 89 73 57 47 41 38 35 58 60 64 71 78 86 92 95 97 99 102 104 103 100 97 95 92 92 92 92 92 91 91 91 90 91 91 94 94 95 96 97 96 96 96 96 96 96 97 97 100 101 101 101 101 101 102 102 101 101 101 101 99 98 99 99 97 95 90 82 73 65 58 53 44 43 44 45 47 57 72 84 87 86 86 86 86 86 86 87 85 86 85 85 81 76 69 66 49 46 41 39 38 39 36 35 44 38 32 32 30 35 57 81 107 133 157 164 169 176 181 178 173 173 174 175 177 178 179 179 180 180 180 181 181 182 182 182 182 182 180 180 180 179 178 178 179 179 179 179 179 179 179 179 179 179 179 179 179 179 179 179 179 179 178 178 178 177 177 177 177 177 177 177 177 177 177 177 175 175 175 175 175 175 175 175 176 175 175 175 175 176 177 178 176 176 176 177 177 177 178 178 178 178 179 180 180 181 182 182 181 181 181 181 181 181 181 181 181 181 181 181 181 181 181 181 181 181 181 181 181 181 181 181 181 181 181 181 181 181 181 181 180 181 181 181 181 180 179 178 180 180 180 180 180 180 180 180 179 179 179 179 179 179 179 179 180 180 180 180 180 180 180 180 181 181 181 181 181 181 181 181 181 181 181 181 181 181 181 181 182 182 181 181 181 181 181 181 181 181 181 181 181 181 181 181 181 181 181 181 181 181 181 181 181 181 181 181 181 181 181 181 181 181 181 181 181 181 181 181 181 180 179 178 178 178 178 179 179 179 179 179 179 179 179 179 179 179 179 179 179 179 179 179 179 179 179 179 179 179 179 179 180 180 180 180 180 180 180 180 180 180 180 180 180 180 180 180 181 181 181 181 181 181 181 181 181 181 180 180 180 179 179 179 180 180 180 180 180 180 179 179 180 181 180 180 180 180 180 180 181 181 181 181 181 181 181 180 182 182 182 182 182 182 182 182 182 182 182 182 183 182 182 182 183 183 183 183 184 184 184 184 183 183 185 185 186 187 188 189 190 190 190 191 191 191 192 192 0 0 0 0 0 0 0 0
0 0 0 0 0 0 0 0 167 167 167 168 168 169 169 170 172 172 172 173 174 174 175 175 175 175 175 175 176 176 177 178 177 177 177 178 179 180 180 180 180 180 180 180 180 180 180 180 181 181 181 181 181 181 181 181 180 180 180 180 181 181 181 181 183 182 181 180 180 180 180 181 179 179 178 179 178 179 180 180 179 179 178 179 178 179 178 178 178 179 179 179 176 174 170 167 162 165 170 178 183 182 180 176 168 164 156 148 138 120 98 84 66 57 49 42 41 45 49 52 77 79 84 89 94 97 99 100 99 101 104 105 103 98 95 91 87 88 88 88 89 88 88 89 90 90 90 91 91 92 92 92 92 92 92 92 93 93 93 93 93 94 94 95 95 96 96 97 96 96 97 98 99 99 101 101 110 107 102 96 88 80 73 69 66 63 60 57 56 59 62 66 61 61 61 60 59 59 58 58 60 58 55 58 59 56 48 41 42 42 41 43 47 51 53 54 57 44 34 34 41 58 88 115 140 156 169 169 168 175 179 179 173 173 174 175 177 178 179 179 180 180 180 181 181 182 182 182 182 182 181 181 180 180 179 178 178 178 178 178 178 178 178 178 179 179 179 179 179 179 179 179 179 178 178 178 177 177 177 177 177 177 177 177 177 177 177 177 174 174 174 174 174 174 174 174 175 175 174 174 175 175 176 177 176 176 176 176 177 177 177 178 178 178 179 180 180 181 182 182 181 181 181 181 181 181 181 181 181 181 181 181 181 181 181 181 181 181 181 181 181 181 181 181 181 181 181 181 181 181 181 181 180 181 181 181 181 180 179 178 180 180 180 180 180 180 180 180 179 179 179 179 179 179 179 179 180 180 180 180 180 180 180 180 181 181 181 181 181 181 181 181 181 181 181 181 181 181 181 181 182 182 181 181 181 181 181 181 181 181 181 181 181 181 181 181 181 181 181 181 181 181 181 181 181 181 181 181 181 181 181 181 181 181 181 181 181 181 181 181 180 180 179 178 178 178 178 178 179 179 179 179 179 179 179 179 179 179 179 179 179 179 179 179 179 179 179 179 179 179 179 179 180 180 180 180 180 180 180 180 180 180 180 180 180 180 180 180 181 181 181 181 181 181 181 181 180 180 180 179 179 179 178 178 179 179 179 179 179 179 178 178 179 179 178 179 178 179 179 179 180 180 180 180 180 180 180 180 181 181 181 181 181 181 181 181 181 181 182 181 182 182 181 181 183 183 183 183 184 184 184 184 183 183 183 184 185 187 187 188 190 190 190 190 191 191 191 192 0 0 0 0 0 0 0 0
0 0 0 0 0 0 0 0 166 166 167 168 168 168 169 169 171 172 171 172 173 174 174 174 174 174 175 175 175 176 177 177 177 177 177 178 179 180 180 180 180 180 180 180 180 180 180 180 181 181 181 181 181 181 181 181 180 180 180 180 181 181 181 181 183 182 181 180 180 180 180 181 179 178 178 178 177 178 178 179 178 178 177 177 177 177 177 177 177 178 177 178 175 173 170 170 164 170 179 186 188 182 172 164 144 132 113 99 90 79 64 54 46 45 46 50 58 69 77 82 87 88 90 91 90 90 91 90 93 95 98 99 97 94 91 87 86 87 87 88 88 89 89 90 91 91 91 90 90 90 89 89 89 90 89 90 90 90 90 91 89 90 90 91 92 93 94 94 92 91 92 94 95 96 97 98 103 103 102 101 98 95 92 90 90 85 80 77 75 74 69 67 66 65 65 64 63 62 61 61 63 61 58 59 60 59 57 54 57 59 61 66 69 71 69 69 68 55 40 41 54 80 113 141 162 170 173 167 164 169 174 175 173 173 174 175 177 178 179 179 180 180 180 181 181 182 182 182 182 182 181 181 180 179 178 177 177 177 177 177 178 178 178 178 178 178 178 178 178 178 178 178 178 178 178 177 177 177 176 176 176 176 176 176 176 176 176 176 173 173 173 173 173 173 173 173 174 174 173 173 174 175 176 176 175 175 176 176 176 177 177 178 178 178 179 180 180 181 182 182 181 181 181 181 181 181 181 181 181 181 181 181 181 181 181 181 181 181 181 181 181 181 181 181 181 181 181 181 181 181 181 181 180 181 181 181 181 180 179 178 179 179 179 179 179 179 179 179 179 179 179 179 179 179 179 179 180 180 180 180 180 180 180 180 181 181 181 181 181 181 181 181 181 181 181 181 181 181 181 181 182 182 181 181 181 181 181 181 181 181 181 181 181 181 181 181 181 181 181 181 181 181 181 181 181 181 181 181 181 181 181 181 181 181 181 181 181 181 181 181 180 179 178 178 177 177 178 178 178 178 178 178 178 178 178 178 179 179 179 179 179 179 179 179 179 179 179 179 179 179 179 179 180 180 180 180 180 180 180 180 180 180 180 180 180 180 180 181 180 180 180 180 180 180 180 180 179 179 179 179 178 178 178 177 178 178 178 178 178 178 177 177 177 177 176 177 176 177 177 177 178 178 178 178 179 179 179 179 180 180 180 180 180 180 180 180 180 180 181 181 181 181 181 180 182 182 182 182 183 183 183 183 182 182 183 184 185 185 186 187 188 189 190 190 190 191 191 191 0 0 0 0 0 0 0 0
0 0 0 0 0 0 0 0 166 166 167 167 168 169 169 169 171 171 171 172 172 173 173 174 174 174 174 175 175 175 177 177 177 177 177 178 179 180 180 180 180 180 180 180 180 180 180 180 180 180 181 181 181 181 181 181 180 180 180 180 181 181 181 181 183 182 181 180 180 181 181 181 179 178 178 178 178 178 176 176 175 176 175 176 175 175 175 175 176 176 176 175 173 173 172 171 173 178 185 189 184 171 153 140 119 101 76 59 54 52 48 46 40 46 55 66 77 89 97 102 91 90 90 88 86 86 87 87 91 93 96 97 97 95 93 91 90 90 91 91 92 92 92 92 92 92 91 91 90 90 90 90 90 91 90 91 91 91 91 91 92 93 93 95 96 97 98 99 95 94 95 95 95 95 95 95 91 94 96 99 103 105 106 106 105 101 97 95 94 92 85 81 81 81 80 79 78 77 75 76 76 77 74 72 69 70 74 80 85 89 91 91 85 76 66 60 57 50 45 53 73 103 137 159 174 176 172 166 163 166 172 174 173 173 174 175 177 178 179 179 180 180 180 181 181 182 182 182 182 183 181 180 179 178 177 176 176 176 176 176 177 177 178 178 178 178 178 178 178 178 178 178 178 178 177 177 177 176 176 176 177 177 177 177 177 177 177 177 174 174 174 174 174 174 174 174 174 174 174 174 174 175 176 176 176 176 176 177 177 177 178 178 178 178 179 180 180 181 182 182 181 181 181 181 181 181 181 181 181 181 181 181 181 181 181 181 181 181 181 181 181 181 181 181 182 182 182 182 182 182 182 182 181 182 182 182 182 181 180 179 179 179 179 179 179 179 179 179 179 179 179 179 179 179 179 179 180 180 180 180 180 180 180 180 181 181 181 181 181 181 181 181 181 181 181 181 181 181 181 181 182 182 181 181 181 181 181 181 181 181 181 181 181 181 181 181 181 181 181 181 181 181 181 181 181 181 181 181 181 181 181 181 181 181 181 181 181 181 181 181 180 179 178 177 177 177 177 178 178 178 178 178 178 178 178 178 179 179 179 179 179 179 179 179 179 179 179 179 179 179 179 179 180 181 181 181 181 181 181 181 181 181 181 181 181 181 181 181 180 181 181 181 181 181 181 181 180 179 179 179 178 178 178 178 178 178 178 178 178 178 177 177 175 175 174 175 174 175 175 175 176 176 177 177 178 178 179 179 180 180 180 180 180 180 180 180 180 179 180 180 180 180 180 180 182 182 182 182 183 183 183 183 182 182 183 183 184 185 186 186 187 188 188 189 189 190 191 191 0 0 0 0 0 0 0 0
0 0 0 0 0 0 0 0 165 166 166 167 168 169 168 168 170 170 171 171 171 172 173 173 173 174 174 174 175 175 176 176 177 177 177 178 179 180 180 180 180 180 180 180 180 180 180 180 180 180 181 181 181 181 181 181 180 180 180 180 181 181 181 182 183 182 181 180 181 181 181 181 177 178 178 178 178 177 175 175 173 173 173 173 173 173 173 173 174 174 173 173 172 173 173 175 181 181 179 174 161 142 121 108 89 73 52 39 36 42 47 50 53 61 73 83 91 98 103 105 95 94 92 93 93 93 94 96 90 90 91 93 93 94 94 94 94 94 94 95 95 95 94 94 93 93 91 91 91 91 91 91 91 91 90 91 91 91 91 92 92 93 93 94 94 95 95 96 96 95 94 93 91 91 90 90 89 91 94 99 102 106 108 109 110 108 105 105 106 104 100 97 94 94 94 93 92 92 91 91 90 90 90 86 82 85 92 98 107 107 103 94 80 63 49 42 34 39 52 73 99 129 155 171 178 177 170 167 166 168 173 175 173 173 174 175 177 178 179 179 180 180 180 181 181 182 182 183 182 183 181 180 179 178 176 176 175 175 175 175 176 177 177 178 177 177 177 177 177 177 177 177 177 177 177 177 176 176 176 175 176 176 176 176 176 176 176 176 173 173 173 173 173 173 173 173 174 173 173 173 173 174 175 176 175 176 176 176 177 177 177 177 178 178 179 180 180 181 182 182 181 181 181 181 181 181 181 181 181 181 181 181 181 181 181 181 181 181 181 181 181 181 181 181 182 182 182 182 182 182 182 182 181 182 182 182 182 181 180 179 178 178 178 178 178 178 178 178 179 179 179 179 179 179 179 179 180 180 180 180 180 180 180 180 181 181 181 181 181 181 181 181 181 181 181 181 181 181 181 181 182 182 181 181 181 181 181 181 181 181 181 181 181 181 181 181 181 181 181 181 181 181 181 181 181 181 181 181 181 181 181 181 181 181 181 181 181 181 181 181 179 179 178 177 176 176 177 177 177 177 177 177 177 177 177 177 179 179 179 179 179 179 179 179 179 179 179 179 179 179 179 180 180 181 181 181 181 181 181 181 181 181 181 181 181 181 181 181 180 180 180 180 180 180 180 180 179 179 178 178 178 177 177 177 177 177 177 177 177 177 176 176 173 173 172 173 172 173 173 173 174 175 175 176 177 177 178 178 179 179 179 179 179 179 179 179 179 179 179 179 180 179 179 179 181 181 181 181 182 182 182 182 181 182 182 183 184 185 185 185 186 187 188 188 189 189 190 190 0 0 0 0 0 0 0 0
0 0 0 0 0 0 0 0 165 165 166 167 168 168 168 168 169 169 170 171 172 172 172 172 173 173 174 174 174 175 176 176 177 177 177 178 179 180 180 180 180 180 180 180 180 180 180 180 180 180 180 180 181 181 181 181 180 180 180 180 181 181 182 182 183 182 181 181 181 181 182 182 177 177 177 178 177 176 175 174 172 172 171 171 171 171 170 171 172 171 171 171 171 173 175 177 179 171 157 142 121 101 83 71 60 53 44 41 43 51 59 64 75 81 89 93 94 95 96 97 95 95 96 97 98 98 98 97 90 89 88 88 89 91 93 94 96 96 96 95 94 94 94 94 90 90 91 91 90 90 91 91 90 90 89 90 90 90 90 91 89 91 91 91 91 91 91 91 93 91 90 89 87 85 85 85 90 92 94 97 99 101 102 102 99 97 96 95 96 97 96 96 101 100 100 100 100 100 99 99 98 98 96 97 96 99 101 104 99 94 82 65 47 33 25 24 31 50 78 108 134 155 169 177 178 175 170 169 169 171 174 175 173 173 174 175 177 178 179 179 180 180 180 181 181 182 182 183 182 183 182 181 178 177 176 176 174 174 174 175 176 177 177 178 177 177 177 177 177 177 177 177 177 177 177 176 176 176 175 175 176 176 176 176 176 176 176 176 172 172 172 172 172 172 172 172 173 173 172 172 173 174 174 175 175 175 176 176 176 177 177 177 178 178 179 180 180 181 182 182 181 181 181 181 181 181 181 181 181 181 181 181 181 181 181 181 181 181 181 181 181 181 181 181 182 182 182 182 182 182 182 182 181 182 182 182 182 181 180 179 178 178 178 178 178 178 178 178 179 179 179 179 179 179 179 179 180 180 180 180 180 180 180 180 181 181 181 181 181 181 181 181 181 181 181 181 181 181 181 181 182 182 181 181 181 181 181 181 181 181 181 181 181 181 181 181 181 181 181 181 181 181 181 181 181 181 181 181 181 181 181 181 181 181 181 181 181 181 181 181 179 178 177 177 176 176 177 177 177 177 177 177 177 177 177 177 179 179 179 179 179 179 179 179 179 179 179 179 179 179 179 180 180 181 181 181 181 181 181 181 181 181 181 181 181 181 181 181 180 180 180 180 180 180 180 180 178 178 178 177 177 177 176 176 176 176 176 176 176 176 175 175 172 172 171 171 171 171 171 172 173 173 174 175 176 177 177 178 178 178 178 178 178 178 178 178 178 178 179 178 179 179 178 178 181 181 181 181 182 182 182 182 181 180 181 182 183 184 185 185 186 186 187 187 188 189 189 189 0 0 0 0 0 0 0 0
0 0 0 0 0 0 0 0 165 165 166 167 167 168 168 168 169 169 170 170 171 172 172 172 173 173 173 174 174 175 176 176 177 177 177 178 179 180 180 180 180 180 180 180 180 180 180 180 180 180 180 181 181 181 181 181 180 180 180 180 181 181 182 182 183 183 182 182 182 182 182 183 178 178 178 179 177 176 174 173 171 171 171 171 171 171 170 170 170 170 169 169 171 174 176 178 172 159 136 113 89 69 54 46 45 46 49 55 62 71 78 83 89 93 96 94 88 84 83 84 93 94 97 98 98 94 92 90 95 92 90 89 90 91 94 96 95 95 93 93 92 91 91 91 88 88 88 89 89 90 90 90 89 89 89 89 90 90 90 90 93 93 94 93 93 93 93 92 94 93 91 90 88 86 86 85 89 90 91 92 94 95 95 95 101 100 99 98 98 98 100 101 98 98 98 98 98 99 98 99 98 96 95 97 102 104 102 98 97 88 72 52 35 28 29 34 45 71 108 139 161 172 176 176 177 171 168 169 170 171 171 172 173 173 174 175 177 178 179 179 180 180 180 181 181 182 182 182 182 182 181 180 178 177 175 174 173 174 174 174 175 176 177 177 177 177 177 177 177 177 177 177 177 177 177 176 176 175 175 175 176 176 176 176 176 176 176 176 172 172 172 172 172 172 172 172 173 172 172 172 172 173 174 175 175 175 175 176 176 177 177 177 178 178 179 180 180 181 182 182 181 181 181 181 181 181 181 181 181 181 181 181 181 181 181 181 181 181 181 181 181 181 181 181 182 182 182 182 182 182 182 182 181 182 182 182 182 181 180 179 179 179 178 179 178 179 178 179 179 180 179 180 179 180 179 180 180 180 180 180 180 180 180 180 181 181 181 181 181 181 181 181 181 181 181 181 181 181 181 181 182 182 181 181 181 181 181 181 181 181 181 181 181 181 181 181 181 181 181 181 181 181 181 181 181 181 181 181 181 181 181 181 181 181 181 181 181 181 181 181 179 178 177 176 176 176 176 177 177 177 177 177 177 177 177 177 180 180 179 180 179 180 179 180 179 180 179 180 179 180 179 180 181 181 181 181 181 181 181 181 181 181 181 181 181 181 181 181 179 180 179 180 179 180 179 180 177 178 176 177 176 176 175 175 176 176 176 176 176 176 175 175 171 171 170 170 170 170 171 171 172 173 173 174 175 176 177 177 178 178 178 178 178 178 178 178 178 178 177 178 179 178 178 178 181 181 181 181 182 182 182 182 181 180 181 182 182 184 185 185 186 186 186 188 188 189 189 189 0 0 0 0 0 0 0 0
0 0 0 0 0 0 0 0 165 165 165 165 166 167 168 169 169 169 170 171 170 171 172 172 172 172 173 174 174 175 177 177 179 179 179 178 179 178 178 178 180 180 180 180 180 180 180 181 178 179 181 182 183 183 182 181 180 180 180 180 181 181 182 182 181 182 183 184 184 184 184 184 183 182 180 178 175 171 168 166 169 174 178 176 170 167 168 172 166 168 175 178 174 179 180 166 157 134 105 78 53 35 30 34 43 53 65 75 81 87 95 101 103 100 96 91 85 79 75 73 88 88 88 89 89 89 89 89 89 91 93 95 94 91 87 84 86 86 85 86 86 86 85 85 89 90 89 88 88 87 86 86 87 87 88 89 89 90 91 91 93 95 95 96 96 96 95 94 92 92 92 91 90 90 89 89 90 91 91 91 90 90 89 90 94 94 93 94 95 95 96 95 93 91 90 91 93 94 94 92 93 94 93 96 106 112 102 87 86 68 45 30 23 25 40 58 89 116 145 166 178 185 186 181 168 168 169 169 169 170 170 170 173 172 173 174 175 175 176 177 178 179 180 180 180 180 179 178 176 176 176 175 175 174 173 173 174 174 175 176 176 177 178 178 179 179 179 178 178 177 177 177 176 176 176 176 176 176 176 176 176 177 176 176 176 176 176 176 172 172 171 171 171 171 171 171 172 171 171 171 171 172 173 174 175 175 175 176 176 176 177 177 178 178 178 179 179 180 180 180 180 180 180 181 181 182 182 182 183 182 181 181 180 180 181 181 181 181 181 181 181 181 181 181 182 182 182 182 182 182 182 182 181 181 181 181 181 181 181 181 181 182 181 181 180 180 179 180 178 179 178 180 179 181 180 181 179 179 179 180 180 181 181 181 180 180 180 180 180 180 180 180 181 181 181 181 181 181 181 181 181 181 180 180 180 180 180 180 180 180 180 180 180 180 180 180 181 181 181 181 181 181 181 181 181 181 181 181 181 181 181 181 181 181 181 181 181 181 181 181 178 178 178 177 177 176 176 176 177 177 177 177 177 177 177 177 181 181 180 181 180 181 180 181 181 182 181 182 181 182 181 182 180 180 180 180 180 180 180 180 181 181 181 181 181 181 181 181 180 180 180 179 179 179 178 178 176 176 176 176 176 176 176 176 176 176 175 175 175 175 175 174 170 170 169 170 170 170 170 170 172 172 172 173 173 174 174 174 175 175 175 175 175 175 175 175 177 177 177 176 177 177 177 177 177 178 178 178 178 178 178 178 181 182 183 184 185 186 186 186 186 187 188 189 189 190 190 190 0 0 0 0 0 0 0 0
0 0 0 0 0 0 0 0 163 163 163 163 164 165 166 167 169 169 170 170 170 171 172 172 172 172 173 174 174 175 177 177 179 179 178 178 179 178 178 178 179 179 179 179 179 179 180 180 178 179 181 182 182 182 181 181 180 180 180 180 181 181 182 182 181 182 183 184 184 184 184 184 181 181 180 178 176 171 167 165 175 179 183 181 174 169 168 169 175 175 183 185 176 171 158 137 109 89 66 50 40 37 43 52 67 74 82 87 87 87 90 94 94 94 92 90 87 85 83 83 88 87 88 88 89 89 88 89 90 91 91 92 92 90 87 85 84 83 85 86 87 88 90 90 90 90 90 89 88 87 87 86 88 88 89 90 90 91 92 92 93 95 95 96 96 95 96 95 96 96 94 95 94 94 93 93 90 90 90 90 89 91 90 91 93 93 93 94 94 94 94 94 92 88 86 87 88 90 89 88 91 92 93 94 97 95 81 67 47 38 30 30 39 57 82 104 122 140 159 169 173 178 177 174 169 169 169 170 170 170 170 170 173 172 173 173 174 175 176 176 176 177 177 178 178 177 177 176 175 175 175 174 174 173 173 173 174 174 175 176 177 178 179 179 179 179 179 178 178 177 177 177 176 176 176 176 176 176 176 176 177 177 177 177 176 176 176 176 172 172 171 171 171 171 171 171 172 172 172 172 172 173 174 174 175 176 176 176 177 177 177 177 178 178 179 179 179 180 180 180 180 180 181 181 181 182 182 182 181 180 179 179 178 178 179 179 179 179 179 179 179 179 179 180 181 181 181 181 181 181 181 181 181 181 181 181 181 181 181 181 182 182 181 181 181 180 180 180 179 179 179 180 180 180 181 181 179 179 180 180 180 181 181 181 180 180 180 180 180 180 180 180 181 181 181 181 181 181 181 181 181 181 180 180 180 180 180 180 180 180 180 180 180 180 180 180 180 180 180 180 180 180 180 180 180 180 180 180 180 180 180 180 180 180 180 180 180 180 180 180 178 178 178 177 177 176 176 176 177 177 177 177 177 177 177 177 180 180 180 180 180 180 180 180 180 180 180 180 180 180 180 180 180 180 180 180 180 180 180 180 180 180 180 180 180 180 180 180 179 179 179 179 178 178 177 177 176 176 176 176 176 176 176 176 175 175 175 175 175 175 174 174 171 171 170 170 171 171 171 171 172 172 172 173 173 174 174 174 175 175 175 175 175 175 175 175 177 177 176 176 177 176 177 177 177 177 178 178 178 178 178 178 181 182 183 184 185 185 185 185 187 187 188 188 189 189 190 190 0 0 0 0 0 0 0 0
0 0 0 0 0 0 0 0 161 160 160 161 162 163 164 165 169 169 169 170 170 171 171 172 172 172 173 174 174 175 177 177 179 178 178 178 178 178 178 178 178 178 178 178 178 178 179 179 178 179 180 181 181 181 180 180 178 178 178 178 179 179 180 180 180 181 182 183 183 183 183 183 178 178 178 178 176 172 168 166 178 181 182 179 174 169 169 169 179 179 187 186 169 152 129 103 72 56 41 37 40 50 63 73 89 93 96 95 91 88 86 88 88 89 88 88 89 89 90 90 88 88 88 88 88 88 88 88 90 90 90 90 89 88 88 87 86 86 87 87 88 88 89 90 86 86 87 88 88 89 89 89 89 89 90 90 90 91 91 92 90 91 92 93 93 92 92 91 92 92 93 93 92 93 93 94 88 90 89 91 90 92 92 92 92 92 93 94 93 94 92 93 91 89 88 89 91 93 94 93 90 94 96 93 87 79 64 52 34 33 37 48 67 91 117 138 156 165 170 172 170 172 171 171 169 170 171 171 171 171 171 171 173 173 174 174 175 176 176 176 175 175 176 176 176 176 175 175 175 175 175 175 174 174 174 174 174 175 176 177 178 180 181 181 180 180 179 179 179 178 178 178 177 177 177 177 177 177 177 177 177 177 177 177 176 176 176 176 172 172 172 172 171 171 171 171 173 173 173 172 173 174 175 175 176 176 176 177 177 178 178 178 179 179 179 179 180 180 181 181 181 181 181 181 182 182 183 183 179 179 178 177 177 177 177 178 178 178 178 178 178 178 178 178 180 181 181 181 181 181 181 181 181 181 181 181 181 181 181 181 182 181 181 181 180 180 180 180 178 178 179 179 179 180 180 180 179 179 180 180 180 181 181 181 180 180 180 180 180 180 180 180 181 181 181 181 181 181 181 181 181 181 180 180 180 180 180 180 180 180 180 180 180 180 180 180 179 179 179 179 179 179 179 179 179 179 179 179 179 179 179 179 179 179 179 179 179 179 179 179 178 178 178 177 177 176 176 176 177 177 177 177 177 177 177 177 179 179 179 179 179 179 179 179 178 178 178 178 178 178 178 178 180 180 180 180 180 180 180 180 179 179 179 179 179 179 179 179 178 178 178 177 177 177 176 176 176 176 176 176 176 176 176 176 176 176 176 176 175 175 174 174 172 172 171 172 172 172 172 172 172 172 172 173 173 174 174 174 175 175 175 175 175 175 175 175 177 176 176 176 176 176 177 177 177 177 178 178 178 178 178 178 181 181 182 184 184 185 184 184 186 186 187 188 188 188 189 189 0 0 0 0 0 0 0 0
0 0 0 0 0 0 0 0 160 160 160 160 161 162 163 164 168 168 169 170 170 170 171 171 172 172 173 174 174 175 177 177 178 178 178 177 178 178 177 177 177 177 177 177 177 177 178 178 178 178 179 179 179 179 179 179 177 177 177 177 178 178 179 179 179 180 180 181 181 182 182 182 179 178 177 176 176 175 175 173 175 173 170 167 165 167 172 175 176 174 179 170 142 118 97 76 60 53 47 49 58 70 79 83 90 93 95 95 92 88 87 88 90 90 90 90 90 90 90 88 90 90 90 90 89 89 90 90 91 90 89 88 87 87 89 88 91 90 89 88 87 85 85 85 81 82 84 86 88 91 92 92 89 89 89 89 89 90 90 91 87 88 88 90 89 89 88 87 87 87 87 88 88 89 89 90 90 90 91 92 92 93 94 94 95 96 95 96 96 96 94 93 88 89 91 95 99 100 99 97 88 91 90 85 74 65 56 52 51 57 69 84 102 120 138 151 169 173 173 172 169 170 172 174 171 171 172 172 172 172 172 172 173 173 173 174 174 175 175 176 174 174 175 175 175 175 174 174 175 174 174 174 174 174 174 174 174 174 175 177 178 180 181 182 179 179 179 178 178 177 177 177 176 176 176 176 176 176 176 176 177 177 177 177 176 176 176 176 171 171 171 171 170 170 170 171 174 174 173 173 174 174 175 176 176 176 177 177 178 178 178 178 179 179 179 179 180 180 180 181 181 181 181 181 182 182 182 183 179 179 178 177 176 176 177 177 177 177 177 177 177 177 177 177 178 179 179 179 179 179 179 179 180 180 180 180 180 180 180 180 181 181 181 180 180 180 179 179 178 178 178 178 178 179 179 179 179 179 179 180 180 180 181 181 179 179 179 179 179 179 179 179 180 180 180 180 180 180 180 180 180 180 179 179 179 179 179 179 179 179 179 179 179 179 179 179 178 178 178 178 178 178 178 178 178 178 178 178 178 178 178 178 178 178 178 178 178 178 178 178 178 178 178 177 177 176 176 176 177 177 177 177 177 177 177 177 178 178 178 178 178 178 178 178 177 177 177 177 177 177 177 177 179 179 179 179 179 179 179 179 178 178 178 178 178 178 178 178 177 177 177 176 176 175 175 175 176 176 176 176 176 176 176 176 176 176 176 176 175 175 174 174 173 173 172 173 173 174 173 173 172 172 172 173 173 174 174 174 174 174 174 174 174 174 174 174 176 176 176 175 176 176 176 176 177 177 178 178 178 178 178 178 180 181 182 183 183 184 183 183 185 185 186 186 187 187 188 188 0 0 0 0 0 0 0 0
0 0 0 0 0 0 0 0 161 161 161 161 162 163 164 165 168 168 169 169 169 170 171 171 172 172 173 174 174 175 177 177 178 178 177 177 178 177 177 177 177 177 177 177 177 177 178 178 178 178 177 177 177 177 177 177 175 175 175 175 176 176 177 177 179 180 180 181 181 182 182 181 181 178 176 175 175 178 181 183 171 166 159 157 160 169 178 184 174 166 160 138 99 73 63 53 50 52 58 68 78 86 87 85 86 87 89 90 89 89 88 89 90 90 90 89 89 90 88 88 91 91 91 91 91 91 90 90 91 89 88 87 86 87 88 90 93 94 93 91 90 89 88 87 86 87 88 89 91 92 93 93 88 88 88 87 87 88 88 88 87 88 89 90 89 90 88 87 87 88 88 88 89 89 90 90 94 95 96 96 98 98 99 100 101 102 102 102 102 100 98 97 88 89 94 98 98 96 90 85 76 75 73 66 56 51 52 57 67 81 101 119 136 151 160 165 168 169 169 171 170 171 172 175 171 172 172 172 172 172 172 172 173 173 173 174 174 174 174 175 174 175 175 176 176 175 175 174 173 174 174 174 174 174 174 174 173 174 175 176 177 179 180 180 177 177 177 177 176 176 175 175 174 174 174 174 174 174 174 174 177 177 176 176 176 176 175 175 171 171 171 171 171 171 170 171 174 174 173 173 174 174 175 176 176 176 176 177 177 178 178 178 178 178 178 179 179 179 180 180 180 180 180 181 181 181 182 182 180 180 179 178 177 177 178 178 178 178 178 178 178 178 178 178 177 178 178 178 178 178 178 178 180 180 180 180 180 180 180 180 181 181 180 180 180 179 179 179 178 178 178 178 178 177 177 177 177 178 178 178 179 179 179 180 179 179 179 179 179 179 179 179 180 180 180 180 180 180 180 180 180 180 179 179 179 179 179 179 179 179 179 179 179 179 179 179 178 178 178 178 178 178 178 178 178 178 178 178 178 178 178 178 178 178 178 178 178 178 178 178 178 178 178 177 177 176 176 176 177 177 177 177 177 177 177 177 178 178 178 178 178 178 178 178 178 178 178 178 178 178 178 178 179 179 179 179 179 179 179 179 178 178 178 178 178 178 178 178 177 177 176 176 175 175 175 175 176 176 176 176 176 176 176 176 176 176 176 176 176 176 175 175 173 173 173 173 174 174 173 173 172 172 172 173 173 174 174 174 174 174 174 174 174 174 174 174 176 176 175 175 176 175 176 176 177 177 178 178 178 178 178 178 180 181 182 182 183 182 182 182 183 183 185 185 186 186 186 186 0 0 0 0 0 0 0 0
0 0 0 0 0 0 0 0 162 162 162 162 163 164 165 166 167 168 168 169 169 170 170 170 172 172 173 174 174 175 177 177 177 177 177 177 177 177 177 176 177 177 177 177 177 177 178 178 178 177 176 175 175 175 176 176 174 174 174 174 175 175 176 176 178 178 178 179 179 180 180 180 180 178 175 173 174 177 180 183 170 164 159 158 164 173 179 181 165 148 130 101 59 38 39 40 42 55 72 85 95 100 99 94 88 88 90 91 90 89 90 88 86 87 87 88 89 90 90 91 92 92 92 91 91 90 90 89 89 88 87 87 86 87 89 90 92 92 92 93 93 94 94 94 96 95 95 94 94 93 93 91 90 90 89 89 89 88 88 88 92 92 93 93 93 93 92 92 93 93 93 93 94 94 94 94 98 99 99 100 100 101 101 102 102 103 104 105 104 101 99 97 92 92 94 93 90 81 69 61 54 53 53 52 49 50 59 70 89 106 129 146 160 169 170 169 164 164 167 171 171 170 169 172 171 171 171 172 172 172 172 172 173 173 173 173 173 174 174 174 175 175 176 176 176 176 175 175 173 173 173 173 174 174 174 174 173 174 174 175 176 176 177 177 175 175 175 174 174 174 173 173 172 172 172 172 172 172 172 172 175 175 174 174 174 174 173 173 170 170 170 170 170 170 169 170 173 173 173 172 173 174 175 175 175 175 175 176 176 176 177 177 176 176 177 177 177 178 178 178 178 178 179 179 179 180 180 181 181 180 179 179 178 178 179 179 179 179 179 179 179 179 179 179 177 178 178 178 178 178 178 178 179 179 179 179 179 179 179 179 180 180 180 180 179 179 179 178 178 178 177 177 177 176 176 176 176 176 176 177 177 177 178 178 178 178 178 178 178 178 178 178 179 179 179 179 179 179 179 179 179 179 178 178 178 178 178 178 178 178 178 178 178 178 178 178 178 178 178 178 178 178 178 178 178 178 178 178 178 178 178 178 178 178 178 178 178 178 178 178 178 178 178 177 177 176 176 176 177 177 177 177 177 177 177 177 178 178 178 178 178 178 178 178 179 179 179 179 179 179 179 179 178 178 178 178 178 178 178 178 178 178 178 178 178 178 178 178 177 177 177 176 176 175 175 175 176 176 176 176 176 176 176 176 176 176 176 176 176 176 175 175 173 173 172 173 173 174 173 173 172 172 172 173 173 174 174 174 173 173 173 173 173 173 173 173 175 175 175 175 175 175 176 175 177 177 178 178 178 178 178 178 180 180 181 182 182 181 181 180 182 182 184 184 184 185 185 185 0 0 0 0 0 0 0 0
0 0 0 0 0 0 0 0 162 161 161 162 162 164 165 166 167 167 168 169 169 169 170 170 172 172 173 174 174 175 177 177 177 177 177 176 177 177 176 176 178 178 178 178 178 178 179 179 178 177 175 174 174 174 175 175 172 172 172 172 173 173 174 174 177 177 177 178 178 178 178 178 176 174 174 173 171 171 172 172 170 167 166 169 174 173 167 161 139 114 91 68 40 31 40 46 56 73 89 97 100 102 101 96 93 92 91 92 91 90 90 87 84 85 86 86 87 89 90 91 91 90 89 89 89 88 88 87 87 86 86 86 86 88 87 89 88 89 89 90 91 92 93 94 94 95 94 95 94 94 94 93 92 92 92 91 91 90 90 91 92 93 94 94 94 94 93 92 93 93 93 93 92 92 92 92 95 95 95 95 95 95 95 95 95 96 97 98 96 93 91 88 86 84 80 74 66 54 41 33 35 38 47 61 70 77 89 102 122 138 155 165 172 175 171 165 165 162 165 172 173 171 169 171 170 171 171 171 171 172 172 172 174 174 174 174 174 174 174 174 175 176 176 177 177 176 176 175 173 173 173 174 174 175 175 175 175 175 175 175 175 175 175 175 174 174 174 173 173 172 172 172 171 171 171 171 171 171 171 171 173 173 173 173 172 172 172 172 170 170 170 170 170 170 170 170 172 173 173 173 173 174 175 175 175 175 175 175 176 176 177 177 176 176 176 177 177 177 178 178 178 178 178 179 179 179 180 180 181 181 180 179 179 179 179 180 180 180 180 180 180 180 180 180 179 179 179 179 179 179 179 179 178 178 178 178 178 178 178 178 180 180 180 179 179 179 178 178 177 177 177 176 176 176 175 175 174 174 174 175 175 175 176 176 178 178 178 178 178 178 178 178 179 179 179 179 179 179 179 179 179 179 178 178 178 178 178 178 178 178 178 178 178 178 178 178 179 179 179 179 179 179 179 179 179 179 179 179 179 179 179 179 179 179 179 179 179 179 179 179 178 178 178 177 177 176 176 176 177 177 177 177 177 177 177 177 179 179 179 179 179 179 179 179 179 179 179 179 179 179 179 179 178 178 178 178 178 178 178 178 179 179 179 179 179 179 179 179 178 177 177 177 176 176 176 176 176 176 176 176 176 176 176 176 176 176 176 176 176 176 175 175 173 174 172 172 173 173 173 173 173 173 173 174 174 175 175 175 174 174 174 174 174 174 174 174 175 175 175 174 175 175 175 175 177 177 178 178 178 178 178 178 180 180 181 181 181 180 180 179 181 181 183 183 184 184 184 184 0 0 0 0 0 0 0 0
0 0 0 0 0 0 0 0 161 161 161 161 162 163 164 165 167 167 168 169 168 169 170 170 172 172 173 174 174 175 177 177 177 177 177 176 177 176 176 176 178 178 178 178 178 178 179 179 178 177 175 174 173 173 174 175 172 172 172 172 173 173 174 174 177 177 177 177 177 178 177 177 172 172 174 173 170 167 163 160 168 169 173 179 179 170 153 139 110 83 61 48 36 40 54 61 75 90 101 101 95 92 90 86 94 93 91 91 92 90 89 88 85 85 86 87 86 87 86 87 89 89 89 88 87 86 86 85 85 87 87 87 87 88 88 88 87 87 87 87 87 88 87 86 87 87 88 90 92 94 95 96 95 95 95 95 94 93 92 93 91 92 91 92 92 91 91 90 88 88 88 87 86 86 85 85 88 88 88 88 88 88 88 88 86 87 89 89 88 84 81 78 69 64 57 48 38 28 17 10 25 34 54 79 97 110 123 136 143 158 170 175 178 179 173 166 165 162 164 171 175 172 171 174 171 171 172 172 172 171 172 172 174 174 174 174 174 174 174 174 174 175 175 176 176 175 175 174 173 173 173 174 174 175 175 175 175 175 174 174 174 173 173 173 173 173 172 172 171 171 171 171 170 170 170 170 170 170 170 170 172 172 172 172 171 171 171 171 170 170 170 170 170 170 170 170 173 172 172 172 172 173 174 175 174 174 174 175 175 175 176 176 175 175 175 176 176 176 177 177 177 177 177 178 178 178 179 179 181 180 179 178 178 178 179 179 179 179 179 179 179 179 179 179 179 179 179 179 179 179 179 179 178 178 178 178 178 178 178 178 180 180 180 179 179 178 178 178 177 177 177 176 176 175 175 174 173 173 173 174 174 174 175 175 178 178 178 178 178 178 178 178 179 179 179 179 179 179 179 179 179 179 178 178 178 178 178 178 178 178 178 178 178 178 178 178 179 179 179 179 179 179 179 179 179 179 179 179 179 179 179 179 179 179 179 179 179 179 179 179 178 178 178 177 177 176 176 176 177 177 177 177 177 177 177 177 179 179 179 179 179 179 179 179 178 178 178 178 178 178 178 178 178 178 178 178 178 178 178 178 179 179 179 179 179 179 179 179 178 178 178 177 177 177 176 176 176 176 176 176 176 176 176 176 176 176 176 176 176 176 175 175 173 173 171 172 172 172 173 173 173 173 173 174 174 175 175 175 174 174 174 174 174 174 174 174 175 175 175 174 175 174 175 175 177 177 178 178 178 178 178 178 179 180 180 181 181 180 179 179 181 181 182 183 183 183 184 184 0 0 0 0 0 0 0 0
0 0 0 0 0 0 0 0 161 161 160 161 162 163 164 165 167 168 169 170 170 171 170 170 172 172 173 174 174 175 177 177 176 176 176 176 177 177 177 177 177 177 177 177 177 177 178 178 179 177 175 174 173 173 174 175 170 170 171 171 171 171 171 171 175 175 175 175 175 175 175 175 177 170 166 169 168 161 155 156 172 179 183 179 165 144 122 107 78 56 37 40 53 64 73 78 94 98 100 96 90 85 86 89 93 92 91 89 88 87 87 86 85 86 86 87 88 89 89 89 93 91 91 90 88 88 88 88 87 87 88 87 86 85 83 84 90 91 90 90 91 92 93 94 95 92 90 91 94 94 91 89 89 90 88 86 83 82 80 80 78 72 64 62 61 62 62 61 63 62 61 60 60 60 59 59 60 61 62 63 64 65 67 67 65 64 65 68 69 65 57 50 58 52 49 48 42 29 21 20 40 63 93 118 134 144 150 152 167 172 176 177 174 170 165 164 163 166 168 171 173 172 171 170 170 170 171 173 173 173 173 173 174 174 174 174 174 174 174 174 172 172 172 172 172 172 172 172 172 172 172 173 173 174 174 174 176 176 176 175 174 173 172 171 172 172 172 171 171 171 170 170 171 171 171 171 171 171 171 171 171 171 171 171 170 170 169 169 169 169 168 169 169 170 170 170 174 173 173 172 172 173 174 174 173 173 174 174 174 175 175 175 174 174 174 174 174 174 174 174 174 174 175 176 177 177 178 178 180 180 180 180 180 180 180 180 179 179 179 179 179 179 179 179 178 178 178 178 178 178 178 178 178 178 178 178 178 178 178 178 178 178 178 179 179 180 180 180 178 179 179 177 175 173 173 174 173 173 173 174 174 175 175 175 175 176 177 178 178 178 177 177 179 179 179 179 179 179 179 179 179 179 178 178 178 178 178 178 177 177 177 178 178 179 179 179 178 178 178 178 178 178 178 178 178 178 178 178 178 178 178 178 178 178 178 178 178 178 178 178 178 178 178 178 178 178 178 178 178 178 178 178 178 178 178 178 178 178 178 178 178 178 178 178 179 179 179 179 179 179 179 179 179 179 179 179 179 179 179 179 179 179 179 179 179 179 179 179 178 178 178 178 178 178 178 178 177 177 177 177 177 177 177 177 176 176 176 176 176 176 175 175 174 174 173 173 172 172 172 172 174 174 174 175 175 176 176 176 176 176 176 176 176 176 176 176 176 176 176 175 176 175 176 176 177 177 178 178 178 178 178 178 179 179 179 179 179 179 179 179 181 181 182 182 182 182 182 182 0 0 0 0 0 0 0 0
0 0 0 0 0 0 0 0 161 161 160 161 162 163 164 165 167 168 169 170 170 170 170 170 171 171 171 172 173 174 175 176 175 175 175 175 176 176 176 176 176 176 176 176 176 176 177 177 178 177 175 173 172 172 172 173 170 170 171 171 171 171 171 171 174 174 174 174 174 174 174 174 173 168 168 170 171 165 163 166 180 182 180 166 143 114 87 71 57 46 40 51 67 77 83 87 95 98 100 96 89 84 84 86 94 93 91 89 87 86 86 86 86 86 86 86 86 86 85 86 88 89 90 89 90 90 91 90 92 93 93 94 94 93 92 91 86 88 91 94 95 95 94 93 90 90 87 84 79 78 77 79 75 75 73 72 69 67 66 65 71 64 55 49 48 49 52 54 52 51 51 51 51 50 50 51 53 54 55 56 58 59 61 61 61 60 60 62 65 65 65 63 66 65 66 66 60 49 45 46 70 93 125 146 157 163 168 173 174 175 174 171 165 161 159 161 161 165 168 170 171 172 172 171 171 172 172 173 173 174 173 173 174 174 174 174 174 174 174 174 172 172 172 172 172 172 172 172 172 172 172 173 173 173 174 174 175 176 176 175 174 173 172 171 172 171 171 171 170 170 170 170 171 171 171 171 171 171 171 171 171 171 171 171 170 170 169 169 170 170 169 170 170 170 171 171 173 173 172 172 172 172 173 173 172 172 173 173 173 174 174 174 173 173 173 173 173 173 173 173 174 174 175 175 176 177 178 179 179 179 179 179 179 179 179 179 178 178 178 178 178 178 178 178 177 177 177 177 177 177 177 177 177 177 177 177 177 177 177 177 177 177 177 178 178 179 179 179 178 179 179 177 174 172 172 173 173 173 173 174 174 174 175 175 174 175 176 177 177 177 177 176 178 178 178 178 178 178 178 178 178 178 177 177 177 177 177 177 176 176 176 177 177 178 178 178 179 179 179 179 179 179 179 179 179 179 179 179 179 179 179 179 179 179 179 179 179 179 179 179 177 177 177 177 177 177 177 177 177 177 177 177 177 177 177 177 179 179 179 179 179 179 179 179 178 178 178 178 178 178 178 178 178 178 178 178 178 178 178 178 179 179 179 179 179 179 179 179 178 178 178 178 178 178 178 178 177 177 177 177 177 177 177 177 176 176 176 176 176 176 175 175 174 174 173 173 172 172 172 172 174 174 174 175 175 176 176 176 176 176 176 176 176 176 176 176 176 176 176 175 176 175 176 176 177 177 178 178 178 178 178 178 179 179 179 179 179 179 179 179 181 181 182 182 182 182 182 182 0 0 0 0 0 0 0 0
0 0 0 0 0 0 0 0 161 161 160 161 162 163 164 165 167 167 169 170 170 170 170 170 169 170 170 171 172 173 174 174 175 175 175 175 176 176 176 176 176 176 176 176 176 176 177 177 178 176 174 172 170 170 170 171 171 171 170 170 170 170 170 170 172 172 172 172 172 172 172 172 169 167 168 170 170 167 169 174 180 177 165 142 111 78 54 41 42 45 54 72 86 92 92 92 91 94 96 94 89 86 85 88 94 94 91 89 87 86 85 85 87 86 85 85 85 86 84 84 87 88 90 91 93 95 95 96 96 96 96 95 93 90 88 87 91 94 97 100 99 95 90 87 71 71 68 61 51 47 49 54 53 53 52 52 50 50 48 49 50 50 49 47 44 44 46 49 47 48 48 48 48 49 49 50 56 56 58 59 62 64 65 66 74 75 75 76 79 86 92 97 96 99 104 106 98 86 82 82 92 115 141 160 165 168 174 181 183 181 176 169 162 159 159 163 163 165 167 170 171 172 172 171 171 172 172 174 174 175 174 174 175 175 175 175 175 175 175 175 173 173 173 173 173 173 173 173 173 173 173 173 174 174 174 175 176 176 176 176 175 174 173 172 172 172 172 171 171 170 170 170 171 171 171 171 171 171 171 171 171 171 171 171 171 171 170 170 170 170 171 171 170 171 171 171 172 173 173 172 172 172 172 172 172 172 172 173 173 173 174 174 173 173 173 173 173 173 173 173 174 174 175 176 177 177 178 178 178 179 179 179 179 179 179 179 179 179 179 179 179 179 179 179 177 177 177 177 177 177 177 177 177 177 177 177 177 177 177 176 176 177 177 177 178 178 178 178 178 179 179 177 173 171 171 171 173 173 173 173 174 174 174 175 174 175 176 176 177 177 176 176 177 177 177 177 177 177 177 177 177 177 176 176 176 176 176 176 175 176 176 176 177 177 177 177 179 179 179 179 179 179 179 179 179 179 179 179 179 179 179 179 179 179 179 179 179 179 179 179 177 177 177 177 177 177 177 177 177 177 177 177 177 177 177 177 179 179 179 179 179 179 179 179 178 178 178 178 178 178 178 178 178 178 178 178 178 178 178 178 179 179 179 179 179 179 179 179 178 179 179 179 179 179 179 179 178 178 178 178 178 178 178 178 177 177 177 177 176 176 176 176 174 174 173 173 173 173 173 173 174 174 174 175 175 176 176 176 176 176 176 176 176 176 176 176 176 176 176 175 176 175 176 176 177 177 178 178 178 178 178 178 179 179 179 179 179 179 179 179 181 181 182 182 182 182 182 182 0 0 0 0 0 0 0 0
0 0 0 0 0 0 0 0 161 161 160 161 162 163 164 165 166 167 168 170 169 170 170 169 169 170 170 171 172 173 174 175 176 176 176 176 177 177 177 177 177 177 177 177 177 177 178 178 179 177 175 172 171 170 171 171 171 171 171 171 170 170 170 170 170 170 170 170 170 170 170 170 169 168 167 166 164 165 171 175 172 157 135 108 77 52 39 37 49 58 74 90 98 97 93 90 83 86 90 92 91 89 90 92 93 93 90 88 87 85 85 84 86 86 86 86 87 87 87 87 84 86 88 91 93 95 95 95 95 95 94 94 93 91 89 88 89 89 89 87 82 75 68 64 65 63 59 54 51 51 54 57 56 58 59 63 64 67 68 70 64 73 84 91 90 88 86 85 88 89 90 91 92 93 93 95 103 104 106 108 110 112 114 114 115 117 119 121 124 131 142 148 144 148 154 155 148 135 120 113 108 116 131 147 154 159 165 173 175 176 175 171 167 164 164 165 166 169 170 171 171 172 171 171 172 173 173 174 174 175 174 174 174 174 174 174 174 174 174 174 172 172 172 172 172 172 172 172 172 172 173 173 173 174 174 174 176 176 176 176 176 175 174 173 172 172 171 171 170 170 170 170 171 171 171 171 171 171 171 171 172 172 172 172 172 172 171 171 169 169 170 170 170 170 170 171 172 172 172 172 172 172 171 171 170 170 171 171 171 172 172 172 171 171 171 171 171 171 171 171 173 174 174 175 176 177 177 177 180 180 180 180 180 180 180 180 180 180 180 180 180 180 180 180 178 178 178 178 178 178 178 178 178 178 178 178 178 178 178 178 177 177 177 178 178 178 179 179 179 180 180 177 174 171 171 172 172 172 173 173 173 174 174 174 175 175 176 177 178 178 177 177 178 178 178 178 178 178 178 178 178 178 177 177 177 177 177 177 176 176 176 177 177 177 178 178 177 177 177 177 177 177 177 177 177 177 177 177 177 177 177 177 177 177 177 177 177 177 177 177 178 178 178 178 178 178 178 178 178 178 178 178 178 178 178 178 177 177 177 177 177 177 177 177 179 179 179 179 179 179 179 179 179 179 179 179 179 179 179 179 179 179 179 179 179 179 179 179 178 179 179 179 179 179 179 179 178 178 178 178 178 178 178 178 177 177 177 177 176 176 176 176 174 174 173 173 173 173 173 173 174 174 174 175 175 176 176 176 176 176 176 176 176 176 176 176 176 176 176 175 176 175 176 176 177 177 178 178 178 178 178 178 179 179 179 179 179 179 179 179 181 181 182 182 182 182 182 182 0 0 0 0 0 0 0 0
0 0 0 0 0 0 0 0 161 161 160 161 162 163 164 165 166 167 168 169 169 169 169 169 170 171 171 172 173 174 175 176 177 177 177 177 178 178 178 178 178 178 178 178 178 178 179 179 180 178 176 174 172 172 172 173 173 172 172 172 171 171 170 170 168 168 168 168 168 168 168 168 169 168 165 163 162 167 173 175 157 133 100 71 48 36 37 44 62 73 88 95 96 92 87 84 82 85 89 91 91 91 90 90 92 91 89 87 85 85 85 85 83 83 84 84 85 87 88 88 86 87 89 91 91 91 90 89 86 86 85 84 85 84 84 83 79 78 74 69 63 59 55 53 35 32 31 37 47 57 61 61 78 80 84 90 96 101 104 108 106 116 129 136 137 136 134 134 138 139 139 141 142 144 145 145 152 153 154 156 158 159 161 161 163 167 170 172 174 179 186 192 185 187 190 194 192 177 153 133 118 111 110 120 132 141 148 155 152 159 166 172 173 171 171 171 173 173 174 174 173 171 170 170 173 173 173 175 175 176 175 175 174 174 174 174 174 174 174 174 172 172 172 172 172 172 172 172 172 172 172 173 173 173 174 174 175 175 176 176 176 175 174 173 172 172 172 171 171 170 170 170 171 171 171 171 171 171 171 171 172 172 172 172 172 172 171 171 169 169 169 169 170 170 170 170 172 173 173 173 173 172 170 169 169 170 170 170 171 171 171 171 170 170 170 170 170 170 170 170 173 173 173 174 175 176 176 177 180 180 180 180 180 180 180 180 181 181 181 181 181 181 181 181 178 178 178 178 178 178 178 178 178 178 178 178 178 178 178 178 177 178 178 178 179 179 179 179 180 181 181 178 175 173 173 173 172 172 172 173 173 173 174 174 176 176 177 178 179 179 178 178 178 178 178 178 178 178 178 178 178 178 177 177 177 177 177 177 176 177 177 177 178 178 178 178 177 177 177 177 177 177 177 177 177 177 177 177 177 177 177 177 177 177 177 177 177 177 177 177 179 179 179 179 179 179 179 179 179 179 179 179 179 179 179 179 177 177 177 177 177 177 177 177 180 180 180 180 180 180 180 180 180 180 180 180 180 180 180 180 179 179 179 179 179 179 179 179 178 179 179 179 179 179 179 179 178 178 178 178 178 178 178 178 177 177 177 177 177 177 176 176 175 175 174 174 173 173 173 173 175 175 175 176 176 177 177 177 177 177 177 177 177 177 177 176 176 176 176 175 176 175 176 176 177 177 178 178 178 178 178 178 179 179 179 179 179 179 179 179 181 181 182 182 182 182 182 182 0 0 0 0 0 0 0 0
0 0 0 0 0 0 0 0 161 161 160 161 162 163 164 165 166 166 168 169 169 169 169 169 171 171 171 172 173 174 175 176 176 176 176 176 177 177 177 177 177 177 177 177 177 177 178 178 179 178 176 174 173 173 174 175 175 174 174 173 172 172 171 171 168 168 168 168 168 168 168 168 166 166 164 162 163 169 170 168 137 106 68 45 33 32 42 55 73 82 89 90 87 86 84 81 87 88 90 92 91 89 86 86 89 89 87 86 85 86 86 86 82 82 82 82 84 85 85 86 94 95 95 96 92 88 84 83 71 68 63 58 53 51 49 48 51 49 46 44 44 47 50 52 62 61 66 81 102 118 121 120 124 128 133 140 146 152 158 159 164 166 167 168 169 171 174 177 175 177 176 178 179 181 181 182 183 185 184 186 188 189 190 190 194 196 200 203 204 205 207 208 201 202 204 210 211 201 174 148 118 98 83 88 98 105 111 117 128 139 153 165 172 175 176 177 175 175 174 174 172 173 172 172 174 173 174 175 175 176 176 176 174 173 173 173 173 173 173 173 171 171 171 171 171 171 171 171 171 172 172 172 173 173 173 173 174 175 175 176 176 175 174 174 173 173 173 172 172 172 171 171 172 172 172 172 172 172 172 172 173 173 173 173 173 173 172 172 170 170 169 170 170 170 171 171 173 173 174 175 174 172 170 169 169 169 170 170 171 171 171 171 170 170 170 170 170 170 170 170 172 172 173 173 174 175 176 176 180 180 180 180 180 180 180 180 180 180 180 180 180 180 180 180 178 178 178 178 178 178 178 178 178 178 178 178 178 178 178 178 176 177 177 177 178 178 178 179 178 179 179 177 175 173 173 174 171 172 172 172 173 173 173 173 175 176 177 178 178 178 178 177 178 178 178 178 178 178 178 178 178 178 177 177 177 177 177 177 175 176 176 176 177 177 177 178 179 179 179 179 179 179 179 179 179 179 179 179 179 179 179 179 179 179 179 179 179 179 179 179 178 178 178 178 178 178 178 178 178 178 178 178 178 178 178 178 179 179 179 179 179 179 179 179 179 179 179 179 179 179 179 179 179 179 179 179 179 179 179 179 179 179 179 179 179 179 179 179 178 179 179 179 179 179 179 179 178 178 178 178 178 178 178 178 177 177 177 177 177 177 176 176 175 175 174 174 173 173 173 173 175 175 175 176 176 177 177 177 177 177 177 177 177 177 177 177 176 176 176 175 176 175 176 176 177 177 178 178 178 178 178 178 179 179 179 179 179 179 179 179 181 181 182 182 182 182 182 182 0 0 0 0 0 0 0 0
0 0 0 0 0 0 0 0 161 161 160 161 162 163 164 165 165 166 167 169 168 169 169 168 169 170 170 171 172 173 174 174 174 174 174 174 175 175 175 175 175 175 175 175 175 175 176 176 176 175 174 173 173 173 175 176 177 176 176 175 174 173 171 171 169 169 169 169 169 169 169 169 163 164 164 163 163 165 154 143 106 75 45 34 37 46 60 75 82 88 89 85 83 85 85 82 89 89 91 93 92 90 86 82 86 87 86 86 86 86 87 88 87 87 87 86 85 84 84 85 96 96 94 90 83 76 69 65 53 49 42 37 32 30 31 32 34 35 37 42 50 59 69 74 101 104 114 130 150 162 164 164 182 185 189 194 199 203 208 209 210 206 200 198 199 201 203 204 205 206 206 207 208 209 209 210 208 209 209 211 210 211 212 212 206 206 207 208 211 211 209 207 201 204 206 210 212 206 184 160 122 97 76 72 73 73 77 84 101 111 124 138 148 157 163 168 172 173 172 172 172 173 174 174 174 174 174 175 175 176 176 176 174 173 173 173 173 173 173 173 171 171 171 171 171 171 171 171 171 171 172 172 172 173 173 173 174 175 175 176 176 175 175 174 174 174 174 174 173 173 172 172 173 173 173 173 173 173 173 173 173 173 173 173 173 173 173 173 172 172 173 173 172 173 173 173 174 174 176 176 175 173 171 169 170 170 170 171 171 171 172 172 171 171 171 171 171 171 171 171 171 171 172 173 174 174 175 175 177 177 177 177 177 177 177 177 178 178 178 178 178 178 178 179 176 176 176 176 176 176 176 176 176 176 176 176 176 176 176 175 174 174 174 175 175 176 176 176 174 175 176 175 173 172 173 174 171 171 172 172 172 173 173 173 173 174 175 175 176 176 175 175 175 175 175 175 175 175 175 175 175 175 174 174 174 174 174 174 173 173 173 174 174 175 175 175 176 176 176 176 176 176 176 176 176 176 176 176 176 176 176 176 176 176 176 176 176 176 176 176 176 176 176 176 176 176 176 176 176 176 176 176 176 176 176 176 176 176 176 176 176 176 176 176 177 177 177 177 177 177 177 177 177 177 177 177 177 177 177 177 179 179 179 179 179 179 179 179 178 179 179 179 179 179 179 179 178 178 178 178 178 178 178 178 178 178 177 177 177 177 176 176 175 175 174 174 174 174 174 174 175 175 175 176 176 177 177 177 177 177 177 177 177 177 177 177 176 176 176 175 176 175 176 176 177 177 178 178 178 178 178 178 179 179 179 179 179 179 179 179 181 181 182 182 182 182 182 182 0 0 0 0 0 0 0 0
0 0 0 0 0 0 0 0 162 162 161 162 163 164 165 165 165 166 167 168 169 169 169 169 169 169 170 171 171 172 173 173 173 173 173 173 173 173 173 173 173 173 173 173 174 174 174 174 174 174 173 172 173 173 174 176 178 177 177 176 175 174 172 172 169 169 169 169 168 168 168 169 163 164 164 162 161 156 136 115 80 52 31 34 50 65 81 94 91 95 92 85 82 86 88 84 86 89 90 93 94 92 88 85 84 85 85 86 87 88 88 89 95 94 92 90 88 87 85 84 85 84 81 75 66 56 47 41 40 37 36 37 41 48 55 61 71 75 81 91 103 116 127 134 146 152 164 177 187 194 195 194 194 196 197 200 202 205 207 208 206 203 198 197 198 199 196 193 200 201 201 202 202 204 204 204 203 204 204 205 205 205 206 205 209 207 205 207 209 210 206 203 200 205 207 207 207 202 186 168 137 112 88 79 72 65 67 77 73 81 92 104 116 130 141 150 169 170 170 170 171 173 174 176 173 173 173 174 174 176 176 176 174 173 173 173 173 173 173 173 171 171 171 171 171 171 171 171 172 172 172 173 173 174 174 173 174 174 175 176 176 176 175 175 175 175 175 174 174 174 173 173 174 174 174 174 174 174 174 174 173 173 173 173 173 173 173 173 175 175 175 175 175 176 176 176 174 176 178 178 177 175 172 170 171 171 171 172 172 173 173 173 172 172 172 172 172 172 172 172 172 172 173 173 174 175 176 176 175 175 175 175 175 175 175 175 176 176 176 176 176 176 176 176 174 174 174 174 174 174 174 174 174 174 174 174 174 174 174 174 173 172 172 173 173 173 174 174 171 172 173 173 171 170 171 173 171 171 171 172 172 173 173 173 171 172 173 173 174 174 173 173 174 174 174 174 173 173 173 173 173 173 173 173 173 173 173 173 172 172 172 173 173 173 174 174 173 173 173 173 173 173 173 173 173 173 173 173 173 173 173 173 173 173 173 173 172 173 172 173 175 175 175 175 175 175 175 175 175 175 175 175 175 175 175 175 172 172 172 172 172 172 172 172 175 175 175 175 175 175 175 175 175 175 175 175 175 175 175 175 179 179 179 179 179 179 179 179 179 179 179 179 179 179 179 180 178 179 178 179 178 179 178 178 178 178 178 178 178 178 177 177 176 176 176 176 175 175 175 175 176 176 176 177 177 178 178 178 178 178 178 178 178 178 177 177 177 177 177 176 176 176 176 176 177 177 178 178 178 178 178 178 179 179 179 179 179 179 179 179 181 181 181 182 181 182 181 182 0 0 0 0 0 0 0 0
0 0 0 0 0 0 0 0 160 160 159 160 161 162 163 164 166 167 167 168 169 170 169 169 171 171 171 171 170 170 170 170 170 170 170 171 171 173 172 172 172 172 172 172 173 172 173 173 173 173 174 176 175 176 177 176 178 178 177 177 175 172 169 167 170 171 172 173 172 169 165 162 164 164 163 161 157 141 107 76 48 36 30 42 66 87 95 95 92 88 85 86 89 90 88 86 86 87 88 88 89 88 87 87 87 89 92 95 97 98 97 97 97 94 91 89 85 79 74 70 65 63 58 54 51 48 44 42 37 46 55 63 68 78 92 104 111 119 130 141 149 156 164 170 188 191 196 201 206 207 207 206 209 209 207 207 206 206 204 204 204 203 203 202 201 200 199 199 198 200 200 202 202 204 205 206 205 205 205 206 205 205 205 204 202 202 202 201 201 202 201 201 202 203 206 207 205 197 186 177 146 130 111 102 100 98 94 88 88 82 82 89 97 107 125 146 164 175 171 165 168 168 167 174 171 172 172 173 172 173 173 174 171 171 171 171 171 171 171 171 171 171 171 171 171 171 171 172 173 173 173 174 174 175 175 175 175 175 175 176 175 176 176 176 176 176 176 176 176 176 176 176 175 175 175 175 175 175 175 175 175 175 175 175 175 175 175 175 179 179 178 178 178 178 178 179 180 180 179 179 177 175 174 173 172 172 172 172 172 172 172 172 173 173 173 172 172 171 171 171 171 171 171 172 172 173 173 173 173 173 173 173 173 173 173 173 173 173 173 173 173 173 173 173 173 174 174 174 174 174 174 174 173 173 173 173 173 173 173 173 170 170 170 171 171 172 172 172 172 172 172 173 173 174 174 174 172 172 172 172 172 172 172 172 173 173 173 173 173 173 173 173 173 173 173 173 173 173 173 173 172 172 172 172 172 172 172 172 172 172 172 172 172 172 172 172 172 172 172 172 172 172 172 172 172 172 171 171 171 171 170 170 170 170 170 170 170 170 170 170 171 171 171 172 172 173 173 173 172 172 172 172 172 172 172 172 171 171 171 172 172 173 173 173 173 173 173 173 173 173 173 173 173 173 174 175 175 176 177 177 176 176 176 177 177 178 178 179 180 180 180 180 180 180 180 181 179 180 180 180 180 180 180 180 180 180 180 180 180 180 180 180 180 180 180 179 179 178 178 178 177 176 176 176 175 176 177 178 179 179 179 179 179 179 178 178 179 178 178 178 178 179 178 179 178 178 178 178 178 178 178 178 178 178 178 178 178 178 178 178 178 178 178 179 178 179 178 179 0 0 0 0 0 0 0 0
0 0 0 0 0 0 0 0 161 161 160 161 162 163 163 164 166 167 168 169 170 171 170 170 171 171 171 171 171 171 171 171 171 171 171 172 172 173 173 173 172 172 171 172 173 173 174 174 175 175 176 175 175 175 176 177 178 178 176 175 173 170 166 165 171 173 173 173 171 169 168 168 171 169 164 154 144 122 86 55 41 37 38 53 74 92 97 96 91 87 85 85 86 87 85 84 84 83 83 83 84 86 86 89 90 97 104 108 106 102 98 96 90 87 82 77 73 68 64 62 40 40 38 39 41 44 48 51 76 83 94 103 112 128 149 163 167 172 178 181 184 187 192 195 198 201 204 207 209 208 206 204 207 208 206 206 205 205 203 203 203 203 202 202 201 200 200 200 200 201 201 201 202 204 204 205 205 206 206 207 207 207 206 205 202 201 203 203 203 203 204 204 202 203 204 205 204 199 191 185 170 157 145 145 153 156 148 140 126 114 104 101 99 104 121 142 165 177 175 168 169 169 167 171 171 171 170 171 171 171 172 173 171 171 171 171 171 171 171 171 171 171 171 171 171 171 171 172 173 173 173 174 174 174 175 175 175 175 175 176 175 175 176 176 176 176 176 176 176 176 176 176 175 175 175 175 175 175 175 175 175 175 175 175 175 175 175 175 179 179 179 179 179 179 179 179 180 180 180 179 178 176 175 174 173 173 173 173 173 173 173 173 174 174 174 173 173 172 172 172 172 172 172 173 173 174 174 174 173 173 173 173 173 173 173 173 173 173 173 173 173 173 173 173 173 174 174 174 174 174 174 174 173 173 173 173 173 173 173 173 171 171 171 172 172 173 173 173 173 173 173 174 174 175 175 174 173 173 173 173 173 173 173 173 174 174 174 174 174 174 174 174 174 174 174 174 174 174 174 174 173 173 173 173 173 173 173 173 173 173 173 173 173 173 173 173 173 173 173 173 173 173 173 173 173 173 172 172 172 172 171 171 171 171 170 170 170 170 170 170 172 172 172 173 173 173 174 174 173 173 173 173 173 173 173 173 171 171 171 172 172 172 173 173 173 173 173 173 173 173 173 173 173 173 174 175 175 176 178 178 177 177 178 178 178 179 179 179 180 180 180 180 180 180 181 181 180 180 181 181 181 181 181 181 181 181 181 181 181 181 181 181 182 182 182 181 181 180 180 180 178 177 177 177 176 177 178 179 180 180 180 180 179 179 179 179 179 179 179 179 179 179 179 179 178 178 178 178 178 178 178 178 178 178 178 178 178 178 178 178 178 178 178 178 178 178 178 178 0 0 0 0 0 0 0 0
0 0 0 0 0 0 0 0 161 161 160 161 161 162 163 164 166 167 168 169 170 171 170 170 171 171 171 171 171 171 171 171 171 171 171 172 172 173 173 173 171 171 171 172 172 173 174 174 175 175 175 174 174 174 175 176 175 174 172 170 168 165 162 161 170 172 172 170 168 167 170 173 175 171 159 145 124 96 60 34 36 42 54 72 88 97 97 95 89 86 85 85 86 86 84 82 79 78 78 78 81 85 89 92 92 100 106 109 102 94 86 82 69 66 62 56 53 51 49 50 53 58 62 68 75 85 97 106 118 126 138 150 159 172 187 199 196 197 197 195 193 193 194 196 203 205 207 209 209 208 206 204 204 205 204 203 203 203 201 200 201 200 200 200 200 200 200 200 200 201 201 202 203 203 203 203 205 206 206 206 206 207 206 205 202 201 202 203 205 205 206 206 205 203 200 199 199 197 195 191 181 172 167 175 189 195 186 176 166 149 128 111 96 93 108 129 159 172 172 168 170 170 167 171 171 170 171 171 171 172 172 173 171 171 171 171 171 171 171 171 171 171 171 171 171 171 171 172 173 173 173 173 174 174 174 175 175 175 175 175 175 175 175 176 176 176 176 176 176 176 176 176 175 175 175 175 175 175 175 175 175 175 175 175 175 175 175 175 178 178 178 178 178 178 178 178 179 179 179 179 177 176 174 173 173 173 173 173 173 173 173 173 174 174 174 173 173 172 172 172 172 172 172 173 173 174 174 174 173 173 173 173 173 173 173 173 173 173 173 173 173 173 173 173 173 173 173 173 173 173 173 173 172 172 172 172 172 172 172 172 171 171 171 171 172 172 172 172 172 172 172 173 173 174 174 174 173 173 173 173 173 173 173 173 174 174 174 174 174 174 174 174 174 174 174 174 174 174 174 174 173 173 173 173 173 173 173 173 173 173 173 173 173 173 173 173 173 173 173 173 173 173 173 173 173 173 172 172 172 172 171 171 171 171 170 170 170 170 170 170 172 172 172 172 173 173 173 174 173 173 173 173 173 173 173 173 171 171 171 171 172 172 172 173 173 173 173 173 173 173 173 173 173 173 174 175 175 176 178 178 177 178 178 178 179 179 179 179 180 180 180 180 180 180 181 181 180 180 180 180 180 180 181 181 181 181 181 181 181 181 181 181 182 182 182 181 181 180 180 180 178 177 177 177 177 178 178 179 180 180 180 180 179 179 179 179 180 180 180 180 180 180 180 180 179 179 179 179 179 179 179 179 179 179 179 179 179 179 179 179 179 179 179 179 179 179 179 179 0 0 0 0 0 0 0 0
0 0 0 0 0 0 0 0 161 161 160 161 161 162 163 164 166 167 168 169 170 171 170 170 171 171 171 171 171 171 171 171 171 171 171 172 172 173 173 173 171 171 172 171 172 173 172 173 175 175 174 173 172 173 174 174 173 171 170 168 165 163 160 159 169 169 169 166 163 164 169 175 173 166 150 128 101 71 43 24 38 52 73 91 100 102 97 93 85 85 85 85 86 86 85 84 80 81 82 83 86 90 92 95 97 95 90 85 78 71 63 58 46 45 44 43 44 46 52 56 84 93 104 113 120 132 145 156 165 177 189 199 203 204 206 209 205 205 202 199 197 196 198 199 198 200 204 206 207 207 207 206 202 202 202 202 202 201 200 200 198 199 199 199 199 199 200 201 203 204 204 203 202 204 203 204 204 205 205 205 205 205 205 204 201 201 203 204 206 206 208 208 207 202 198 194 193 194 195 194 197 193 192 199 209 213 208 202 194 174 147 120 96 86 99 119 148 162 166 165 169 171 168 172 170 169 171 171 170 171 171 173 171 171 171 171 171 171 171 171 171 171 171 171 171 171 171 172 172 172 173 173 173 174 174 174 174 174 175 175 174 175 175 175 175 175 175 175 175 175 175 175 175 175 175 175 175 175 175 175 175 175 175 175 175 175 175 175 177 177 177 177 177 177 177 177 178 178 178 178 177 175 174 173 173 173 173 173 173 173 173 173 174 174 174 173 173 172 172 172 172 172 172 173 173 174 174 174 173 173 173 173 173 173 173 173 173 173 173 173 173 173 173 173 172 172 172 172 172 172 172 172 173 173 173 173 173 173 173 173 171 172 172 172 172 172 172 172 172 172 172 173 173 174 174 174 173 173 173 173 173 173 173 173 173 173 173 173 173 173 173 173 173 173 173 173 173 173 173 173 173 173 173 173 173 173 173 173 173 173 173 173 173 173 173 173 173 173 173 173 173 173 173 173 173 173 172 172 172 172 171 171 171 171 170 170 170 170 170 170 171 171 172 172 172 173 173 173 173 173 173 173 173 173 173 173 170 170 171 171 171 172 172 172 172 172 172 172 172 172 172 172 173 173 174 175 175 176 178 178 178 178 178 179 179 179 180 180 180 180 180 180 180 180 181 181 180 180 180 180 180 180 181 181 181 181 181 181 181 181 181 181 182 182 182 181 181 180 180 180 179 177 177 177 177 178 178 179 180 180 180 180 179 179 179 179 180 180 180 180 180 180 180 180 179 179 179 179 179 179 179 179 179 179 179 179 179 179 179 179 179 179 179 179 179 179 179 179 0 0 0 0 0 0 0 0
0 0 0 0 0 0 0 0 161 161 159 160 161 162 163 164 166 167 168 169 170 171 169 169 171 171 171 171 171 171 171 171 171 171 171 172 172 173 173 173 171 171 171 171 172 172 172 173 175 174 172 170 171 172 173 174 175 173 171 170 168 166 165 164 165 165 164 162 160 162 166 172 172 160 139 110 78 50 33 26 49 66 88 103 105 99 92 90 84 85 87 89 89 90 89 89 93 94 95 96 95 92 90 88 93 80 63 51 48 47 45 41 39 43 48 53 59 66 76 85 130 140 152 161 166 173 182 189 192 199 209 213 212 207 204 202 205 202 199 197 196 198 199 200 197 198 202 204 206 207 207 207 202 202 201 201 201 200 200 200 198 198 198 199 199 199 199 200 204 205 205 204 203 205 204 205 204 205 205 205 205 205 204 204 201 201 203 205 206 208 209 209 207 203 198 195 196 199 200 201 204 203 203 203 203 205 208 211 214 197 171 142 111 94 102 120 146 161 165 164 169 170 167 170 170 170 170 171 171 171 172 172 171 171 171 171 171 171 171 171 171 171 171 171 171 171 171 172 172 172 172 173 173 173 174 174 174 174 173 174 174 174 175 175 175 175 175 175 175 175 175 175 175 175 175 175 175 175 175 175 175 175 175 175 175 175 175 175 177 177 177 177 177 177 177 177 177 177 177 177 176 175 174 173 173 173 173 173 173 173 173 173 174 174 174 173 173 172 172 172 172 172 172 173 173 174 174 174 173 173 173 173 173 173 173 173 173 173 173 173 173 173 173 173 172 172 172 172 172 172 172 172 173 173 173 173 173 173 173 173 173 172 172 172 172 172 172 172 172 172 172 173 173 174 174 174 173 173 173 173 173 173 173 173 173 173 173 173 173 173 173 173 173 173 173 173 173 173 173 173 173 173 173 173 173 173 173 173 173 173 173 173 173 173 173 173 173 173 173 173 173 173 173 173 173 173 172 172 172 172 171 171 171 171 170 170 170 170 170 170 171 171 171 172 172 172 173 173 173 173 173 173 173 173 173 173 170 170 170 171 171 171 172 172 172 172 172 172 172 172 172 172 173 173 174 175 175 176 178 178 178 178 179 179 179 180 180 180 180 180 180 180 180 180 181 181 180 180 180 180 180 180 181 181 181 181 181 181 181 181 181 181 182 182 182 181 181 180 180 180 179 178 178 178 177 178 179 180 180 180 180 180 180 180 180 180 180 180 180 180 180 180 180 180 179 179 179 179 179 179 179 179 179 179 179 179 179 179 179 179 179 179 179 179 179 179 179 179 0 0 0 0 0 0 0 0
0 0 0 0 0 0 0 0 161 161 159 160 161 162 163 164 166 167 168 169 170 171 169 169 171 171 171 171 171 171 171 171 171 171 171 172 172 173 173 173 170 170 171 171 171 171 172 172 173 171 169 168 169 171 174 175 175 174 173 173 172 173 172 174 166 164 163 163 164 165 166 167 168 151 124 89 56 35 33 40 64 78 94 101 99 92 88 86 85 87 90 92 90 90 90 91 103 103 103 99 93 86 79 74 71 58 42 34 36 42 45 46 57 64 74 84 93 102 114 123 172 181 190 197 200 203 204 208 197 199 199 198 197 198 201 204 201 199 196 195 195 196 198 197 204 205 206 206 207 207 207 206 202 203 202 202 202 202 201 201 200 200 199 199 200 200 200 200 203 204 204 204 204 204 205 205 203 204 204 204 203 204 203 203 201 201 202 204 205 206 207 207 205 202 200 202 204 206 206 206 200 199 196 189 182 184 193 203 219 206 185 157 124 103 109 127 152 166 169 167 171 169 165 168 169 170 170 170 171 171 171 171 171 171 171 171 171 171 171 171 171 171 171 171 171 171 171 172 171 172 172 172 173 173 173 173 173 174 173 173 174 174 174 174 174 174 174 174 174 174 174 174 175 175 175 175 175 175 175 175 175 175 175 175 175 175 175 175 176 176 176 176 176 176 176 176 175 176 176 176 175 174 173 173 173 173 173 173 173 173 173 173 174 174 174 173 173 172 172 172 172 172 172 173 173 174 174 174 173 173 173 173 173 173 173 173 173 173 173 173 173 173 173 173 171 171 171 171 171 171 171 171 174 174 174 174 174 174 174 174 173 173 173 173 172 172 172 172 172 172 172 173 173 174 174 174 173 173 173 173 173 173 173 173 172 172 172 172 172 172 172 172 172 172 172 172 172 172 172 172 173 173 173 173 173 173 173 173 173 173 173 173 173 173 173 173 173 173 173 173 173 173 173 173 173 173 172 172 172 172 171 171 171 171 170 170 170 170 170 170 170 171 171 171 172 172 172 172 173 173 173 173 173 173 173 173 169 170 170 170 171 171 171 171 171 171 171 171 171 171 171 171 173 173 174 175 175 176 178 178 179 179 179 179 180 180 180 181 180 180 180 180 180 180 181 181 180 180 180 180 180 180 181 181 181 181 181 181 181 181 181 181 182 182 182 181 181 180 180 180 179 178 178 178 177 178 179 180 180 180 180 180 180 180 180 180 180 180 180 180 180 180 180 180 179 179 179 179 179 179 179 179 179 179 179 179 179 179 179 179 179 179 179 179 179 179 179 179 0 0 0 0 0 0 0 0
0 0 0 0 0 0 0 0 160 160 159 160 161 162 163 164 166 167 168 169 169 170 169 169 171 171 171 171 171 171 171 171 171 171 171 172 172 173 173 173 170 170 171 170 171 171 171 171 170 169 168 166 168 170 174 176 172 171 171 171 173 174 176 178 169 167 166 168 172 173 168 165 157 137 105 70 39 26 41 61 74 82 91 93 88 82 82 84 88 91 95 94 91 88 88 89 93 92 89 84 76 68 61 56 48 49 50 55 61 70 78 84 100 109 122 133 140 147 156 163 186 190 196 200 203 204 203 204 209 207 203 200 200 204 211 216 209 207 204 205 206 209 209 208 209 208 208 208 207 206 205 205 204 204 203 203 203 203 202 202 202 202 201 200 199 200 199 199 200 200 202 202 202 202 203 205 203 204 203 204 203 204 202 202 201 202 203 203 204 204 205 205 206 205 205 207 208 207 203 200 195 191 181 170 161 163 172 183 190 182 168 146 115 96 105 124 156 170 171 167 169 167 163 168 169 168 170 170 170 171 171 171 171 172 172 172 172 172 172 172 172 172 172 172 172 172 172 172 171 171 172 172 172 173 173 173 172 172 173 173 173 174 174 174 174 174 174 174 174 174 174 174 175 175 175 175 175 175 175 175 175 175 175 175 175 175 175 175 175 175 175 175 175 175 175 175 174 175 175 175 175 174 173 173 173 173 173 173 173 173 173 173 174 174 174 173 173 172 172 172 172 172 172 173 173 174 174 174 173 173 173 173 173 173 173 173 173 173 173 173 173 173 173 173 171 171 171 171 171 171 171 171 174 174 174 174 174 174 174 174 174 174 174 173 173 172 172 172 172 172 172 173 173 174 174 174 173 173 173 173 173 173 173 173 172 172 172 172 172 172 172 172 172 172 172 172 172 172 172 172 173 173 173 173 173 173 173 173 173 173 173 173 173 173 173 173 173 173 173 173 173 173 173 173 173 173 172 172 172 172 171 171 171 171 170 170 170 170 170 170 170 170 171 171 171 172 172 172 173 173 173 173 173 173 173 173 169 169 170 170 170 171 171 171 171 171 171 171 171 171 171 171 173 173 174 175 175 176 178 178 179 179 179 180 180 180 181 181 179 179 179 179 179 179 180 180 179 179 180 180 180 180 181 181 181 181 181 181 181 181 181 181 182 182 182 181 181 180 180 180 179 178 178 178 178 179 179 180 181 181 180 180 180 180 180 180 180 180 180 180 180 180 180 180 179 179 179 179 179 179 179 179 179 179 179 179 179 179 179 179 179 179 179 179 179 179 179 179 0 0 0 0 0 0 0 0
0 0 0 0 0 0 0 0 160 160 159 160 161 162 163 164 166 167 168 169 169 170 169 169 171 171 171 171 171 171 171 171 171 171 171 172 172 173 173 173 170 170 171 170 170 170 170 171 169 167 166 165 167 169 174 176 165 164 165 166 169 172 176 177 172 170 169 172 178 178 171 163 147 126 93 57 29 25 51 78 79 84 87 85 79 76 80 84 90 94 96 95 90 86 85 85 75 73 70 64 58 52 49 46 43 58 77 91 100 109 120 129 143 153 167 177 182 186 191 197 199 199 201 204 208 210 210 209 202 201 199 197 197 198 202 203 201 200 199 201 205 209 208 207 207 206 206 206 206 205 205 205 205 205 204 205 205 205 204 204 204 203 202 201 201 200 198 198 197 197 199 199 200 202 202 202 203 203 203 204 203 204 202 203 202 202 201 203 203 203 204 204 207 208 207 208 207 201 193 187 171 163 148 135 127 127 134 142 152 148 139 121 95 81 93 115 151 166 167 163 167 166 163 168 168 168 168 170 170 171 171 172 172 172 172 172 172 172 172 172 172 172 172 172 172 172 172 172 171 171 171 172 172 173 173 173 172 172 172 173 173 174 174 174 174 174 174 174 174 174 174 174 175 175 175 175 175 175 175 175 175 175 175 175 175 175 175 175 175 175 175 175 175 175 175 175 174 174 175 175 175 174 173 172 173 173 173 173 173 173 173 173 174 174 174 173 173 172 172 172 172 172 172 173 173 174 174 174 173 173 173 173 173 173 173 173 173 173 173 173 173 173 173 173 171 171 171 171 171 171 171 171 174 174 174 174 174 174 174 174 174 174 174 173 173 172 172 172 172 172 172 173 173 174 174 174 173 173 173 173 173 173 173 173 172 172 172 172 172 172 172 172 172 172 172 172 172 172 172 172 173 173 173 173 173 173 173 173 173 173 173 173 173 173 173 173 173 173 173 173 173 173 173 173 173 173 172 172 172 172 171 171 171 171 170 170 170 170 170 170 170 170 170 171 171 172 172 172 173 173 173 173 173 173 173 173 169 169 169 170 170 171 171 171 171 171 171 171 171 171 171 171 173 173 174 175 175 176 178 178 179 179 179 180 180 181 181 181 179 179 179 179 179 179 180 180 179 179 180 180 180 180 181 181 181 181 181 181 181 181 181 181 182 182 182 181 181 180 180 180 179 178 178 178 178 179 179 180 181 181 180 180 180 180 180 180 180 180 180 180 180 180 180 180 179 179 179 179 179 179 179 179 179 179 179 179 179 179 179 179 179 179 179 179 179 179 179 179 0 0 0 0 0 0 0 0
0 0 0 0 0 0 0 0 160 160 160 160 161 162 163 164 166 166 166 167 169 170 171 171 171 171 171 171 171 171 171 171 172 173 173 173 173 172 171 170 171 170 169 169 168 169 169 170 169 167 163 160 165 170 168 162 161 154 149 149 150 154 162 169 165 168 171 174 180 179 168 155 132 105 79 51 30 36 66 85 83 83 82 79 76 78 84 90 92 96 99 97 91 84 73 66 53 40 30 31 36 41 51 61 60 88 121 145 152 158 167 176 185 188 194 200 205 207 206 207 203 203 203 205 209 211 209 205 205 203 200 198 198 195 189 185 185 189 192 194 195 197 201 204 206 205 203 204 204 205 207 208 205 205 204 205 204 204 203 202 196 199 202 204 203 201 198 197 199 198 199 199 200 202 201 200 202 201 201 200 199 201 200 202 202 203 202 203 204 206 207 208 211 208 203 198 194 185 168 152 136 115 99 99 106 108 104 103 106 100 92 79 58 47 63 91 131 153 168 166 161 165 168 166 168 170 170 170 170 169 169 170 171 171 171 171 171 171 171 171 172 172 172 172 172 172 172 172 171 171 171 172 172 173 172 172 171 171 171 172 172 173 173 173 173 173 173 173 173 173 173 173 174 174 174 174 174 174 174 174 175 175 175 175 175 175 175 175 173 173 173 173 173 173 173 173 174 174 174 174 174 174 174 174 174 174 174 174 174 174 174 174 172 172 172 172 172 172 172 172 172 172 172 173 173 174 174 174 173 173 173 173 173 173 173 173 173 173 173 173 173 173 173 173 171 171 171 172 172 173 173 173 173 173 173 174 174 175 175 175 176 176 175 174 174 173 172 172 172 172 172 172 172 172 172 172 173 173 173 173 173 173 173 173 173 173 173 173 173 173 173 173 171 171 171 171 171 171 171 171 173 173 173 173 173 173 173 173 173 173 173 173 173 173 173 173 173 173 173 173 173 173 173 173 173 173 172 172 172 172 171 171 171 171 170 170 170 170 170 170 171 171 171 172 172 172 173 173 173 174 175 175 176 176 175 175 170 170 170 170 170 170 170 170 171 171 171 171 171 171 171 171 171 171 172 173 175 176 178 178 179 179 179 180 180 181 181 181 179 179 179 179 179 179 180 180 179 179 180 180 180 180 181 181 181 181 181 181 181 181 181 181 181 181 181 181 181 181 181 181 181 180 180 180 179 180 181 182 181 181 181 181 180 180 180 180 180 180 180 180 180 180 180 180 179 179 179 179 179 179 179 179 179 179 179 179 179 179 179 179 179 179 179 179 179 179 179 179 0 0 0 0 0 0 0 0
0 0 0 0 0 0 0 0 160 159 159 160 160 162 163 164 166 166 166 167 168 170 171 171 171 171 171 171 171 171 171 171 172 172 172 173 173 172 171 171 170 170 169 168 168 167 168 168 169 166 162 161 165 168 163 152 135 123 111 108 109 113 121 129 141 144 149 157 166 168 156 143 112 85 62 46 36 49 76 90 90 89 86 82 82 84 89 93 97 98 95 87 74 64 53 49 47 41 39 45 56 68 85 98 110 131 157 175 180 184 190 198 199 200 201 203 203 202 200 200 208 207 205 205 204 202 198 193 192 191 188 185 180 172 161 153 165 171 180 188 193 195 197 200 202 202 202 201 202 202 203 205 206 206 205 204 202 201 198 198 194 195 196 197 197 198 198 200 200 199 198 200 201 203 204 203 202 201 201 200 200 201 201 201 204 203 200 200 202 204 204 205 207 202 193 183 171 157 139 127 120 106 98 104 115 117 111 109 112 105 94 77 56 46 61 87 115 141 160 163 159 163 166 165 168 168 169 170 169 170 169 170 170 171 171 171 171 171 171 171 172 172 172 172 172 172 172 172 171 171 171 172 172 173 172 172 171 171 171 172 172 173 173 173 173 173 173 173 173 173 173 173 174 174 174 174 174 174 174 174 175 175 175 175 175 175 175 175 173 173 173 173 173 173 173 173 173 173 173 173 173 173 173 173 174 174 174 174 174 174 174 174 172 172 172 172 172 172 172 172 172 172 172 173 173 174 174 174 173 173 173 173 173 173 173 173 173 173 173 173 173 173 173 173 171 171 171 172 172 173 173 173 173 173 173 174 174 175 175 175 176 176 175 174 174 173 172 172 172 172 172 172 172 172 172 172 173 173 173 173 173 173 173 173 173 173 173 173 173 173 173 173 171 171 171 171 171 171 171 171 173 173 173 173 173 173 173 173 173 173 173 173 173 173 173 173 173 173 173 173 173 173 173 173 173 173 172 172 172 172 171 171 171 171 170 170 170 170 170 170 171 172 172 172 173 173 173 174 174 174 175 176 177 177 176 176 170 170 170 170 170 170 170 170 171 171 171 171 171 171 171 171 171 171 172 173 175 176 178 178 179 179 179 180 180 180 181 181 179 179 179 179 179 179 180 180 179 179 180 180 180 180 181 181 181 181 181 181 181 181 181 181 181 181 181 181 181 181 181 181 181 180 180 180 179 180 181 182 181 181 181 181 180 180 180 180 180 180 180 180 180 180 180 180 179 179 179 179 179 179 179 179 179 179 179 179 179 179 179 179 179 179 179 179 179 179 179 179 0 0 0 0 0 0 0 0
0 0 0 0 0 0 0 0 159 159 159 159 160 161 163 163 164 165 166 167 168 169 170 171 170 170 170 170 170 170 170 170 169 170 171 171 171 171 171 170 170 169 170 169 168 167 168 168 168 166 163 162 166 165 153 137 123 104 82 74 74 79 88 95 111 114 121 132 143 146 132 116 89 63 47 44 50 67 86 90 91 89 88 89 91 94 95 97 91 89 83 71 55 44 42 44 38 42 52 68 84 102 123 140 162 173 188 198 200 200 203 207 208 206 205 203 201 199 195 195 206 205 204 202 198 193 185 180 169 166 160 155 150 147 143 141 149 158 171 185 192 196 198 199 203 203 204 205 204 204 204 203 208 207 206 204 200 197 193 192 188 186 184 183 185 190 194 198 201 201 201 202 202 204 204 204 202 203 201 201 201 201 202 202 202 201 198 200 202 204 204 203 191 185 172 158 142 128 116 110 105 103 108 122 136 139 134 131 130 124 114 95 67 47 50 66 100 129 156 164 163 165 166 164 166 166 167 168 167 169 168 170 171 172 172 172 172 172 172 172 172 172 172 172 172 172 172 172 171 171 171 172 171 172 172 172 171 171 172 172 172 172 173 173 173 173 173 173 173 173 173 173 175 175 175 175 175 175 175 175 176 176 176 176 176 176 176 176 173 173 173 173 173 173 173 173 173 173 173 173 173 173 173 173 174 174 174 174 174 174 174 174 172 172 172 172 172 172 172 172 172 172 172 173 173 174 174 174 173 173 173 173 173 173 173 173 173 173 173 173 173 173 173 173 171 171 171 172 172 173 173 173 173 173 173 174 174 175 175 175 176 176 175 174 174 173 172 172 172 172 172 172 172 172 172 172 173 173 173 173 173 173 173 173 173 173 173 173 173 173 173 173 171 171 171 171 171 171 171 171 173 173 173 173 173 173 173 173 173 173 173 173 173 173 173 173 173 173 173 173 173 173 173 173 173 173 172 172 172 172 171 171 171 171 170 170 170 170 170 170 172 173 173 173 174 174 174 175 175 176 177 177 178 178 177 177 170 170 170 170 170 170 170 170 171 171 171 171 171 171 171 171 171 171 172 173 175 176 178 178 179 179 179 179 180 180 180 181 179 179 179 179 179 179 180 180 179 179 180 180 180 180 180 180 181 181 181 181 181 181 181 181 181 181 181 181 181 181 181 181 181 180 180 180 180 181 181 182 182 182 181 181 181 181 180 180 181 181 181 181 181 181 181 181 180 180 180 180 180 180 180 180 180 180 180 180 180 180 180 180 180 180 180 180 180 180 180 180 0 0 0 0 0 0 0 0
0 0 0 0 0 0 0 0 159 159 159 159 160 161 162 163 164 165 165 167 168 169 170 170 170 170 170 170 170 170 170 170 169 169 170 171 171 171 171 170 169 169 170 169 168 167 166 167 169 167 163 163 164 160 144 125 96 72 44 30 28 34 40 46 72 79 91 105 119 123 109 93 69 47 40 53 67 82 89 83 86 86 89 93 99 103 100 97 82 76 65 51 36 32 39 51 67 83 106 127 144 159 177 189 192 195 200 202 202 202 202 202 206 204 202 201 199 199 199 199 199 200 200 198 192 182 172 166 150 141 129 119 119 126 136 145 151 161 175 187 196 199 201 203 203 204 205 206 206 206 203 203 208 207 205 202 199 193 189 186 182 178 173 170 173 179 185 190 196 200 203 204 203 202 202 202 203 202 201 201 201 201 202 203 201 199 199 201 203 203 197 194 180 168 152 135 118 107 106 111 130 143 164 182 191 192 192 191 192 188 178 154 116 81 62 63 86 118 150 163 165 163 162 162 163 165 165 166 167 169 168 170 171 172 172 172 172 172 172 172 172 172 172 172 172 172 172 172 171 171 171 172 171 172 172 172 172 172 172 172 172 172 172 172 172 172 172 172 172 172 172 172 175 175 175 175 175 175 175 175 176 176 176 176 176 176 176 176 172 172 172 172 172 172 172 172 172 172 172 172 172 172 172 172 173 173 173 173 173 173 173 173 172 172 172 172 172 172 172 172 172 172 172 173 173 174 174 174 173 173 173 173 173 173 173 173 173 173 173 173 173 173 173 173 171 171 171 172 172 173 173 173 173 173 173 174 174 175 175 175 175 175 175 174 174 173 173 173 173 173 173 173 173 173 173 173 173 173 173 173 173 173 173 173 173 173 173 173 173 173 173 173 172 172 172 172 172 172 172 172 173 173 173 173 173 173 173 173 173 173 173 173 173 173 173 173 173 173 173 173 173 173 173 173 173 173 172 172 172 172 171 171 171 171 170 170 170 170 170 170 173 173 174 174 174 175 175 175 176 177 178 179 179 179 178 178 170 170 170 170 170 170 170 170 170 170 170 170 170 170 170 170 171 171 172 173 175 176 178 178 178 178 179 179 179 180 180 180 178 178 178 178 178 178 179 179 179 179 180 180 180 180 180 180 181 181 181 181 181 181 181 181 181 181 181 181 181 181 181 181 181 180 180 180 180 181 181 182 182 182 181 181 181 181 180 180 181 181 181 181 181 181 181 181 180 180 180 180 180 180 180 180 180 180 180 180 180 180 180 180 180 180 180 180 180 180 180 180 0 0 0 0 0 0 0 0
0 0 0 0 0 0 0 0 159 158 158 159 159 161 161 162 164 164 165 166 167 169 169 170 170 170 170 170 170 170 170 170 169 169 170 171 171 170 170 169 168 168 169 169 169 167 166 166 169 168 164 163 162 156 140 123 87 63 34 18 13 13 15 20 41 52 68 84 96 97 83 68 47 33 39 61 78 90 90 78 87 89 93 99 103 99 91 85 68 58 44 32 22 22 40 60 99 123 153 177 191 200 209 214 208 207 206 205 205 205 204 203 202 200 199 198 199 199 202 202 200 199 197 190 178 163 149 141 133 126 115 110 112 125 141 152 170 176 186 194 199 201 204 205 203 203 205 206 206 205 202 201 204 203 201 199 196 189 185 182 177 171 164 159 161 165 169 170 179 185 194 200 201 201 203 204 204 204 203 202 201 203 204 203 200 199 200 202 202 194 182 173 164 151 132 117 103 99 110 124 165 188 216 230 230 229 232 237 241 234 217 185 140 98 72 64 68 98 132 154 162 163 163 162 162 163 165 167 167 168 166 167 172 172 172 172 172 172 172 172 172 172 172 172 172 172 172 172 171 170 170 171 171 172 172 172 172 172 172 172 171 171 171 172 172 172 172 172 172 172 172 172 174 174 174 174 174 174 174 174 175 175 175 175 175 175 175 175 172 172 172 172 172 172 172 172 172 172 172 172 172 172 172 172 173 173 173 173 173 173 173 173 172 172 172 172 172 172 172 172 172 172 172 173 173 174 174 174 173 173 173 173 173 173 173 173 173 173 173 173 173 173 173 173 171 171 171 172 172 173 173 173 173 173 173 174 174 175 175 175 175 175 174 174 174 174 173 173 173 173 173 173 173 173 173 173 173 173 173 173 173 173 173 173 173 173 173 173 173 173 173 173 172 172 172 172 172 172 172 172 173 173 173 173 173 173 173 173 173 173 173 173 173 173 173 173 173 173 173 173 173 173 173 173 173 173 172 172 172 172 171 171 171 171 170 170 170 170 170 170 173 173 174 174 174 175 175 175 176 177 178 179 179 179 179 179 170 170 170 170 170 170 170 170 170 170 170 170 170 170 170 170 171 171 172 173 175 176 178 178 178 178 178 179 179 179 180 180 178 178 178 178 178 178 179 179 179 179 180 180 180 180 180 180 181 181 181 181 181 181 181 181 181 181 181 181 181 181 181 181 181 180 180 180 180 181 182 183 182 182 182 182 181 181 181 181 181 181 181 181 181 181 181 181 180 180 180 180 180 180 180 180 180 180 180 180 180 180 180 180 180 180 180 180 180 180 180 180 0 0 0 0 0 0 0 0
0 0 0 0 0 0 0 0 158 158 158 158 159 160 161 161 163 164 165 166 167 168 169 170 170 170 170 170 170 170 170 170 170 170 170 170 170 169 168 167 167 167 169 170 169 167 165 164 167 167 165 162 162 158 148 136 121 100 76 59 46 38 34 34 41 55 70 78 77 68 49 32 29 26 42 69 82 89 88 78 94 95 97 97 93 84 71 63 40 30 20 17 18 27 50 74 104 129 160 183 196 205 210 211 211 209 206 205 205 207 207 207 203 202 200 199 199 200 201 201 204 199 190 174 155 138 125 119 118 122 127 135 145 159 171 180 187 192 197 200 201 202 203 204 208 208 209 209 209 208 207 207 200 200 200 198 196 191 186 183 172 165 155 150 149 147 145 144 154 163 175 183 191 196 203 208 203 204 202 203 202 203 204 203 204 201 199 200 196 185 167 156 141 127 112 105 102 107 126 146 179 204 227 234 232 233 237 242 243 229 201 161 117 82 62 55 53 78 114 143 160 168 170 170 160 162 165 168 168 166 163 162 170 171 171 171 171 171 171 171 172 172 172 172 172 172 172 172 171 170 170 171 171 172 172 172 173 173 172 172 171 171 170 171 171 171 171 171 171 171 171 171 172 172 172 172 172 172 172 172 173 173 173 173 173 173 173 173 171 171 171 171 171 171 171 171 173 173 173 173 173 173 173 173 172 172 172 172 172 172 172 172 172 172 172 172 172 172 172 172 172 172 172 173 173 174 174 174 173 173 173 173 173 173 173 173 173 173 173 173 173 173 173 173 171 171 171 172 172 173 173 173 173 173 173 174 174 175 175 175 174 174 174 174 174 174 174 174 174 174 174 174 174 174 174 174 173 173 173 173 173 173 173 173 173 173 173 173 173 173 173 173 173 173 173 173 173 173 173 173 173 173 173 173 173 173 173 173 173 173 173 173 173 173 173 173 173 173 173 173 173 173 173 173 173 173 172 172 172 172 171 171 171 171 170 170 170 170 170 170 172 173 173 173 174 174 174 175 176 177 178 179 179 179 179 178 170 170 170 170 170 170 170 170 169 169 169 169 169 169 169 169 171 171 172 173 175 176 178 178 177 178 178 178 179 179 179 179 177 177 177 177 177 177 178 178 179 179 180 180 180 180 180 180 181 181 181 181 181 181 181 181 181 181 181 181 181 181 181 181 181 180 180 180 180 181 182 183 182 182 182 182 181 181 181 181 181 181 181 181 181 181 181 181 180 180 180 180 180 180 180 180 180 180 180 180 180 180 180 180 180 180 180 180 180 180 180 180 0 0 0 0 0 0 0 0
0 0 0 0 0 0 0 0 158 158 158 158 158 159 160 161 163 163 164 166 167 168 169 169 170 170 170 170 170 170 170 170 171 171 171 171 169 168 166 165 166 167 169 170 169 167 164 163 164 166 166 163 163 164 162 157 148 133 114 97 78 60 46 42 49 65 81 83 73 55 33 16 27 30 53 76 82 86 90 86 94 94 91 84 72 59 48 42 26 16 11 16 23 32 53 75 93 115 141 161 179 195 206 210 204 203 201 202 203 204 204 206 205 204 203 203 202 202 201 201 197 188 171 150 131 120 117 117 124 136 154 170 182 190 196 201 196 200 204 205 205 205 204 203 210 210 209 208 207 207 208 207 204 204 206 207 205 201 197 194 184 177 168 161 157 149 139 133 139 146 156 164 173 184 197 208 205 204 204 204 203 205 205 204 207 202 199 198 194 186 170 159 140 124 111 108 108 111 128 146 169 186 202 209 214 222 227 229 223 207 174 133 93 66 52 48 41 61 91 126 150 164 168 170 158 162 167 169 169 166 160 158 169 170 170 170 170 170 170 170 172 172 172 172 172 172 172 172 171 170 170 171 171 172 172 172 173 173 173 172 171 170 170 171 171 171 171 171 171 171 171 171 171 171 171 171 171 171 171 171 172 172 172 172 172 172 172 172 171 171 171 171 171 171 171 171 173 173 173 173 173 173 173 173 172 172 172 172 172 172 172 172 172 172 172 172 172 172 172 172 172 172 172 173 173 174 174 174 173 173 173 173 173 173 173 173 173 173 173 173 173 173 173 173 171 171 171 172 172 173 173 173 173 173 173 174 174 175 175 175 174 174 174 174 174 174 174 174 174 174 174 174 174 174 174 174 173 173 173 173 173 173 173 173 173 173 173 173 173 173 173 173 173 173 173 173 173 173 173 173 173 173 173 173 173 173 173 173 173 173 173 173 173 173 173 173 173 173 173 173 173 173 173 173 173 173 172 172 172 172 171 171 171 171 170 170 170 170 170 170 171 172 172 172 173 173 173 174 176 176 177 178 178 178 178 178 170 170 170 170 170 170 170 170 169 169 169 169 169 169 169 169 171 171 172 173 175 176 178 178 177 177 178 178 178 179 179 179 177 177 177 177 177 177 177 177 178 178 179 179 179 179 180 180 181 181 181 181 181 181 181 181 181 181 181 181 181 181 181 181 181 180 180 180 180 181 182 183 182 182 182 182 181 181 181 181 181 181 181 181 181 181 181 181 180 180 180 180 180 180 180 180 180 179 179 179 179 179 179 179 179 179 179 179 179 179 179 179 0 0 0 0 0 0 0 0
0 0 0 0 0 0 0 0 158 158 157 158 158 159 160 161 163 163 164 165 167 168 169 169 170 170 170 170 170 170 170 170 172 172 172 171 169 167 165 164 166 168 169 170 169 167 164 162 161 165 165 163 164 170 174 173 166 155 140 123 98 72 54 47 42 62 84 89 80 63 44 31 34 41 65 83 81 83 91 93 88 86 80 69 53 39 32 31 36 24 19 24 27 30 42 58 62 81 102 120 142 169 186 194 198 200 200 201 201 203 203 205 205 205 206 205 206 205 204 203 183 171 152 131 116 113 121 127 147 158 174 187 192 194 193 194 199 205 209 211 210 208 205 205 203 202 200 198 197 198 198 199 210 211 214 215 215 213 209 206 207 200 192 184 177 165 151 142 134 138 144 149 158 170 188 201 204 204 204 203 204 205 205 206 210 204 198 198 199 193 182 172 166 146 129 120 112 105 110 122 128 137 147 157 171 189 195 194 186 172 142 104 68 44 30 23 30 44 72 106 133 149 155 156 158 161 168 171 170 164 157 154 168 169 169 169 169 169 169 170 173 173 173 172 172 172 172 172 171 170 170 171 171 172 172 172 173 173 173 172 172 171 171 171 171 171 171 171 171 171 171 171 170 170 170 170 170 170 170 170 171 171 171 171 171 171 171 171 171 171 171 171 171 171 171 171 174 174 174 174 174 174 174 174 172 172 172 172 172 172 172 172 172 172 172 172 172 172 172 172 172 172 172 173 173 174 174 174 173 173 173 173 173 173 173 173 173 173 173 173 173 173 173 173 171 171 171 172 172 173 173 173 173 173 173 174 174 175 175 175 174 174 174 174 174 174 174 174 174 174 174 174 174 174 174 174 173 173 173 173 173 173 173 173 173 173 173 173 173 173 173 173 173 173 173 173 173 173 173 173 173 173 173 173 173 173 173 173 173 173 173 173 173 173 173 173 173 173 173 173 173 173 173 173 173 173 172 172 172 172 171 171 171 171 171 171 170 171 170 171 171 171 171 172 172 172 173 173 175 176 177 178 178 178 177 177 170 170 170 170 170 170 170 170 169 169 169 169 169 169 169 169 171 171 172 173 175 176 178 178 177 177 177 178 178 179 179 179 178 177 177 177 177 177 177 177 178 178 179 179 179 179 180 180 180 181 180 181 180 181 181 181 181 181 181 181 181 181 181 181 181 180 180 180 180 181 182 183 182 182 182 182 181 181 181 181 181 181 181 181 181 181 181 181 180 180 180 180 180 180 180 180 179 179 179 179 179 179 179 179 179 179 179 179 179 179 179 179 0 0 0 0 0 0 0 0
0 0 0 0 0 0 0 0 157 157 157 158 160 161 162 162 164 164 165 166 168 169 169 169 169 169 169 170 170 171 171 171 169 169 168 167 166 166 165 165 168 167 165 165 166 167 165 163 163 167 169 170 167 166 167 168 164 156 143 123 97 71 48 37 45 59 78 89 87 72 55 43 47 54 65 75 83 88 92 95 84 72 58 45 33 26 29 34 35 45 50 45 47 54 53 46 54 59 71 92 119 149 174 188 193 195 197 200 201 202 200 201 204 208 209 209 211 211 199 185 162 143 123 112 111 121 143 164 180 186 196 202 206 204 200 198 199 202 206 207 206 204 205 204 197 204 207 204 204 208 207 203 210 208 204 199 195 192 190 189 189 183 175 171 170 162 149 139 132 133 125 123 134 146 164 189 195 207 207 201 206 206 204 210 203 204 205 204 201 197 196 194 179 173 164 153 140 129 122 119 119 119 121 129 141 150 156 158 150 134 105 74 47 27 16 13 13 28 53 79 103 120 132 139 137 147 159 166 166 165 161 158 172 171 167 167 170 172 171 170 172 171 172 172 171 171 172 172 171 171 171 171 171 172 172 171 172 172 173 172 172 171 171 171 171 171 171 171 171 171 171 171 171 171 171 171 171 171 171 171 171 171 171 171 171 171 171 171 172 172 172 172 172 172 172 172 173 173 173 173 173 173 173 173 172 172 172 172 172 172 172 172 172 172 172 172 172 172 172 172 172 172 172 172 172 172 172 172 173 173 173 173 173 173 173 173 173 173 173 173 173 173 173 173 172 172 172 172 172 172 172 172 173 173 173 174 174 175 175 175 174 174 174 174 174 174 174 174 175 175 175 174 174 173 173 173 173 173 173 173 173 173 173 173 173 173 173 173 173 173 173 173 173 173 173 173 173 173 173 173 173 173 173 173 173 173 173 173 173 173 173 173 173 173 173 173 173 173 173 173 173 173 173 173 172 172 172 172 172 172 172 172 172 172 172 172 171 172 171 171 171 170 170 171 171 172 172 172 173 173 174 175 176 176 177 178 171 170 170 169 169 170 170 171 171 171 171 170 170 169 169 169 170 171 173 174 175 176 176 176 177 177 177 177 177 177 177 178 179 180 178 178 177 179 179 180 180 180 180 180 180 180 180 180 180 180 179 180 179 180 180 180 181 181 181 181 182 182 182 182 181 181 180 181 180 180 180 180 182 182 182 182 182 182 182 182 181 181 181 181 181 181 180 180 180 180 180 180 180 180 180 180 179 180 180 179 179 178 178 178 179 179 179 179 179 179 179 179 0 0 0 0 0 0 0 0
0 0 0 0 0 0 0 0 157 157 157 158 159 161 162 162 164 164 165 166 167 169 169 169 169 169 169 170 170 170 171 171 170 170 170 169 168 168 167 168 169 168 166 166 167 167 165 164 165 167 170 168 163 158 154 152 154 147 134 116 93 70 52 41 43 57 77 90 90 79 64 53 56 62 71 78 83 85 88 90 74 61 46 33 23 19 26 35 52 62 70 70 70 73 64 51 34 36 45 64 94 127 155 171 191 193 196 198 200 200 199 199 201 205 206 206 206 203 189 174 131 117 106 106 117 136 161 182 197 200 205 209 210 209 204 200 201 202 202 201 200 200 200 202 206 209 209 207 209 215 213 208 198 193 184 176 168 163 159 155 146 142 137 136 138 136 131 125 119 119 107 104 114 126 144 171 189 203 203 199 203 205 203 209 207 207 207 206 203 202 203 204 204 201 192 180 166 152 140 134 120 118 116 116 117 120 120 119 108 95 72 47 25 12 5 3 14 24 41 64 85 100 108 112 121 131 144 153 158 162 164 166 171 169 167 167 170 171 172 169 172 172 172 172 171 171 172 172 171 170 170 171 171 171 171 171 172 172 172 172 172 171 171 171 171 171 171 171 171 171 171 171 171 171 171 171 171 171 171 171 171 171 171 171 171 171 171 171 172 172 172 172 172 172 172 172 173 173 173 173 173 173 173 173 172 172 172 172 172 172 172 172 172 172 172 172 172 172 172 172 172 172 172 172 172 172 172 172 173 173 173 173 173 173 173 173 173 173 173 173 173 173 173 173 172 172 172 172 172 172 172 172 173 173 173 174 174 175 175 175 174 174 174 174 174 174 174 174 175 175 175 174 174 173 173 173 173 173 173 173 173 173 173 173 173 173 173 173 173 173 173 173 173 173 173 173 173 173 173 173 173 173 173 173 173 173 173 173 173 173 173 173 173 173 173 173 173 173 173 173 173 173 173 173 172 172 172 172 172 172 172 172 172 172 172 172 172 172 172 172 170 170 170 171 171 172 172 172 173 173 174 174 175 176 177 177 171 170 170 169 169 170 170 171 171 171 171 170 170 169 169 169 170 171 173 174 175 176 176 176 177 177 177 177 177 177 177 177 179 179 179 178 178 178 179 179 180 180 180 180 180 180 180 180 179 179 179 179 179 179 180 180 182 182 182 182 183 183 183 183 182 181 181 181 181 181 181 181 182 182 182 182 182 182 182 182 181 181 181 181 181 181 180 180 180 180 180 180 180 180 180 180 179 180 179 179 179 178 178 178 178 178 178 178 178 178 178 178 0 0 0 0 0 0 0 0
0 0 0 0 0 0 0 0 156 157 157 158 159 160 161 162 163 164 165 166 167 168 168 169 169 169 169 169 170 170 170 171 171 171 171 170 170 170 170 171 168 167 166 166 168 169 167 165 164 161 158 150 139 127 115 109 99 96 87 76 62 48 35 29 44 57 76 90 93 86 75 68 68 72 78 82 82 83 82 83 71 58 42 30 23 26 37 49 67 79 90 96 97 92 74 56 41 40 45 64 97 133 163 181 188 192 194 197 198 199 198 197 198 203 204 203 198 189 171 156 109 103 103 118 141 165 190 205 209 209 208 210 212 212 208 204 205 202 198 196 196 198 202 205 211 214 214 212 212 210 201 193 169 160 147 136 128 121 114 110 115 112 111 114 121 125 127 126 115 113 97 89 95 106 127 157 183 198 200 198 203 204 202 206 209 210 209 207 205 207 209 213 212 212 210 206 198 188 178 172 164 161 154 146 138 130 127 126 126 116 100 81 67 58 55 54 44 46 53 66 81 91 94 93 102 109 119 131 143 155 166 175 170 169 168 168 170 172 170 170 172 171 172 172 172 172 171 171 169 169 170 170 170 170 170 170 171 171 171 172 171 171 171 171 171 171 171 171 171 171 171 171 171 171 171 171 171 171 171 171 171 171 171 171 171 171 171 171 172 172 172 172 172 172 172 172 173 173 173 173 173 173 173 173 172 172 172 172 172 172 172 172 172 172 172 172 172 172 172 172 172 172 172 172 172 172 172 172 173 173 173 173 173 173 173 173 173 173 173 173 173 173 173 173 172 172 172 172 172 172 172 172 173 173 173 174 174 175 175 175 174 174 174 174 174 174 174 174 175 175 175 174 174 173 173 173 173 173 173 173 173 173 173 173 173 173 173 173 173 173 173 173 173 173 173 173 173 173 173 173 173 173 173 173 173 173 173 173 173 173 173 173 173 173 173 173 173 173 173 173 173 173 173 173 172 172 172 172 172 172 172 172 172 172 172 172 172 172 172 172 170 170 170 171 171 172 172 172 173 173 174 174 175 176 176 176 171 170 170 169 169 170 170 171 171 171 171 170 170 169 169 169 170 171 173 174 175 176 176 176 177 177 177 177 177 176 176 176 178 178 178 177 177 178 179 179 180 180 180 180 180 180 180 180 179 179 179 179 179 179 180 180 182 182 182 182 183 183 183 183 182 181 181 181 181 181 181 181 182 182 182 182 182 182 182 182 181 181 181 181 181 181 180 180 180 180 180 180 180 180 180 180 179 179 179 179 178 178 178 178 177 177 177 177 177 177 177 177 0 0 0 0 0 0 0 0
0 0 0 0 0 0 0 0 156 157 156 158 159 160 161 161 163 164 164 166 167 168 168 168 168 168 169 169 169 170 170 170 170 170 170 170 170 170 170 171 165 165 166 167 170 170 168 166 161 151 138 121 104 87 71 61 56 57 58 58 55 50 45 41 48 60 76 88 92 89 83 78 76 80 82 83 82 79 78 77 71 60 47 40 37 41 53 66 74 84 96 104 105 97 75 56 40 39 47 68 103 140 166 183 190 191 195 197 198 198 198 197 198 201 201 198 188 172 152 137 110 112 122 143 169 192 206 212 205 202 199 200 206 209 209 208 201 199 194 194 196 201 208 212 214 218 217 212 198 182 166 155 135 126 116 108 106 103 100 96 93 92 94 98 103 110 113 116 122 116 96 82 85 94 117 147 179 194 198 197 204 205 201 206 209 210 210 209 207 207 210 211 204 206 210 212 211 210 205 203 196 196 189 178 165 156 152 152 142 136 124 111 101 97 94 93 102 95 91 94 102 105 99 93 91 92 96 107 120 138 159 174 168 169 169 168 170 171 170 171 170 171 171 171 171 171 170 170 168 169 169 168 169 169 169 169 171 170 170 170 170 171 171 171 171 171 171 171 171 171 171 171 171 171 171 171 171 171 171 171 171 171 171 171 171 171 171 171 172 172 172 172 172 172 172 172 173 173 173 173 173 173 173 173 172 172 172 172 172 172 172 172 172 172 172 172 172 172 172 172 172 172 172 172 172 172 172 172 173 173 173 173 173 173 173 173 173 173 173 173 173 173 173 173 172 172 172 172 172 172 172 172 173 173 173 174 174 175 175 175 174 174 174 174 174 174 174 174 175 175 175 174 174 173 173 173 173 173 173 173 173 173 173 173 173 173 173 173 173 173 173 173 173 173 173 173 173 173 173 173 173 173 173 173 173 173 173 173 173 173 173 173 173 173 173 173 173 173 173 173 173 173 173 173 172 172 172 172 172 172 172 172 172 172 172 172 172 172 172 172 170 170 170 171 171 172 172 172 173 173 173 174 174 175 175 176 171 170 170 169 169 170 170 171 171 171 171 170 170 169 169 169 170 171 173 174 175 176 176 176 177 177 177 176 176 176 176 175 176 177 177 176 177 177 178 179 180 180 180 180 180 180 180 180 179 179 179 179 179 179 180 180 183 183 183 183 184 184 184 184 183 182 182 182 182 182 182 182 181 181 181 181 181 181 181 181 180 180 180 180 180 180 179 179 179 179 179 179 179 179 179 179 178 179 179 178 178 178 177 177 175 175 175 175 175 175 175 175 0 0 0 0 0 0 0 0
0 0 0 0 0 0 0 0 156 156 156 157 158 160 160 161 163 163 164 165 166 168 167 168 168 168 168 169 169 169 170 170 169 169 169 168 168 168 168 168 165 166 168 170 170 168 163 160 150 134 112 90 73 59 46 38 38 45 53 62 66 68 66 64 56 65 77 86 89 87 83 81 79 81 82 82 80 77 75 75 67 59 54 50 50 53 63 74 82 88 95 97 93 83 63 49 31 37 52 80 115 149 173 187 193 196 197 199 199 200 198 198 196 196 195 190 175 155 133 120 120 128 144 166 188 201 204 201 197 191 187 187 193 200 205 207 198 196 194 197 202 208 211 214 209 207 199 182 156 134 122 119 111 110 110 113 122 128 132 134 136 139 142 144 146 147 148 150 141 133 107 86 82 89 112 142 176 193 198 199 206 206 201 205 205 207 209 209 206 205 204 205 204 205 206 209 208 209 209 210 209 209 206 199 190 186 185 187 188 184 177 170 164 161 159 159 158 148 137 135 135 132 120 110 98 89 85 88 99 116 141 164 167 169 170 170 169 170 170 171 170 171 170 171 171 171 171 170 168 168 168 167 168 168 168 169 168 170 170 170 170 171 171 171 171 171 171 171 171 171 171 171 171 171 171 171 171 171 171 171 171 171 171 171 171 171 171 171 172 172 172 172 172 172 172 172 173 173 173 173 173 173 173 173 172 172 172 172 172 172 172 172 172 172 172 172 172 172 172 172 172 172 172 172 172 172 172 172 173 173 173 173 173 173 173 173 173 173 173 173 173 173 173 173 172 172 172 172 172 172 172 172 173 173 173 174 174 175 175 175 174 174 174 174 174 174 174 174 175 175 175 174 174 173 173 173 173 173 173 173 173 173 173 173 173 173 173 173 173 173 173 173 173 173 173 173 173 173 173 173 173 173 173 173 173 173 173 173 173 173 173 173 173 173 173 173 173 173 173 173 173 173 173 173 172 172 172 172 172 172 172 172 172 172 172 172 172 172 172 172 170 170 170 171 171 172 172 172 173 173 173 174 174 174 174 175 171 170 170 169 169 170 170 171 171 171 171 170 170 169 169 169 170 171 173 174 175 176 176 176 177 177 177 176 176 175 175 174 175 176 175 176 176 177 178 179 180 180 180 180 180 180 180 180 179 179 179 179 179 179 180 180 183 183 183 183 184 184 184 183 183 182 182 182 182 182 182 182 181 181 181 181 181 181 181 181 180 180 180 180 180 180 179 179 179 179 179 179 179 179 179 179 178 178 177 177 177 176 176 176 173 173 173 173 173 173 173 173 0 0 0 0 0 0 0 0
0 0 0 0 0 0 0 0 155 156 156 157 158 159 160 161 162 163 164 165 166 167 167 168 167 168 168 168 169 169 169 169 169 169 168 167 166 165 165 165 167 168 169 168 163 155 144 135 118 99 75 56 47 43 37 32 37 43 53 63 70 74 74 73 65 71 78 83 84 83 82 81 79 81 82 81 78 74 74 73 68 65 64 67 66 68 75 83 91 92 91 86 76 64 52 44 34 47 71 104 137 167 187 198 196 198 200 201 201 200 198 197 194 191 186 181 166 144 126 116 136 149 167 185 199 206 201 192 191 186 179 175 177 185 196 204 206 205 205 209 212 212 207 204 180 168 150 128 106 93 97 105 110 117 129 143 158 171 180 186 182 185 188 187 183 179 181 182 176 165 134 105 93 94 113 143 174 193 199 202 208 207 201 203 202 205 208 208 205 202 201 201 202 202 203 203 204 207 210 213 217 218 217 216 213 214 215 216 205 204 202 199 198 197 196 196 197 188 179 175 174 166 153 142 123 105 87 80 83 98 125 151 165 168 170 171 170 168 170 172 169 169 170 170 170 170 170 169 167 167 166 167 167 167 167 167 168 168 168 169 170 170 170 171 171 171 171 171 171 171 171 171 171 171 171 171 171 171 171 171 171 171 171 171 171 171 171 171 172 172 172 172 172 172 172 172 173 173 173 173 173 173 173 173 172 172 172 172 172 172 172 172 172 172 172 172 172 172 172 172 172 172 172 172 172 172 172 172 173 173 173 173 173 173 173 173 173 173 173 173 173 173 173 173 172 172 172 172 172 172 172 172 173 173 173 174 174 175 175 175 174 174 174 174 174 174 174 174 175 175 175 174 174 173 173 173 173 173 173 173 173 173 173 173 173 173 173 173 173 173 173 173 173 173 173 173 173 173 173 173 173 173 173 173 173 173 173 173 173 173 173 173 173 173 173 173 173 173 173 173 173 173 173 173 172 172 172 172 172 172 172 172 172 172 172 172 172 172 172 172 171 170 170 171 171 172 172 172 173 173 173 173 173 174 174 174 171 170 170 169 169 170 170 171 171 171 171 170 170 169 169 169 170 171 173 174 175 176 176 176 177 177 176 176 175 174 174 174 175 175 174 175 175 177 178 178 180 180 180 180 180 180 180 179 179 179 179 179 179 179 180 180 182 182 182 182 183 183 183 182 182 181 181 181 181 181 181 181 180 180 180 180 180 180 180 180 179 179 179 179 179 179 178 178 178 178 178 178 178 178 178 178 177 177 177 177 176 176 176 175 173 173 173 173 173 173 173 173 0 0 0 0 0 0 0 0
0 0 0 0 0 0 0 0 155 155 155 157 158 159 160 160 162 162 163 165 166 167 167 167 167 167 168 168 168 169 169 169 170 170 169 167 166 164 163 163 167 167 164 158 146 128 109 95 79 61 40 28 28 33 33 31 46 50 57 65 72 78 81 82 73 76 80 81 81 80 81 81 81 84 83 81 77 74 73 73 75 73 75 79 79 80 84 91 91 90 86 77 64 52 47 48 43 62 91 122 149 170 185 196 199 201 201 202 201 199 197 195 193 189 184 180 165 146 131 127 153 169 185 196 203 205 199 189 182 178 172 164 163 173 188 200 210 210 210 212 210 199 183 172 144 126 107 96 93 97 111 124 140 152 170 185 197 207 216 222 231 234 235 229 223 218 222 225 212 199 162 125 104 99 114 142 172 191 199 201 207 206 199 201 201 203 206 205 204 203 204 205 201 200 202 203 205 210 213 215 213 212 210 210 211 215 215 214 215 215 215 216 217 216 215 212 209 204 200 201 202 196 183 173 154 128 99 82 77 87 114 141 163 167 170 171 170 169 170 172 169 169 170 169 170 170 170 169 166 165 166 166 166 166 166 166 167 167 167 169 169 170 170 171 171 171 171 171 171 171 171 171 171 171 171 171 171 171 171 171 171 171 171 171 171 171 171 171 172 172 172 172 172 172 172 172 172 172 172 172 172 172 172 172 171 171 171 171 171 171 171 171 171 171 171 171 171 171 171 171 171 171 171 171 171 171 171 171 172 172 172 172 172 172 172 172 172 172 172 172 172 172 172 172 171 171 171 171 171 171 171 171 172 172 172 173 173 174 174 174 173 173 173 173 173 173 173 173 174 174 174 173 173 172 172 172 172 172 172 172 172 172 172 172 172 172 172 172 172 172 172 172 172 172 172 172 172 172 172 172 172 172 172 172 172 172 172 172 172 172 172 172 172 172 172 172 172 172 172 172 172 172 172 172 172 172 172 172 172 172 172 172 172 172 172 172 172 172 172 172 171 171 171 172 172 173 173 173 174 174 174 174 174 174 174 174 171 170 170 169 169 170 170 171 171 171 171 170 170 169 169 169 170 171 173 174 175 176 176 176 177 177 176 176 175 174 173 173 173 173 173 173 174 175 176 177 179 179 179 179 179 179 179 179 179 179 179 179 179 179 180 180 182 182 182 182 183 183 183 182 181 181 181 181 181 181 181 181 180 180 180 180 180 180 180 180 180 180 180 180 180 180 179 179 179 179 179 179 179 179 179 179 178 178 178 177 177 177 176 176 175 175 175 175 175 175 175 175 0 0 0 0 0 0 0 0
0 0 0 0 0 0 0 0 155 155 155 156 158 159 160 160 162 162 163 164 166 167 167 167 167 167 167 168 168 169 169 169 172 171 170 168 166 164 163 163 164 163 157 147 129 105 80 63 59 42 23 16 22 30 32 31 36 38 41 47 54 62 69 73 77 79 81 81 80 80 81 83 84 85 85 83 78 74 72 72 77 76 78 82 82 82 86 92 85 84 81 71 57 48 48 53 70 90 118 145 165 181 192 201 199 201 201 202 199 197 195 193 196 190 186 181 169 151 140 140 163 177 191 195 197 198 193 184 173 170 164 156 154 164 182 199 202 204 204 203 195 176 151 134 122 105 93 99 113 130 144 155 178 191 210 223 227 230 234 239 231 233 232 226 219 216 221 229 230 215 175 132 106 95 107 134 171 189 198 200 207 204 196 198 201 203 204 203 203 204 208 211 207 207 207 207 206 207 207 208 216 213 208 208 211 213 211 209 210 210 212 212 211 210 207 204 202 201 202 208 211 207 197 189 174 144 108 85 76 82 109 138 163 167 171 171 169 169 169 171 169 169 169 169 169 170 169 169 166 165 165 166 165 165 166 166 167 167 167 169 169 170 170 170 171 171 171 171 171 171 171 171 171 171 171 171 171 171 171 171 171 171 171 171 171 171 171 171 172 172 172 172 172 172 172 172 172 172 172 172 172 172 172 172 171 171 171 171 171 171 171 171 171 171 171 171 171 171 171 171 171 171 171 171 171 171 171 171 172 172 172 172 172 172 172 172 172 172 172 172 172 172 172 172 171 171 171 171 171 171 171 171 172 172 172 173 173 174 174 174 173 173 173 173 173 173 173 173 174 174 174 173 173 172 172 172 172 172 172 172 172 172 172 172 172 172 172 172 172 172 172 172 172 172 172 172 172 172 172 172 172 172 172 172 172 172 172 172 172 172 172 172 172 172 172 172 172 172 172 172 172 172 172 172 172 172 172 172 172 172 172 172 172 172 172 172 172 172 172 172 171 171 171 172 172 173 173 173 174 174 174 174 174 174 174 174 171 170 170 169 169 170 170 171 171 171 171 170 170 169 169 169 170 171 173 174 175 176 176 176 177 177 176 175 174 174 173 172 172 172 172 173 174 175 176 177 179 179 179 179 179 179 179 179 179 179 179 179 179 179 180 180 181 181 181 181 182 182 182 182 181 180 180 180 180 180 180 180 180 180 180 180 180 180 180 180 180 180 180 180 180 180 179 179 179 179 179 179 179 179 179 179 178 178 178 177 177 176 176 176 175 175 175 175 175 175 175 175 0 0 0 0 0 0 0 0
0 0 0 0 0 0 0 0 155 155 155 156 158 159 160 160 161 162 164 165 167 167 166 166 167 167 168 168 168 169 169 169 170 169 169 170 169 167 163 161 165 162 152 133 107 79 56 42 36 28 23 25 33 37 33 27 23 21 17 18 24 36 50 57 84 81 78 76 76 78 81 83 85 87 87 82 75 72 74 78 81 84 87 89 89 89 90 91 82 77 74 68 51 40 52 74 89 121 148 164 182 189 191 199 201 206 204 199 194 197 198 196 194 191 186 179 172 166 161 160 174 179 190 198 197 201 194 171 171 149 153 151 155 175 187 200 201 205 198 180 156 136 116 102 100 95 101 127 160 184 196 202 226 229 242 246 238 237 238 230 224 221 217 210 200 196 210 229 224 217 181 134 100 89 104 134 163 184 196 201 209 205 196 196 198 201 204 205 203 205 207 211 210 209 210 214 212 208 206 210 207 211 211 209 204 200 198 198 196 198 200 201 201 201 199 197 185 193 201 204 203 205 203 200 187 163 127 93 74 80 106 133 161 168 170 168 167 169 170 168 169 169 169 169 169 170 171 170 165 165 167 168 168 169 169 169 171 168 166 168 171 173 172 170 172 172 172 172 172 172 172 172 171 171 171 171 171 171 171 171 171 171 171 171 171 171 171 171 172 172 172 172 172 172 172 172 172 172 172 172 172 172 172 172 171 171 171 171 171 171 171 171 171 171 171 171 171 171 171 171 171 171 171 171 171 171 171 171 172 172 172 172 172 172 172 172 172 172 172 172 172 172 172 172 171 171 171 171 171 171 171 171 173 173 173 173 173 173 173 173 173 173 173 173 173 173 173 173 173 173 173 173 173 173 173 173 173 173 173 173 173 173 173 173 173 173 173 173 173 173 173 173 173 173 173 173 173 173 173 173 172 172 172 172 172 172 172 172 172 172 172 172 172 172 172 172 172 172 172 172 172 172 172 172 172 172 172 172 172 172 172 172 172 172 172 172 172 172 172 172 171 171 171 172 172 173 173 173 173 173 173 173 173 173 173 173 170 170 170 170 170 170 170 170 170 170 170 170 170 170 170 170 172 172 173 174 175 176 176 177 178 177 177 176 175 174 173 173 173 173 174 175 176 177 177 178 178 178 178 178 178 178 178 178 179 179 179 179 179 179 180 180 179 179 179 179 180 180 180 180 181 181 181 181 181 181 181 181 181 181 181 181 181 181 181 181 179 179 180 180 181 181 181 181 180 180 180 180 179 179 179 179 178 178 177 177 177 177 177 177 176 176 176 175 175 174 174 174 0 0 0 0 0 0 0 0
0 0 0 0 0 0 0 0 155 155 155 156 157 159 159 160 161 162 163 165 166 167 166 166 167 167 167 168 168 168 169 169 169 169 169 169 168 166 162 161 164 160 149 127 97 68 46 33 40 46 58 69 74 68 54 42 20 14 7 8 19 41 62 75 85 83 78 76 75 77 79 80 84 86 86 82 76 73 76 79 86 87 89 88 86 83 79 78 71 65 60 53 40 34 51 74 106 141 169 185 197 195 187 190 199 203 202 196 193 195 194 192 197 195 192 187 182 178 175 174 177 180 191 198 199 200 186 161 148 129 141 151 164 188 195 204 205 199 182 157 125 100 87 82 109 131 162 188 203 212 222 227 232 231 239 240 233 231 226 211 205 190 171 158 148 149 165 185 195 190 159 117 92 86 101 130 157 178 190 197 205 204 197 198 199 203 206 206 204 201 201 203 205 203 202 203 202 198 198 202 203 208 210 210 209 207 208 208 202 203 204 206 206 204 203 201 189 192 195 195 198 202 202 199 191 165 127 95 79 85 110 135 160 167 169 168 167 169 170 167 167 167 168 169 169 170 170 170 166 165 166 167 167 166 165 165 168 166 164 166 169 171 170 169 172 172 172 172 172 172 172 172 171 171 171 171 171 171 171 171 171 171 171 171 171 171 171 171 172 172 172 172 172 172 172 172 172 172 172 172 172 172 172 172 171 171 171 171 171 171 171 171 171 171 171 171 171 171 171 171 171 171 171 171 171 171 171 171 172 172 172 172 172 172 172 172 172 172 172 172 172 172 172 172 171 171 171 171 171 171 171 171 173 173 173 173 173 173 173 173 173 173 173 173 173 173 173 173 173 173 173 173 173 173 173 173 173 173 173 173 173 173 173 173 173 173 173 173 173 173 173 173 173 173 173 173 173 173 173 173 172 172 172 172 172 172 172 172 172 172 172 172 172 172 172 172 172 172 172 172 172 172 172 172 172 172 172 172 172 172 172 172 172 172 172 172 172 172 172 172 171 171 171 172 172 173 173 173 173 173 173 173 173 173 173 173 170 170 170 170 170 170 170 170 170 170 170 170 170 170 170 170 171 171 172 173 174 175 175 176 177 176 176 175 174 173 172 172 172 172 173 174 175 176 176 177 178 178 178 178 178 178 178 178 179 179 179 179 179 179 180 180 179 179 179 179 180 180 180 180 180 180 180 180 180 180 180 180 180 180 180 180 180 180 180 180 178 178 178 179 179 180 180 180 179 179 179 179 178 178 178 178 179 178 177 177 177 177 177 177 176 176 176 175 175 174 174 174 0 0 0 0 0 0 0 0
0 0 0 0 0 0 0 0 154 155 154 156 157 158 159 159 161 161 162 163 164 166 165 166 166 166 167 167 167 168 168 168 168 169 169 168 167 164 162 161 162 159 149 129 102 77 60 53 67 84 107 120 114 94 70 55 24 17 10 14 31 55 76 89 89 87 82 80 78 77 78 79 82 84 85 82 78 77 79 82 87 89 89 88 83 78 72 68 60 52 43 36 27 28 46 68 106 137 163 178 188 186 181 186 199 202 201 196 193 195 194 190 197 197 196 193 192 190 189 188 181 182 192 200 200 197 176 144 124 108 133 155 176 201 199 201 190 171 147 122 99 83 87 99 136 173 213 232 238 241 242 241 238 231 233 235 231 229 212 185 176 150 121 106 99 100 113 129 140 140 121 97 84 82 93 117 145 167 180 190 200 202 197 200 199 204 206 207 204 200 197 196 199 192 186 185 183 183 186 192 201 205 208 211 212 212 212 213 209 209 209 209 209 208 205 205 194 194 192 190 195 199 200 196 183 156 119 91 82 93 117 140 160 167 170 167 166 168 168 165 164 164 165 166 168 169 169 167 167 168 167 167 167 166 164 163 165 164 163 166 168 170 170 170 171 171 171 171 171 171 171 171 170 170 170 170 170 170 170 170 170 170 170 170 170 170 170 170 171 171 171 171 171 171 171 171 172 172 172 172 172 172 172 172 171 171 171 171 171 171 171 171 171 171 171 171 171 171 171 171 171 171 171 171 171 171 171 171 172 172 172 172 172 172 172 172 172 172 172 172 172 172 172 172 171 171 171 171 171 171 171 171 173 173 173 173 173 173 173 173 173 173 173 173 173 173 173 173 173 173 173 173 173 173 173 173 173 173 173 173 173 173 173 173 173 173 173 173 173 173 173 173 173 173 173 173 173 173 173 173 172 172 172 172 172 172 172 172 172 172 172 172 172 172 172 172 172 172 172 172 172 172 172 172 172 172 172 172 172 172 172 172 172 172 172 172 172 172 172 172 172 172 172 173 173 174 174 174 174 174 174 174 174 174 174 174 171 171 171 171 171 171 171 171 171 171 171 171 171 171 171 171 171 171 172 172 173 174 174 175 176 175 175 174 173 173 172 172 171 171 172 172 173 174 174 175 177 177 177 177 177 177 177 177 178 177 178 178 178 178 179 179 177 177 178 178 178 178 178 178 177 177 177 177 177 177 177 177 177 177 177 177 177 177 177 177 176 176 176 177 177 177 178 178 177 177 177 177 176 176 176 176 177 177 177 177 178 178 178 178 177 177 177 177 176 176 176 176 0 0 0 0 0 0 0 0
0 0 0 0 0 0 0 0 153 154 154 155 156 157 158 159 160 160 161 162 163 164 164 165 165 166 166 166 167 167 167 167 167 168 168 167 164 162 160 161 159 160 156 142 124 110 103 103 111 130 148 149 129 98 71 56 34 32 34 43 57 73 83 87 90 89 86 84 82 83 82 82 82 82 83 82 79 79 81 83 83 85 85 87 85 80 72 67 55 45 34 25 20 22 37 54 73 96 114 128 144 154 164 181 195 200 202 199 198 199 197 194 194 194 194 193 193 192 192 192 185 185 194 200 199 192 166 129 110 101 130 162 189 208 194 184 154 127 102 93 94 104 129 156 182 207 228 236 245 254 250 236 236 228 228 235 236 232 204 165 124 92 61 51 48 46 49 58 78 89 89 85 84 81 85 98 128 153 171 185 199 203 197 199 200 202 204 205 203 199 196 194 190 180 168 164 164 169 177 187 201 204 206 208 209 209 208 208 210 210 211 210 209 207 205 204 199 198 197 197 199 200 194 186 161 134 100 80 80 98 125 148 165 171 173 168 165 165 163 161 161 162 163 165 165 166 165 165 168 169 169 169 169 168 167 167 164 165 166 167 169 171 171 171 171 171 171 171 171 171 171 171 170 170 170 170 170 170 170 170 170 170 170 170 170 170 170 170 171 171 171 171 171 171 171 171 172 172 172 172 172 172 172 172 171 171 171 171 171 171 171 171 171 171 171 171 171 171 171 171 171 171 171 171 171 171 171 171 172 172 172 172 172 172 172 172 172 172 172 172 172 172 172 172 171 171 171 171 171 171 171 171 172 172 172 172 172 172 172 172 172 172 172 172 172 172 172 172 172 172 172 172 172 172 172 172 172 172 172 172 172 172 172 172 172 172 172 172 172 172 172 172 172 172 172 172 172 172 172 172 172 172 172 172 172 172 172 172 172 172 172 172 172 172 172 172 172 172 172 172 172 172 172 172 172 172 172 172 172 172 172 172 172 172 172 172 172 172 172 172 172 172 172 173 173 174 174 174 174 174 174 174 174 174 174 174 171 171 171 171 171 171 171 171 171 171 171 171 171 171 171 171 170 170 171 171 172 172 172 173 174 173 173 173 172 172 171 171 170 170 171 171 172 172 172 173 174 174 174 174 174 174 174 174 174 174 175 175 175 175 176 176 174 174 175 175 175 175 175 175 175 175 175 175 175 175 175 175 175 175 175 175 175 175 175 175 174 174 174 174 175 175 176 176 175 175 175 175 174 174 174 174 174 175 175 175 175 176 176 176 177 177 177 177 177 177 177 176 0 0 0 0 0 0 0 0
0 0 0 0 0 0 0 0 152 153 153 154 155 156 157 158 159 159 159 160 161 163 163 165 165 165 165 165 166 166 166 167 165 167 168 166 162 159 159 161 160 162 161 154 145 139 139 141 145 159 168 158 129 94 66 53 45 48 54 64 75 81 81 80 81 80 80 81 82 82 83 83 81 82 83 83 82 81 82 84 84 85 85 88 88 85 77 71 55 47 36 28 21 22 30 38 41 57 68 78 98 114 135 160 180 190 197 199 198 200 199 196 193 193 193 193 191 191 191 191 187 187 196 201 198 188 158 120 107 100 134 167 192 201 174 156 122 95 75 84 106 136 173 204 221 232 236 233 239 250 246 232 230 226 230 240 244 237 200 152 93 56 24 15 15 11 14 24 42 64 79 88 95 89 84 90 119 146 167 184 201 202 195 197 198 200 200 201 201 200 196 194 181 167 152 147 151 162 175 188 201 203 204 205 207 207 206 204 208 207 208 207 204 204 202 202 201 204 206 205 204 198 183 167 133 110 82 71 79 102 130 154 166 172 173 168 163 163 160 156 159 160 162 164 164 164 161 161 165 165 167 167 168 168 168 168 166 168 170 171 171 172 172 173 172 171 171 171 171 171 171 171 170 170 170 170 170 170 170 170 170 170 170 170 170 170 170 170 171 171 171 171 171 171 171 171 172 172 172 172 172 172 172 172 171 171 171 171 171 171 171 171 171 171 171 171 171 171 171 171 171 171 171 171 171 171 171 171 172 172 172 172 172 172 172 172 172 172 172 172 172 172 172 172 171 171 171 171 171 171 171 171 172 172 172 172 172 172 172 172 172 172 172 172 172 172 172 172 172 172 172 172 172 172 172 172 172 172 172 172 172 172 172 172 172 172 172 172 172 172 172 172 172 172 172 172 172 172 172 172 172 172 172 172 172 172 172 172 172 172 172 172 172 172 172 172 172 172 172 172 172 172 172 172 172 172 172 172 172 172 172 172 172 172 172 172 172 172 172 172 172 172 172 173 173 174 174 174 174 174 174 174 174 174 174 174 171 171 171 171 171 171 171 171 171 171 171 171 171 171 171 171 170 170 170 170 171 171 171 171 172 172 172 172 171 171 171 171 170 170 170 170 171 171 171 171 171 171 171 171 171 171 171 171 171 171 171 171 172 172 172 172 171 171 171 171 172 172 172 172 173 173 173 173 173 173 173 173 173 173 173 173 173 173 173 173 173 173 173 174 174 175 175 175 173 173 173 173 173 173 173 172 170 170 171 171 172 172 173 173 176 176 176 176 176 176 176 177 0 0 0 0 0 0 0 0
0 0 0 0 0 0 0 0 152 152 152 153 154 156 156 157 159 158 158 158 159 161 163 164 164 164 164 165 165 165 166 166 164 166 167 165 160 157 158 161 162 163 161 157 153 151 151 152 157 163 163 148 118 85 57 44 43 48 55 62 65 67 67 66 58 61 64 70 74 78 80 81 81 82 83 83 84 83 82 83 88 88 88 90 91 89 82 76 61 53 44 38 36 36 37 39 40 50 53 57 69 79 97 124 153 171 189 194 193 195 197 198 196 196 195 194 192 191 190 189 188 189 198 201 194 183 154 119 106 99 134 165 182 181 144 119 104 90 81 98 129 163 195 218 232 243 247 239 233 236 236 234 229 228 237 244 245 236 193 140 88 48 12 4 6 9 22 41 54 77 92 100 104 95 87 93 122 150 171 186 201 202 194 194 197 197 199 200 199 195 189 185 167 154 142 143 152 164 179 193 200 201 202 206 210 211 209 208 205 204 204 202 201 201 200 199 202 207 209 206 197 183 162 144 114 97 77 71 80 99 122 143 157 164 166 163 160 161 160 157 160 161 163 164 164 162 159 159 160 161 162 164 165 165 165 165 168 171 173 175 174 173 173 173 172 171 171 171 171 171 171 171 170 170 170 170 170 170 170 170 170 170 170 170 170 170 170 170 171 171 171 171 171 171 171 171 172 172 172 172 172 172 172 172 171 171 171 171 171 171 171 171 171 171 171 171 171 171 171 171 171 171 171 171 171 171 171 171 172 172 172 172 172 172 172 172 172 172 172 172 172 172 172 172 171 171 171 171 171 171 171 171 171 171 171 171 171 171 171 171 171 171 171 171 171 171 171 171 171 171 171 171 171 171 171 171 171 171 171 171 171 171 171 171 171 171 171 171 171 171 171 171 171 171 171 171 171 171 171 171 172 172 172 172 172 172 172 172 172 172 172 172 172 172 172 172 172 172 172 172 172 172 172 172 172 172 172 172 172 172 172 172 172 172 172 172 172 172 172 172 172 172 172 173 173 174 174 174 174 174 174 174 174 174 174 174 171 171 171 171 171 171 171 171 171 171 171 171 171 171 171 171 170 170 170 170 170 170 171 171 172 172 171 171 171 171 171 171 170 170 170 170 170 170 171 171 170 170 170 170 170 170 170 170 170 170 170 170 171 171 171 171 170 170 170 170 171 171 171 171 172 172 172 172 172 172 172 172 172 172 172 172 172 172 172 172 172 172 173 173 173 174 174 174 172 172 172 172 172 172 172 172 170 169 169 170 171 172 172 172 176 176 176 176 177 177 177 177 0 0 0 0 0 0 0 0
0 0 0 0 0 0 0 0 151 152 151 153 154 155 156 156 158 158 157 157 158 160 162 164 163 163 164 164 164 165 165 165 163 166 167 164 158 155 157 162 164 162 159 158 160 161 159 158 164 156 141 117 87 60 37 26 26 35 45 51 48 44 42 40 35 40 48 58 66 73 79 80 82 82 83 84 85 85 83 83 90 88 87 89 93 93 87 82 72 65 59 56 59 63 63 61 63 64 56 49 49 52 68 96 128 154 179 189 189 192 197 199 199 200 198 196 193 192 191 190 188 190 198 200 190 180 154 122 108 100 131 156 163 152 106 76 86 93 107 130 161 191 215 228 238 243 246 241 234 232 234 238 235 237 245 246 239 224 181 127 72 36 5 3 11 21 46 76 98 112 112 105 100 92 90 103 139 163 180 190 201 201 192 192 197 198 200 202 198 188 176 165 152 143 138 147 160 173 185 196 199 200 201 205 209 212 211 207 203 202 202 200 200 201 201 201 200 205 202 193 177 159 137 121 106 95 83 79 81 87 100 113 140 149 154 154 156 161 164 163 165 166 167 168 166 164 160 158 159 160 161 162 163 163 162 161 169 173 176 177 174 172 171 172 171 171 171 171 171 171 171 171 170 170 170 170 170 170 170 170 170 170 170 170 170 170 170 170 171 171 171 171 171 171 171 171 172 172 172 172 172 172 172 172 171 171 171 171 171 171 171 171 171 171 171 171 171 171 171 171 171 171 171 171 171 171 171 171 172 172 172 172 172 172 172 172 172 172 172 172 172 172 172 172 171 171 171 171 171 171 171 171 171 171 171 171 171 171 171 171 171 171 171 171 171 171 171 171 171 171 171 171 171 171 171 171 171 171 171 171 171 171 171 171 171 171 171 171 171 171 171 171 171 171 171 171 171 171 171 171 172 172 172 172 172 172 172 172 172 172 172 172 172 172 172 172 172 172 172 172 172 172 172 172 172 172 172 172 172 172 172 172 172 172 172 172 172 172 172 172 173 173 173 174 174 175 175 175 175 175 175 175 175 175 175 175 172 172 172 172 172 172 172 172 172 172 172 172 172 172 172 172 172 172 172 172 172 172 172 172 173 173 173 173 173 173 173 173 171 171 171 171 171 171 171 171 171 171 171 171 171 171 171 171 171 171 171 171 171 171 172 172 171 171 171 171 172 172 172 172 171 171 171 171 171 171 171 171 171 171 171 171 171 171 171 171 172 172 172 173 173 174 174 174 172 172 172 172 172 172 172 172 170 171 171 172 173 174 175 175 177 177 177 178 178 179 179 179 0 0 0 0 0 0 0 0
0 0 0 0 0 0 0 0 151 151 151 152 154 155 156 156 158 157 156 156 157 160 162 163 163 163 163 164 164 164 165 165 163 165 167 163 157 154 157 162 166 162 158 162 167 171 171 169 171 152 119 85 54 31 15 7 11 24 40 46 39 28 20 16 23 29 38 51 63 73 79 81 83 83 83 84 85 84 84 82 88 85 85 88 95 97 93 88 81 76 71 71 79 87 88 85 80 74 56 40 34 36 54 85 114 144 174 188 188 190 197 203 201 200 199 197 195 194 193 191 188 191 200 199 188 178 156 126 110 102 129 148 147 128 78 47 66 93 127 159 189 217 238 245 251 243 236 239 242 242 242 244 243 245 249 243 230 212 168 115 68 38 18 25 39 54 85 119 135 140 126 105 91 84 91 110 154 174 186 193 201 198 192 192 197 199 201 203 197 182 163 149 140 136 139 152 168 181 189 196 199 199 200 202 207 210 206 204 203 203 202 201 200 202 202 203 199 201 194 178 158 139 120 107 104 96 88 85 80 76 79 85 125 135 143 147 154 162 168 168 167 169 170 171 168 164 160 159 163 164 164 164 164 163 161 159 170 173 178 177 175 172 171 172 171 171 171 171 171 171 171 171 170 170 170 170 170 170 170 170 170 170 170 170 170 170 170 170 171 171 171 171 171 171 171 171 172 172 172 172 172 172 172 172 171 171 171 171 171 171 171 171 171 171 171 171 171 171 171 171 171 171 171 171 171 171 171 171 172 172 172 172 172 172 172 172 172 172 172 172 172 172 172 172 171 171 171 171 171 171 171 171 171 171 171 171 171 171 171 171 171 171 171 171 171 171 171 171 171 171 171 171 171 171 171 171 171 171 171 171 171 171 171 171 171 171 171 171 171 171 171 171 171 171 171 171 171 171 171 171 172 172 172 172 172 172 172 172 172 172 172 172 172 172 172 172 172 172 172 172 172 172 172 172 172 172 172 172 172 172 172 172 172 172 172 172 172 172 172 172 173 173 173 174 174 175 175 175 175 175 175 175 175 175 175 174 172 172 172 172 172 172 172 172 172 172 172 172 172 172 172 172 172 172 172 172 172 172 172 172 173 173 173 173 173 173 173 173 171 171 171 171 171 171 171 171 172 172 172 172 172 172 172 171 172 172 172 172 172 172 173 173 172 172 172 172 172 173 173 173 171 171 171 171 171 171 171 171 171 171 171 171 171 171 171 171 172 172 172 173 173 174 174 174 172 172 172 172 172 172 172 172 172 172 173 174 175 175 176 177 177 177 177 178 177 179 178 179 0 0 0 0 0 0 0 0
0 0 0 0 0 0 0 0 149 150 151 152 153 154 156 156 158 158 158 159 160 161 163 164 163 163 163 164 164 165 165 165 167 167 166 164 161 160 162 164 165 161 158 160 165 168 165 160 161 137 94 59 40 18 3 5 17 34 50 53 47 39 25 13 24 30 39 55 70 81 85 85 85 84 82 81 81 82 84 85 85 87 87 90 92 94 95 96 84 81 79 77 80 86 90 95 93 83 66 47 33 35 56 78 110 145 179 189 190 195 198 195 197 195 193 192 195 194 192 189 188 189 199 202 191 178 155 128 116 105 118 144 139 115 90 72 95 128 168 198 220 236 243 244 247 241 234 234 241 246 244 240 235 223 208 193 176 149 119 96 61 60 64 74 89 109 134 152 157 140 118 97 84 86 108 132 168 179 192 200 200 197 193 193 197 204 200 194 188 168 144 136 129 138 151 164 179 194 201 201 196 198 199 202 205 207 207 207 202 202 204 206 205 202 195 191 192 181 165 148 134 125 121 122 117 119 117 106 87 69 57 53 78 87 97 107 116 126 136 144 149 152 157 159 158 158 162 165 168 173 173 168 165 166 162 155 160 165 169 173 174 174 173 171 171 170 170 170 170 170 170 170 170 170 170 170 170 170 170 170 171 171 171 171 171 171 171 171 171 171 171 171 171 171 171 171 171 171 171 171 171 171 171 171 171 171 171 171 171 171 171 171 171 171 171 171 171 171 171 171 171 171 171 171 171 171 171 171 172 172 172 172 172 172 172 172 172 172 172 172 172 172 172 172 171 171 171 171 171 171 171 171 171 171 171 171 171 171 171 171 171 171 171 171 171 171 171 171 171 171 171 171 171 171 171 171 171 171 171 171 171 171 171 171 171 171 171 171 171 171 171 171 171 171 171 171 171 171 171 171 172 172 172 172 172 172 172 172 172 172 172 172 172 172 172 172 172 172 172 172 172 172 172 172 173 173 173 172 172 171 171 171 171 171 171 172 172 173 173 173 173 173 173 173 173 173 173 173 174 174 174 174 174 174 174 174 172 172 172 172 172 172 172 172 172 172 172 172 172 172 172 172 172 172 172 172 172 172 172 172 172 172 172 172 172 172 172 172 172 172 172 172 172 172 171 171 172 172 172 172 172 172 172 172 171 171 171 171 171 172 172 172 170 170 170 171 171 171 171 171 171 171 171 171 171 171 171 171 171 171 171 171 171 171 171 171 171 172 171 172 171 171 171 171 172 172 172 172 172 172 172 172 169 170 171 172 173 174 175 175 177 177 177 176 175 176 174 175 0 0 0 0 0 0 0 0
0 0 0 0 0 0 0 0 149 149 150 152 153 154 155 156 158 158 158 158 160 161 163 164 163 163 163 164 164 164 165 165 166 166 166 163 161 161 163 165 165 160 158 160 164 165 161 157 145 118 71 34 22 11 7 17 38 56 71 73 64 51 37 26 31 37 48 62 76 85 89 88 85 84 82 81 81 82 84 85 85 85 87 88 90 92 93 95 90 89 86 84 83 86 90 94 95 86 71 53 39 41 62 85 116 150 182 193 194 197 198 196 199 196 194 195 196 196 195 192 188 189 198 201 190 177 155 128 109 101 115 134 127 112 104 102 141 167 200 222 235 243 246 243 234 232 230 232 233 234 231 227 200 184 163 144 130 114 98 86 80 90 106 121 135 149 160 165 147 127 103 90 89 103 128 151 177 186 197 202 201 197 195 194 196 203 196 185 175 152 130 126 133 146 163 176 188 199 204 203 198 199 199 201 204 205 205 205 206 206 207 208 206 200 192 186 174 163 146 131 123 123 127 131 148 147 140 121 94 65 44 36 40 46 54 63 71 83 94 104 116 122 130 137 141 147 156 163 168 174 175 172 171 173 169 163 161 162 165 169 173 175 174 172 171 170 170 170 170 170 170 170 170 170 170 170 170 170 170 170 171 171 171 171 171 171 171 171 171 171 171 171 171 171 171 171 171 171 171 171 171 171 171 171 171 171 171 171 171 171 171 171 171 171 171 171 171 171 171 171 171 171 171 171 171 171 171 171 172 172 172 172 172 172 172 172 172 172 172 172 172 172 172 172 171 171 171 171 171 171 171 171 171 171 171 171 171 171 171 171 171 171 171 171 171 171 171 171 171 171 171 171 171 171 171 171 171 171 171 171 171 171 171 171 171 171 171 171 171 171 171 171 171 171 171 171 171 171 171 171 172 172 172 172 172 172 172 172 172 172 172 172 172 172 172 172 172 172 172 172 172 172 172 172 173 173 173 172 172 171 171 171 171 171 171 172 172 173 173 173 173 173 173 173 173 173 173 173 174 174 174 174 174 174 174 174 172 172 172 172 172 172 172 172 172 172 172 172 172 172 172 172 172 172 172 172 172 172 172 172 172 172 172 172 172 172 172 172 172 172 172 172 172 172 171 171 172 172 172 172 172 172 172 171 171 171 171 171 171 171 172 172 170 170 170 170 171 171 171 171 171 171 171 171 171 171 171 171 171 171 171 171 171 171 171 171 171 171 171 171 171 171 171 171 172 172 172 172 172 172 172 172 170 171 172 173 173 174 175 176 177 177 175 175 174 174 174 174 0 0 0 0 0 0 0 0
0 0 0 0 0 0 0 0 148 149 150 151 152 154 155 155 157 157 157 158 159 161 163 164 163 163 163 163 164 164 164 165 164 165 165 163 161 161 164 166 165 161 157 159 162 162 156 151 140 113 67 34 30 32 39 56 76 93 107 104 88 68 51 42 42 49 59 72 83 89 91 90 84 83 82 81 81 82 83 84 84 85 86 87 88 90 91 92 89 90 89 85 81 81 84 88 90 83 72 56 43 46 70 95 131 162 192 203 203 204 204 203 202 199 197 196 196 196 195 193 194 193 201 202 189 176 154 127 116 113 128 143 135 133 147 161 179 197 217 228 231 229 225 220 217 219 216 208 193 179 169 163 148 135 114 98 91 92 96 99 107 126 148 160 167 168 160 148 128 109 91 90 107 132 159 176 188 194 202 204 201 197 195 196 198 204 193 175 158 135 117 117 139 157 178 191 198 203 203 202 201 202 202 202 203 203 204 204 208 208 208 207 203 195 185 178 165 154 140 129 128 136 149 156 171 169 161 141 113 84 61 50 50 53 55 58 61 67 75 80 83 89 95 101 104 113 124 134 147 153 161 166 169 172 172 168 164 161 161 163 169 173 174 173 171 170 170 170 170 170 170 170 170 170 170 170 170 170 170 170 171 171 171 171 171 171 171 171 171 171 171 171 171 171 171 171 171 171 171 171 171 171 171 171 171 171 171 171 171 171 171 171 171 171 171 171 171 171 171 171 171 171 171 171 171 171 171 171 172 172 172 172 172 172 172 172 172 172 172 172 172 172 172 172 171 171 171 171 171 171 171 171 171 171 171 171 171 171 171 171 171 171 171 171 171 171 171 171 171 171 171 171 171 171 171 171 171 171 171 171 171 171 171 171 171 171 171 171 171 171 171 171 171 171 171 171 171 171 171 171 172 172 172 172 172 172 172 172 172 172 172 172 172 172 172 172 172 172 172 172 172 172 172 172 173 173 173 172 172 171 171 171 171 171 171 172 172 173 173 173 173 173 173 173 173 173 173 173 174 174 174 174 174 174 174 174 172 172 172 172 172 172 172 172 172 172 172 172 172 172 172 172 172 172 172 172 172 172 172 172 172 172 172 172 172 172 172 172 172 172 172 172 172 172 171 171 172 172 172 172 172 172 172 171 171 171 171 171 171 171 172 172 170 170 170 170 171 171 171 171 171 171 171 171 171 171 171 171 171 171 171 171 171 171 171 171 171 171 171 171 171 171 171 171 172 172 172 172 172 172 172 172 171 172 172 173 174 175 176 176 176 176 174 174 174 173 173 173 0 0 0 0 0 0 0 0
0 0 0 0 0 0 0 0 147 148 149 151 151 153 154 155 157 157 157 158 159 161 162 163 162 162 163 163 163 164 164 164 163 164 164 162 161 161 164 167 165 161 157 158 161 160 153 146 128 102 61 38 42 52 66 87 119 132 140 130 104 76 58 50 52 59 69 80 88 91 92 91 84 83 82 81 81 82 83 84 84 84 85 86 87 88 89 90 87 90 90 87 80 78 81 84 85 80 69 57 49 57 85 111 146 172 199 210 209 209 209 208 207 205 202 200 197 196 194 193 201 198 203 202 189 177 157 131 114 113 130 146 141 145 167 185 196 205 214 216 209 200 191 187 174 178 178 168 149 132 123 120 102 97 90 87 92 107 122 134 143 161 173 172 165 154 133 111 104 98 97 110 136 163 184 196 193 198 203 203 200 198 198 200 202 207 193 170 148 125 111 116 143 164 187 199 201 200 200 199 203 204 204 204 203 203 204 204 207 207 206 206 202 194 184 176 167 162 153 149 152 161 173 180 180 179 173 159 139 119 104 97 86 85 81 76 70 66 63 63 64 65 67 65 66 72 84 94 108 119 133 148 160 169 172 172 168 164 160 162 167 171 173 172 170 169 169 169 169 169 169 169 170 170 170 170 170 170 170 170 171 171 171 171 171 171 171 171 170 170 170 170 170 170 170 170 170 170 170 170 170 170 170 170 171 171 171 171 171 171 171 171 171 171 171 171 171 171 171 171 171 171 171 171 171 171 171 171 172 172 172 172 172 172 172 172 172 172 172 172 172 172 172 172 171 171 171 171 171 171 171 171 171 171 171 171 171 171 171 171 171 171 171 171 171 171 171 171 171 171 171 171 171 171 171 171 171 171 171 171 171 171 171 171 171 171 171 171 171 171 171 171 171 171 171 171 171 171 171 171 172 172 172 172 172 172 172 172 172 172 172 172 172 172 172 172 172 172 172 172 172 172 172 172 173 173 173 172 172 171 171 171 171 171 171 172 172 173 173 173 173 173 173 173 173 173 173 173 173 173 173 173 173 173 173 173 172 172 172 172 172 172 172 172 172 172 172 172 172 172 172 172 172 172 172 172 172 172 172 172 172 172 172 172 172 172 172 172 172 172 172 172 172 172 171 171 172 172 172 172 172 172 172 171 171 171 171 171 171 171 172 172 170 170 170 170 171 171 171 171 171 171 171 171 171 171 171 171 171 171 171 171 171 171 171 171 171 171 171 171 171 171 171 171 171 171 171 171 171 171 171 171 172 172 173 174 174 175 175 176 175 175 173 173 172 172 172 172 0 0 0 0 0 0 0 0
0 0 0 0 0 0 0 0 145 146 147 149 150 152 153 154 156 156 157 157 158 159 161 162 162 162 162 163 163 163 164 164 163 163 163 162 160 161 164 166 166 162 157 158 161 158 152 144 127 103 65 45 54 72 94 119 150 155 153 134 102 70 52 47 59 66 75 83 89 90 90 89 85 84 84 84 84 84 84 85 85 85 86 86 87 87 88 88 88 91 92 91 86 83 84 85 79 72 63 55 53 66 96 123 147 167 191 201 201 202 206 208 209 209 208 206 201 198 196 195 202 199 203 203 193 186 171 148 132 130 143 156 151 150 160 164 166 167 165 160 147 135 126 124 120 124 123 113 97 85 81 80 87 93 103 116 129 144 156 165 174 179 175 159 143 129 108 90 93 106 123 146 169 187 198 202 194 198 202 201 198 197 199 202 202 206 192 166 143 120 110 116 142 163 186 195 193 192 193 192 199 203 205 206 205 204 205 206 207 207 207 206 203 198 190 184 175 174 173 174 177 182 185 188 191 189 185 175 165 156 148 146 151 150 145 138 128 118 109 103 78 75 67 60 54 57 63 70 76 87 105 126 145 159 168 173 172 168 164 162 166 170 171 170 170 169 169 169 169 169 169 169 170 170 170 170 170 170 170 170 171 171 171 171 171 171 171 171 170 170 170 170 170 170 170 170 170 170 170 170 170 170 170 170 171 171 171 171 171 171 171 171 171 171 171 171 171 171 171 171 171 171 171 171 171 171 171 171 172 172 172 172 172 172 172 172 172 172 172 172 172 172 172 172 171 171 171 171 171 171 171 171 171 171 171 171 171 171 171 171 171 171 171 171 171 171 171 171 171 171 171 171 171 171 171 171 171 171 171 171 171 171 171 171 171 171 171 171 171 171 171 171 171 171 171 171 171 171 171 171 172 172 172 172 172 172 172 172 172 172 172 172 172 172 172 172 172 172 172 172 172 172 172 172 173 173 173 172 172 171 171 171 171 171 171 172 172 173 173 173 173 173 173 173 173 173 173 173 173 173 173 173 173 173 173 173 172 172 172 172 172 172 172 172 172 172 172 172 172 172 172 172 171 171 171 171 171 171 171 171 171 171 171 171 171 171 171 171 172 172 172 172 171 171 171 171 172 172 172 172 172 172 172 171 171 171 171 171 171 171 172 172 170 170 170 170 171 171 171 171 171 171 171 171 171 171 171 171 171 171 171 171 171 171 171 171 171 171 171 171 171 171 171 171 171 171 171 171 171 171 171 171 172 172 173 174 173 174 174 175 173 173 172 172 171 171 170 170 0 0 0 0 0 0 0 0
0 0 0 0 0 0 0 0 145 145 146 148 150 151 152 153 156 156 156 157 157 159 160 161 161 162 162 162 163 163 163 163 163 164 163 162 160 160 162 165 165 160 158 159 162 160 154 146 139 115 78 60 73 93 119 146 160 155 143 120 87 56 41 40 64 70 77 84 86 87 87 88 86 86 86 86 86 86 86 86 86 86 86 86 86 87 87 87 86 87 88 89 87 84 81 79 66 58 48 44 46 60 85 106 131 147 164 174 176 182 189 198 199 202 205 207 205 203 202 201 197 193 198 200 196 197 190 172 163 158 167 174 163 151 143 132 139 132 124 116 104 94 90 93 103 105 107 105 103 104 107 110 118 130 148 165 176 179 179 179 170 161 146 132 118 107 99 95 108 130 157 179 194 201 201 198 194 197 200 200 197 197 200 203 200 204 189 164 143 121 111 116 137 154 171 176 175 177 180 182 191 197 203 206 206 205 206 207 209 208 208 209 208 205 201 197 189 191 194 197 198 196 195 193 193 191 188 186 184 186 186 188 180 180 180 177 174 166 156 150 134 125 111 97 85 77 69 65 65 69 81 99 117 135 151 162 168 168 167 166 166 168 168 169 168 168 168 168 168 168 168 168 170 170 170 170 170 170 170 170 171 171 171 171 171 171 171 171 169 169 169 169 169 169 169 169 169 169 169 169 169 169 169 169 171 171 171 171 171 171 171 171 171 171 171 171 171 171 171 171 171 171 171 171 171 171 171 171 172 172 172 172 172 172 172 172 172 172 172 172 172 172 172 172 171 171 171 171 171 171 171 171 171 171 171 171 171 171 171 171 171 171 171 171 171 171 171 171 171 171 171 171 171 171 171 171 171 171 171 171 171 171 171 171 171 171 171 171 171 171 171 171 171 171 171 171 171 171 171 171 172 172 172 172 172 172 172 172 172 172 172 172 172 172 172 172 172 172 172 172 172 172 172 172 173 173 173 172 172 171 171 171 171 171 171 172 172 173 173 173 173 173 173 173 173 173 173 173 172 172 172 172 172 172 172 172 172 172 172 172 172 172 172 172 172 172 172 172 172 172 172 172 171 171 171 171 171 171 171 171 171 171 171 171 171 171 171 171 172 172 172 172 171 171 171 171 172 172 172 172 172 172 172 171 171 171 171 171 171 171 172 172 170 170 170 170 171 171 171 171 171 171 171 171 171 171 171 171 171 171 171 171 171 171 171 171 171 171 171 171 171 171 171 171 170 170 170 170 170 170 170 170 172 172 172 173 172 173 173 173 172 172 171 170 170 170 169 169 0 0 0 0 0 0 0 0
0 0 0 0 0 0 0 0 144 145 146 147 149 151 152 152 156 156 155 156 157 159 160 161 161 161 162 162 162 163 163 163 164 165 164 162 159 159 161 163 163 160 159 162 165 163 156 150 139 122 93 82 96 110 127 148 158 146 126 101 72 47 38 40 68 73 79 83 83 84 87 89 87 87 87 88 88 87 87 87 87 87 87 87 87 87 86 86 85 84 83 86 86 83 77 69 55 45 37 35 39 48 63 77 93 103 116 125 130 139 153 165 173 180 190 199 200 203 204 206 196 191 194 197 196 202 201 187 174 171 178 182 167 149 132 113 101 90 81 76 72 68 74 83 79 82 88 102 120 137 149 154 166 176 190 202 203 196 183 173 149 134 120 117 115 111 117 126 143 162 184 196 204 205 199 191 195 198 201 200 197 196 199 202 203 206 190 166 146 124 112 116 124 136 146 148 149 155 162 166 179 188 198 205 205 204 206 207 210 208 207 207 208 208 207 205 203 204 206 206 206 204 201 199 192 191 192 194 197 201 204 207 209 211 213 215 216 214 208 205 189 178 165 153 141 125 105 90 82 74 72 78 91 106 128 145 160 164 168 169 166 165 167 170 168 168 168 168 168 168 168 168 170 170 170 170 170 170 170 170 171 171 171 171 171 171 171 171 169 169 169 169 169 169 169 169 169 169 169 169 169 169 169 169 171 171 171 171 171 171 171 171 171 171 171 171 171 171 171 171 171 171 171 171 171 171 171 171 172 172 172 172 172 172 172 172 172 172 172 172 172 172 172 172 171 171 171 171 171 171 171 171 171 171 171 171 171 171 171 171 171 171 171 171 171 171 171 171 171 171 171 171 171 171 171 171 171 171 171 171 171 171 171 171 171 171 171 171 171 171 171 171 171 171 171 171 171 171 171 171 172 172 172 172 172 172 172 172 172 172 172 172 172 172 172 172 172 172 172 172 172 172 172 172 173 173 173 172 172 171 171 171 171 171 171 172 172 173 173 173 173 173 173 173 173 173 173 173 172 172 172 172 172 172 172 172 172 172 172 172 172 172 172 172 172 172 172 172 172 172 172 172 171 171 171 171 171 171 171 171 171 171 171 171 171 171 171 171 171 171 171 171 171 171 171 171 172 172 172 172 171 171 171 171 171 171 171 171 171 171 172 172 170 170 170 170 171 171 171 171 171 171 171 171 171 171 171 171 171 171 171 171 171 171 171 171 171 171 171 171 171 171 171 171 170 170 170 170 170 170 170 170 171 171 171 171 171 171 171 172 171 171 170 170 169 169 168 168 0 0 0 0 0 0 0 0
0 0 0 0 0 0 0 0 144 144 146 147 149 150 151 152 156 156 155 156 157 158 160 161 161 161 161 162 162 163 163 163 165 165 164 162 159 158 160 162 162 159 160 162 167 167 159 152 151 142 125 123 135 141 146 157 155 138 114 90 65 45 40 46 70 75 79 82 81 82 86 89 87 88 89 89 89 89 88 87 88 88 88 87 87 87 86 86 91 88 85 88 90 87 77 68 57 47 39 38 41 45 52 59 51 59 70 78 85 95 113 129 148 159 174 187 194 199 203 206 200 193 195 196 196 202 204 191 189 187 196 202 187 170 153 134 130 119 111 111 114 119 130 144 157 154 152 160 174 184 189 186 196 200 207 211 206 193 173 160 146 126 117 127 135 136 147 165 173 185 196 202 205 205 198 187 198 201 203 202 198 197 197 200 207 209 193 170 151 130 115 116 112 120 126 125 128 137 147 152 171 182 194 203 204 204 205 207 208 206 204 204 206 206 207 205 206 205 205 203 203 202 201 200 202 200 199 200 202 201 200 201 203 205 205 208 212 213 211 208 205 198 193 191 187 172 148 128 108 92 76 73 79 94 118 140 151 159 167 169 166 164 166 171 168 168 168 168 168 168 168 168 170 170 170 170 170 170 170 170 171 171 171 171 171 171 171 171 169 169 169 169 169 169 169 169 169 169 169 169 169 169 169 169 171 171 171 171 171 171 171 171 171 171 171 171 171 171 171 171 171 171 171 171 171 171 171 171 172 172 172 172 172 172 172 172 172 172 172 172 172 172 172 172 171 171 171 171 171 171 171 171 171 171 171 171 171 171 171 171 171 171 171 171 171 171 171 171 171 171 171 171 171 171 171 171 171 171 171 171 171 171 171 171 171 171 171 171 171 171 171 171 171 171 171 171 171 171 171 171 172 172 172 172 172 172 172 172 172 172 172 172 172 172 172 172 172 172 172 172 172 172 172 172 173 173 173 172 172 171 171 171 171 171 171 172 172 173 173 173 173 173 173 173 173 173 173 173 172 172 172 172 172 172 172 172 172 172 172 172 172 172 172 172 172 172 172 172 172 172 172 172 171 171 171 171 171 171 171 171 171 171 171 171 171 171 171 171 171 171 171 171 171 171 171 171 172 172 172 172 171 171 171 171 171 171 171 171 171 171 172 172 170 170 170 170 171 171 171 171 171 171 171 171 171 171 171 171 171 171 171 171 171 171 171 171 171 171 171 171 171 171 171 171 170 170 170 170 170 170 170 170 170 170 170 171 170 170 170 170 171 171 169 169 169 168 168 168 0 0 0 0 0 0 0 0
0 0 0 0 0 0 0 0 144 144 144 145 147 149 151 152 155 155 155 155 156 157 158 159 160 160 161 161 161 162 162 162 163 162 161 161 160 159 158 158 160 161 162 162 162 162 161 159 155 152 156 153 148 156 164 160 154 126 102 67 63 47 59 61 78 80 80 82 83 84 86 86 88 88 88 89 89 90 91 91 89 89 89 88 88 88 87 87 88 89 89 89 88 85 80 78 60 54 47 43 42 42 42 42 27 31 35 39 45 57 74 86 102 123 141 159 182 194 198 207 199 203 194 186 192 198 198 204 194 198 202 202 197 189 180 174 162 156 150 150 157 169 184 194 203 204 206 207 209 210 212 212 218 213 207 204 198 187 171 160 148 139 133 139 154 171 183 187 198 201 202 202 198 196 194 194 200 200 199 198 197 197 195 195 203 200 194 181 164 143 125 115 112 111 109 112 119 130 140 148 166 177 192 200 202 203 204 207 209 208 207 206 204 202 201 199 196 196 198 200 200 200 198 197 206 206 204 203 201 198 196 196 198 199 200 200 202 205 207 209 215 212 211 215 217 209 191 177 150 122 103 77 67 80 99 133 144 161 164 162 167 169 164 163 167 167 167 167 167 167 167 167 166 167 168 170 170 171 171 170 171 171 171 171 171 171 171 171 169 169 169 169 169 169 169 169 169 169 169 169 169 169 169 169 172 172 172 172 172 172 172 172 170 170 170 170 170 170 170 170 172 172 172 172 172 172 172 172 172 172 172 172 172 172 172 172 173 173 173 173 173 173 173 173 170 170 170 170 170 170 170 170 172 172 171 170 170 171 172 172 170 170 170 170 170 170 170 170 171 171 171 171 171 171 171 171 171 171 171 171 171 171 171 171 171 170 170 169 169 170 170 171 170 170 170 170 170 170 170 170 172 172 172 172 172 172 172 172 172 172 172 172 172 172 172 172 173 173 173 173 173 173 173 173 172 172 172 172 172 172 172 172 173 173 173 173 173 173 173 173 173 173 173 173 173 173 173 173 172 172 172 172 172 172 172 172 171 171 171 171 171 171 171 171 171 171 171 171 171 171 171 171 171 171 171 171 171 171 171 171 172 172 172 171 171 170 170 170 170 170 170 171 171 172 172 172 172 172 171 171 171 171 171 171 171 171 171 171 171 171 172 172 170 170 170 170 171 171 171 171 171 171 171 171 171 171 171 171 171 171 171 171 171 171 171 171 172 172 171 170 170 169 168 168 170 170 170 170 170 170 170 170 171 171 171 171 170 170 170 170 169 169 168 167 167 167 166 166 0 0 0 0 0 0 0 0
0 0 0 0 0 0 0 0 144 144 144 145 147 149 151 152 155 154 154 155 155 157 158 159 160 160 160 161 161 161 162 162 162 162 161 160 159 159 158 158 160 160 160 161 161 161 160 160 156 154 156 153 147 156 164 161 147 117 90 54 52 41 59 65 81 82 83 85 85 86 88 88 88 88 88 88 89 89 89 89 89 89 89 88 88 88 87 87 85 86 87 87 87 85 81 79 79 75 69 68 68 70 69 68 62 61 57 51 47 44 45 47 59 79 97 118 144 162 174 189 199 207 200 191 195 197 196 202 199 200 202 203 202 200 197 195 193 190 186 185 188 194 202 207 203 204 206 207 208 208 209 209 210 206 202 200 199 195 187 179 181 174 169 171 181 191 196 195 198 201 202 202 201 199 198 198 201 201 200 200 198 197 196 196 200 199 195 189 179 166 153 147 138 136 135 135 140 148 158 164 174 184 195 201 202 202 203 206 209 209 208 207 205 205 204 203 198 198 199 201 202 202 200 199 197 197 199 198 199 199 199 199 202 201 199 198 196 197 197 197 204 203 204 210 214 210 199 191 185 154 127 89 66 70 86 120 142 159 163 159 165 166 161 161 165 165 165 165 165 165 165 165 165 166 168 169 170 170 170 170 171 171 171 171 171 171 171 171 169 169 169 169 169 169 169 169 169 169 169 169 169 169 169 169 172 172 172 172 172 172 172 172 170 170 170 170 170 170 170 170 172 172 172 172 172 172 172 172 172 172 172 172 172 172 172 172 173 173 173 173 173 173 173 173 170 170 170 170 170 170 170 170 171 171 170 170 170 170 171 171 170 170 170 170 170 170 170 170 171 171 171 171 171 171 171 171 171 171 171 171 171 171 171 171 171 170 170 169 169 170 170 171 170 170 170 170 170 170 170 170 172 172 172 172 172 172 172 172 172 172 172 172 172 172 172 172 173 173 173 173 173 173 173 173 172 172 172 172 172 172 172 172 173 173 173 173 173 173 173 173 173 173 173 173 173 173 173 173 172 172 172 172 172 172 172 172 171 171 171 171 171 171 171 171 171 171 171 171 171 171 171 171 171 171 171 171 171 171 171 171 172 172 172 171 171 170 170 170 170 170 170 171 171 172 172 172 172 172 171 171 171 171 171 171 171 171 171 171 171 171 172 172 170 170 170 170 171 171 171 171 171 171 171 171 171 171 171 171 171 171 171 171 171 171 171 171 172 172 171 170 170 169 168 168 170 170 170 170 170 170 170 170 171 171 171 171 170 170 170 170 168 168 167 167 166 166 165 165 0 0 0 0 0 0 0 0
0 0 0 0 0 0 0 0 144 144 144 145 147 149 150 151 154 154 154 154 155 156 158 158 159 159 160 160 160 161 161 161 161 161 161 160 159 159 158 158 159 159 160 161 161 160 159 159 159 156 159 155 147 155 163 159 143 109 78 41 43 38 63 73 84 85 86 87 88 90 90 90 88 88 88 88 87 87 87 87 88 88 88 87 87 87 86 87 82 83 85 87 86 86 84 83 88 86 83 84 85 87 85 84 82 79 74 67 59 49 38 31 31 46 58 75 101 123 145 167 191 206 205 198 198 197 195 201 204 203 202 203 204 207 210 212 212 211 211 211 210 211 211 212 205 206 206 206 207 206 206 207 207 203 199 198 200 202 200 198 202 196 192 193 198 202 200 197 199 200 202 203 201 200 202 203 202 202 200 200 199 198 198 198 198 200 198 197 193 187 182 178 170 167 164 164 166 172 177 182 187 194 200 203 203 202 204 205 209 209 208 208 207 207 207 205 201 202 202 204 204 205 204 203 199 199 200 202 203 203 203 204 206 205 202 200 198 197 196 195 198 199 201 206 209 210 208 205 215 182 151 102 67 62 74 109 138 156 159 154 160 164 159 161 163 163 163 163 163 163 163 163 164 165 166 168 168 169 169 168 171 171 171 171 171 171 171 171 170 170 170 170 170 170 170 170 170 170 170 170 170 170 170 170 171 171 171 171 171 171 171 171 170 170 170 170 170 170 170 170 172 172 172 172 172 172 172 172 172 172 172 172 172 172 172 172 173 173 173 173 173 173 173 173 170 170 170 170 170 170 170 170 170 169 169 168 168 169 169 170 170 170 170 170 170 170 170 170 171 171 171 171 171 171 171 171 171 171 171 171 171 171 171 171 170 170 169 169 169 169 170 170 170 170 170 170 170 170 170 170 172 172 172 172 172 172 172 172 172 172 172 172 172 172 172 172 173 173 173 173 173 173 173 173 172 172 172 172 172 172 172 172 173 173 173 173 173 173 173 173 173 173 173 173 173 173 173 173 173 173 173 173 173 173 173 173 171 171 171 171 171 171 171 171 171 171 171 171 171 171 171 171 171 171 171 171 171 171 171 171 172 172 172 171 171 170 170 170 170 170 170 171 171 172 172 172 171 171 171 171 171 171 171 171 171 171 171 171 171 171 172 172 170 170 170 170 171 171 171 171 171 171 171 171 171 171 171 171 171 171 171 171 171 171 171 171 172 172 171 170 170 169 168 168 170 170 170 170 170 170 170 170 171 171 171 171 170 170 170 170 167 167 166 165 165 165 164 164 0 0 0 0 0 0 0 0
0 0 0 0 0 0 0 0 144 144 144 145 147 149 150 151 154 154 154 154 155 156 157 158 158 159 159 159 160 160 160 160 161 160 160 159 159 158 158 159 158 159 160 160 160 160 158 158 162 158 160 156 147 154 163 157 142 106 73 37 41 41 69 81 85 86 88 88 89 90 91 91 88 88 88 87 87 86 85 85 86 86 86 86 85 85 85 85 82 84 85 87 87 87 87 86 83 84 84 85 86 86 86 84 82 81 81 82 79 71 58 47 36 41 40 45 64 82 106 135 170 192 201 199 201 198 197 204 207 205 203 201 201 206 210 213 209 209 211 213 213 212 210 210 208 207 207 207 207 206 206 205 210 207 203 202 203 204 204 203 202 199 196 198 202 203 201 196 200 202 203 202 202 201 202 203 202 202 202 201 201 200 199 199 200 200 200 199 198 196 194 193 189 187 185 183 185 188 191 194 197 202 205 207 206 205 207 209 211 210 209 208 206 205 205 204 204 205 204 205 206 207 206 206 205 205 204 204 203 202 201 200 202 203 202 202 202 201 200 201 201 203 204 204 205 206 207 208 218 189 159 111 71 62 73 107 131 151 155 152 157 162 161 162 163 162 162 162 162 162 162 162 163 164 165 166 167 168 167 167 170 170 170 170 170 170 170 170 170 170 170 170 170 170 170 170 170 170 170 170 170 170 170 170 170 170 170 170 170 170 170 170 169 169 169 169 169 169 169 169 171 171 171 171 171 171 171 171 172 172 172 172 172 172 172 172 172 172 172 172 172 172 172 172 170 170 170 170 170 170 170 170 169 168 168 167 167 168 168 169 169 169 169 169 169 169 169 169 170 170 170 170 170 170 170 170 170 170 170 170 170 170 170 170 170 170 169 168 168 169 170 170 170 170 170 170 170 170 170 170 171 171 171 171 171 171 171 171 172 172 172 172 172 172 172 172 172 172 172 172 172 172 172 172 172 172 172 172 172 172 172 172 172 172 172 172 172 172 172 172 172 172 172 172 172 172 172 172 173 173 173 173 173 173 173 173 171 171 171 171 171 171 171 171 171 171 171 171 171 171 171 171 171 171 171 171 171 171 171 171 172 172 172 171 171 170 170 170 170 170 170 171 171 172 172 172 171 171 171 171 171 171 171 171 171 171 171 171 171 171 172 172 170 170 170 170 171 171 171 171 171 171 171 171 171 171 171 171 171 171 171 171 171 171 171 171 172 172 171 170 170 169 168 168 170 170 170 170 170 170 170 170 171 171 171 171 170 170 170 170 166 166 165 164 164 163 163 163 0 0 0 0 0 0 0 0
0 0 0 0 0 0 0 0 144 144 144 145 146 148 150 151 154 153 153 154 154 156 157 158 158 158 158 158 159 159 159 160 160 159 159 159 159 158 158 159 158 159 160 160 160 160 158 158 162 159 161 156 149 153 160 153 138 102 69 36 43 45 73 85 85 86 87 88 88 89 90 90 88 88 88 87 87 86 85 85 85 85 85 84 84 83 83 84 85 86 86 88 89 90 89 89 85 86 88 88 88 87 86 85 87 86 87 93 95 89 76 65 51 48 33 25 31 41 61 93 138 168 187 196 202 201 199 206 204 203 202 202 202 204 207 208 209 210 211 212 212 212 211 211 212 212 211 210 209 208 208 207 211 210 208 207 207 206 205 203 205 202 200 201 204 206 205 202 203 203 203 203 200 200 201 202 203 203 203 202 201 202 201 201 202 201 201 199 198 197 198 197 196 195 195 194 195 196 199 200 204 205 207 208 208 209 210 212 211 210 208 206 205 203 202 200 201 201 202 202 203 204 204 205 205 203 203 202 200 198 196 195 197 198 199 200 200 201 201 201 202 204 205 203 201 200 202 205 214 189 163 117 76 65 73 107 126 148 154 152 158 162 162 166 163 162 162 162 162 162 162 162 163 164 165 166 167 167 167 167 170 170 170 170 170 170 170 170 170 170 170 170 170 170 170 170 170 170 170 170 170 170 170 170 170 170 170 170 170 170 170 170 169 169 169 169 169 169 169 169 171 171 171 171 171 171 171 171 172 172 172 172 172 172 172 172 172 172 172 172 172 172 172 172 170 170 170 170 170 170 170 170 168 168 167 167 167 167 168 168 169 169 169 169 169 169 169 169 170 170 170 170 170 170 170 170 170 170 170 170 170 170 170 170 170 169 168 168 168 168 169 170 170 170 170 170 170 170 170 170 171 171 171 171 171 171 171 171 172 172 172 172 172 172 172 172 172 172 172 172 172 172 172 172 172 171 171 171 171 171 171 171 171 171 171 171 171 171 171 171 171 171 171 171 171 171 171 171 172 172 172 172 172 172 172 172 171 171 171 171 171 171 171 171 171 171 171 171 171 171 171 171 171 171 171 171 171 171 171 171 172 172 172 171 171 170 170 170 170 170 170 171 171 172 171 171 171 171 171 171 171 171 171 171 171 171 171 171 171 171 172 172 170 170 170 170 171 171 171 171 171 171 171 171 171 171 171 171 171 171 171 171 171 171 171 171 172 172 171 170 170 169 168 168 170 170 170 170 170 170 170 170 171 171 171 171 170 170 170 170 166 166 164 164 163 163 163 163 0 0 0 0 0 0 0 0
0 0 0 0 0 0 0 0 144 144 144 145 146 148 150 151 153 153 153 153 154 155 157 157 157 157 157 158 158 158 159 159 159 159 159 158 158 158 158 159 159 159 160 161 161 160 159 159 161 159 162 157 149 153 156 149 130 94 62 31 43 46 74 86 85 86 87 87 88 89 90 90 88 88 88 88 87 87 87 87 86 86 85 85 85 84 84 85 89 89 89 88 89 90 89 89 86 88 90 90 88 87 86 86 86 85 86 93 97 98 90 83 69 61 42 28 22 19 32 62 109 144 171 189 202 204 201 205 199 200 202 203 206 207 209 209 213 212 213 212 212 211 212 211 214 214 213 212 212 211 209 209 208 209 210 211 211 210 208 207 211 209 206 206 207 208 207 205 203 203 203 201 200 199 200 202 203 203 203 204 203 202 202 202 202 202 201 200 200 200 200 201 198 198 199 200 201 202 202 203 205 205 206 207 208 208 209 209 208 208 207 205 203 201 200 199 198 198 198 198 199 200 201 201 202 202 203 203 202 202 200 199 200 201 202 203 202 202 201 201 198 200 200 201 199 201 201 204 216 190 166 120 79 67 73 105 126 150 157 155 160 164 163 166 164 163 163 163 163 163 163 163 163 164 165 166 167 167 167 167 169 169 169 169 169 169 169 169 169 169 169 169 169 169 169 169 169 169 169 169 169 169 169 169 169 169 169 169 169 169 169 169 168 168 168 168 168 168 168 168 170 170 170 170 170 170 170 170 172 172 172 172 172 172 172 172 171 171 171 171 171 171 171 171 170 170 170 170 170 170 170 170 169 168 168 167 167 168 168 169 168 168 168 168 168 168 168 168 169 169 169 169 169 169 169 169 169 169 169 169 169 169 169 169 169 169 168 168 168 168 169 169 170 170 170 170 170 170 170 170 170 170 170 170 170 170 170 170 172 172 172 172 172 172 172 172 171 171 171 171 171 171 171 171 171 171 171 171 171 171 171 171 170 170 170 170 170 170 170 170 170 170 170 170 170 170 170 170 171 171 171 171 171 171 171 171 171 171 171 171 171 171 171 171 171 171 171 171 171 171 171 171 171 171 171 171 171 171 171 171 172 172 172 171 171 170 170 170 170 170 170 171 171 172 171 171 171 171 171 171 171 171 171 171 171 171 171 171 171 171 172 172 170 170 170 170 171 171 171 171 171 171 171 171 171 171 171 171 171 171 171 171 171 171 171 171 172 172 171 170 170 169 168 168 170 170 170 170 170 170 170 170 171 171 171 171 170 170 170 170 166 166 165 164 164 163 163 163 0 0 0 0 0 0 0 0
0 0 0 0 0 0 0 0 144 144 144 145 146 148 150 151 153 153 153 153 154 155 156 157 156 156 157 157 157 158 158 158 158 158 158 158 158 158 158 159 159 160 161 162 161 161 160 160 159 158 162 159 150 151 153 144 122 86 55 26 41 47 77 90 86 87 88 88 89 89 90 90 88 88 88 88 89 89 89 89 89 89 88 88 88 87 87 88 91 90 90 88 87 87 86 86 83 86 85 85 83 83 85 88 81 79 80 84 89 95 94 94 88 82 66 52 38 23 25 49 90 127 159 182 202 204 199 200 198 200 201 204 205 206 208 209 211 212 213 213 213 213 212 212 214 214 213 214 212 212 211 210 207 209 210 211 211 210 211 211 210 210 209 209 207 206 203 200 200 201 201 199 198 199 202 204 204 204 204 204 203 204 204 204 204 205 204 203 202 201 201 200 200 201 202 203 204 203 202 202 204 204 204 204 205 204 203 202 205 205 205 203 203 203 203 203 200 200 199 199 200 201 203 204 204 204 205 206 205 206 204 205 203 203 203 205 203 202 202 201 197 198 200 203 204 206 204 204 213 186 160 116 78 69 75 106 130 155 163 160 163 164 161 164 163 162 162 162 162 162 162 162 164 164 166 167 168 168 168 168 169 169 169 169 169 169 169 169 168 168 168 168 168 168 168 168 168 168 168 168 168 168 168 168 168 168 168 168 168 168 168 168 168 168 168 168 168 168 168 168 170 170 170 170 170 170 170 170 172 172 172 172 172 172 172 172 171 171 171 171 171 171 171 171 170 170 170 170 170 170 170 170 169 169 168 168 168 168 169 169 168 168 168 168 168 168 168 168 169 169 169 169 169 169 169 169 169 169 169 169 169 169 169 169 169 168 168 167 167 168 168 169 170 170 170 170 170 170 170 170 170 170 170 170 170 170 170 170 172 172 172 172 172 172 172 172 171 171 171 171 171 171 171 171 171 171 171 171 171 171 171 171 170 170 170 170 170 170 170 170 170 170 170 170 170 170 170 170 170 170 170 170 170 170 170 170 171 171 171 171 171 171 171 171 171 171 171 171 171 171 171 171 171 171 171 171 171 171 171 171 172 172 172 171 171 170 170 170 170 170 170 171 171 172 171 171 171 171 171 171 171 171 171 171 171 171 171 171 171 171 172 172 170 170 170 170 171 171 171 171 171 171 171 171 171 171 171 171 171 171 171 171 171 171 171 171 172 172 171 170 170 169 168 168 170 170 170 170 170 170 170 170 171 171 171 171 170 170 170 170 167 166 165 165 164 164 164 164 0 0 0 0 0 0 0 0
0 0 0 0 0 0 0 0 144 144 144 144 146 148 150 151 153 153 152 153 154 155 156 157 155 155 155 157 156 157 158 158 158 158 158 158 158 158 158 159 160 161 162 163 162 162 161 160 158 158 163 161 150 151 150 139 119 81 51 23 40 50 81 96 88 89 89 89 89 90 90 90 89 88 88 89 89 90 91 91 90 91 91 91 90 90 89 89 91 91 88 88 86 85 84 84 81 82 83 83 82 82 86 89 84 81 78 78 81 84 87 88 101 99 86 72 57 33 26 46 81 119 153 180 201 203 195 195 200 201 201 202 202 203 205 206 207 209 211 214 215 216 216 215 213 212 212 212 211 211 211 211 211 211 211 210 209 210 212 214 207 208 210 211 210 207 202 199 198 198 198 198 198 199 202 205 203 203 203 203 203 204 203 204 206 206 205 203 201 199 197 197 200 201 202 203 203 201 199 198 202 201 200 201 199 199 197 194 200 201 201 202 203 205 206 207 204 203 202 202 204 205 207 208 201 201 202 202 201 201 199 199 195 196 198 198 200 199 199 197 199 200 202 206 210 211 207 205 205 176 150 107 75 70 81 112 135 159 169 164 165 163 158 160 162 161 161 161 161 161 161 161 164 165 166 167 168 169 169 168 169 169 169 169 169 169 169 169 167 167 167 167 167 167 167 167 167 167 167 167 167 167 167 167 168 168 168 168 168 168 168 168 168 168 168 168 168 168 168 168 170 170 170 170 170 170 170 170 172 172 172 172 172 172 172 172 171 171 171 171 171 171 171 171 170 170 170 170 170 170 170 170 170 169 169 168 168 169 169 170 168 168 168 168 168 168 168 168 169 169 169 169 169 169 169 169 169 169 169 169 169 169 169 169 169 168 168 167 167 168 168 169 170 170 170 170 170 170 170 170 170 170 170 170 170 170 170 170 172 172 172 172 172 172 172 172 171 171 171 171 171 171 171 171 172 171 171 171 171 171 171 171 170 170 170 170 170 170 170 170 170 170 170 170 170 170 170 170 169 169 169 169 169 169 169 169 171 171 171 171 171 171 171 171 171 171 171 171 171 171 171 171 171 171 171 171 171 171 171 171 172 172 172 171 171 170 170 170 170 170 169 171 170 171 171 171 171 171 171 171 171 171 171 171 171 171 170 171 171 171 171 172 170 170 170 171 171 171 171 171 171 171 171 171 171 171 171 171 171 171 171 171 171 171 171 171 172 172 171 170 170 169 168 168 170 170 170 170 170 170 170 170 171 171 170 170 170 170 170 170 167 167 166 165 165 165 164 164 0 0 0 0 0 0 0 0
0 0 0 0 0 0 0 0 143 143 144 145 147 148 149 149 151 151 151 152 152 153 153 153 154 154 155 155 155 156 156 156 156 156 158 158 158 159 160 159 160 159 159 159 159 159 158 159 160 159 163 160 150 149 148 137 115 76 46 20 38 51 85 99 91 90 89 88 88 87 87 89 90 90 90 89 89 88 88 88 87 88 89 89 90 90 89 89 93 91 86 86 87 88 87 85 82 82 81 81 81 81 83 82 77 81 86 87 83 81 82 86 88 96 91 78 62 41 35 49 80 120 157 182 201 202 197 200 198 198 200 203 207 207 207 205 207 208 208 210 210 211 210 211 212 212 212 211 211 209 209 209 210 210 210 210 210 210 209 209 208 209 207 207 204 203 201 200 195 204 201 196 199 199 199 208 203 200 198 201 202 203 203 205 204 203 203 203 202 202 201 201 201 202 203 201 200 198 199 200 202 206 205 202 194 190 191 193 200 200 199 199 201 202 203 204 204 200 195 193 193 192 188 185 181 180 176 173 172 171 170 171 171 170 168 167 167 168 169 169 168 177 185 192 199 200 193 184 178 160 132 103 81 78 94 113 141 155 164 163 161 163 163 160 160 161 162 162 162 163 163 163 163 164 165 166 167 168 167 167 169 169 169 169 169 169 169 169 167 167 167 167 167 167 167 167 167 167 167 167 167 167 167 167 167 167 167 167 167 167 167 167 165 165 166 167 167 168 169 169 168 168 168 169 169 170 170 170 170 170 170 170 170 170 170 170 170 170 170 170 170 170 170 170 169 169 169 169 169 169 169 169 170 170 170 169 169 168 168 168 168 168 168 168 168 168 168 168 168 168 168 168 168 168 168 168 169 169 169 169 169 169 169 169 168 168 168 169 169 170 170 170 170 170 170 170 170 170 170 170 169 169 169 169 169 169 169 169 172 172 172 172 172 172 172 172 171 171 171 171 171 171 171 171 169 169 169 169 169 169 168 168 170 170 170 170 170 170 170 170 169 169 169 169 169 169 169 169 170 170 170 170 170 170 170 170 170 170 170 170 170 170 170 170 170 170 170 170 170 170 170 170 169 169 169 169 169 169 169 169 169 169 169 169 169 169 169 169 170 170 170 170 170 170 170 170 171 171 171 172 172 173 173 173 170 170 169 170 170 170 171 172 170 171 171 172 172 172 172 172 174 174 174 174 174 174 174 174 173 173 173 173 173 173 173 173 173 173 172 171 171 170 169 169 170 170 170 170 170 170 170 169 169 170 169 170 170 169 169 168 168 168 168 167 167 166 166 166 0 0 0 0 0 0 0 0
0 0 0 0 0 0 0 0 142 143 143 145 146 147 148 148 151 151 151 152 152 152 153 153 153 152 154 154 155 155 155 155 156 156 157 158 158 158 160 159 159 159 159 159 159 159 158 159 160 158 162 159 149 150 148 137 112 74 45 19 37 50 83 98 89 90 89 88 87 86 85 86 86 88 87 89 89 89 88 89 86 86 87 89 90 91 91 92 92 91 89 87 84 83 81 80 84 84 82 82 82 83 84 83 81 83 85 86 84 83 84 86 86 91 81 67 55 42 45 65 94 131 163 186 203 203 197 201 199 199 200 204 206 208 206 204 207 207 207 208 208 209 210 210 211 210 211 210 210 209 209 209 210 210 210 210 210 210 209 209 209 207 206 203 201 199 198 197 198 206 202 195 196 194 194 203 201 199 199 201 202 203 204 204 203 202 202 202 201 201 200 200 195 196 197 197 197 197 197 198 200 202 204 203 200 199 199 199 189 189 190 188 188 186 185 183 184 177 169 162 159 158 155 153 150 149 146 144 143 141 141 143 141 141 139 137 135 136 136 135 140 148 158 165 172 176 174 169 154 138 115 94 82 85 103 123 146 157 166 164 161 162 161 160 162 162 162 163 163 163 164 164 163 164 165 166 167 168 167 167 169 169 169 169 169 169 169 169 167 167 167 167 167 167 167 167 167 167 167 167 167 167 167 167 167 167 167 167 167 167 167 167 165 165 166 166 167 168 169 169 167 167 168 168 168 169 169 169 170 170 170 170 170 170 170 170 170 170 170 170 170 170 170 170 169 169 169 169 169 169 169 169 169 169 169 168 168 168 167 167 168 168 168 168 168 168 168 168 168 168 168 168 168 168 168 168 169 169 169 169 169 169 169 169 167 167 168 168 168 169 169 169 169 169 169 169 169 169 169 169 169 169 169 169 169 169 169 169 171 171 171 171 171 171 171 171 171 171 171 171 171 171 171 171 169 169 169 169 169 169 168 168 170 170 170 170 170 170 170 170 169 169 169 169 169 169 169 169 170 170 170 170 170 170 170 170 169 169 169 169 169 169 169 169 169 169 169 169 169 169 169 169 169 169 169 169 169 169 169 169 169 169 169 169 169 169 169 169 170 170 170 170 170 170 170 170 170 170 170 170 171 171 172 172 169 169 169 169 170 170 171 171 170 170 171 171 172 172 172 172 173 173 173 173 173 173 173 173 172 172 172 172 172 172 172 172 172 172 171 171 170 169 168 168 170 170 170 170 170 170 170 169 168 168 168 169 169 168 168 167 168 168 167 167 167 166 166 166 0 0 0 0 0 0 0 0
0 0 0 0 0 0 0 0 142 142 143 144 145 147 147 148 151 151 151 151 152 152 152 153 152 151 152 152 153 154 154 154 156 156 157 157 157 158 158 158 158 158 158 158 158 158 158 158 159 157 161 158 149 151 149 138 109 73 44 19 37 49 81 95 88 89 89 89 87 87 86 86 86 87 88 88 88 88 88 88 88 88 89 90 92 94 95 96 91 92 92 90 87 84 83 83 84 84 82 82 82 82 83 84 85 84 81 82 83 84 84 83 78 77 64 51 44 41 51 76 118 150 176 193 206 205 199 201 200 201 201 204 206 208 206 204 206 206 207 208 208 209 209 209 210 210 210 210 210 210 208 209 210 210 210 210 210 210 209 209 209 206 204 200 199 197 197 197 201 207 200 191 190 185 184 196 196 197 199 199 200 201 203 203 203 204 203 202 201 200 199 198 195 196 197 198 199 199 199 199 200 201 200 201 201 199 194 191 186 184 181 177 172 166 161 160 156 148 138 130 124 122 121 120 112 111 110 109 107 108 108 109 107 107 104 103 100 99 98 97 103 108 114 117 121 126 125 123 117 107 93 87 88 100 121 140 153 161 165 164 160 160 160 159 162 162 162 163 163 163 164 164 163 164 165 166 167 168 167 167 169 169 169 169 169 169 169 169 166 166 166 166 166 166 166 166 166 166 166 166 166 166 166 166 166 166 166 166 166 166 166 166 165 165 165 166 167 168 168 169 167 167 167 168 168 168 169 169 171 171 171 171 171 171 171 171 171 171 171 171 171 171 171 171 170 170 170 170 170 170 170 170 169 169 168 168 168 167 167 167 169 169 169 169 169 169 169 169 169 169 169 169 169 169 169 169 168 168 168 168 168 168 168 168 167 167 167 168 168 168 169 169 169 169 169 169 169 169 169 169 170 170 170 170 170 170 170 170 170 170 170 170 170 170 170 170 170 170 170 170 170 170 170 170 170 170 170 170 170 170 169 169 169 169 169 169 169 169 169 169 169 169 169 169 169 169 169 169 169 169 169 169 169 169 169 169 169 169 169 169 169 169 169 169 169 169 169 169 169 169 169 169 170 170 170 170 170 170 170 170 170 170 170 170 170 170 170 170 170 170 170 170 170 170 170 170 168 168 169 169 170 170 170 170 169 169 169 169 170 170 171 171 170 170 171 171 171 171 172 172 171 171 171 171 171 171 171 171 172 172 172 172 172 172 172 172 172 172 171 170 169 169 168 168 171 171 171 171 171 171 171 170 168 168 168 169 169 168 168 167 168 167 167 167 166 166 166 166 0 0 0 0 0 0 0 0
0 0 0 0 0 0 0 0 143 143 144 145 146 147 148 149 150 150 151 151 151 152 152 151 150 150 150 151 152 153 153 154 155 156 156 156 157 157 157 158 158 157 157 157 157 157 157 157 159 156 158 156 149 151 151 140 110 73 45 19 37 49 80 93 88 89 90 90 90 88 86 86 89 90 89 88 87 87 86 86 88 88 87 87 88 90 90 91 86 89 91 92 89 87 86 88 83 83 82 82 81 82 82 83 84 80 75 78 82 85 83 80 72 69 54 43 43 47 63 90 145 172 190 198 207 206 200 203 204 203 202 205 206 207 206 205 206 206 207 208 208 209 209 209 209 209 209 209 209 209 209 209 210 210 210 210 210 210 209 209 207 205 202 200 198 199 200 200 203 205 195 184 177 168 167 181 189 193 196 195 196 198 200 200 203 203 202 201 201 199 199 198 197 196 197 198 201 201 199 198 199 195 191 192 192 189 182 175 166 163 156 148 141 134 129 127 127 124 118 112 108 108 108 109 110 110 110 111 110 110 111 112 113 113 111 108 105 104 101 100 103 106 106 103 101 103 101 98 79 74 71 82 100 119 139 154 159 163 166 164 160 159 159 159 160 161 161 161 162 162 162 163 163 164 165 166 167 168 167 167 168 168 168 168 168 168 168 168 165 165 165 165 165 165 165 165 165 165 165 165 165 165 165 165 165 165 165 165 165 165 165 165 164 164 165 166 167 167 168 168 168 168 168 168 169 169 170 170 171 171 171 171 171 171 171 171 171 171 171 171 171 171 171 171 170 170 170 170 170 170 170 170 170 170 169 169 168 168 168 168 169 169 169 169 169 169 169 169 169 169 169 169 169 169 169 169 167 167 167 167 167 167 167 167 168 168 168 168 169 169 170 170 170 170 170 170 170 170 170 170 170 170 170 170 170 170 170 170 171 171 171 171 171 171 171 171 169 169 169 169 169 169 169 169 170 170 170 170 170 170 169 169 168 168 168 168 168 168 168 168 168 168 168 168 168 168 168 168 168 168 168 168 168 168 168 168 170 170 170 170 170 170 170 170 170 170 170 170 170 170 170 170 170 170 170 170 170 170 170 170 170 170 170 170 170 170 170 170 169 169 169 169 169 169 169 169 168 169 169 169 170 170 170 171 170 169 169 170 170 170 171 171 170 170 171 171 171 171 172 172 172 172 172 172 172 172 172 172 173 173 173 173 173 173 173 173 173 172 172 171 170 169 169 169 171 171 171 171 171 171 171 170 169 168 169 169 169 169 168 168 167 167 167 166 166 166 165 165 0 0 0 0 0 0 0 0
0 0 0 0 0 0 0 0 144 144 145 146 147 148 149 150 150 150 149 150 150 150 151 151 151 151 151 151 152 152 153 153 154 155 155 155 156 157 157 157 158 158 158 158 158 157 157 157 158 154 156 154 149 152 153 140 112 76 46 19 37 48 80 92 90 90 90 90 90 89 88 88 89 90 89 89 89 88 87 87 87 85 83 80 78 78 77 78 78 80 83 85 85 85 84 85 82 82 80 80 79 80 80 81 83 79 75 79 85 86 83 78 71 64 45 37 48 66 93 125 169 190 199 201 207 206 201 205 205 205 204 205 206 207 206 205 206 206 206 208 207 208 209 209 209 209 209 209 209 209 209 209 210 210 210 210 210 210 209 209 207 205 202 201 201 201 204 204 203 202 188 173 160 146 144 160 183 192 196 194 195 199 199 198 201 202 201 201 200 200 199 199 196 195 196 198 202 203 200 198 191 184 177 174 171 167 159 151 142 137 130 124 119 117 118 120 116 116 118 120 121 121 122 123 127 126 127 128 129 130 130 130 135 136 134 131 129 127 125 123 106 103 97 88 82 77 66 58 49 48 54 79 108 133 150 158 163 164 164 165 162 159 158 160 159 159 160 160 160 161 161 161 163 164 165 166 167 168 167 167 168 168 168 168 168 168 168 168 165 165 165 165 165 165 165 165 164 164 164 164 164 164 164 164 164 164 164 164 164 164 164 164 163 163 164 164 165 166 167 167 168 168 168 168 169 169 170 170 169 169 169 169 169 169 169 169 169 169 169 169 169 169 169 169 169 169 169 169 169 169 169 169 170 170 169 169 168 168 168 168 167 167 167 167 167 167 167 167 167 167 167 167 167 167 167 168 167 167 167 167 167 167 167 167 169 169 169 169 170 170 171 171 171 171 171 171 171 171 171 171 170 170 170 170 170 170 170 170 171 171 171 171 171 171 171 171 169 169 169 169 169 169 169 169 170 170 170 170 169 169 169 169 168 168 168 168 168 168 168 168 169 169 169 169 169 169 169 169 169 169 169 169 169 169 169 169 171 171 171 171 171 171 171 171 171 171 171 171 171 171 171 171 170 170 170 170 170 170 170 170 170 170 170 170 170 170 170 170 169 169 169 169 169 169 169 169 169 170 170 170 171 171 171 172 170 170 170 170 170 171 171 171 170 170 170 170 171 171 171 172 171 171 171 171 171 171 171 171 173 173 173 173 173 173 173 173 173 172 172 171 170 169 169 169 170 170 170 170 170 170 170 170 170 169 170 170 170 170 169 169 167 167 166 166 166 165 165 165 0 0 0 0 0 0 0 0
0 0 0 0 0 0 0 0 143 143 144 145 147 148 149 149 149 150 149 149 150 150 150 150 151 151 150 152 151 153 153 154 154 154 154 156 155 156 156 157 157 157 157 157 157 157 156 156 158 152 153 153 149 154 154 142 117 78 48 19 35 47 78 91 91 91 89 88 87 88 88 89 87 87 87 88 88 88 87 87 85 83 79 75 71 68 68 67 72 71 73 77 82 84 84 83 81 81 80 79 78 79 78 79 82 80 81 84 89 87 81 74 62 54 36 34 55 87 123 160 186 201 203 201 205 205 201 206 209 207 205 206 206 207 206 205 206 206 206 207 207 208 209 208 207 207 209 209 209 209 210 210 209 210 210 210 210 210 209 209 207 206 204 203 203 204 205 205 203 198 180 161 143 124 121 139 179 191 197 194 194 198 200 196 198 199 199 200 200 201 200 201 200 197 196 199 201 201 197 192 178 166 152 141 133 125 116 109 110 109 107 106 110 117 123 128 133 139 147 154 157 158 159 160 161 162 163 165 165 166 166 165 171 171 171 171 169 167 165 164 162 154 139 123 108 91 68 49 36 34 44 75 112 140 153 157 162 161 161 165 163 160 158 160 159 159 160 160 161 161 161 161 163 164 165 166 167 168 167 167 167 167 167 167 167 167 167 167 164 164 164 164 164 164 164 164 163 163 163 163 163 163 163 163 163 163 163 163 163 163 163 163 162 163 163 164 165 166 166 166 167 167 168 168 168 169 169 169 167 167 167 167 167 167 167 167 167 167 167 167 167 167 167 167 168 168 168 168 168 168 168 168 169 169 169 168 168 168 167 167 165 165 165 165 165 165 165 165 165 165 165 165 165 165 165 165 165 166 166 166 166 166 166 166 168 168 169 169 169 170 170 170 170 170 170 170 170 170 170 170 169 169 169 169 169 169 169 169 171 171 171 171 171 171 171 171 168 168 168 168 168 168 168 168 169 169 169 169 168 168 168 168 167 167 167 167 167 167 167 167 168 168 168 168 168 168 168 168 168 168 168 168 168 168 168 168 170 170 170 170 170 170 170 170 170 170 170 170 170 170 170 170 169 169 169 169 169 169 169 169 169 169 169 169 169 169 169 168 168 168 168 168 168 168 168 168 170 170 170 170 171 171 172 172 170 170 170 170 171 171 171 171 170 170 170 170 171 171 171 171 172 172 172 172 172 172 172 172 172 172 172 172 172 172 172 172 172 172 171 171 170 169 168 168 169 169 169 169 169 169 169 169 168 169 169 170 170 169 169 168 166 166 166 166 165 165 165 164 0 0 0 0 0 0 0 0
0 0 0 0 0 0 0 0 141 141 142 143 144 146 147 147 148 148 149 149 149 150 150 150 152 152 152 152 153 154 153 155 152 153 154 154 154 156 156 156 156 157 157 157 157 156 156 156 158 152 152 153 150 155 155 143 121 80 47 16 31 42 75 90 91 89 86 84 83 85 86 89 90 89 88 86 83 81 80 79 73 71 65 60 56 53 52 51 54 51 52 60 73 82 84 83 83 82 80 79 79 79 79 79 79 81 84 88 88 82 71 63 48 47 41 51 82 113 144 176 196 207 204 198 203 203 202 208 211 209 206 206 207 208 206 206 205 205 206 207 207 208 208 208 207 207 208 208 208 209 209 209 209 209 210 210 210 210 209 209 209 207 207 206 204 203 202 201 202 195 174 152 131 107 104 123 171 186 194 191 189 194 195 191 195 197 198 200 200 202 202 203 200 195 190 188 186 180 171 163 146 136 121 108 101 97 95 92 93 96 100 108 117 127 136 142 163 170 180 186 189 189 190 191 199 200 202 203 204 204 203 204 206 207 209 209 210 208 207 205 189 179 162 147 133 112 80 53 43 37 43 74 115 143 155 158 159 157 158 165 165 161 158 160 161 161 162 162 162 163 163 163 163 164 165 166 167 168 167 167 167 167 167 167 167 167 167 167 163 163 163 163 163 163 163 163 162 162 162 162 162 162 162 162 162 162 162 162 162 162 162 162 162 162 163 164 165 165 166 166 165 165 165 166 166 166 167 167 166 166 166 166 166 166 166 166 166 166 166 166 166 166 166 166 167 167 167 167 167 167 167 167 167 167 166 166 166 165 165 165 164 164 164 164 164 164 164 164 164 164 164 164 164 164 164 164 164 164 164 164 164 164 164 164 165 165 165 166 166 166 167 167 167 167 167 167 167 167 167 167 167 167 167 167 167 167 167 167 168 168 168 168 168 168 168 168 167 167 167 167 167 167 167 167 167 167 167 167 167 167 167 167 166 166 166 166 165 165 165 166 168 168 168 168 168 168 168 168 167 167 167 167 167 167 167 167 168 167 167 167 167 167 167 167 167 167 167 167 167 167 167 167 167 167 167 167 167 167 167 167 167 167 167 167 167 167 167 167 168 168 168 168 168 168 168 168 168 168 169 169 170 170 170 170 171 171 171 171 171 171 171 171 169 169 170 170 170 170 170 170 169 170 169 170 169 170 169 170 169 170 169 170 169 170 169 170 170 170 169 168 167 167 166 166 168 168 168 168 168 168 168 168 166 167 167 168 168 167 167 166 166 166 166 165 165 165 164 164 0 0 0 0 0 0 0 0
0 0 0 0 0 0 0 0 139 139 140 141 142 144 144 145 148 148 148 149 149 150 150 149 152 152 152 153 153 154 154 155 153 153 153 155 154 155 155 156 157 157 157 157 157 157 156 157 157 151 151 152 150 156 157 143 122 81 46 14 29 40 74 88 90 88 84 81 80 82 86 88 95 93 90 85 79 75 70 68 52 49 44 38 35 32 31 31 28 24 25 39 58 73 78 77 83 83 81 80 80 80 79 80 76 79 84 88 84 74 61 52 41 51 60 82 115 139 158 181 200 209 205 197 200 203 203 210 212 210 207 206 207 208 206 206 205 205 206 207 207 208 208 208 207 207 207 208 208 209 209 209 209 209 209 210 210 210 209 209 210 209 208 206 203 200 197 195 202 193 171 147 123 97 93 113 164 180 189 185 183 188 189 185 194 194 196 198 199 201 202 203 192 185 176 168 161 150 135 124 112 104 96 91 94 101 109 115 123 129 138 149 161 172 179 183 180 186 194 199 199 200 199 201 196 198 199 201 201 201 199 200 199 201 202 204 205 205 203 202 197 189 179 174 170 156 123 96 53 44 46 75 117 147 159 163 157 154 156 165 166 161 158 160 163 163 164 164 164 165 165 165 163 164 165 166 167 168 167 167 167 167 167 167 167 167 167 167 163 163 163 163 163 163 163 163 162 162 162 162 162 162 162 162 162 162 162 162 162 162 162 162 162 162 163 164 164 165 166 166 163 163 163 164 164 164 165 165 165 165 165 165 165 165 165 165 165 165 165 165 165 165 165 165 166 166 166 166 166 166 166 166 165 165 164 164 164 163 163 163 163 163 163 163 163 163 163 163 163 163 163 163 163 163 163 163 164 164 164 164 164 164 164 164 163 163 163 164 164 164 165 165 165 165 165 165 165 165 165 165 166 166 166 166 166 166 166 166 165 166 166 166 166 166 166 166 167 167 167 167 167 167 167 167 166 166 166 166 166 166 166 166 166 166 166 166 165 165 165 165 167 168 168 168 168 168 168 168 167 167 167 167 167 167 167 166 165 165 165 165 165 165 165 165 165 165 165 165 165 165 165 165 166 166 166 166 166 166 166 166 166 166 166 166 166 166 166 166 168 168 168 168 168 168 168 168 167 167 167 168 168 169 169 169 171 171 171 171 171 171 171 171 169 169 170 170 170 170 170 170 168 168 168 168 168 168 168 168 167 167 167 167 167 167 167 167 167 168 167 166 165 165 164 164 167 167 167 167 167 167 167 166 164 164 165 166 166 165 164 164 166 166 166 165 165 164 164 164 0 0 0 0 0 0 0 0
0 0 0 0 0 0 0 0 135 136 136 138 140 142 143 144 146 146 147 148 150 150 151 152 151 152 153 153 153 155 154 155 155 155 155 155 155 154 154 154 155 155 155 155 155 155 155 155 155 153 150 150 150 152 152 152 128 94 50 23 21 38 64 86 87 88 85 80 79 84 87 84 95 88 81 79 73 61 49 44 39 40 39 37 38 40 39 34 36 28 26 34 43 50 60 70 76 82 86 88 86 83 79 77 78 80 76 75 77 65 52 54 44 55 79 109 138 159 176 188 202 203 203 205 205 206 207 207 208 208 209 209 209 209 209 208 207 207 208 208 207 207 208 208 208 208 208 208 208 208 208 208 209 209 209 209 210 210 209 209 207 208 210 208 201 196 196 198 204 190 168 140 109 90 98 117 161 173 183 186 185 187 188 187 192 193 195 200 202 198 188 179 175 162 144 131 123 113 101 93 91 87 87 97 112 126 131 132 152 159 168 179 186 192 195 197 201 201 201 200 200 200 199 199 200 201 200 201 200 201 201 201 202 201 200 201 203 204 202 201 195 200 194 193 198 181 141 114 66 52 51 78 117 146 160 165 151 154 159 163 165 166 165 164 166 166 166 166 166 166 166 166 166 166 166 166 166 166 166 166 167 167 167 167 167 167 167 167 163 163 163 163 163 163 163 162 162 162 162 162 162 162 162 162 162 162 162 162 162 162 162 162 162 162 162 162 162 162 162 162 162 162 162 162 162 162 162 162 162 162 162 162 162 162 162 162 162 162 162 162 162 162 162 162 167 167 167 166 166 166 165 165 162 162 162 162 162 162 162 162 162 162 162 162 162 162 162 162 162 162 162 162 162 162 162 162 162 162 162 162 162 162 162 162 162 162 162 162 162 162 162 162 162 162 162 162 162 162 162 162 164 164 164 164 164 164 164 164 164 164 164 164 164 164 164 164 164 164 164 164 164 164 164 164 163 163 163 164 164 165 165 165 165 165 164 164 164 164 164 164 165 166 166 166 166 166 166 166 166 166 166 166 166 166 166 165 165 165 165 165 165 165 165 165 163 163 163 163 163 163 163 163 163 163 163 163 163 163 163 163 163 163 163 164 164 165 165 165 166 166 166 166 166 166 166 166 166 166 167 167 167 168 168 168 170 170 170 170 170 170 169 169 167 167 167 167 167 167 167 167 169 168 167 167 166 165 164 164 162 162 162 162 162 162 162 162 164 164 164 164 164 164 164 164 166 166 166 166 166 166 166 166 163 163 163 163 163 163 163 163 163 163 163 163 163 163 163 163 0 0 0 0 0 0 0 0
0 0 0 0 0 0 0 0 136 136 137 138 140 141 143 143 145 146 147 148 148 150 150 152 151 152 151 152 153 153 153 155 155 156 154 155 153 154 153 154 155 155 155 155 155 155 155 155 156 154 151 150 150 151 150 150 129 98 57 29 21 33 56 77 88 89 87 83 83 89 92 91 97 87 76 67 56 43 34 32 39 46 54 59 65 72 74 71 71 67 61 51 39 30 36 47 69 73 78 84 87 90 90 88 85 86 79 75 72 57 43 46 47 63 89 121 150 173 187 197 202 204 204 205 205 207 207 208 208 208 209 209 209 209 209 209 207 207 208 208 207 207 208 208 208 208 208 208 208 208 208 208 209 209 209 209 210 209 209 209 208 209 208 205 198 194 195 198 199 181 155 128 99 86 97 116 162 171 178 179 180 184 189 190 198 196 195 195 190 177 158 143 127 117 103 93 87 84 81 79 96 98 105 122 141 157 162 162 169 174 180 188 192 196 198 198 201 202 201 201 201 201 200 200 202 202 202 202 202 202 202 202 204 204 202 200 199 199 199 200 201 205 201 199 201 178 133 104 69 58 60 85 122 148 158 162 151 155 160 163 165 166 165 164 166 166 166 166 166 166 166 166 166 166 166 166 166 166 166 166 167 167 167 167 167 167 167 167 163 163 163 163 163 163 163 163 162 162 162 162 162 162 162 162 162 162 162 162 162 162 162 162 162 162 162 162 162 162 162 162 162 162 162 162 162 162 162 162 162 162 162 162 162 162 162 162 162 162 162 162 162 162 162 162 167 167 166 166 166 165 165 165 162 162 162 162 162 162 162 162 162 162 162 162 162 162 162 162 162 162 162 162 162 162 162 162 162 162 162 162 162 162 162 162 162 162 162 162 162 162 162 162 162 162 162 162 162 162 162 162 164 164 164 164 164 164 164 164 164 164 164 164 164 164 164 164 164 164 164 164 164 164 164 164 163 163 163 164 164 164 165 165 165 165 164 164 164 164 164 165 165 166 166 166 166 166 166 166 166 166 166 166 166 166 166 166 165 165 165 165 165 165 165 165 163 163 163 163 163 163 163 163 163 163 163 163 163 163 163 163 163 163 163 164 164 165 165 165 165 165 165 165 165 165 165 165 166 166 166 166 167 167 168 168 170 170 170 170 170 170 169 169 167 167 167 167 167 167 167 167 168 168 167 166 165 164 164 163 163 163 163 163 163 163 163 163 163 164 164 164 164 164 164 164 166 166 166 166 166 166 166 166 163 163 163 163 163 163 163 163 163 163 163 163 163 163 163 163 0 0 0 0 0 0 0 0
0 0 0 0 0 0 0 0 136 137 138 138 140 141 142 143 145 145 146 146 147 148 149 150 149 150 151 152 152 153 152 153 154 153 153 154 154 153 153 153 155 156 156 156 156 156 155 155 155 154 151 149 148 148 148 149 135 109 72 43 27 30 47 63 83 86 87 85 87 93 95 93 84 73 60 49 41 36 40 47 64 81 98 110 120 129 133 132 128 126 118 95 64 39 36 41 49 52 60 73 83 90 91 90 84 86 79 72 65 48 36 41 51 73 105 139 167 188 200 206 203 204 204 205 205 206 207 207 208 208 209 209 209 209 209 209 207 207 208 208 208 208 208 208 208 208 208 208 208 208 208 208 209 209 209 209 209 209 209 209 208 208 208 201 194 193 196 199 192 167 135 108 88 83 99 120 167 175 181 182 184 191 197 199 196 190 181 172 160 139 115 97 98 94 88 83 85 90 97 103 116 123 135 155 176 190 193 191 190 192 194 196 199 200 199 201 200 201 202 202 202 202 203 203 202 202 202 202 203 203 203 203 206 205 203 198 194 193 196 200 205 209 206 204 201 172 121 89 69 64 71 98 129 148 156 157 152 155 160 164 166 166 164 164 166 166 166 166 166 166 166 166 166 166 166 166 166 166 166 166 167 167 167 167 167 167 167 167 163 163 163 163 163 163 163 163 161 161 161 161 161 161 161 161 161 161 161 161 161 161 161 161 161 161 161 161 161 161 161 161 161 161 161 161 161 161 161 161 161 161 161 161 161 161 161 161 161 161 161 161 161 161 161 161 165 165 165 164 164 164 163 163 161 161 161 161 161 161 161 161 161 161 161 161 161 161 161 161 161 161 161 161 161 161 161 162 162 162 162 162 162 162 162 162 162 162 162 162 162 162 162 162 162 162 162 162 162 162 162 162 164 164 164 164 164 164 164 164 164 164 164 164 164 164 164 164 164 164 164 164 164 164 164 164 163 163 163 163 164 164 164 165 164 164 164 164 164 164 164 165 165 166 166 166 166 166 166 166 166 166 166 166 166 166 166 166 165 164 164 164 164 164 164 164 162 162 162 162 162 162 162 162 162 162 162 162 162 162 162 162 162 162 162 162 163 163 163 164 163 163 163 163 163 163 163 163 165 165 165 166 166 166 167 167 168 169 169 169 168 168 168 168 166 166 166 165 164 164 164 165 166 166 165 165 164 163 163 162 162 162 162 162 162 162 162 162 162 162 162 162 162 162 162 162 164 164 164 164 164 164 164 164 163 163 163 163 163 163 163 163 163 163 163 163 163 163 163 163 0 0 0 0 0 0 0 0
0 0 0 0 0 0 0 0 137 137 138 139 140 141 142 141 144 145 144 145 146 147 148 148 148 149 149 150 150 150 152 152 152 153 153 153 153 152 152 153 155 155 155 155 155 155 154 155 155 153 151 149 146 145 147 147 141 120 90 60 37 27 37 49 73 80 86 88 92 93 89 84 67 56 44 38 39 48 68 86 107 125 147 161 169 176 178 178 171 170 161 142 111 83 64 57 35 35 42 59 74 82 83 84 80 83 76 68 59 44 36 46 60 87 123 156 180 196 204 206 203 204 204 205 205 207 207 207 208 208 209 209 209 209 209 209 207 207 208 208 208 208 208 208 208 208 208 208 208 208 208 208 209 209 209 209 209 209 209 208 206 208 206 199 195 196 199 202 186 152 114 89 80 87 111 135 172 181 187 189 191 195 195 194 181 167 149 132 119 103 87 74 80 84 88 94 101 113 126 136 151 157 166 181 196 204 204 201 202 202 201 200 201 201 200 201 200 202 202 203 203 204 204 205 203 203 203 203 203 203 203 203 205 206 202 196 190 191 197 203 207 210 204 199 190 156 105 74 67 70 84 108 133 148 154 152 153 156 161 164 166 166 164 164 166 166 166 166 166 166 166 166 166 166 166 166 166 166 166 166 166 166 166 166 166 166 166 166 163 163 163 163 163 163 163 163 162 161 161 161 161 161 161 161 161 161 161 161 161 161 161 161 161 161 161 161 161 161 161 161 161 161 161 161 161 161 161 161 161 161 161 161 161 161 161 161 161 161 161 161 161 161 161 161 164 164 164 164 163 163 163 162 160 160 160 160 160 160 160 160 160 160 160 160 160 160 160 160 160 160 160 160 160 160 160 160 160 161 161 161 161 161 161 161 161 161 161 161 161 161 161 161 161 161 161 161 161 161 161 161 163 163 163 163 163 163 163 163 163 163 163 163 163 163 163 163 163 163 163 163 163 163 163 163 162 162 163 163 163 164 164 164 163 163 163 163 163 163 163 164 165 165 165 165 165 165 165 165 165 165 165 165 165 165 165 164 164 163 163 163 163 163 163 163 162 162 162 162 162 162 162 162 162 162 162 162 162 162 162 162 162 162 162 162 162 162 162 163 161 161 161 161 161 161 161 161 164 164 164 164 165 165 166 167 168 168 168 168 167 167 167 167 165 165 164 164 163 163 163 163 164 165 163 164 162 163 161 162 162 163 162 163 162 163 162 163 162 162 162 162 162 162 162 162 163 163 163 163 163 163 163 163 162 162 162 162 162 162 162 162 162 162 162 162 162 162 162 162 0 0 0 0 0 0 0 0
0 0 0 0 0 0 0 0 137 138 138 139 140 141 141 141 144 144 143 144 145 145 145 146 147 147 148 148 149 150 150 150 151 151 151 151 151 152 152 153 155 155 155 155 155 155 155 155 153 153 151 148 144 143 146 147 144 129 104 76 47 29 27 33 61 72 84 90 93 91 81 71 56 48 42 44 53 75 103 127 145 162 180 190 194 197 198 196 192 188 180 170 155 130 100 78 46 36 33 42 55 67 76 85 84 89 81 67 54 39 36 51 73 104 141 168 184 196 199 198 203 204 204 205 205 206 207 207 208 208 209 209 209 209 209 209 208 207 208 208 208 208 208 208 208 208 209 209 209 209 209 209 209 209 209 209 209 209 209 208 204 206 204 198 197 202 203 200 176 139 99 81 84 103 132 156 181 189 194 193 189 182 173 164 148 132 110 92 83 82 83 84 91 100 114 127 138 151 165 174 186 187 190 196 202 205 204 201 201 201 200 199 197 197 198 200 200 202 202 203 203 204 204 205 203 203 203 203 203 203 203 203 203 204 202 197 192 192 199 206 208 207 195 180 164 127 83 63 67 76 95 117 135 147 151 150 154 158 161 165 166 166 164 164 166 166 166 166 166 166 166 166 166 166 166 166 166 166 166 166 166 166 166 166 166 166 166 166 163 163 163 163 163 163 163 162 162 161 161 161 161 161 161 161 161 161 161 161 161 161 161 161 161 161 161 161 161 161 161 161 161 161 161 161 161 161 161 161 161 161 161 161 161 161 161 161 161 161 161 161 161 161 161 161 164 163 163 163 162 162 162 162 160 160 160 160 160 160 160 160 160 160 160 160 160 160 160 160 160 160 160 160 160 160 160 160 160 160 160 160 160 160 160 160 160 160 160 160 160 160 160 160 160 160 160 160 160 160 160 160 162 162 162 162 162 162 162 163 163 163 163 163 163 163 163 163 163 163 163 163 163 163 163 163 162 162 162 163 163 163 163 163 163 163 163 163 163 163 163 164 165 165 165 165 165 165 165 165 165 165 165 165 165 165 165 164 164 163 163 163 163 163 163 163 162 162 162 162 162 162 162 162 162 162 162 162 162 162 162 162 162 162 162 162 162 162 162 161 160 160 160 160 160 160 160 160 162 162 163 163 164 164 164 165 166 166 166 166 165 165 164 164 164 164 163 163 162 162 162 162 162 162 162 162 161 161 161 161 162 162 162 162 162 162 162 162 162 162 162 162 162 162 162 162 163 163 163 163 163 163 163 163 162 162 162 162 162 162 162 162 162 162 162 162 162 162 162 162 0 0 0 0 0 0 0 0
0 0 0 0 0 0 0 0 138 138 139 140 139 140 140 140 143 143 143 143 143 144 143 144 145 146 146 146 148 148 149 150 149 150 150 150 150 151 151 152 154 154 154 154 154 154 154 153 151 152 152 149 145 143 146 150 146 133 114 88 57 31 20 20 48 62 78 86 90 85 71 59 41 40 47 65 89 118 148 170 182 191 200 202 202 204 204 202 201 197 189 185 182 169 141 115 83 61 39 32 34 43 61 78 88 92 83 65 49 35 38 58 93 125 160 179 188 193 193 190 203 204 204 205 205 206 207 207 208 208 209 209 209 209 209 209 208 208 208 208 208 208 208 208 208 208 209 209 209 209 209 209 209 209 209 209 209 209 209 208 204 205 201 197 201 206 201 191 158 122 88 82 100 126 155 176 195 199 198 190 176 159 140 125 105 95 81 70 71 82 98 109 128 138 155 169 180 190 198 204 204 201 200 199 201 202 202 202 198 198 197 197 197 198 199 199 202 202 203 203 203 203 204 204 203 203 203 203 203 203 203 202 200 201 201 198 196 196 201 204 205 198 175 150 127 93 65 61 73 88 109 126 138 148 150 150 155 159 162 166 167 166 164 164 166 166 166 166 166 166 166 166 166 166 166 166 166 166 166 166 165 165 165 165 165 165 165 165 163 163 163 163 163 163 163 162 162 161 161 161 161 161 161 161 161 161 161 161 161 161 161 161 161 161 161 161 161 161 161 161 161 161 161 161 161 161 161 161 161 161 161 161 161 161 161 161 161 161 161 161 161 161 161 161 163 163 162 162 162 161 161 161 159 159 159 159 159 159 159 159 159 159 159 159 159 159 159 159 159 159 159 159 159 159 159 159 159 159 159 159 159 159 159 159 159 159 159 159 159 159 159 159 159 159 159 159 159 159 159 159 161 161 161 161 161 161 161 161 162 162 162 162 162 162 162 162 162 162 162 162 162 162 162 162 161 162 162 162 163 163 162 162 162 162 162 162 162 162 162 163 164 164 164 164 164 164 164 164 164 164 164 164 164 164 164 163 163 162 162 162 162 162 162 162 162 162 162 162 162 162 162 162 162 162 162 162 162 162 162 162 162 162 162 162 161 161 161 161 160 160 160 160 160 160 160 160 161 161 162 162 162 163 163 164 165 165 165 165 164 164 163 163 163 163 162 162 161 161 161 161 161 161 161 161 161 161 161 161 161 161 161 161 161 161 161 161 162 162 162 162 162 162 162 162 162 162 162 162 162 162 162 162 161 161 161 161 161 161 161 161 161 161 161 161 161 161 161 161 0 0 0 0 0 0 0 0
0 0 0 0 0 0 0 0 138 138 139 140 139 140 140 140 142 143 142 142 143 142 142 143 144 145 145 145 146 146 147 148 147 148 149 149 151 151 151 152 154 154 155 155 154 154 154 153 150 152 153 149 145 143 147 152 150 140 123 101 70 41 21 15 33 47 63 73 78 74 62 50 38 45 67 100 134 161 183 197 198 199 196 189 185 186 185 182 184 183 178 176 178 179 169 158 136 108 75 53 36 29 39 54 70 76 68 54 41 34 46 72 113 146 177 189 192 194 192 187 202 203 204 205 205 206 206 206 208 208 209 209 209 209 210 210 209 208 208 208 208 208 209 209 209 209 209 209 209 209 209 209 209 209 209 209 209 209 209 208 206 205 199 196 204 208 195 175 138 107 84 92 120 149 172 187 195 193 183 166 147 128 108 93 79 81 83 87 94 109 131 147 155 164 175 187 194 200 202 202 204 202 198 197 197 199 200 200 196 197 198 198 199 200 199 200 204 204 203 203 203 203 202 202 203 203 203 202 202 202 202 202 197 198 200 200 200 199 198 198 190 179 149 118 92 68 60 73 85 104 124 136 143 149 152 151 155 159 164 166 167 166 164 164 166 166 166 166 166 166 166 166 166 166 166 166 166 166 166 166 165 165 165 165 165 165 165 165 163 163 163 163 163 163 163 162 161 161 161 161 161 161 161 161 161 161 161 161 161 161 161 161 161 161 161 161 161 161 161 161 161 161 161 161 161 161 161 161 161 161 161 161 161 161 161 161 161 161 161 161 161 161 161 161 162 162 162 161 161 161 160 160 159 159 159 159 159 159 159 159 159 159 159 159 159 159 159 159 159 159 159 159 159 159 159 159 159 159 159 159 159 159 159 159 159 159 159 159 159 159 159 159 159 159 159 159 159 159 159 159 161 161 161 161 161 161 161 161 162 162 162 162 162 162 162 162 162 162 162 162 162 162 162 162 161 161 162 162 162 163 162 162 162 162 162 162 162 162 162 163 164 164 164 164 164 164 164 164 164 164 164 164 164 164 164 163 163 162 162 162 162 162 162 162 162 162 162 162 162 162 162 162 162 162 162 162 162 162 162 162 162 162 162 161 161 160 160 160 160 160 160 160 160 160 160 160 160 160 161 161 162 162 162 163 163 163 163 163 162 162 161 161 162 162 161 161 160 160 160 160 160 160 160 160 160 160 160 160 161 161 161 161 161 161 161 161 162 162 162 162 162 162 162 162 162 162 162 162 162 162 162 162 161 161 161 161 161 161 161 161 161 161 161 161 161 161 161 161 0 0 0 0 0 0 0 0
0 0 0 0 0 0 0 0 138 139 138 139 139 140 139 140 142 141 142 143 142 142 141 143 144 144 144 145 145 145 146 147 146 147 147 148 149 150 150 150 153 154 154 154 154 153 154 154 150 152 153 150 145 145 148 153 155 147 132 111 82 50 27 17 23 36 50 60 65 63 54 43 52 64 92 132 164 184 193 200 189 184 172 158 152 152 150 146 148 152 151 148 151 164 174 177 181 153 119 88 56 31 26 34 44 54 50 40 35 36 57 88 127 160 189 198 196 198 195 189 202 203 204 205 205 206 206 206 208 208 209 209 209 209 209 209 209 208 208 208 208 208 209 209 209 209 209 209 209 209 209 209 209 209 209 209 209 209 209 208 207 204 197 195 203 207 189 164 124 97 81 99 134 164 182 192 179 173 158 137 116 100 84 72 77 89 105 118 129 145 165 180 181 186 193 202 205 207 205 203 200 198 195 193 194 195 196 197 198 199 201 202 203 204 203 203 205 205 205 204 204 202 202 201 203 203 203 203 202 202 202 202 198 198 199 200 201 199 195 191 174 161 129 95 71 55 63 88 97 117 137 144 147 151 153 153 156 159 163 166 166 166 164 164 166 166 166 166 166 166 166 166 166 166 166 166 166 166 166 166 165 165 165 165 165 165 165 165 163 163 162 162 162 162 162 162 161 161 161 161 161 161 161 161 161 161 161 161 161 161 161 161 161 161 161 161 161 161 161 161 161 161 161 161 161 161 161 161 161 161 161 161 161 161 161 161 161 161 161 161 161 161 161 161 162 162 161 161 161 160 160 160 159 159 159 159 159 159 159 159 159 159 159 159 159 159 159 159 159 159 159 159 159 159 159 159 159 159 159 159 159 159 159 159 159 159 159 159 159 159 159 159 159 159 159 159 159 159 159 159 161 161 161 161 161 161 161 161 162 162 162 162 162 162 162 162 162 162 162 162 162 162 162 162 161 161 161 162 162 163 162 162 162 162 162 162 162 162 162 163 164 164 164 164 164 164 164 164 164 164 164 164 164 164 164 163 163 162 162 162 162 162 162 162 162 162 162 162 162 162 162 162 162 162 162 162 162 162 162 162 162 162 162 161 161 160 160 160 160 161 160 161 160 161 160 161 160 161 160 162 161 162 162 163 162 163 163 163 162 162 161 161 162 162 161 161 160 160 160 160 160 160 160 160 160 160 160 160 160 160 160 160 160 160 160 160 161 162 162 162 162 162 162 162 162 162 162 162 162 162 162 162 161 161 161 161 161 161 161 161 161 161 161 161 161 161 161 161 0 0 0 0 0 0 0 0
0 0 0 0 0 0 0 0 136 137 138 139 141 141 141 142 139 140 140 141 140 142 142 142 143 142 143 143 143 143 143 143 146 145 144 145 147 148 147 146 151 151 151 152 152 152 153 153 151 151 151 151 149 149 150 152 145 145 139 126 102 73 47 33 17 19 35 41 51 46 28 44 50 94 116 158 187 207 181 178 156 140 124 113 103 95 94 100 103 100 98 102 109 125 150 172 188 181 160 126 91 63 40 26 26 30 37 41 41 51 79 107 153 180 203 206 203 204 201 197 203 205 205 206 206 207 207 207 208 208 208 208 208 208 208 209 208 209 209 209 209 209 209 209 209 209 209 209 209 209 209 208 209 209 209 209 209 209 208 207 206 202 196 198 203 197 170 141 105 94 90 110 143 169 175 171 146 130 112 98 85 76 80 89 103 118 139 158 170 179 187 193 196 199 201 202 202 203 200 200 198 198 197 196 196 199 201 203 206 207 207 207 207 207 207 207 206 206 206 206 206 206 205 205 205 205 204 204 204 204 203 203 200 201 202 203 204 201 189 177 158 129 105 85 59 56 81 104 124 135 147 154 155 152 151 153 156 157 157 160 164 167 166 165 166 166 166 166 166 166 166 166 166 166 166 165 165 164 164 164 163 163 163 163 163 163 163 163 162 162 162 162 162 162 162 162 162 162 162 162 162 162 162 162 162 162 162 162 162 162 162 162 161 161 161 161 161 161 161 161 162 162 162 162 162 162 162 162 161 161 161 161 161 161 161 161 161 161 161 161 161 161 161 161 159 159 159 159 159 159 159 159 159 159 159 159 159 159 159 159 158 158 158 158 158 158 158 158 159 159 159 159 159 159 159 159 160 160 160 160 160 160 160 160 160 160 160 160 160 160 160 160 160 160 160 160 160 160 160 160 160 160 160 160 160 160 160 160 160 160 160 160 160 160 160 160 160 160 160 160 160 160 160 160 160 160 160 161 161 162 162 162 161 161 161 161 161 161 161 162 163 163 163 163 163 163 163 163 163 163 163 163 163 163 163 162 162 162 162 162 162 162 162 162 163 163 163 163 163 163 163 163 163 163 163 163 163 163 163 163 161 161 161 161 161 161 161 161 162 163 162 163 162 163 162 163 161 162 160 161 160 160 159 160 161 161 161 160 159 158 158 158 159 159 158 158 158 158 158 158 160 160 160 159 159 159 158 158 159 159 159 159 159 159 159 159 159 159 159 159 159 159 159 160 159 159 159 159 159 159 159 160 161 161 161 161 161 161 161 161 162 162 162 162 162 162 162 163 0 0 0 0 0 0 0 0
0 0 0 0 0 0 0 0 137 137 138 139 139 140 140 141 141 141 141 141 141 141 140 140 141 141 141 142 142 142 142 142 143 142 141 143 146 148 148 148 149 150 150 150 150 150 151 152 150 150 151 151 151 151 149 148 144 144 142 134 116 94 71 57 28 24 29 28 33 33 24 46 67 113 133 168 183 185 143 131 118 105 91 83 76 70 69 73 67 66 66 70 75 88 108 126 146 150 149 139 125 106 86 70 55 52 52 55 60 75 105 134 169 192 209 209 206 207 205 202 204 205 206 206 206 207 207 207 208 208 208 208 208 208 208 208 209 209 209 209 209 209 209 209 209 209 209 209 209 209 208 208 209 209 209 209 209 208 208 207 205 201 197 195 195 183 153 123 95 91 94 114 140 154 152 144 103 94 86 82 83 87 101 114 135 149 170 186 194 196 197 199 202 204 205 207 207 207 206 206 202 202 201 201 201 203 205 206 207 208 208 208 208 208 209 209 206 207 207 207 206 206 206 206 205 205 205 205 204 204 204 204 199 202 202 202 201 195 177 161 132 106 89 79 69 78 105 127 136 146 153 157 156 154 154 157 158 157 157 160 163 166 166 165 166 166 166 166 166 166 166 166 166 166 165 165 165 164 164 164 163 163 163 163 163 163 163 163 161 161 162 162 161 161 161 161 162 162 162 162 162 162 162 162 162 162 162 162 162 162 162 162 161 161 161 161 161 161 161 161 162 162 162 162 162 162 162 162 161 161 161 161 161 161 161 161 161 161 161 161 161 161 161 161 159 159 159 159 159 159 159 159 159 159 159 159 159 159 159 159 158 158 158 158 158 158 158 158 159 159 159 159 159 159 159 159 160 160 160 160 160 160 160 160 160 160 160 160 160 160 160 160 160 160 160 160 160 160 160 160 160 160 160 160 160 160 160 160 160 160 160 160 160 160 160 160 160 160 160 160 160 160 160 160 160 160 160 161 161 161 162 162 161 161 161 161 161 161 161 162 163 163 163 163 163 163 163 163 163 163 163 163 163 163 163 163 162 162 162 162 162 162 162 162 163 163 163 163 163 163 163 163 163 163 163 163 163 163 163 163 162 162 162 162 162 162 162 162 164 164 164 164 164 164 164 164 163 162 162 162 161 161 161 160 161 161 161 160 159 158 158 158 159 159 158 158 158 158 158 158 160 160 159 159 159 158 158 158 159 159 159 159 159 159 159 159 157 158 158 158 159 160 160 160 159 159 159 159 159 159 159 159 161 161 161 161 161 161 161 161 161 161 161 161 161 161 162 162 0 0 0 0 0 0 0 0
0 0 0 0 0 0 0 0 138 138 138 139 139 139 139 139 142 142 141 141 140 139 138 138 139 139 139 139 139 139 139 139 139 139 139 142 146 149 149 149 148 149 149 149 150 150 151 151 151 150 149 150 152 151 146 141 140 141 141 141 134 120 102 88 53 41 34 20 18 22 24 55 85 132 152 176 174 155 98 77 53 45 39 40 42 42 43 45 47 49 51 53 50 49 55 65 87 102 120 134 143 140 127 113 99 89 80 80 89 112 141 164 187 203 212 209 203 204 205 205 204 206 206 206 207 207 207 207 208 208 208 208 208 208 208 208 209 209 209 209 209 209 208 208 208 208 208 208 208 208 208 208 209 208 208 208 208 208 207 206 205 201 197 192 184 162 128 99 79 86 102 122 134 130 113 98 75 73 76 85 98 114 134 149 171 180 192 200 202 201 200 201 204 206 206 208 209 208 208 208 206 207 206 206 206 207 208 210 208 208 208 208 208 209 209 209 206 207 207 207 206 206 206 206 205 205 205 205 204 204 204 204 201 202 203 204 202 189 163 140 110 88 78 82 85 103 128 143 148 152 154 154 152 152 155 159 159 159 158 161 163 165 165 164 166 166 166 166 166 166 166 166 166 165 165 165 164 164 164 164 163 163 163 163 163 163 163 163 161 161 162 162 161 161 161 161 162 162 162 162 162 162 162 162 162 162 162 162 162 162 162 162 161 161 161 161 161 161 161 161 162 162 162 162 162 162 162 162 161 161 161 161 161 161 161 161 161 161 161 161 161 161 161 161 159 159 159 159 159 159 159 159 159 159 159 159 159 159 159 159 158 158 158 158 158 158 158 158 159 159 159 159 159 159 159 159 160 160 160 160 160 160 160 160 160 160 160 160 160 160 160 160 160 160 160 160 160 160 160 160 160 160 160 160 160 160 160 160 160 160 160 160 160 160 160 160 160 160 160 160 160 160 160 160 160 160 160 160 161 161 161 162 161 161 161 161 161 161 161 162 163 164 164 164 164 164 164 164 164 164 164 164 164 164 164 164 162 162 162 162 162 162 162 162 163 163 163 163 163 163 163 163 163 163 163 163 163 163 163 163 162 162 162 162 162 162 162 162 164 165 165 165 165 165 165 165 165 164 164 164 163 163 163 162 161 161 161 160 159 158 158 158 159 159 158 158 158 158 158 158 159 159 159 158 158 158 157 157 158 158 158 158 158 158 158 158 155 156 157 158 159 160 161 161 160 160 160 160 160 160 160 160 162 162 162 162 162 162 162 162 161 161 161 161 161 161 162 162 0 0 0 0 0 0 0 0
0 0 0 0 0 0 0 0 139 139 139 138 138 138 138 138 141 140 140 140 139 139 138 138 139 139 139 139 139 139 139 139 138 138 138 141 144 148 147 146 147 148 147 147 148 149 149 150 151 149 147 150 152 152 144 137 135 135 139 144 146 138 124 113 83 66 51 25 16 18 24 60 96 144 160 174 160 131 70 50 49 51 59 73 86 97 101 103 98 100 102 98 81 59 45 42 34 51 75 100 125 143 149 146 144 132 118 114 125 147 169 186 199 207 209 202 196 197 201 200 205 206 206 207 207 207 208 208 208 208 208 208 208 208 208 208 209 209 209 209 209 209 208 208 209 209 209 209 209 209 209 209 209 209 208 208 208 207 206 204 203 202 198 190 173 142 106 79 70 85 108 124 124 106 82 63 68 76 89 107 128 150 171 184 194 194 195 194 193 195 199 204 202 204 205 206 206 206 206 206 209 209 209 209 209 210 210 210 207 207 207 208 208 208 208 208 206 207 207 207 206 206 206 206 205 205 205 205 204 204 204 204 201 203 206 206 201 183 149 121 91 76 75 91 107 128 145 150 152 152 151 148 146 148 154 159 160 160 159 161 163 166 165 164 165 165 165 165 165 165 165 165 165 165 165 164 164 164 163 163 162 162 162 162 162 162 162 162 161 161 162 162 161 161 161 161 162 162 162 162 162 162 162 162 162 162 162 162 162 162 162 162 161 161 161 161 161 161 161 161 161 161 161 161 161 161 161 161 161 161 161 161 161 161 161 161 161 161 161 161 161 161 161 161 158 158 158 158 158 158 158 158 158 158 158 158 158 158 158 158 158 158 158 158 158 158 158 158 158 158 158 158 158 158 158 158 159 159 159 159 159 159 159 159 159 159 159 159 159 159 159 159 159 159 159 159 159 159 159 159 159 159 159 159 159 159 159 159 159 159 159 159 159 159 159 159 159 159 159 159 159 159 159 159 159 159 160 160 160 161 161 161 160 160 160 160 160 160 160 161 163 164 164 164 164 164 164 164 164 164 164 164 164 164 164 164 161 161 161 161 161 161 161 161 162 162 162 162 162 162 162 162 162 162 162 162 162 162 162 162 163 163 163 163 163 163 163 164 166 166 166 166 166 166 166 166 165 165 165 164 164 164 163 163 161 161 161 160 159 158 158 158 158 158 157 157 157 157 157 157 158 158 158 158 157 157 157 156 157 157 157 157 157 157 157 157 154 154 155 157 158 159 161 161 160 160 160 160 160 160 160 160 162 162 162 162 162 162 162 162 162 162 162 162 162 162 163 163 0 0 0 0 0 0 0 0
0 0 0 0 0 0 0 0 137 137 137 137 137 136 136 136 136 137 138 138 138 138 139 140 139 139 139 139 139 139 139 139 140 139 138 140 143 145 145 144 147 147 147 147 148 148 148 148 151 148 146 149 152 151 144 136 136 135 140 145 150 148 139 129 109 94 79 47 29 23 26 62 111 156 166 166 139 109 56 45 43 55 74 97 117 134 141 144 154 157 158 147 116 77 46 33 12 26 44 65 91 123 149 163 174 165 155 152 161 175 187 193 203 205 203 196 192 193 196 198 205 206 207 207 207 208 208 208 208 208 208 208 208 208 208 208 209 209 209 209 208 208 208 208 209 209 209 209 209 208 208 208 209 209 209 207 207 206 205 203 201 201 198 187 162 125 88 66 64 77 94 102 98 86 74 68 82 96 115 137 158 177 193 200 199 198 196 194 194 197 202 207 203 204 204 205 205 206 206 206 210 210 210 210 210 210 210 209 208 208 208 208 208 208 208 208 206 206 206 206 206 206 206 206 205 205 205 205 205 205 204 204 197 201 205 205 196 172 135 105 75 68 81 107 129 150 159 156 150 149 146 143 144 148 154 159 160 158 159 160 163 164 163 163 165 165 165 165 165 165 165 165 165 165 164 164 164 163 163 163 162 162 162 162 162 162 162 162 161 161 162 162 161 161 161 161 162 162 162 162 162 162 162 162 162 162 162 162 162 162 162 162 161 161 161 161 161 161 161 161 161 161 161 161 161 161 161 161 161 161 161 161 161 161 161 161 161 161 161 161 161 161 161 161 158 158 158 158 158 158 158 158 158 158 158 158 158 158 158 158 158 158 158 158 158 158 158 158 158 158 158 158 158 158 158 158 159 159 159 159 159 159 159 159 159 159 159 159 159 159 159 159 159 159 159 159 159 159 159 159 159 159 159 159 159 159 159 159 159 159 159 159 159 159 159 159 159 159 159 159 159 159 159 159 159 159 159 160 160 160 161 161 160 160 160 160 160 160 160 161 162 163 163 163 163 163 163 163 163 163 163 163 163 163 163 163 161 161 161 161 161 161 161 161 162 162 162 162 162 162 162 162 162 162 162 162 162 162 162 162 163 163 163 163 163 163 163 164 166 166 166 166 166 166 166 166 165 165 165 164 164 164 163 163 161 161 161 160 159 158 158 158 158 158 157 157 157 157 157 157 158 157 157 157 156 156 156 156 155 155 155 155 155 155 155 155 153 153 155 156 157 159 160 160 160 160 160 160 160 160 160 160 162 162 162 162 162 162 162 162 163 163 163 163 163 163 164 164 0 0 0 0 0 0 0 0
0 0 0 0 0 0 0 0 136 136 136 136 136 137 137 137 135 135 136 137 138 138 139 139 139 139 138 139 138 139 138 139 138 138 137 139 141 144 142 142 147 147 147 148 148 148 149 149 149 148 147 149 150 149 145 140 140 140 143 147 150 149 144 139 134 126 115 84 58 43 39 71 123 168 171 160 122 89 48 48 71 92 119 142 160 174 181 184 180 182 181 166 131 87 51 35 31 44 55 58 66 88 117 136 172 175 176 177 183 191 196 196 203 202 199 196 195 195 196 197 207 207 207 207 208 208 208 209 208 208 208 208 208 208 208 208 209 209 209 209 208 208 208 208 210 210 209 209 209 209 209 209 210 209 208 207 207 205 203 201 200 200 196 181 148 108 74 57 49 55 61 64 66 73 86 97 127 141 157 169 180 189 193 193 190 192 196 200 202 203 204 204 206 207 207 206 207 208 209 210 210 210 211 211 211 210 209 207 207 207 207 207 207 207 207 207 206 206 206 206 206 206 206 206 205 205 205 205 205 205 204 203 191 199 203 202 187 159 121 91 77 78 99 125 141 154 157 149 149 149 147 146 147 151 155 158 158 158 157 160 162 164 164 163 164 164 164 164 164 164 164 164 164 164 164 164 163 163 163 162 161 161 161 161 161 161 161 161 161 161 162 162 161 161 161 161 162 162 162 162 162 162 162 162 162 162 162 162 162 162 162 162 161 161 161 161 161 161 161 161 160 160 160 160 160 160 160 160 161 161 161 161 161 161 161 161 161 161 161 161 161 161 161 161 157 157 157 157 157 157 157 157 157 157 157 157 157 157 157 157 158 158 158 158 158 158 158 158 157 157 157 157 157 157 157 157 158 158 158 158 158 158 158 158 158 158 158 158 158 158 158 158 158 158 158 158 158 158 158 158 158 158 158 158 158 158 158 158 158 158 158 158 158 158 158 158 158 158 158 158 158 158 158 158 158 159 159 159 160 160 160 160 159 159 159 159 159 159 159 160 160 161 161 161 161 161 161 161 161 161 161 161 161 161 161 161 160 160 160 160 160 160 160 160 161 161 161 161 161 161 161 161 161 161 161 161 161 161 161 161 162 162 162 162 162 162 162 163 165 165 165 165 165 165 165 165 165 164 164 164 163 163 163 162 162 161 161 160 159 158 158 158 157 157 156 156 156 156 156 156 157 157 156 156 156 155 155 155 154 154 154 154 154 154 154 154 153 153 154 155 156 157 158 159 159 159 159 159 159 159 159 159 161 161 161 161 161 161 161 161 162 162 162 162 162 162 163 163 0 0 0 0 0 0 0 0
0 0 0 0 0 0 0 0 134 135 135 136 136 137 138 138 136 136 136 136 136 136 137 137 137 137 136 137 136 137 136 137 135 136 135 137 141 143 144 143 146 147 147 147 147 148 148 148 147 147 148 148 147 148 146 145 143 142 143 145 145 145 143 143 146 144 142 112 83 60 50 78 119 167 173 156 112 82 50 61 90 118 150 168 178 187 191 192 194 194 191 174 140 99 68 54 64 85 98 91 75 75 90 107 144 159 173 181 186 193 197 196 199 197 197 199 200 200 198 198 207 207 207 208 208 208 209 209 208 208 208 208 208 208 208 208 209 209 209 209 208 208 208 208 210 210 209 209 209 209 209 209 209 209 208 207 206 204 202 200 199 197 192 173 135 91 60 48 39 42 48 53 64 84 112 132 167 178 187 190 191 193 190 186 185 189 194 199 203 205 204 203 209 209 208 209 209 209 212 212 210 211 212 212 212 209 208 207 208 207 207 207 207 207 206 206 206 206 206 206 206 205 205 205 205 205 205 205 204 204 204 203 191 200 205 200 179 148 110 82 84 91 114 136 142 150 150 139 149 148 148 149 151 152 152 153 155 154 155 157 160 163 164 163 163 164 164 164 164 164 164 164 164 164 164 163 163 163 162 162 161 161 161 161 161 161 161 161 161 161 162 162 161 161 161 161 162 162 162 162 162 162 162 162 162 162 162 162 162 162 162 162 161 161 161 161 161 161 161 161 160 160 160 160 160 160 160 160 161 161 161 161 161 161 161 161 161 161 161 161 161 161 161 161 157 157 157 157 157 157 157 157 157 157 157 157 157 157 157 157 158 158 158 158 158 158 158 158 157 157 157 157 157 157 157 157 158 158 158 158 158 158 158 158 158 158 158 158 158 158 158 158 157 157 157 157 157 157 157 157 157 157 157 157 157 157 157 157 157 157 157 157 157 157 157 157 157 157 157 157 157 157 157 157 158 158 159 159 159 160 160 160 159 159 159 159 159 159 159 159 159 160 160 160 160 160 160 160 160 160 160 160 160 160 160 160 160 160 160 160 160 160 160 160 161 161 161 161 161 161 161 161 161 161 161 161 161 161 161 161 162 162 162 162 162 162 162 163 165 166 166 166 166 166 166 166 165 164 164 164 163 163 163 161 162 161 161 160 159 158 158 158 157 157 156 156 156 156 156 156 156 156 156 155 155 155 154 154 153 153 153 153 153 153 153 153 154 154 154 155 156 156 156 157 158 158 158 158 158 158 158 158 160 160 160 160 160 160 160 160 160 160 160 160 160 160 161 161 0 0 0 0 0 0 0 0
0 0 0 0 0 0 0 0 133 135 134 135 136 137 138 139 138 137 137 136 136 135 134 134 135 135 135 135 135 135 135 135 133 132 132 136 140 144 145 144 147 147 147 147 148 148 148 148 146 148 149 149 146 146 147 149 141 142 142 142 139 139 139 141 143 145 147 120 90 62 50 76 106 160 170 155 110 82 57 73 97 127 160 176 181 184 187 186 184 182 175 158 126 90 64 55 79 110 136 129 105 90 95 106 115 139 162 175 182 189 194 194 193 193 194 199 203 202 199 198 206 207 207 208 208 209 209 209 208 208 208 208 208 208 208 208 209 209 209 209 208 208 208 208 210 210 209 209 209 209 209 209 209 209 208 206 206 204 201 200 198 195 188 167 126 81 51 43 40 48 61 72 87 110 137 158 171 182 190 192 195 198 198 194 193 194 193 196 201 205 208 209 209 209 208 208 208 209 211 212 212 212 212 213 212 211 208 207 208 207 207 207 207 206 206 206 205 205 205 205 205 205 205 205 205 205 205 204 204 204 204 204 194 204 210 201 177 143 106 80 81 91 118 137 143 150 154 146 147 147 148 150 151 151 148 147 153 154 153 156 161 163 164 163 163 164 164 164 164 164 164 164 164 164 164 163 163 162 162 162 161 161 161 161 161 161 161 161 161 161 162 162 161 161 161 161 162 162 162 162 162 162 162 162 162 162 162 162 162 162 162 162 161 161 161 161 161 161 161 161 160 160 160 160 160 160 160 160 161 161 161 161 161 161 161 161 161 161 161 161 161 161 161 161 157 157 157 157 157 157 157 157 157 157 157 157 157 157 157 157 158 158 158 158 158 158 158 158 157 157 157 157 157 157 157 157 158 158 158 158 158 158 158 158 158 158 158 158 158 158 158 158 157 157 157 157 157 157 157 157 157 157 157 157 157 157 157 157 157 157 157 157 157 157 157 157 157 157 157 157 157 157 157 157 158 158 158 159 159 160 160 160 159 159 159 159 159 159 159 159 158 159 159 159 159 159 159 159 159 159 159 159 159 159 159 159 160 160 160 160 160 160 160 160 161 161 161 161 161 161 161 161 161 161 161 161 161 161 161 161 161 161 161 161 161 161 161 162 164 165 165 165 165 165 165 165 164 164 163 163 163 162 162 161 162 161 161 160 159 158 158 158 157 157 156 156 156 156 156 156 156 156 155 155 155 154 154 154 153 153 153 153 153 153 153 153 154 155 155 155 155 155 155 155 157 157 157 157 157 157 157 157 158 159 159 159 159 159 159 159 158 158 158 158 158 158 159 159 0 0 0 0 0 0 0 0
0 0 0 0 0 0 0 0 133 135 135 137 138 137 137 138 139 139 139 139 138 138 137 138 134 133 133 133 133 133 133 133 136 136 137 138 139 140 141 142 142 142 143 143 145 145 146 147 146 146 146 145 144 144 143 143 141 141 138 137 136 136 136 137 147 149 146 127 92 63 60 72 109 149 162 146 128 101 86 98 125 147 171 183 185 187 188 187 184 179 171 155 118 79 71 84 106 150 171 158 138 120 106 103 103 121 145 164 174 181 189 196 199 199 198 199 199 200 201 204 207 208 208 208 208 208 208 208 208 208 208 208 208 208 208 208 210 210 210 210 209 209 209 209 208 209 209 209 209 208 208 207 208 208 207 205 204 203 200 199 195 192 189 157 116 73 37 48 51 72 87 102 127 146 161 175 188 191 195 199 201 200 198 197 198 199 200 201 203 205 207 209 210 210 211 211 212 212 212 212 213 213 213 211 211 210 209 209 208 208 208 207 207 207 207 207 205 205 205 205 205 205 205 205 205 204 204 204 204 204 204 204 195 203 208 201 176 139 103 82 83 97 117 136 145 149 148 148 148 148 149 150 149 151 152 152 153 153 154 156 159 160 162 162 163 164 164 164 164 164 164 164 163 163 163 162 162 161 161 161 161 161 161 161 161 161 161 161 161 161 162 162 161 161 161 161 162 162 162 162 162 162 162 162 162 162 162 162 162 162 162 162 160 160 160 160 160 160 160 160 160 160 160 160 160 160 160 160 161 161 161 161 161 161 161 161 161 161 161 160 160 159 159 159 157 157 157 157 157 157 157 157 157 157 158 159 159 159 158 158 157 157 157 157 157 157 157 157 157 157 157 157 157 157 157 157 158 158 158 158 158 158 158 158 158 158 158 158 158 158 158 158 157 157 157 157 157 157 157 157 157 157 157 157 157 157 157 157 157 157 157 157 157 157 157 157 158 158 158 158 158 158 158 158 158 158 158 158 158 158 158 158 160 160 160 160 160 160 160 160 159 160 160 159 159 158 158 158 159 159 159 159 159 159 159 159 160 160 160 160 160 160 160 160 160 160 160 160 160 160 160 160 161 161 161 161 161 161 161 161 160 160 160 160 160 160 160 161 161 162 162 162 162 162 162 162 162 162 162 162 162 162 162 162 160 160 160 160 159 159 159 159 157 157 157 157 156 156 156 157 156 156 156 155 155 154 154 154 154 154 154 154 154 154 154 154 155 155 154 154 154 154 154 153 153 153 153 154 154 155 155 156 158 157 155 154 155 157 159 161 162 162 161 160 159 158 158 157 0 0 0 0 0 0 0 0
0 0 0 0 0 0 0 0 129 130 132 133 134 135 136 136 135 136 135 136 136 137 138 138 141 140 140 140 140 140 140 140 135 135 135 136 136 136 136 136 135 136 137 137 138 139 140 140 146 146 144 144 142 141 140 139 141 140 138 137 136 136 136 136 144 148 148 131 97 69 62 70 101 139 156 150 141 123 112 120 144 165 184 192 191 189 188 187 183 179 172 153 114 78 75 92 130 177 203 192 170 144 121 113 105 118 138 155 168 181 192 200 199 200 200 201 201 201 203 204 208 208 208 208 208 208 208 208 208 208 208 208 208 208 208 208 210 210 210 210 209 209 209 209 208 209 209 210 210 209 209 207 209 208 207 205 204 203 200 199 198 192 184 149 108 68 37 50 71 96 116 133 155 172 183 197 193 195 199 201 202 202 201 201 200 201 201 202 203 206 208 210 210 211 211 211 212 212 212 212 212 213 212 211 211 209 209 208 208 207 207 207 206 206 206 206 204 204 204 204 204 204 204 204 204 204 203 203 203 203 203 203 196 202 206 196 170 133 100 79 84 99 120 137 147 148 148 149 148 149 149 150 150 151 152 152 154 154 155 157 159 160 162 162 163 164 164 164 164 164 164 164 163 163 162 162 162 161 161 160 161 161 161 161 161 161 161 161 161 161 162 162 161 161 161 161 162 162 162 162 162 162 162 162 162 162 162 162 162 162 162 162 160 160 160 160 160 160 160 160 160 160 160 160 160 160 160 160 161 161 161 161 161 161 161 161 161 161 160 160 160 159 159 159 157 157 157 157 157 157 157 157 157 157 158 159 159 158 158 157 157 157 157 157 157 157 157 157 157 157 157 157 157 157 157 157 158 158 158 158 158 158 158 158 158 158 158 158 158 158 158 158 157 157 157 157 157 157 157 157 157 157 157 157 157 157 157 157 157 157 157 157 157 157 157 157 158 158 158 158 158 158 158 158 158 158 158 158 158 158 158 158 160 160 160 160 160 160 160 160 159 160 160 159 159 158 158 158 159 159 159 159 159 159 159 159 160 160 160 160 160 160 160 160 160 160 160 160 160 160 160 160 161 161 161 161 161 161 161 161 160 160 160 160 160 160 160 161 161 162 162 162 162 162 162 162 162 162 162 162 162 162 162 161 160 160 160 160 159 159 159 159 157 157 157 157 156 156 156 156 156 156 155 155 155 154 154 154 154 154 154 154 154 154 154 154 155 154 154 154 154 153 153 153 152 153 153 153 154 154 155 155 155 155 154 154 154 156 157 158 162 162 161 160 159 159 159 159 0 0 0 0 0 0 0 0
0 0 0 0 0 0 0 0 136 136 136 136 137 136 134 134 133 134 134 136 137 138 139 140 134 133 133 133 133 133 132 132 135 136 136 137 137 137 138 138 138 138 138 140 140 140 142 142 144 144 142 141 140 138 137 136 141 141 140 139 138 137 137 137 141 146 148 134 104 77 64 65 90 124 147 156 159 150 144 149 165 181 196 200 194 192 188 187 185 184 177 155 112 79 80 101 127 175 206 201 184 159 137 131 135 139 147 158 169 182 192 199 200 202 203 204 204 204 205 205 208 208 208 208 208 208 208 208 208 208 208 208 208 208 208 208 209 209 209 209 210 210 210 209 208 209 209 210 210 209 209 208 209 208 207 206 204 202 200 199 198 188 177 139 101 68 46 64 93 125 151 167 183 190 195 207 199 200 201 203 202 203 203 203 201 202 202 202 204 206 207 209 210 211 211 211 211 211 211 211 212 212 211 210 210 209 208 208 207 207 206 206 206 205 205 205 203 203 203 203 203 203 203 203 203 203 203 203 203 203 203 203 198 203 204 191 162 125 94 76 85 101 124 140 147 147 147 148 148 149 149 150 150 151 152 152 154 154 155 157 159 161 162 162 163 163 163 163 163 163 163 163 162 161 161 161 160 160 160 160 160 160 160 160 160 160 160 160 161 161 162 162 161 161 161 161 162 162 162 162 162 162 162 162 162 162 162 162 162 162 162 162 160 160 160 160 160 160 160 160 160 160 160 160 160 160 160 160 161 161 161 161 161 161 161 161 161 160 160 160 159 159 159 159 157 156 156 156 156 156 156 156 156 156 157 157 157 157 156 156 155 155 155 155 155 155 155 155 155 155 155 156 156 156 156 157 158 158 158 158 158 158 158 158 158 158 158 158 158 158 158 158 157 157 157 157 157 157 157 157 157 157 157 157 157 157 157 157 157 157 157 157 157 157 157 157 158 158 158 158 158 158 158 158 157 157 157 157 157 157 157 157 159 159 159 159 159 159 159 160 159 159 159 158 158 157 157 157 158 158 158 158 158 158 158 158 160 160 160 160 160 160 160 160 160 160 160 160 160 160 160 160 161 161 161 161 161 161 161 161 160 160 160 160 160 160 160 161 161 161 161 161 161 161 161 161 161 161 161 161 161 161 161 161 159 159 159 159 159 159 158 158 157 157 156 156 156 156 156 156 156 155 155 155 154 154 154 154 154 154 154 154 154 154 154 154 154 154 154 153 153 152 152 152 152 152 152 152 153 153 153 153 152 153 154 154 154 155 155 155 160 160 160 159 159 158 158 158 0 0 0 0 0 0 0 0
0 0 0 0 0 0 0 0 142 141 140 139 138 135 132 132 131 131 132 133 134 134 135 134 136 135 135 135 135 135 134 134 130 131 133 136 137 140 142 143 142 142 142 143 142 144 143 144 142 142 141 141 140 139 138 138 143 143 142 142 141 141 140 139 138 145 148 137 112 84 65 58 77 103 133 158 172 174 171 172 181 192 199 197 193 190 191 191 194 195 187 159 114 80 84 104 129 172 201 202 193 179 166 166 166 164 163 168 178 187 194 198 201 203 204 205 206 205 206 205 208 208 208 208 208 208 208 208 208 208 208 208 208 208 208 208 209 209 209 209 210 210 210 210 209 210 210 211 211 210 210 209 209 208 207 206 204 202 200 198 196 185 170 133 100 75 61 86 116 150 179 191 197 194 192 199 203 203 202 202 202 202 204 204 203 203 203 203 205 206 208 209 210 211 211 211 211 211 211 211 211 211 211 209 209 208 207 207 206 206 205 205 205 205 204 204 202 202 202 202 202 202 202 202 202 202 202 202 202 202 202 202 201 205 203 185 154 119 90 75 86 105 128 145 148 147 147 150 148 149 149 151 150 152 152 153 155 154 156 157 160 161 162 162 162 162 162 162 162 162 162 162 161 161 161 160 160 160 159 159 159 159 159 159 159 159 159 159 160 160 161 161 160 160 160 160 161 161 161 161 161 161 161 161 161 161 161 161 161 161 161 161 160 160 160 160 160 160 160 160 160 160 160 160 160 160 160 160 160 160 160 160 160 160 160 160 160 160 160 159 159 159 158 158 156 156 156 156 156 156 156 156 156 157 157 157 157 156 155 155 154 154 154 154 154 154 154 154 154 155 155 155 155 156 156 157 157 158 158 158 158 158 158 158 158 158 158 158 158 158 158 158 157 157 157 157 157 157 157 157 157 157 157 157 157 157 157 157 157 157 157 157 157 157 157 157 158 158 158 158 158 158 158 158 157 157 157 157 157 157 157 157 158 158 158 158 158 158 158 159 159 159 159 158 158 157 157 157 158 158 158 158 158 158 158 158 160 160 160 160 160 160 160 160 160 160 160 160 160 160 160 160 160 160 160 160 160 160 160 160 159 159 159 159 159 159 159 159 159 159 159 159 159 159 159 159 159 159 159 159 159 159 159 159 158 158 158 158 158 158 157 157 156 156 155 155 155 155 155 155 154 155 155 154 154 154 153 153 153 153 153 153 153 153 153 153 154 154 153 153 152 151 151 151 151 151 151 151 151 151 151 151 151 152 153 154 155 154 154 154 155 155 155 155 155 155 155 155 0 0 0 0 0 0 0 0
0 0 0 0 0 0 0 0 135 135 135 135 135 135 134 133 132 133 132 132 133 133 132 132 133 133 132 132 132 132 132 131 128 129 131 133 135 138 139 140 138 138 138 139 138 139 139 139 140 140 140 141 141 143 142 143 145 146 147 146 145 145 144 144 138 144 147 139 118 92 68 54 64 83 118 153 175 186 192 191 195 201 201 194 188 189 192 194 201 203 194 166 120 86 84 98 123 161 189 196 197 189 180 181 178 174 173 177 188 196 200 201 201 204 206 206 207 207 206 205 208 208 208 208 208 208 208 208 208 208 208 208 208 208 208 208 209 209 209 209 210 210 210 210 209 210 211 212 212 211 211 209 209 209 207 205 204 203 200 199 196 184 168 132 101 80 71 100 133 168 196 205 205 196 190 196 204 204 202 202 201 203 204 205 205 205 205 205 206 206 208 209 210 210 210 210 210 210 210 210 210 210 210 208 208 207 206 206 205 205 205 204 204 203 203 203 202 202 202 202 202 202 202 202 202 202 202 202 202 202 202 202 205 208 202 184 149 114 87 75 88 108 133 149 149 146 146 150 149 149 150 151 151 152 152 153 155 155 156 157 160 162 163 163 162 162 162 162 162 162 162 162 161 161 160 160 160 159 159 159 159 159 159 159 159 159 159 159 160 160 161 161 160 160 160 160 161 161 161 161 161 161 161 161 161 161 161 161 161 161 161 161 160 160 160 160 160 160 160 160 160 160 160 160 160 160 160 160 160 160 160 160 160 160 160 160 160 160 159 159 159 158 158 158 156 156 156 156 156 156 156 156 156 157 157 157 156 155 154 154 154 154 154 154 154 154 154 154 153 154 154 155 155 156 156 157 157 158 158 158 158 158 158 158 158 158 158 158 158 158 158 158 157 157 157 157 157 157 157 157 157 157 157 157 157 157 157 157 157 157 157 157 157 157 157 157 158 158 158 158 158 158 158 158 157 157 157 157 157 157 157 157 158 158 158 158 158 158 158 159 159 159 159 158 158 157 157 157 158 158 158 158 158 158 158 158 160 160 160 160 160 160 160 160 160 160 160 160 160 160 160 160 160 160 160 160 160 160 160 160 159 159 159 159 159 159 159 159 159 159 159 159 159 159 159 159 159 159 159 159 159 159 159 159 158 158 158 158 157 157 157 157 156 156 155 155 155 155 155 155 154 154 153 153 153 152 152 152 152 152 152 152 152 152 152 152 153 153 152 151 150 149 149 148 148 148 148 148 148 148 148 149 150 152 153 153 154 154 153 153 150 150 150 150 151 151 152 152 0 0 0 0 0 0 0 0
0 0 0 0 0 0 0 0 116 120 123 129 133 137 140 142 141 140 140 140 139 140 138 138 133 133 132 133 132 132 132 132 137 137 138 139 138 140 140 140 138 138 137 137 138 137 137 138 138 140 140 141 144 144 145 147 147 148 149 150 149 149 146 146 140 145 146 139 125 103 76 57 57 64 96 135 159 181 199 199 204 207 204 196 189 190 193 195 201 203 196 174 134 98 86 90 96 130 160 180 195 196 188 189 192 189 187 190 195 199 200 200 200 203 206 207 208 207 205 204 208 208 208 208 208 208 208 208 208 208 208 208 208 208 208 208 209 209 209 209 210 210 210 210 209 211 211 212 212 212 212 210 209 208 207 206 204 202 201 198 198 186 173 137 108 87 78 106 137 170 196 203 204 195 190 197 203 203 202 202 202 203 205 206 207 208 207 207 207 208 209 210 210 210 210 210 209 209 209 209 209 209 209 207 207 206 205 205 205 204 203 203 203 203 202 203 201 201 201 201 201 201 201 202 201 202 201 202 202 202 202 203 206 209 203 182 147 111 85 74 90 113 139 152 149 145 147 152 149 150 151 151 151 153 153 154 155 155 156 158 161 162 163 163 161 161 161 161 161 161 161 161 160 160 160 160 159 159 159 158 158 158 158 158 158 158 158 158 159 159 160 160 159 159 159 159 160 160 160 160 160 160 160 160 160 160 160 160 160 160 160 160 160 160 160 160 160 160 160 160 160 160 160 160 160 160 160 160 159 159 159 159 159 159 159 159 159 159 159 159 158 158 158 157 156 156 156 156 156 156 156 156 156 157 157 157 156 155 153 153 153 153 153 153 153 153 153 153 153 153 153 154 155 155 156 156 157 158 158 158 158 158 158 158 158 158 158 158 158 158 158 157 157 157 157 157 157 157 157 157 157 157 157 157 157 157 157 157 157 157 157 157 157 157 157 157 158 158 158 158 158 158 158 158 157 157 157 157 157 157 157 157 157 157 157 157 157 157 157 158 159 159 159 158 158 157 157 157 158 158 158 158 158 158 158 158 160 160 160 160 160 160 160 160 160 160 160 160 160 160 160 160 159 159 159 159 159 159 159 159 158 158 158 158 158 158 158 158 157 157 157 157 157 157 157 157 157 157 157 157 157 157 157 157 157 157 157 157 156 156 156 156 155 155 154 154 154 154 154 154 153 153 153 153 152 152 152 151 151 151 151 151 151 151 151 151 153 152 151 150 149 148 147 147 147 147 147 147 146 146 146 147 149 150 150 150 151 151 152 152 148 148 148 149 150 150 152 152 0 0 0 0 0 0 0 0
0 0 0 0 0 0 0 0 95 99 106 114 122 131 136 139 141 141 140 141 142 142 142 141 146 145 145 145 144 145 144 144 140 141 140 140 140 141 140 140 140 140 140 139 140 139 139 140 139 140 140 141 142 143 144 146 147 149 151 151 150 150 147 147 140 143 145 141 132 115 88 66 57 53 76 108 128 155 183 190 199 203 203 197 193 194 196 196 199 201 198 182 152 118 97 90 84 110 136 161 188 200 197 200 198 196 194 193 194 196 197 199 200 203 205 208 208 207 206 204 208 208 208 208 208 208 208 208 208 208 208 208 208 208 208 208 209 209 209 209 210 210 210 210 210 211 211 213 213 212 212 211 209 208 207 206 204 202 200 198 199 191 180 149 121 100 89 116 139 169 190 196 199 194 192 199 203 203 204 204 205 206 207 207 210 210 209 208 208 209 210 211 210 209 209 209 209 208 208 208 208 208 208 207 206 205 205 204 204 203 203 203 202 202 202 202 201 201 201 201 201 201 201 201 201 201 201 201 201 201 201 202 205 208 202 180 144 109 83 72 91 116 143 156 150 145 146 152 149 150 151 152 152 153 153 154 155 156 157 158 161 162 163 163 161 161 161 161 161 161 161 161 160 160 160 159 159 159 158 158 157 157 157 157 157 157 157 157 159 159 160 160 159 159 159 159 160 160 160 160 160 160 160 160 160 160 160 160 160 160 160 160 160 160 160 160 160 160 160 160 160 160 160 160 160 160 160 160 159 159 159 159 159 159 159 159 159 159 159 158 158 158 157 157 156 156 156 156 156 156 156 156 157 157 157 156 155 154 153 152 152 152 152 152 152 152 152 152 152 152 153 154 155 155 156 156 157 158 158 158 158 158 158 158 158 158 158 158 158 158 158 157 157 157 157 157 157 157 157 157 157 157 157 157 157 157 157 157 157 157 157 157 157 157 157 157 158 158 158 158 158 158 158 158 157 157 157 157 157 157 157 157 157 157 157 157 157 157 157 158 158 159 159 158 158 157 157 157 158 158 158 158 158 158 158 158 160 160 160 160 160 160 160 160 160 160 160 160 160 160 160 160 159 159 159 159 159 159 159 159 158 158 158 158 158 158 158 158 157 156 156 156 156 156 156 156 156 156 156 156 156 156 156 156 157 157 157 157 156 156 156 156 155 155 154 154 154 154 154 154 153 153 153 152 152 152 151 151 151 151 151 151 151 151 151 151 153 152 151 150 149 147 146 146 147 146 146 146 145 145 144 145 147 147 146 146 146 147 149 150 150 150 151 151 152 153 155 155 0 0 0 0 0 0 0 0
0 0 0 0 0 0 0 0 75 80 87 97 107 114 122 125 129 129 130 131 132 134 134 134 133 133 133 133 133 132 132 132 131 132 133 134 134 136 137 137 140 140 140 139 140 139 139 138 141 141 142 142 142 143 142 143 145 147 149 149 149 149 147 145 139 143 144 141 136 124 98 75 60 46 60 86 99 129 164 174 187 193 198 197 196 197 198 197 197 199 200 190 167 135 107 94 77 92 106 126 156 173 176 182 184 184 183 184 187 193 199 204 199 202 205 207 207 207 204 202 208 208 208 208 208 208 208 208 208 208 208 208 208 209 208 209 209 209 209 209 210 210 210 210 210 211 211 213 213 213 212 211 209 208 207 205 205 203 201 200 200 194 189 161 135 114 102 129 149 176 192 196 200 197 196 203 203 205 206 207 207 209 209 210 211 211 210 209 209 210 210 211 209 209 209 208 208 208 207 207 207 207 207 206 205 203 203 203 202 202 202 202 202 201 201 202 200 200 200 200 200 200 201 201 201 201 201 201 201 201 201 201 201 205 200 178 142 106 81 71 91 117 145 157 152 144 147 153 150 151 151 152 152 153 154 154 155 155 156 158 161 162 163 163 161 161 161 161 161 161 161 161 160 160 160 159 159 158 158 158 157 157 157 157 157 157 157 157 159 159 159 159 159 159 159 159 160 160 159 160 159 160 159 160 159 160 159 160 159 160 159 160 160 160 160 160 160 160 160 160 160 160 160 160 160 160 160 160 159 159 159 159 159 159 159 159 159 159 159 158 158 157 157 157 156 156 156 156 156 156 156 156 157 157 157 156 155 154 153 152 152 152 152 152 152 152 152 152 151 152 153 153 154 155 156 156 157 158 158 158 158 158 158 158 158 158 158 158 158 158 158 157 157 157 157 157 157 157 157 157 157 157 157 157 156 157 156 157 157 157 157 157 157 157 157 157 158 158 158 158 158 158 158 158 157 157 157 157 157 157 157 157 157 157 157 157 157 158 157 158 158 159 158 158 157 157 156 157 157 158 157 158 157 158 157 158 160 160 160 160 160 160 160 160 160 161 161 161 161 161 161 161 159 159 159 159 159 159 159 159 158 158 158 158 157 158 157 157 156 156 156 156 156 156 156 156 156 156 156 156 156 156 156 156 156 157 156 156 155 155 155 155 154 154 154 154 154 154 154 154 153 153 153 152 152 151 151 151 151 151 151 151 151 151 151 151 152 152 151 150 148 147 146 145 146 146 146 145 145 144 144 144 145 144 142 141 142 144 147 148 152 153 154 155 156 157 159 159 0 0 0 0 0 0 0 0
0 0 0 0 0 0 0 0 62 66 72 81 89 97 102 105 110 107 105 104 105 110 113 116 114 114 115 116 117 117 115 115 114 114 116 121 126 133 137 140 141 142 143 143 145 144 145 145 142 142 141 140 140 140 141 141 144 145 146 146 145 144 141 139 137 138 137 136 138 134 115 94 75 58 47 55 69 87 116 146 160 181 198 201 197 198 199 200 199 203 198 188 180 166 136 106 85 78 85 108 128 137 147 158 157 163 169 174 176 182 192 201 198 202 204 206 207 206 204 203 208 207 206 207 208 209 209 208 209 209 209 209 209 209 209 209 209 209 209 209 210 210 210 210 212 213 213 212 212 212 211 211 208 208 206 205 203 201 201 199 197 201 197 177 148 131 131 141 166 178 190 195 194 195 201 208 206 208 209 211 211 211 211 211 209 210 211 211 211 211 210 209 208 208 209 210 209 209 209 209 205 206 207 205 201 198 200 201 199 200 201 202 203 203 203 203 198 198 200 200 200 199 197 196 198 199 200 201 201 201 199 198 203 201 197 171 142 108 72 74 93 122 143 152 159 154 148 150 149 149 149 152 153 154 155 155 157 156 156 158 160 162 162 161 161 162 162 162 162 162 162 162 161 161 161 160 160 160 159 159 156 156 156 156 155 155 155 156 157 157 157 157 156 156 156 156 157 158 157 158 157 158 157 158 157 158 157 158 157 158 157 158 158 159 159 160 159 161 160 161 160 161 160 160 159 160 158 159 159 161 161 162 161 162 160 160 159 160 159 159 158 159 157 157 157 157 157 157 157 157 157 157 156 156 156 156 155 154 153 152 152 152 152 151 151 150 150 150 149 149 151 152 154 156 157 158 156 156 157 157 158 158 158 158 158 157 157 157 157 157 157 157 159 159 159 159 158 158 158 158 156 156 155 155 155 155 155 155 155 154 154 154 154 155 156 157 156 156 155 155 155 154 154 154 155 155 155 155 155 155 156 156 157 157 157 157 157 158 157 158 157 158 157 158 157 158 157 158 157 158 157 158 157 158 157 157 160 160 160 160 161 161 161 161 160 161 162 162 162 161 160 159 160 160 160 160 159 159 159 159 156 157 157 157 156 157 157 157 158 158 158 157 157 156 156 156 157 157 156 156 156 157 158 158 154 154 153 152 152 152 151 151 152 152 152 152 152 152 152 152 153 152 152 152 151 150 150 150 150 150 150 150 150 150 150 150 151 151 150 148 147 146 147 148 144 145 145 145 146 146 145 145 143 143 142 141 140 143 149 153 149 155 159 158 154 150 150 153 0 0 0 0 0 0 0 0
0 0 0 0 0 0 0 0 61 63 67 71 74 76 77 76 79 78 75 74 74 75 75 76 72 72 72 73 73 73 72 72 69 68 69 78 90 101 106 106 113 115 117 121 125 128 131 132 133 133 134 135 136 136 135 135 145 145 147 148 148 148 146 144 141 137 132 130 135 140 132 121 90 67 47 43 48 63 92 119 141 164 188 198 198 198 195 194 194 199 198 194 191 182 154 124 104 91 86 95 102 105 111 119 128 137 150 162 171 180 191 199 200 202 204 205 206 206 205 204 206 205 204 206 207 209 209 210 209 209 209 209 209 209 209 209 209 209 209 210 210 210 210 211 212 212 213 212 213 212 212 211 209 209 207 206 204 203 202 200 199 202 199 183 162 149 150 157 181 190 200 203 200 199 205 210 206 206 208 209 209 209 209 210 208 208 210 209 209 209 208 207 209 208 208 208 206 206 207 206 204 203 203 203 200 200 200 201 197 197 197 197 197 198 198 197 200 200 200 201 200 199 199 198 195 196 198 199 200 200 200 198 201 200 199 172 142 107 73 79 93 124 144 152 158 155 150 154 149 149 151 152 154 154 155 156 156 155 154 157 159 160 160 159 161 162 162 162 162 162 162 162 161 160 160 160 159 159 159 158 156 156 156 156 155 155 155 155 157 157 157 157 156 156 156 156 156 156 156 156 156 156 156 156 156 156 156 156 156 156 156 156 157 157 158 158 158 159 159 159 160 160 160 160 159 159 158 158 158 159 159 160 160 159 159 158 158 158 158 157 157 157 156 156 157 157 157 157 157 157 157 157 157 157 157 157 156 155 153 153 151 151 151 150 150 150 149 149 150 150 151 152 153 154 155 156 156 156 157 157 157 158 158 158 157 157 157 157 157 157 157 156 159 159 159 159 158 158 158 158 156 156 155 155 155 155 155 155 155 154 154 154 154 155 156 157 156 156 156 156 155 155 155 154 156 156 156 155 155 155 156 156 158 158 158 158 159 159 159 159 158 158 158 158 158 158 158 158 158 158 158 158 158 158 158 158 160 160 160 160 161 161 161 161 162 162 162 162 162 161 160 159 160 160 159 160 159 159 159 159 156 156 155 156 156 156 156 157 158 158 158 157 157 157 156 156 159 158 158 157 157 157 158 158 154 154 153 153 153 151 152 152 152 152 152 152 152 153 152 152 153 152 152 152 151 151 150 150 150 150 150 150 150 150 150 151 153 152 151 148 147 145 144 144 142 142 143 143 144 145 144 144 144 145 146 147 149 149 150 150 149 150 148 143 136 131 128 129 0 0 0 0 0 0 0 0
0 0 0 0 0 0 0 0 85 84 82 80 76 72 67 64 53 53 53 51 49 47 44 43 48 48 47 47 46 46 43 44 46 42 43 53 69 81 83 80 86 88 91 94 98 101 104 105 105 107 110 115 116 119 119 119 124 126 129 133 135 137 139 139 129 127 123 123 130 138 139 135 111 87 59 41 35 40 58 77 106 132 162 183 193 196 196 196 198 201 201 199 200 198 181 160 139 120 102 94 89 85 89 95 106 118 136 153 168 180 190 198 200 201 201 202 202 203 204 204 207 206 205 205 205 206 208 210 209 209 208 208 208 208 209 209 209 209 209 210 210 211 211 211 212 213 213 212 213 212 212 211 210 210 208 208 207 205 204 203 201 203 202 192 180 173 175 180 195 201 207 206 204 202 206 211 205 207 208 209 209 210 210 209 209 209 209 209 208 207 207 206 209 207 206 205 204 203 203 203 203 202 201 200 202 201 201 199 200 200 200 200 200 201 201 201 197 196 195 194 194 194 194 194 198 199 200 201 202 202 202 200 195 198 201 172 138 102 70 79 93 123 144 151 155 150 149 155 149 149 150 151 154 154 155 156 155 154 153 155 158 159 158 157 160 161 161 161 161 161 161 161 160 159 159 159 158 158 158 157 156 156 156 156 155 155 155 155 157 157 157 157 156 156 156 156 155 155 155 155 155 155 155 155 155 155 155 155 155 155 155 155 156 156 156 157 157 157 158 158 160 159 159 159 158 158 158 157 156 157 158 158 158 158 157 156 156 156 156 155 155 155 154 154 156 156 156 156 156 156 156 156 157 157 158 157 156 155 154 153 151 151 150 150 150 149 149 149 151 151 151 152 152 152 153 153 155 155 155 155 156 156 157 157 156 156 156 156 156 156 156 156 158 158 158 158 157 157 157 157 156 156 155 155 155 155 154 154 154 154 154 154 154 155 156 156 157 157 157 156 156 155 155 155 155 155 156 156 156 156 157 157 158 158 158 158 159 159 159 159 158 158 158 158 158 158 158 158 158 158 158 158 158 158 158 158 159 159 159 159 160 160 160 160 162 162 163 163 162 161 160 160 158 158 158 158 157 158 157 158 154 155 154 155 155 156 156 156 159 159 158 158 157 157 157 157 157 157 156 155 155 154 154 153 151 151 150 150 150 150 149 149 152 152 152 152 152 153 152 152 152 152 152 152 151 151 151 151 150 150 150 150 150 150 150 151 153 153 151 148 146 143 142 141 143 143 144 144 145 147 147 146 146 144 144 146 150 152 148 146 146 138 127 117 112 109 107 107 0 0 0 0 0 0 0 0
0 0 0 0 0 0 0 0 131 128 121 114 105 98 92 90 92 95 96 96 93 89 84 81 73 73 72 70 67 64 62 61 54 52 49 54 60 66 64 61 61 61 60 59 59 57 57 57 57 59 61 64 68 70 73 75 87 90 94 100 106 112 116 118 119 122 125 132 140 146 147 147 129 111 86 63 45 38 38 43 68 91 121 149 169 183 192 198 200 204 202 197 198 200 198 191 176 156 132 117 107 102 105 110 117 127 142 158 172 182 192 198 196 196 196 197 198 200 203 206 208 208 206 204 202 203 205 207 210 209 208 207 207 208 209 210 209 209 209 210 210 210 211 211 213 213 213 213 213 212 212 212 212 211 210 209 208 208 207 205 205 205 205 200 196 193 195 197 202 205 207 206 203 203 207 209 207 208 209 210 211 211 210 210 210 209 209 208 207 207 206 206 206 204 203 202 201 201 202 202 200 196 194 196 199 201 198 195 201 200 200 200 200 201 201 202 202 200 199 197 196 197 197 198 196 196 197 197 198 198 198 197 190 198 203 173 134 94 63 75 93 124 144 149 150 146 144 152 148 147 149 150 152 153 154 154 154 153 152 153 156 158 157 156 160 160 160 160 160 160 160 160 159 159 158 158 158 157 157 157 157 157 157 157 156 156 156 156 157 157 157 157 156 156 156 156 154 154 154 154 154 154 154 154 154 154 154 154 154 154 154 154 154 154 155 155 155 156 156 156 157 157 157 156 156 156 155 155 155 155 156 156 156 156 155 155 155 154 154 154 153 153 153 152 155 155 155 155 156 156 156 156 158 158 158 158 157 156 154 153 152 152 151 151 150 150 150 150 152 151 151 151 150 150 150 150 152 152 152 152 153 153 153 154 154 154 154 154 155 155 155 155 157 157 157 157 156 156 156 156 155 155 154 154 154 154 153 153 154 154 153 153 154 154 155 156 157 157 157 157 156 156 155 155 155 155 156 156 156 157 158 158 159 159 159 159 160 160 160 160 159 159 159 159 159 159 159 159 159 159 159 159 159 159 159 159 158 158 158 158 159 159 159 159 162 162 162 163 162 161 160 160 157 157 157 157 156 156 156 156 153 153 153 154 155 155 156 156 159 158 158 158 157 157 157 157 155 155 154 154 153 151 149 148 146 147 147 146 146 145 146 146 149 150 150 150 150 151 151 150 150 151 150 151 150 151 150 151 150 151 150 151 150 151 150 150 150 150 148 147 144 142 139 138 143 143 144 145 147 149 150 149 148 142 137 139 143 146 142 139 115 100 80 69 68 73 79 82 0 0 0 0 0 0 0 0
0 0 0 0 0 0 0 0 174 169 158 149 140 136 132 132 128 131 133 134 132 129 124 121 124 122 120 117 114 110 106 106 103 103 98 93 86 79 75 74 72 70 66 60 54 48 44 42 44 42 41 40 40 41 43 45 52 55 58 63 68 74 77 79 85 90 98 108 116 123 130 135 132 128 118 100 80 61 44 32 45 55 75 98 121 141 160 172 181 191 197 195 193 196 203 208 204 189 169 153 143 138 139 144 147 152 161 170 180 188 195 200 197 196 196 196 197 200 204 207 209 210 209 206 202 200 201 204 210 209 207 206 205 206 208 209 210 210 210 210 210 211 211 211 213 214 214 214 214 213 213 212 212 211 211 210 209 209 208 208 207 207 206 206 205 204 204 205 205 206 205 205 205 207 208 210 205 207 208 209 209 209 209 208 208 207 205 204 203 202 202 202 201 200 199 199 200 201 201 202 197 194 193 195 199 202 200 198 196 194 191 188 185 183 182 182 178 176 174 172 171 171 172 173 174 175 177 179 182 184 186 188 187 198 207 177 137 95 63 76 97 127 145 151 151 146 144 150 146 146 147 148 149 151 151 153 153 152 152 153 156 156 157 156 159 159 159 159 159 159 159 159 158 158 157 157 157 156 156 156 157 157 157 157 156 156 156 156 156 156 156 156 155 155 155 156 154 154 154 154 154 154 154 154 154 154 154 154 154 154 154 154 153 154 154 154 155 155 155 155 155 154 154 154 153 153 153 153 153 154 155 155 155 155 154 153 153 153 153 152 152 152 151 151 153 152 153 153 154 154 155 155 156 156 156 156 155 154 153 152 152 152 151 151 150 150 150 150 151 150 150 149 148 147 147 147 148 148 149 149 149 150 150 150 152 152 153 153 154 154 155 155 157 157 157 157 156 156 156 156 154 154 154 154 153 153 153 153 153 152 152 152 152 153 154 155 156 156 156 155 155 154 154 154 154 154 154 155 156 157 157 157 159 159 159 159 160 160 160 160 159 159 159 159 159 159 159 159 159 159 159 159 159 159 159 159 158 158 158 158 159 159 159 159 161 161 162 162 161 160 159 159 155 155 155 155 154 154 154 154 151 152 151 152 153 154 155 156 158 158 157 157 157 156 155 155 154 154 154 154 153 151 148 147 145 145 146 145 145 145 145 145 147 147 148 149 149 149 149 150 149 149 148 150 149 150 149 150 151 152 151 152 151 152 151 152 148 148 148 148 146 145 143 142 142 141 141 142 144 146 148 149 147 142 141 142 144 139 131 122 91 74 53 45 50 66 79 86 0 0 0 0 0 0 0 0
0 0 0 0 0 0 0 0 198 193 185 178 173 172 173 173 183 185 186 188 188 186 183 180 170 169 167 166 161 159 156 155 160 160 156 146 132 120 115 115 109 106 101 95 88 81 76 73 70 67 62 58 52 50 47 47 42 43 42 42 42 43 44 44 53 55 57 62 66 74 89 103 117 128 134 128 114 96 72 51 47 43 44 53 66 83 101 117 139 155 173 181 180 183 193 204 210 206 197 190 183 178 177 176 174 175 179 183 189 195 201 206 202 201 199 198 198 200 202 205 205 208 209 206 203 200 200 203 210 208 206 205 204 205 207 209 210 210 210 210 211 211 211 212 213 213 215 214 214 213 213 212 212 211 211 211 210 210 209 208 208 209 208 208 207 206 206 206 207 205 205 206 209 211 212 211 203 204 205 206 207 207 206 205 205 203 201 198 197 197 196 197 196 197 198 199 200 201 200 200 200 198 197 198 198 199 197 196 181 177 171 163 155 150 146 144 132 131 130 128 127 126 126 126 138 139 143 148 155 161 166 169 173 189 203 178 140 100 68 79 100 127 145 151 156 153 146 151 145 145 146 149 149 151 152 152 153 152 152 153 155 157 157 156 158 158 158 158 158 158 158 158 159 158 158 158 157 157 157 156 158 158 158 158 157 157 157 157 156 156 156 156 155 155 155 155 154 154 154 154 154 154 154 154 154 154 154 154 154 154 154 154 153 153 154 154 155 155 155 155 154 153 153 153 152 152 152 151 153 153 154 155 155 154 153 153 153 153 152 152 152 151 151 151 151 151 152 152 153 154 154 155 155 155 155 155 154 153 152 151 151 151 151 150 150 150 149 149 150 149 149 148 147 146 145 145 146 146 147 147 148 148 148 148 150 151 151 152 153 153 154 154 155 156 156 156 155 155 155 155 153 153 153 153 152 152 152 152 152 152 151 151 152 153 154 154 155 155 154 154 154 153 153 153 152 152 153 154 155 156 156 157 158 158 158 158 159 159 159 159 158 158 158 158 158 158 158 158 158 158 158 158 158 158 158 158 157 157 157 157 158 158 158 158 160 160 160 160 160 159 158 157 154 154 154 154 153 153 153 153 150 150 150 151 152 153 154 155 156 156 156 155 155 155 153 153 154 155 156 155 155 153 150 150 148 148 148 148 148 147 147 148 146 146 147 148 148 149 149 149 148 148 148 148 149 149 149 149 151 151 151 151 151 151 151 151 150 150 151 151 151 148 146 145 136 137 137 138 140 143 145 147 144 146 149 152 145 130 109 94 75 66 57 58 71 92 108 116 0 0 0 0 0 0 0 0
0 0 0 0 0 0 0 0 199 198 196 195 195 196 197 197 197 198 198 198 198 198 198 197 195 195 194 194 193 192 191 191 185 185 183 177 169 161 156 154 147 145 141 136 130 124 120 117 110 110 107 104 97 91 86 82 80 79 76 71 66 63 62 61 75 70 65 57 48 47 60 76 92 113 129 134 133 126 106 85 71 56 41 34 35 40 50 62 84 96 112 124 131 141 155 166 181 189 196 203 205 205 202 199 192 191 191 193 197 201 204 206 207 205 202 200 198 196 195 196 197 203 208 207 203 201 203 205 209 207 205 203 202 204 206 209 210 210 210 211 211 211 212 212 213 214 215 214 215 214 214 213 211 210 210 210 210 209 209 209 208 208 209 209 206 205 206 206 208 206 205 206 211 212 210 209 205 206 207 208 208 208 208 206 205 202 199 196 195 195 194 194 194 195 197 200 200 198 196 194 195 192 188 182 172 165 160 159 144 139 131 121 112 105 100 98 97 96 96 95 94 92 90 90 90 92 96 102 109 116 122 125 144 161 182 166 135 98 67 79 95 120 138 149 159 157 148 149 146 147 148 150 150 152 153 154 153 152 152 153 156 158 158 156 157 157 157 157 157 157 157 157 160 159 159 159 158 158 158 157 158 158 158 158 157 157 157 157 156 156 156 156 155 155 155 155 155 155 155 155 155 155 155 155 155 155 155 155 155 155 155 155 154 154 154 155 155 155 156 156 155 154 154 154 153 153 153 153 153 153 154 155 155 154 153 153 153 153 152 152 152 151 151 151 150 150 151 152 153 154 154 155 154 154 154 154 153 152 151 150 149 149 148 148 148 147 147 147 148 148 147 147 146 145 145 145 146 146 146 147 147 147 148 148 148 148 149 150 151 152 152 154 154 154 154 154 154 154 153 153 153 153 152 152 152 152 152 152 152 152 151 151 152 152 153 154 154 154 153 153 152 152 152 152 150 151 151 152 153 154 156 156 157 157 158 158 158 158 158 158 158 158 158 158 158 158 158 158 158 158 158 158 158 158 158 158 156 156 156 156 157 157 157 157 157 157 159 159 158 157 157 156 153 152 152 152 152 152 152 152 149 149 149 151 152 153 154 155 155 155 154 154 153 152 151 151 150 151 153 153 153 151 149 148 147 148 147 149 148 148 148 149 147 147 149 149 149 150 150 150 149 150 150 150 151 151 152 152 151 151 151 151 151 151 151 150 150 150 151 151 150 147 144 142 137 137 136 138 140 144 147 149 146 148 149 144 129 106 83 67 52 56 67 87 109 130 144 150 0 0 0 0 0 0 0 0
0 0 0 0 0 0 0 0 191 193 196 199 202 204 204 204 207 207 206 205 204 205 206 206 200 199 202 203 204 205 204 205 208 206 205 205 207 205 200 196 195 194 189 185 180 175 171 170 167 169 171 171 167 161 152 148 139 136 131 126 120 117 114 113 99 92 80 63 42 26 29 42 74 98 120 129 136 140 127 110 95 74 50 35 25 20 24 33 39 42 48 58 72 89 108 121 141 156 178 196 208 213 211 209 201 201 201 201 203 205 204 204 209 207 203 198 194 190 186 185 190 198 205 208 204 203 204 208 209 207 205 203 202 204 206 209 210 210 210 210 211 211 212 212 213 214 214 214 214 214 214 213 211 210 210 210 210 210 209 209 206 208 209 209 206 205 205 207 207 204 203 205 210 211 207 204 209 210 211 212 212 211 211 210 207 204 201 198 197 196 196 196 194 196 198 199 199 196 192 190 178 175 167 153 134 120 111 108 101 97 89 80 73 67 63 61 58 58 58 58 56 54 52 50 51 52 54 58 64 70 75 78 114 134 159 149 123 91 61 73 86 111 129 142 157 157 148 146 147 148 149 150 152 154 155 155 153 152 152 154 156 158 158 157 157 157 157 157 157 157 157 157 160 160 160 159 159 159 158 158 158 158 158 158 157 157 157 157 156 156 156 156 155 155 155 155 154 155 155 155 155 155 155 155 155 155 155 155 155 155 155 155 154 154 154 155 155 156 156 156 156 156 156 155 155 154 154 154 153 154 154 155 155 154 154 153 153 153 153 152 152 151 151 151 149 150 151 151 152 153 154 154 153 153 153 153 152 151 150 149 147 147 146 146 146 145 145 145 147 147 147 146 146 145 145 145 147 147 147 148 148 149 149 149 147 148 148 149 150 151 152 152 154 154 154 154 154 154 153 153 153 153 152 152 152 152 152 152 152 151 151 151 151 152 153 154 153 153 152 152 152 151 151 151 149 150 150 151 152 153 155 155 156 156 157 157 157 157 157 157 157 157 157 157 157 157 157 157 157 157 157 157 157 157 157 157 156 156 156 156 157 157 157 157 156 156 158 158 157 157 156 155 153 152 152 152 152 152 152 152 148 149 149 150 152 153 154 154 153 154 153 153 152 151 150 150 146 146 148 149 149 148 145 144 146 146 146 146 146 147 147 147 147 148 148 149 150 150 151 151 150 150 150 151 151 152 152 152 150 150 150 150 150 150 150 149 149 149 149 148 145 142 139 137 139 139 139 140 143 147 149 151 150 148 141 127 105 81 62 52 53 70 98 132 161 183 193 197 0 0 0 0 0 0 0 0
0 0 0 0 0 0 0 0 188 191 196 200 203 204 203 201 199 196 193 190 190 192 195 196 197 195 195 195 195 196 197 199 196 195 194 198 202 205 203 202 200 200 197 195 192 190 188 186 183 186 188 191 190 189 186 184 178 179 179 176 173 169 164 161 160 148 133 111 78 47 40 49 63 96 125 134 134 134 135 129 113 104 89 75 66 59 52 49 49 42 39 45 52 58 66 75 87 103 128 153 175 191 198 200 201 199 199 200 200 199 197 198 201 201 201 197 184 169 162 164 179 195 203 206 210 204 198 204 205 205 205 205 204 204 204 205 206 206 208 209 210 211 212 213 213 213 214 214 214 213 213 212 212 211 211 211 211 211 210 210 209 209 209 208 208 208 208 208 208 208 208 208 209 209 209 209 211 212 213 213 213 210 208 207 203 203 201 201 200 198 195 193 199 200 197 189 186 182 168 152 139 129 118 104 88 74 72 80 73 72 71 70 72 73 74 75 74 75 77 78 77 75 72 71 73 72 69 67 65 65 66 66 84 97 112 114 94 69 56 57 74 95 116 126 134 143 148 148 151 152 151 150 152 152 151 151 152 152 153 154 155 157 158 159 156 156 157 157 157 158 158 158 156 157 158 159 159 159 159 158 157 157 157 157 157 157 157 157 155 155 155 155 154 154 154 154 154 154 154 154 154 154 154 154 154 154 154 154 154 154 154 154 155 155 155 154 154 154 153 153 154 154 154 153 153 153 152 152 153 152 152 151 151 150 150 150 150 150 150 150 150 150 150 150 149 149 150 150 150 151 151 151 152 152 153 152 151 149 146 145 147 147 147 146 146 146 145 145 145 145 145 145 145 145 145 145 146 146 146 147 147 148 148 149 148 148 148 149 149 150 150 151 150 150 151 151 150 151 151 151 151 151 150 150 150 150 150 150 148 148 148 148 148 148 148 148 148 148 148 148 148 148 148 148 149 149 150 150 150 151 152 152 154 154 154 154 155 155 155 155 153 153 153 153 153 153 153 153 152 152 152 152 152 152 152 153 154 154 154 154 155 155 155 155 154 154 155 155 155 155 155 155 151 150 150 149 149 149 148 148 146 147 147 148 149 150 151 151 150 150 148 148 147 149 150 151 149 147 145 144 145 144 141 139 137 137 138 139 139 141 142 143 144 145 145 147 148 148 148 148 146 146 146 147 147 147 147 147 146 146 146 146 146 146 146 146 148 147 146 144 141 139 138 139 138 140 144 146 147 145 140 136 142 125 107 92 77 59 49 49 60 88 128 165 189 200 200 200 0 0 0 0 0 0 0 0
0 0 0 0 0 0 0 0 186 189 193 198 201 201 201 199 193 191 188 186 186 188 191 192 191 190 188 189 189 191 192 193 195 194 194 196 200 202 202 200 200 200 199 198 197 196 195 195 202 202 204 205 207 208 208 207 213 213 213 211 209 205 200 198 200 185 164 136 97 61 49 55 69 98 127 139 141 144 141 134 133 128 120 112 101 89 75 66 61 55 49 51 48 42 40 43 51 65 86 112 138 161 178 188 203 202 200 200 196 194 193 194 196 197 195 189 173 154 144 143 166 183 196 203 209 204 198 205 204 205 205 205 204 204 204 204 206 206 208 208 209 211 212 212 212 213 213 213 213 213 212 212 212 211 211 211 211 210 210 210 209 209 209 208 208 208 208 208 208 207 208 208 208 208 208 208 208 208 207 206 204 203 202 200 201 200 199 200 201 202 200 198 193 193 186 176 168 157 140 123 100 88 73 66 59 55 54 58 63 66 70 74 79 85 88 92 102 103 103 105 103 103 100 100 89 88 84 81 76 73 70 69 67 75 88 87 71 49 38 38 59 80 100 108 113 124 139 146 153 154 152 151 150 149 149 149 152 152 153 153 155 156 158 157 155 156 156 156 157 157 157 158 156 156 157 158 159 159 158 158 157 157 157 157 157 157 157 157 155 155 155 155 154 154 154 154 154 154 154 154 154 154 154 154 154 154 154 154 154 154 154 154 155 155 154 154 153 153 153 153 154 154 153 153 152 152 152 152 152 152 151 151 151 150 150 150 150 150 150 150 150 150 150 150 149 149 149 150 150 150 151 151 152 152 152 152 150 148 146 145 146 146 146 145 145 145 144 144 145 145 145 145 145 145 145 145 146 146 146 147 147 147 148 148 147 148 148 148 149 149 150 150 149 150 150 150 150 150 150 151 150 150 149 149 149 149 149 149 147 147 147 147 147 147 147 147 148 148 148 148 148 148 148 148 148 148 149 149 149 150 151 151 153 153 153 153 154 154 154 154 152 152 152 152 152 152 152 152 151 151 151 151 151 151 151 151 153 153 153 153 154 154 154 154 153 153 154 154 154 154 154 154 151 149 149 149 148 148 148 147 146 146 146 147 147 148 148 149 149 148 146 146 147 148 149 150 152 149 147 145 144 143 144 142 139 138 139 140 141 141 142 144 145 146 147 147 148 149 150 150 147 147 147 147 147 147 147 147 141 141 141 141 141 141 141 141 140 141 141 139 135 134 134 134 143 144 145 145 141 134 125 120 116 101 85 75 66 59 59 63 88 113 151 185 204 209 204 199 0 0 0 0 0 0 0 0
0 0 0 0 0 0 0 0 188 190 194 199 201 203 203 202 196 193 191 190 190 191 194 195 192 192 192 192 191 193 194 196 195 194 195 196 199 200 200 199 196 196 195 195 194 194 194 194 190 190 190 191 194 197 199 201 205 204 202 200 195 190 185 182 188 173 154 129 95 66 55 60 85 111 135 148 152 157 154 147 146 146 145 143 135 125 112 104 107 102 98 95 89 75 60 52 41 49 63 85 113 143 172 190 205 206 204 200 195 191 190 190 198 197 194 186 166 143 128 124 146 169 185 199 210 205 199 205 203 204 204 204 204 203 203 203 205 206 206 207 208 210 210 211 211 212 213 212 212 212 211 211 211 211 211 211 210 210 210 210 209 208 208 208 208 208 208 207 207 208 208 208 208 208 208 208 205 203 200 198 196 195 195 194 196 195 197 200 202 201 198 194 179 173 160 146 131 115 98 84 71 58 47 51 59 65 67 70 86 91 98 109 118 126 132 136 137 138 136 137 136 136 135 136 134 133 128 124 117 111 105 103 66 69 73 71 55 36 24 24 41 62 82 86 86 100 126 147 154 155 155 153 150 147 146 147 150 151 152 153 153 154 155 156 154 154 155 155 156 156 156 156 155 156 157 157 158 158 157 157 156 156 156 156 156 156 156 156 154 154 154 154 153 153 153 153 153 153 153 153 153 153 153 153 153 153 153 153 153 153 153 153 154 154 153 153 153 152 152 152 153 153 152 152 152 151 151 151 151 151 151 150 150 150 149 149 150 150 150 150 150 150 150 150 148 148 149 149 149 150 150 150 151 151 151 150 149 148 146 145 145 145 144 144 144 143 143 143 144 144 144 145 145 145 145 145 145 145 146 146 146 147 147 147 147 147 147 147 148 148 148 148 148 148 149 149 149 149 149 149 149 149 148 148 148 148 148 148 146 146 146 146 146 146 146 146 146 146 146 146 146 146 146 146 146 146 147 147 147 148 149 149 151 151 151 151 152 152 152 152 150 150 150 150 150 150 150 150 149 149 149 149 149 149 149 149 150 150 150 150 150 150 150 150 150 150 151 151 151 151 151 151 149 149 149 149 147 147 146 146 145 145 144 144 145 145 145 145 145 145 144 145 145 147 148 148 150 151 149 147 146 144 145 145 140 140 140 140 141 141 141 142 144 145 146 146 147 148 148 148 146 146 146 146 146 146 146 146 149 149 149 149 149 149 149 148 146 147 148 147 145 144 144 146 150 151 150 145 135 123 111 104 89 82 75 73 75 80 90 99 124 144 173 198 211 210 201 195 0 0 0 0 0 0 0 0
0 0 0 0 0 0 0 0 188 191 193 197 199 201 201 201 198 197 196 195 196 197 198 198 196 196 196 196 197 198 199 200 197 196 196 197 197 198 198 198 195 195 194 192 191 189 188 188 189 190 191 192 194 197 199 199 205 203 198 190 181 172 162 158 143 133 120 103 83 65 61 65 82 102 123 133 136 141 144 144 154 153 152 151 147 142 137 134 132 127 124 126 125 112 91 73 48 47 49 63 85 116 151 177 200 205 207 202 196 193 192 193 201 198 193 183 162 136 117 109 130 155 177 195 210 207 199 203 203 203 203 203 202 203 203 202 203 204 205 207 207 208 209 210 211 211 212 212 211 211 210 210 211 211 211 210 210 210 210 209 208 208 208 208 207 207 207 207 207 207 207 207 207 207 207 207 204 201 197 195 193 194 195 196 195 195 199 201 201 195 184 174 157 146 126 107 89 77 65 57 62 56 57 68 85 99 106 108 111 116 125 135 144 150 154 156 156 155 154 154 153 154 154 155 152 151 148 144 138 132 126 123 89 85 80 72 54 33 20 17 31 52 70 70 66 80 114 143 149 154 157 154 149 143 142 144 149 149 150 153 153 153 153 154 153 153 153 154 154 154 155 155 154 154 155 156 157 157 156 156 155 155 155 155 155 155 155 155 153 153 153 153 152 152 152 152 152 152 152 152 152 152 152 152 152 152 152 152 152 152 152 152 153 153 152 152 151 151 151 151 152 152 151 151 150 150 150 150 150 150 150 149 149 149 149 149 149 149 149 149 149 149 149 149 147 148 148 148 149 149 149 149 150 150 149 148 147 146 145 145 143 143 143 142 142 142 141 141 143 144 144 144 144 145 145 145 145 145 145 145 145 146 146 146 146 146 146 146 146 146 146 146 147 147 147 148 147 147 148 148 147 147 146 146 146 146 146 146 144 144 144 144 144 144 144 144 145 145 145 145 145 145 145 145 143 145 145 145 146 146 147 148 149 149 149 149 150 150 150 150 148 148 148 148 148 148 148 148 147 147 147 147 147 147 147 147 148 148 148 148 148 148 148 148 148 148 149 149 149 149 149 149 148 148 147 147 146 145 145 145 144 144 143 142 142 141 141 142 141 142 142 143 143 144 146 146 146 149 150 151 148 148 147 148 143 142 142 142 141 140 140 140 144 144 144 145 146 145 145 145 144 144 144 143 143 143 143 143 141 141 141 141 141 141 141 141 140 142 141 139 137 136 137 137 133 133 131 125 112 98 86 80 78 83 90 102 112 126 140 151 160 172 187 202 207 207 200 196 0 0 0 0 0 0 0 0
0 0 0 0 0 0 0 0 184 186 188 191 193 194 194 194 192 192 193 193 193 194 195 195 194 194 194 195 196 197 198 199 199 199 199 199 197 197 197 197 199 199 198 197 196 196 195 195 199 199 201 202 203 203 204 203 197 192 183 170 156 140 126 120 96 89 80 70 57 48 46 47 74 89 105 109 111 117 128 137 148 149 151 150 149 146 144 144 142 136 133 138 145 137 114 92 69 60 52 54 66 91 126 154 182 194 204 202 198 199 200 199 201 195 185 172 150 124 103 96 115 143 170 193 208 206 198 201 202 203 203 203 202 202 201 201 202 203 204 205 205 207 209 209 210 211 211 211 210 210 210 210 211 210 210 210 210 210 209 209 208 207 207 207 207 206 206 207 206 206 206 206 206 206 206 206 208 205 202 199 198 199 202 203 201 202 203 204 199 185 164 148 130 114 91 71 57 53 53 56 66 73 85 97 111 124 132 135 137 140 146 151 155 156 156 155 153 153 152 152 152 152 153 154 149 149 149 147 144 140 137 135 118 111 100 86 62 36 18 11 28 48 64 64 57 65 97 128 137 146 155 155 148 142 141 142 147 148 149 151 151 151 150 150 151 151 152 152 152 153 153 153 153 153 154 155 155 155 155 155 153 153 153 153 152 152 152 152 151 151 151 151 150 150 150 150 152 152 152 152 152 152 152 152 152 152 152 152 152 152 152 152 151 151 151 151 150 150 149 149 150 150 150 150 149 149 148 148 148 148 148 149 149 149 149 149 149 149 149 149 149 149 149 149 147 147 147 147 148 148 148 149 148 148 147 146 146 145 145 145 142 142 142 142 141 141 141 140 142 143 143 144 144 145 145 145 144 144 144 144 144 143 143 143 143 143 143 143 143 143 143 144 145 145 146 146 145 146 146 146 145 145 144 144 144 144 144 144 141 141 141 141 141 141 141 141 142 142 142 142 142 142 142 143 142 143 144 144 144 145 146 146 147 147 147 147 148 148 148 148 147 147 147 147 147 147 147 147 146 146 146 146 146 146 146 146 146 146 146 146 146 146 146 146 146 146 147 147 147 147 147 147 146 146 146 145 144 144 143 143 143 142 142 141 140 140 139 139 139 140 141 142 143 143 143 143 144 147 150 151 150 148 147 146 143 142 140 139 138 137 136 135 135 135 136 135 135 134 134 134 134 134 133 133 132 132 132 131 130 130 130 130 130 130 130 130 132 132 130 124 119 114 112 111 110 112 111 104 95 84 76 74 72 91 116 139 157 174 187 194 191 193 195 198 202 204 205 205 0 0 0 0 0 0 0 0
0 0 0 0 0 0 0 0 186 187 188 190 191 191 191 191 190 190 192 193 194 194 194 193 195 195 195 196 197 197 199 200 201 202 201 200 197 195 195 196 196 196 197 198 200 202 203 203 197 198 200 200 200 200 198 197 202 197 186 171 152 134 119 112 96 92 87 82 77 73 72 71 71 77 82 83 82 87 100 110 115 120 128 136 140 144 146 149 154 150 145 146 153 151 134 114 95 79 64 57 55 68 97 124 148 169 191 197 198 203 207 206 204 193 177 160 137 111 94 88 101 132 162 188 206 204 197 201 202 203 202 203 201 201 200 200 201 202 202 204 205 206 207 208 210 210 210 210 210 209 210 209 210 210 210 210 210 209 209 209 207 207 207 206 206 206 206 206 206 205 205 205 205 205 205 205 213 210 207 204 202 204 205 207 206 204 200 196 186 165 138 121 97 82 64 52 47 50 61 71 93 107 122 129 134 139 144 145 149 151 152 154 153 150 146 144 142 142 143 143 143 143 144 144 147 147 147 148 147 147 146 146 142 137 126 109 81 50 28 19 32 49 66 68 57 57 78 102 121 135 149 153 148 141 140 142 145 147 148 150 150 150 149 148 150 150 150 150 151 151 152 152 151 152 153 154 154 154 154 153 152 152 152 152 151 151 151 151 150 150 150 150 149 149 149 149 151 151 151 151 151 151 151 151 151 151 151 151 151 151 151 151 150 150 150 149 149 149 148 148 149 149 149 148 148 148 147 147 147 147 147 148 148 148 149 149 148 148 148 148 148 148 148 148 146 146 146 147 147 147 148 148 147 147 146 145 144 144 145 145 142 142 142 142 141 141 140 140 142 142 142 143 144 144 145 145 144 144 143 143 143 142 142 142 142 142 142 142 141 141 141 142 144 144 144 144 144 144 145 145 143 143 142 142 142 142 142 142 139 139 139 139 139 139 139 139 141 141 141 141 141 141 141 142 142 143 143 144 144 144 146 146 146 146 146 146 147 147 147 147 147 147 147 147 147 147 147 147 146 146 146 146 146 146 146 146 144 145 145 145 145 145 145 145 145 145 146 146 146 146 146 146 145 145 144 144 142 143 142 143 141 142 140 140 139 139 138 138 139 140 140 142 142 141 140 141 144 142 140 141 141 142 138 136 133 131 129 128 126 124 122 122 110 111 110 110 109 109 108 108 108 107 107 106 105 105 104 104 108 108 108 108 108 108 108 109 113 111 106 99 90 83 78 77 81 84 84 81 76 74 75 77 79 107 141 168 187 201 209 213 204 200 193 191 194 200 204 208 0 0 0 0 0 0 0 0
0 0 0 0 0 0 0 0 193 193 193 193 193 193 193 192 191 192 194 196 197 197 196 195 197 198 197 198 198 200 202 203 201 202 202 200 196 193 193 195 192 193 194 196 197 199 200 202 202 202 201 202 202 202 203 204 189 185 174 161 144 127 114 106 98 98 98 98 98 99 99 95 91 83 75 70 67 66 69 71 80 85 94 101 109 120 131 138 143 143 142 137 139 141 136 128 115 97 76 59 45 43 61 83 108 138 170 186 194 203 209 208 204 188 166 143 119 96 82 78 89 120 153 182 202 204 197 202 202 203 202 202 201 200 199 199 201 200 202 203 204 205 206 207 209 209 210 209 210 209 209 209 210 210 210 210 209 209 209 208 207 206 206 206 205 205 205 205 205 205 206 206 205 205 205 205 212 209 204 201 199 198 198 199 196 189 180 170 156 135 108 90 77 69 63 64 67 74 87 100 125 137 148 149 147 148 148 146 139 139 141 140 138 135 133 131 134 136 137 138 139 139 138 137 136 136 136 136 137 138 139 139 151 150 144 128 100 65 41 32 42 56 73 79 67 57 62 77 104 123 144 152 148 141 140 144 144 146 148 149 149 148 146 145 148 149 149 149 150 150 150 151 150 151 152 153 153 153 153 153 151 151 151 151 150 150 150 150 149 149 149 149 148 148 148 148 150 150 150 150 150 150 150 150 150 150 150 150 150 150 150 150 149 149 149 149 148 148 147 147 148 148 148 148 147 147 146 146 146 146 147 147 147 148 148 148 148 148 148 148 148 148 148 148 145 145 146 146 146 147 147 147 147 146 144 143 143 143 144 145 143 143 142 142 142 141 141 141 141 141 142 143 144 144 145 145 143 143 143 142 142 142 141 141 142 141 141 141 140 140 139 139 142 143 143 143 143 143 143 144 142 142 141 141 141 141 141 141 138 138 138 138 138 138 138 138 139 139 139 139 139 139 139 140 142 143 143 144 144 144 146 146 146 146 146 146 147 147 147 147 147 147 147 147 147 147 147 147 146 146 146 146 146 146 146 146 143 143 143 143 144 144 144 144 144 144 144 144 144 144 144 145 144 144 143 144 142 142 142 141 141 141 139 139 139 139 139 138 140 141 141 143 141 140 139 138 142 132 122 117 118 120 117 114 111 110 108 105 103 100 98 97 88 88 87 87 85 85 84 85 84 84 83 82 82 81 80 80 75 75 75 75 75 75 75 76 79 79 76 71 63 58 55 55 60 63 64 63 65 70 81 89 112 140 171 190 201 207 211 211 206 201 195 193 196 200 203 205 0 0 0 0 0 0 0 0
0 0 0 0 0 0 0 0 192 191 191 190 190 189 188 188 188 191 194 196 196 195 194 193 195 195 196 197 197 199 199 200 200 202 202 199 195 192 192 194 196 197 196 198 199 199 199 200 201 199 197 196 195 198 201 203 210 207 198 187 174 159 146 140 159 160 160 160 163 165 162 157 146 129 111 101 95 89 81 74 72 71 69 68 72 85 101 114 130 138 140 133 130 136 144 147 151 130 105 82 59 45 55 73 80 118 157 176 189 202 209 208 199 179 151 126 100 79 66 65 80 113 147 177 201 203 198 203 203 203 202 202 200 201 200 199 201 201 202 203 203 204 206 206 209 209 209 209 209 209 208 209 210 210 210 209 209 209 208 208 206 206 206 206 205 205 205 205 204 205 205 204 204 204 203 203 203 202 197 193 189 187 185 184 178 169 155 141 127 107 83 66 77 75 79 90 99 107 119 130 136 146 151 149 147 147 144 139 145 146 147 147 146 145 143 142 133 135 137 139 140 139 137 136 142 141 140 139 139 140 142 143 146 147 146 133 106 72 47 40 50 64 81 88 76 60 54 63 92 114 140 152 148 142 142 145 143 144 148 149 148 147 145 144 147 148 147 149 148 149 149 150 149 151 151 152 153 153 152 152 152 151 151 151 150 150 150 150 149 149 149 149 148 148 148 148 150 150 150 150 150 150 150 150 150 150 150 150 150 150 150 150 149 149 148 148 148 147 147 147 148 148 147 147 147 146 146 146 145 146 146 147 147 148 148 148 148 148 148 148 148 148 148 148 145 145 144 146 145 146 146 147 145 145 143 142 141 143 143 145 142 143 142 142 141 141 140 141 139 141 141 142 142 144 144 144 142 143 142 142 141 141 140 140 140 141 140 140 139 139 138 138 141 141 141 142 141 141 142 142 141 140 140 140 140 140 140 139 138 137 137 137 137 137 137 137 139 139 139 139 139 139 139 140 143 143 143 144 144 145 146 146 145 146 145 146 146 146 146 146 147 147 147 147 147 147 147 147 146 146 146 146 146 146 146 146 143 143 143 143 144 144 144 144 143 143 144 144 144 144 144 143 144 143 142 142 141 140 140 140 139 139 139 139 139 139 139 139 140 141 142 142 141 139 138 136 138 122 104 96 97 99 99 95 91 90 87 85 81 79 78 75 83 83 82 81 80 79 78 78 79 78 78 77 76 75 74 74 74 74 74 74 74 74 74 74 77 78 79 77 75 74 75 76 81 83 85 86 91 101 118 130 146 171 195 205 205 206 206 204 207 204 201 201 203 206 207 206 0 0 0 0 0 0 0 0
0 0 0 0 0 0 0 0 189 189 189 189 190 190 190 190 193 193 193 194 195 196 196 196 196 196 196 197 196 196 196 196 198 198 197 198 197 197 196 197 199 200 199 199 199 199 199 199 201 196 189 190 193 198 201 202 207 208 205 199 189 179 174 173 196 197 200 202 202 203 202 201 180 168 152 141 135 123 108 96 84 73 63 59 58 62 76 92 107 119 127 127 125 130 141 151 157 150 130 99 71 56 52 51 68 91 126 158 178 188 191 192 181 158 128 106 85 67 58 58 71 104 143 173 194 206 207 202 198 200 202 203 204 204 203 203 201 200 200 202 203 204 206 207 207 208 210 211 211 212 210 210 209 209 209 209 209 209 209 209 207 208 209 207 206 204 205 205 203 207 206 202 202 203 198 189 185 179 170 166 164 162 155 151 141 132 118 100 83 74 72 74 78 92 110 124 130 135 142 148 152 149 146 144 143 143 143 144 143 144 144 145 145 144 144 143 147 145 143 141 140 141 143 144 142 143 143 144 144 143 143 142 143 141 146 141 119 97 70 41 52 69 90 105 78 74 43 54 71 97 129 146 149 144 141 139 141 143 145 145 144 142 143 144 145 147 147 149 148 150 148 149 148 150 151 152 153 153 152 152 152 151 152 152 151 151 150 150 148 148 147 147 147 147 146 146 149 149 149 149 149 149 149 149 148 148 148 148 148 148 148 148 148 148 148 147 147 146 146 146 146 146 146 146 146 146 146 146 146 146 146 146 146 146 146 146 148 148 148 148 148 148 148 148 146 146 146 146 146 146 146 146 143 143 144 144 143 143 142 141 140 141 140 141 140 141 140 141 140 141 140 142 141 143 142 143 141 142 141 142 141 142 141 142 140 141 140 140 139 139 138 138 139 139 139 139 139 139 139 140 139 138 138 138 138 138 138 138 137 136 136 136 136 137 138 139 140 140 140 140 140 140 140 140 142 142 142 142 142 142 142 142 143 143 143 143 143 143 143 144 145 145 145 145 145 145 145 145 145 145 144 145 144 145 144 145 144 143 142 141 140 141 142 143 143 142 142 140 137 139 142 146 140 140 139 139 139 139 139 139 141 138 136 138 141 144 141 139 137 137 137 138 138 135 130 126 131 107 90 83 80 87 89 79 81 79 77 75 73 73 75 75 91 90 90 90 90 90 90 90 87 88 87 87 87 86 86 86 88 88 88 88 88 88 88 87 87 84 85 93 102 109 111 109 112 118 124 126 127 135 147 158 181 194 208 211 205 198 196 197 204 205 207 208 208 207 205 204 0 0 0 0 0 0 0 0
0 0 0 0 0 0 0 0 189 189 189 189 189 189 189 190 193 193 193 194 194 195 196 195 195 196 195 196 197 197 196 198 198 198 198 198 197 197 197 197 199 200 200 200 200 200 199 199 199 197 195 193 195 196 197 197 201 203 203 200 197 194 194 195 201 202 203 203 204 203 201 201 193 188 182 178 175 166 152 142 141 127 110 94 78 64 59 62 71 78 90 102 114 127 138 145 146 143 133 115 97 82 67 55 51 64 88 114 134 146 151 152 138 119 99 85 71 61 55 55 54 82 119 152 179 198 203 200 197 199 202 204 204 205 203 201 202 201 200 202 201 204 205 206 206 207 208 208 209 209 209 209 210 210 210 211 211 210 209 208 206 206 205 203 201 200 201 201 205 208 206 200 195 190 179 168 140 133 125 118 112 104 95 88 76 73 69 66 66 75 88 98 109 121 134 142 143 143 147 150 142 142 139 138 138 140 142 143 144 144 144 145 145 144 144 143 146 146 143 142 141 142 143 145 142 144 143 145 144 144 143 142 139 137 144 145 131 117 92 65 55 52 62 88 93 101 58 48 49 74 107 131 142 141 137 133 146 147 147 146 142 140 140 141 144 144 144 146 146 146 146 145 145 147 149 151 152 153 152 152 152 152 152 152 151 151 150 150 148 148 147 147 147 147 147 147 149 149 149 149 149 149 149 149 148 148 148 148 148 148 148 148 148 148 147 147 147 146 146 146 146 146 146 146 146 146 146 146 146 146 146 146 146 146 146 146 148 148 148 148 148 148 148 148 146 146 146 146 146 146 146 146 145 145 146 146 145 144 143 143 140 140 140 140 140 140 140 140 140 140 140 141 141 142 142 142 141 141 141 141 141 141 141 141 140 140 140 139 139 138 138 138 138 138 138 138 138 138 139 139 138 138 138 138 138 138 139 138 137 137 137 137 137 138 139 140 140 140 140 140 140 140 140 140 142 142 142 142 142 142 142 142 143 143 142 142 142 142 142 143 144 145 145 145 145 145 145 145 144 144 144 144 144 144 144 144 142 141 140 140 140 140 142 143 142 142 141 138 138 139 142 145 144 143 141 141 138 138 136 136 139 137 136 138 141 142 140 138 144 142 140 138 134 127 121 115 110 94 86 86 87 98 105 99 110 110 113 116 119 122 125 127 146 146 145 145 144 145 144 145 148 148 148 147 147 147 146 146 148 148 148 148 148 148 148 147 147 147 148 155 166 173 175 175 171 173 176 174 173 175 181 188 189 198 206 208 204 200 200 201 203 205 207 208 208 207 205 204 0 0 0 0 0 0 0 0
0 0 0 0 0 0 0 0 188 188 188 188 188 189 189 189 192 192 192 193 194 194 194 195 196 197 197 197 197 197 197 199 198 198 198 198 197 197 197 197 198 198 199 199 199 199 199 199 196 198 200 200 196 194 191 191 194 198 200 203 204 206 210 213 205 206 206 205 205 204 201 201 203 201 200 201 201 199 194 190 191 178 160 142 120 97 76 66 63 62 67 82 102 118 127 128 138 137 134 127 120 108 85 68 49 48 50 63 78 90 94 93 80 70 61 59 58 55 53 54 47 68 99 135 168 193 201 200 194 196 200 203 204 204 203 201 202 202 201 201 201 201 202 204 206 205 205 204 205 206 207 208 211 210 210 210 209 207 204 203 203 203 203 204 204 204 204 203 202 199 193 180 168 156 140 128 107 103 96 90 80 68 56 47 32 34 39 46 59 78 99 114 130 137 146 149 145 142 142 144 136 135 134 135 136 139 141 142 143 143 144 144 144 144 143 143 145 144 143 141 141 142 143 144 142 143 143 144 144 143 143 142 137 135 143 148 143 134 114 87 57 38 40 74 104 120 74 48 37 56 88 120 139 145 142 138 148 149 147 145 141 138 138 138 143 144 143 144 145 145 145 145 143 145 148 150 152 152 152 151 153 153 153 153 152 152 151 151 149 149 148 148 148 148 147 147 148 148 148 148 148 148 148 148 149 149 149 149 149 149 149 149 148 147 147 147 146 146 146 146 147 147 147 147 147 147 147 147 147 147 147 147 147 147 147 147 149 149 149 149 149 149 149 149 147 147 147 147 147 147 147 147 147 147 147 147 147 146 145 144 140 140 140 140 140 140 140 140 140 140 140 140 141 141 141 141 142 142 142 142 142 142 142 142 140 140 140 139 139 138 138 138 138 138 138 138 138 138 139 139 138 138 138 138 138 138 139 138 139 138 138 138 138 139 140 141 140 140 140 140 140 140 140 140 142 142 142 142 142 142 142 142 143 143 143 143 143 143 142 143 144 145 145 145 145 145 145 145 145 145 145 145 145 145 144 144 141 140 139 138 138 139 141 142 142 142 141 139 139 139 141 144 145 145 143 141 139 136 134 134 136 136 135 136 138 140 139 137 146 143 138 135 127 120 110 104 96 91 99 109 115 129 141 139 146 148 154 159 165 170 174 177 183 183 182 182 181 181 181 180 183 183 182 182 181 181 181 181 181 181 181 181 181 181 181 181 184 183 183 189 197 203 203 203 208 207 205 203 202 200 200 201 199 202 204 206 205 204 205 206 204 205 207 208 208 207 205 204 0 0 0 0 0 0 0 0
0 0 0 0 0 0 0 0 187 187 188 188 188 188 190 190 191 191 192 192 192 194 193 193 197 197 198 198 197 199 199 199 198 198 198 198 197 197 197 197 197 197 197 197 198 198 198 197 194 198 204 203 197 191 188 187 192 195 197 201 203 204 207 208 201 202 201 201 201 201 200 199 203 201 199 199 199 204 211 215 209 200 189 178 166 146 124 109 93 82 74 76 87 100 109 116 136 137 134 131 127 120 105 91 77 61 44 38 44 50 49 45 37 37 40 48 57 62 63 63 53 67 91 126 164 191 199 200 192 195 198 201 204 204 202 200 203 203 202 200 200 200 200 202 205 204 201 201 201 202 205 206 211 211 208 206 203 201 201 199 200 200 202 204 205 203 199 196 183 176 160 142 125 110 96 87 79 80 79 73 63 48 33 23 25 31 42 54 68 87 106 118 131 136 142 143 140 136 136 137 135 136 135 136 138 140 142 144 142 144 144 145 144 144 143 142 143 144 142 142 141 142 142 144 141 143 142 144 143 143 142 141 137 133 139 146 144 139 121 94 59 36 41 67 103 119 84 62 37 47 70 103 131 143 145 144 145 146 146 144 140 138 136 137 140 141 141 142 143 145 146 147 146 147 149 151 152 152 151 150 152 153 153 153 152 152 151 151 149 149 148 148 148 148 147 147 147 147 147 147 147 147 147 147 149 149 149 149 149 149 149 149 147 147 147 146 146 146 145 145 147 147 147 147 147 147 147 147 147 147 147 147 147 147 147 147 149 149 149 149 149 149 149 149 147 147 147 147 147 147 147 147 146 147 147 147 147 146 145 143 140 140 140 140 140 140 140 140 140 140 140 140 140 140 140 141 142 142 142 142 142 142 142 142 140 140 140 139 139 138 138 138 138 138 138 138 138 138 139 139 139 139 139 139 139 139 140 139 140 139 139 139 139 140 141 142 141 141 141 141 141 141 141 141 142 142 142 142 142 142 142 142 142 142 142 142 142 142 142 142 143 144 144 144 144 144 144 144 144 144 144 144 144 144 144 144 143 142 140 137 138 137 139 140 142 142 141 140 138 138 140 143 141 141 140 139 138 136 135 136 138 137 137 137 139 139 139 139 141 139 134 131 126 118 109 103 95 103 126 145 151 163 176 175 176 180 183 189 194 197 199 200 208 208 207 207 206 206 205 205 202 202 202 201 201 201 200 200 200 200 200 200 200 200 200 200 202 201 200 203 205 208 207 206 208 206 203 203 204 203 200 198 202 203 203 204 205 207 207 206 205 207 207 207 208 207 206 206 0 0 0 0 0 0 0 0
0 0 0 0 0 0 0 0 187 187 187 188 188 189 189 190 191 191 191 192 192 192 193 193 197 197 197 198 198 199 198 198 198 198 198 198 198 198 198 198 197 197 197 197 197 197 197 197 194 199 204 203 199 192 189 188 192 194 197 200 201 199 198 196 191 192 193 194 195 196 197 198 201 202 201 200 199 204 211 217 208 204 201 201 200 192 176 162 131 113 90 74 68 72 91 109 125 132 138 137 133 129 124 117 109 89 62 46 42 40 35 29 26 33 45 61 76 85 86 84 55 61 81 117 155 183 194 196 194 196 199 200 202 202 201 201 203 202 200 200 200 198 200 200 203 201 199 199 198 200 202 204 208 208 204 203 202 202 203 204 202 201 199 198 193 184 171 163 148 135 116 100 87 79 74 73 82 85 87 81 66 47 30 21 23 35 53 72 89 104 117 125 131 135 138 139 137 135 136 138 137 137 137 138 138 141 141 143 142 142 143 144 143 143 141 142 142 143 142 142 142 143 142 144 141 143 142 144 143 143 142 141 139 132 137 142 141 139 125 101 68 38 38 57 98 117 95 78 40 38 48 76 105 125 135 141 143 145 147 145 142 138 137 137 137 138 137 138 139 141 143 146 149 149 150 151 151 150 148 148 151 151 151 151 151 151 151 151 149 149 148 148 148 148 148 148 147 147 147 147 147 147 147 147 148 148 148 148 148 148 148 148 147 147 146 146 146 145 145 145 147 147 147 147 147 147 147 147 147 147 147 147 147 147 147 147 148 148 148 148 148 148 148 148 145 145 145 145 145 145 145 145 143 144 144 144 144 143 142 141 140 140 140 140 140 140 140 140 140 140 140 140 140 140 140 139 142 142 142 142 142 142 142 142 140 140 140 139 139 138 138 138 138 138 138 138 138 138 139 139 139 139 139 139 139 139 139 139 140 140 139 139 140 141 142 142 141 141 141 141 141 141 141 141 142 142 142 142 142 142 142 142 142 142 142 142 142 142 142 142 143 143 143 143 143 143 143 143 143 143 143 143 143 143 143 143 144 143 141 138 138 137 138 139 142 142 141 141 138 138 139 142 139 138 139 141 141 141 142 142 146 145 146 145 145 144 145 145 143 142 138 135 131 123 115 110 100 117 150 175 180 187 197 195 199 202 204 208 210 211 210 209 211 210 210 209 208 208 207 207 208 207 206 207 205 206 205 206 204 205 204 205 204 205 204 205 207 207 206 207 207 208 207 207 208 205 203 204 207 207 203 199 203 202 202 205 208 208 206 204 207 207 207 207 207 207 206 207 0 0 0 0 0 0 0 0
0 0 0 0 0 0 0 0 186 186 187 188 188 189 190 190 190 191 191 191 192 192 192 192 195 197 197 197 198 198 197 198 198 198 198 198 198 198 198 198 196 196 196 196 196 196 196 196 196 197 199 200 197 196 192 193 194 195 195 198 199 199 197 194 186 186 187 189 191 194 197 198 198 202 206 209 208 206 204 203 201 203 207 214 222 227 219 208 168 146 114 81 54 49 70 95 109 124 140 145 143 140 137 134 128 112 91 76 68 61 53 47 45 56 71 87 103 113 110 103 56 58 73 106 146 176 192 200 198 199 199 200 200 202 203 203 203 202 201 200 198 199 199 200 201 201 199 198 198 199 200 201 203 203 203 204 204 205 206 206 207 200 191 181 167 151 132 120 102 89 78 71 69 71 76 81 108 114 115 105 82 56 37 25 29 46 71 96 111 121 126 129 133 134 135 136 133 133 134 135 136 137 137 138 138 138 138 139 141 142 142 143 142 143 141 141 140 140 141 141 141 142 142 142 140 141 141 142 142 141 141 141 140 133 136 139 139 141 133 114 83 39 29 38 93 119 107 92 54 39 33 49 75 96 113 126 132 136 140 142 141 138 137 137 135 136 134 133 134 137 139 140 147 148 149 149 149 149 147 146 149 149 149 149 149 149 149 149 148 148 147 147 147 147 147 147 146 146 146 146 146 146 146 146 146 146 146 146 146 146 146 146 146 146 146 146 145 145 145 144 146 146 146 146 146 146 146 146 146 146 146 146 146 146 146 146 146 146 146 146 146 146 146 146 143 143 143 143 143 143 143 143 142 142 143 143 142 141 140 140 140 140 140 140 140 140 140 140 140 140 140 140 139 139 139 139 141 141 141 141 141 141 141 141 140 140 140 139 139 138 138 138 138 138 138 138 138 138 139 139 140 140 140 140 140 140 140 140 140 140 139 139 139 140 141 142 142 142 142 142 142 142 142 142 142 142 142 142 142 142 142 142 141 141 141 141 141 141 141 141 142 142 142 142 142 142 142 142 142 142 142 142 142 142 142 142 144 142 141 139 139 139 140 142 144 144 144 144 141 139 141 142 141 141 142 143 144 145 146 146 150 151 151 149 147 145 145 146 147 146 142 139 134 126 119 113 106 126 163 190 196 201 208 207 208 209 210 212 212 213 212 210 202 202 201 200 200 199 198 198 199 199 198 198 198 197 197 197 197 197 197 197 197 197 197 198 200 201 202 203 204 205 206 207 211 208 206 206 207 207 203 201 200 201 203 205 207 207 205 203 207 207 206 206 206 206 207 207 0 0 0 0 0 0 0 0
0 0 0 0 0 0 0 0 185 185 187 188 188 189 190 190 189 189 190 190 190 191 191 192 194 196 196 196 196 196 196 197 198 198 198 198 198 198 198 198 196 196 196 196 197 196 196 196 198 196 193 193 196 199 200 201 198 195 193 193 197 201 201 200 187 188 188 190 193 196 199 201 199 203 208 212 212 207 200 194 194 200 207 214 223 229 224 214 177 155 123 86 52 38 58 87 103 120 137 143 143 143 143 141 135 130 123 116 106 98 91 87 87 97 108 118 126 128 118 107 62 58 66 95 133 165 189 204 204 204 200 199 199 201 204 205 202 201 200 199 199 200 200 200 200 200 199 200 199 199 199 198 199 202 206 207 205 201 194 190 187 177 161 146 129 113 97 85 71 65 65 73 82 88 97 104 122 126 126 110 81 50 27 14 34 53 83 110 124 130 130 130 133 132 132 130 129 131 132 134 135 136 136 138 138 140 139 140 140 142 141 142 142 141 141 140 139 140 141 141 142 142 142 142 140 141 141 142 142 141 141 140 141 136 137 139 137 142 140 126 94 45 29 25 78 108 112 107 78 52 29 30 45 61 79 93 101 110 121 130 135 138 139 141 141 140 137 135 134 134 135 136 141 142 144 146 147 147 146 147 147 148 147 147 147 147 147 147 147 147 146 146 146 146 145 145 145 145 145 145 145 145 145 145 145 145 145 145 145 145 145 145 146 146 146 145 145 145 144 144 145 145 145 145 145 145 145 145 145 145 145 145 145 145 145 145 145 145 145 145 145 145 145 145 142 142 142 142 142 142 142 142 142 142 142 142 142 141 140 140 140 140 140 140 140 140 140 140 140 140 140 139 139 138 138 138 140 140 140 140 140 140 140 140 140 140 140 139 139 138 138 138 139 139 139 139 139 139 139 139 140 140 140 140 140 140 140 140 139 138 137 137 138 139 140 140 141 141 141 141 141 141 141 142 142 142 142 142 142 142 142 142 141 141 141 141 141 141 141 141 142 142 142 142 142 142 142 142 142 142 142 143 142 143 142 142 140 139 139 139 141 143 146 148 148 149 149 147 145 143 144 145 144 144 143 143 143 142 142 141 140 142 142 139 134 132 132 133 137 135 132 130 124 118 110 105 100 120 156 184 192 200 210 210 210 210 209 207 207 207 206 207 207 206 205 205 203 203 202 202 202 203 203 203 202 202 201 201 203 203 203 203 203 203 203 203 206 208 209 210 210 211 212 214 209 208 206 204 204 202 200 199 201 202 204 205 204 204 204 205 207 207 206 205 204 205 205 206 0 0 0 0 0 0 0 0
0 0 0 0 0 0 0 0 185 186 187 188 188 189 190 190 189 189 189 190 190 191 191 191 194 195 195 196 195 195 196 196 198 198 198 198 198 198 198 198 196 196 196 197 197 197 197 197 200 195 190 190 196 202 205 206 202 197 191 190 194 199 202 204 191 192 192 193 195 200 201 203 207 207 209 210 211 208 203 199 194 200 203 205 206 206 196 185 156 137 112 82 52 39 59 88 109 121 131 133 135 139 141 141 141 144 148 145 137 126 119 116 120 128 135 136 136 131 115 99 65 57 59 83 118 152 180 200 208 205 202 199 198 201 204 206 202 201 200 200 200 202 201 202 200 200 200 201 200 198 198 197 198 203 207 208 203 192 178 169 154 142 123 107 95 85 73 65 67 67 76 93 108 114 120 127 133 139 137 118 86 51 26 14 24 45 78 108 126 132 133 132 133 132 131 131 131 133 136 138 135 136 138 139 141 142 142 142 140 141 141 142 142 141 141 140 138 138 140 140 141 141 141 141 139 140 140 141 141 140 140 139 143 138 139 139 135 140 141 129 96 51 38 22 64 89 109 118 93 60 27 18 22 31 45 60 71 82 99 116 128 136 141 143 148 147 143 139 136 135 134 135 135 137 139 143 145 147 147 147 145 146 146 146 146 146 146 146 146 146 145 145 145 145 144 144 144 145 145 145 145 145 145 145 144 144 144 144 144 144 144 144 146 146 146 145 145 144 144 144 144 144 144 144 144 144 144 144 144 144 144 144 144 144 144 144 144 144 144 144 144 144 144 144 141 141 141 141 141 141 141 141 142 142 143 143 142 142 141 140 140 140 140 140 140 140 140 140 140 140 140 139 139 138 138 138 139 139 139 139 139 139 139 139 140 140 140 139 139 138 138 138 139 139 139 139 139 139 139 139 140 140 140 140 140 140 140 140 138 137 137 137 137 138 139 140 141 141 141 141 141 141 141 142 141 142 142 142 142 142 142 142 141 141 141 141 141 142 141 141 142 142 142 142 142 142 142 142 142 143 143 143 143 143 143 143 136 136 136 140 143 148 151 153 151 152 152 150 148 147 147 147 146 145 143 140 137 136 133 133 126 127 127 124 118 115 115 117 119 118 115 115 112 106 100 96 87 104 139 167 177 189 203 206 214 214 210 207 205 204 203 203 201 200 199 198 197 196 196 196 201 201 200 201 199 200 199 199 201 202 201 202 201 202 201 202 204 206 207 206 205 205 205 206 211 210 208 206 204 203 202 204 201 203 204 203 202 203 206 209 207 205 205 204 204 205 205 206 0 0 0 0 0 0 0 0
0 0 0 0 0 0 0 0 187 187 187 188 188 189 189 189 189 189 189 190 190 191 191 191 194 194 194 195 195 196 196 196 198 198 198 198 198 199 198 199 199 199 199 200 200 200 200 200 198 197 196 199 202 204 205 204 195 195 192 194 197 202 207 210 203 201 200 200 200 199 195 192 195 195 194 194 193 195 195 196 192 188 182 175 164 148 127 113 98 88 72 56 48 56 74 88 115 121 129 135 137 137 140 141 139 143 147 146 140 133 130 129 132 138 142 140 135 127 113 98 64 60 53 81 102 148 173 199 203 207 207 201 199 203 205 205 203 201 199 200 202 205 204 204 208 202 204 204 196 200 207 205 202 206 199 188 178 168 147 124 112 100 82 73 72 77 79 81 94 99 109 119 126 128 128 128 127 126 120 100 66 30 9 3 21 47 82 110 123 127 131 134 128 128 128 130 134 136 136 135 137 136 136 137 137 137 137 137 140 140 140 140 140 140 140 139 140 140 140 140 140 140 140 140 139 139 139 139 139 139 139 139 140 142 142 141 138 136 135 136 105 69 43 30 30 68 109 117 107 83 48 19 6 7 19 30 45 54 69 87 107 121 129 132 140 149 152 147 144 143 139 133 134 138 142 145 145 144 142 143 144 144 143 143 143 143 143 143 143 143 142 142 143 143 143 143 143 143 143 143 143 143 143 143 142 142 142 142 142 142 142 142 142 142 142 142 142 142 142 142 142 142 142 142 142 142 142 142 142 142 142 142 142 142 142 142 143 143 143 143 143 143 143 143 140 140 140 140 140 140 140 140 140 140 140 140 140 140 140 140 139 139 139 139 139 139 139 139 140 139 139 138 138 137 137 136 138 138 138 138 138 138 138 138 137 138 139 140 141 142 141 141 139 139 139 139 139 139 139 139 139 139 139 139 139 139 139 139 138 137 137 137 137 138 139 140 140 140 140 140 140 140 140 141 141 142 142 141 141 140 140 140 141 141 141 142 142 142 142 142 141 141 142 141 141 140 140 140 141 141 141 142 141 142 141 141 138 137 138 142 147 150 148 145 151 146 141 138 136 133 128 123 119 117 114 110 106 102 99 98 91 90 87 85 84 86 88 89 86 87 88 89 85 80 75 72 62 84 115 143 164 180 194 204 208 206 205 204 205 206 208 210 206 204 204 203 202 202 201 202 204 205 204 205 204 205 204 205 205 206 205 207 206 208 207 207 205 206 206 207 206 207 207 208 206 206 205 203 203 202 201 202 201 201 201 202 202 203 203 203 205 204 204 205 205 206 206 206 0 0 0 0 0 0 0 0
0 0 0 0 0 0 0 0 188 188 188 189 189 189 190 190 190 190 190 191 191 192 192 192 193 193 194 194 194 195 195 195 198 197 197 197 198 198 198 198 198 198 198 198 198 199 199 199 201 201 202 203 204 203 202 200 202 200 197 197 196 195 193 192 192 190 188 187 185 182 178 175 165 163 159 157 155 154 154 154 156 151 141 130 114 95 76 64 57 56 52 54 61 76 94 105 122 126 132 135 135 135 137 139 135 139 144 146 142 136 133 131 132 137 140 138 136 130 118 107 83 71 50 69 87 136 168 199 205 208 207 201 199 202 204 204 202 201 200 202 205 206 205 203 202 196 200 208 208 212 211 202 200 193 177 158 141 125 105 88 78 73 66 67 77 94 107 116 122 124 125 127 130 131 133 132 125 123 115 96 61 26 5 0 23 48 85 113 126 129 131 133 130 129 130 132 136 138 138 137 139 138 138 138 139 139 139 139 141 141 141 141 141 141 141 141 139 139 139 139 139 139 139 139 140 139 139 139 139 139 139 138 139 141 142 139 134 132 131 132 111 78 50 29 21 54 99 115 124 100 63 30 9 3 7 15 25 31 41 54 70 85 98 107 127 137 145 147 148 150 145 140 142 141 141 141 141 140 139 139 142 143 142 142 142 143 143 143 143 143 142 142 143 143 143 143 142 142 142 142 142 142 142 142 142 142 142 142 142 142 142 142 141 141 141 141 141 141 141 141 141 141 141 141 141 141 141 141 141 141 141 141 141 141 141 141 141 141 141 141 141 141 141 141 140 140 140 140 140 140 140 140 140 140 140 140 140 140 140 140 139 139 139 139 139 139 139 139 140 139 139 138 137 137 136 136 138 138 138 138 138 138 138 138 137 138 139 140 141 141 141 141 139 139 139 139 139 139 139 139 139 139 139 139 139 139 139 139 138 137 137 137 137 138 139 140 140 140 140 140 140 140 140 140 141 142 142 141 141 140 140 140 141 142 142 142 142 142 142 142 142 141 141 141 141 140 140 140 141 142 142 142 142 142 142 141 143 142 142 143 145 143 138 134 124 121 118 116 113 109 102 96 102 101 99 96 95 92 90 90 84 84 83 83 82 85 87 87 82 83 84 83 80 75 70 67 62 79 106 132 154 173 189 199 204 203 202 202 202 204 206 207 206 206 205 204 203 203 202 203 204 206 206 206 206 206 206 206 206 206 206 207 207 207 208 208 206 205 205 206 206 207 207 207 207 206 205 205 203 203 201 202 201 201 201 202 203 203 204 204 204 204 204 205 205 206 206 206 0 0 0 0 0 0 0 0
0 0 0 0 0 0 0 0 188 188 189 189 189 190 190 190 190 189 190 190 190 191 191 191 192 192 192 193 193 193 194 194 196 196 197 198 198 198 198 198 198 198 198 199 199 200 199 200 201 203 204 205 202 199 198 196 204 202 199 196 190 180 170 163 153 150 146 143 139 135 128 124 113 110 105 100 96 94 93 93 95 93 85 72 58 43 31 27 38 45 54 68 84 101 116 124 133 134 136 135 135 135 136 136 133 138 142 144 142 137 134 131 128 132 134 133 134 135 130 124 102 81 49 58 72 124 159 191 204 207 205 200 198 201 203 202 203 202 201 202 204 206 205 204 209 197 200 208 209 212 206 190 182 164 139 118 99 82 71 66 62 67 75 86 100 115 129 138 143 140 135 131 130 132 136 138 130 126 116 95 61 28 7 2 24 51 86 115 128 132 132 133 130 130 130 134 138 140 140 138 137 137 138 138 138 139 139 139 140 140 140 142 141 142 141 141 137 137 137 137 137 137 137 137 140 140 140 139 139 138 138 139 139 143 144 139 133 128 129 133 121 93 61 30 13 35 80 107 131 114 83 46 18 5 4 8 14 19 22 26 33 45 63 77 98 111 124 133 140 144 142 138 146 144 142 140 140 141 140 140 138 139 139 140 141 142 141 141 142 142 141 141 142 142 141 142 141 141 141 141 141 141 141 141 141 141 141 141 141 141 141 141 140 140 140 140 140 140 140 140 140 140 140 140 140 140 140 140 140 140 140 140 140 140 140 140 140 140 140 140 140 140 140 140 140 140 140 140 140 140 140 140 140 140 140 140 140 140 140 140 139 139 139 139 139 139 139 139 140 140 139 138 137 136 136 135 137 137 137 137 137 137 137 137 137 137 139 140 141 141 141 141 140 140 140 140 140 140 140 140 140 140 139 139 139 139 139 139 138 137 137 137 137 138 139 140 140 140 140 140 140 140 140 140 141 141 142 141 141 140 140 140 141 142 142 142 142 142 142 142 141 140 140 140 139 139 139 140 141 141 141 141 141 142 142 142 143 141 140 138 135 129 122 117 107 101 95 90 87 84 83 81 76 77 79 82 83 86 87 89 95 96 97 100 102 104 106 106 103 104 105 103 101 96 91 89 88 96 113 133 154 173 185 194 201 201 199 200 200 201 203 205 207 206 205 206 205 205 204 205 206 207 207 207 207 207 207 207 206 206 206 207 207 207 208 208 206 206 206 206 206 207 206 206 207 207 206 206 204 204 203 203 200 200 202 202 202 203 204 204 204 204 205 206 206 207 207 207 0 0 0 0 0 0 0 0
0 0 0 0 0 0 0 0 188 188 189 188 189 189 189 189 190 190 190 189 189 190 190 191 193 193 193 193 194 193 195 195 195 196 196 196 196 197 198 198 199 200 200 200 200 200 201 201 197 201 202 202 199 195 196 196 200 197 190 183 172 156 139 128 120 116 112 106 101 97 90 86 80 77 72 67 64 62 62 62 61 63 63 59 54 50 52 56 69 80 93 105 113 120 128 134 140 140 138 137 136 136 137 138 137 140 142 142 140 136 129 127 124 126 127 127 133 141 142 139 109 86 50 56 67 114 149 182 200 204 203 199 197 201 203 202 201 199 198 200 203 206 207 207 209 197 194 194 190 190 185 171 153 130 104 88 73 61 61 69 74 88 108 124 132 137 139 142 140 136 131 126 126 129 134 137 135 130 118 97 65 31 11 6 25 50 85 113 128 132 133 133 131 131 131 135 138 140 139 138 135 134 134 135 136 136 138 138 138 138 138 139 139 139 139 139 138 138 138 138 138 138 138 138 141 141 140 139 139 138 137 138 137 142 144 140 132 129 133 137 129 109 78 40 11 19 59 94 122 122 106 72 36 16 13 18 19 22 22 18 14 20 33 47 65 76 91 106 117 126 131 132 138 138 138 139 139 141 140 141 136 138 137 138 139 140 140 140 141 141 140 140 141 141 140 140 141 141 141 141 141 141 141 141 140 140 140 140 140 140 140 140 139 139 139 139 139 139 139 139 139 139 139 139 139 139 139 139 138 138 138 138 138 138 138 138 139 139 139 139 139 139 139 139 140 140 140 140 140 140 140 140 140 140 140 140 140 140 140 140 139 139 139 139 139 139 139 139 140 140 139 138 137 136 135 134 136 136 136 136 136 136 136 136 136 137 138 140 140 141 141 140 140 140 140 140 140 140 140 140 140 140 139 139 139 139 139 139 138 137 137 137 137 138 139 140 140 140 140 140 140 140 140 140 141 141 142 141 141 140 140 140 141 141 141 141 141 141 141 141 140 140 140 139 139 139 139 139 140 140 140 141 141 141 141 141 141 140 138 134 127 119 110 104 100 93 86 79 78 83 90 93 94 97 102 109 117 125 130 134 137 139 144 147 151 153 155 155 155 155 154 154 151 148 143 140 140 142 146 155 170 183 192 196 199 199 199 199 200 201 203 204 206 206 206 205 205 204 204 205 206 207 206 207 206 207 206 207 206 207 207 208 208 209 208 208 207 207 207 207 207 208 207 207 207 206 206 206 204 204 203 202 199 200 201 201 202 202 203 203 205 205 205 206 206 208 207 208 0 0 0 0 0 0 0 0
0 0 0 0 0 0 0 0 187 187 188 188 189 189 189 188 190 190 190 189 189 189 189 189 193 193 193 193 194 194 196 196 194 195 195 196 196 197 197 198 198 199 199 199 200 200 201 201 197 200 201 201 200 198 197 197 191 183 171 158 144 127 109 96 67 64 61 59 58 55 52 50 46 44 41 39 39 39 40 41 55 61 68 72 74 81 91 100 115 126 135 137 131 128 132 138 139 138 136 134 135 137 136 138 138 138 138 139 138 136 132 129 128 129 127 127 132 140 144 142 117 91 52 51 57 106 144 180 194 199 201 198 198 200 202 201 200 197 195 196 200 204 207 208 200 191 190 182 164 154 147 137 118 99 80 73 68 66 74 86 98 114 133 146 148 146 144 145 131 130 126 125 126 127 130 132 133 127 116 97 64 32 11 5 22 45 78 107 124 131 133 134 130 130 132 135 138 138 137 134 133 133 134 135 136 136 138 138 138 138 139 139 140 140 140 141 138 138 138 138 138 138 138 138 140 140 140 139 139 138 138 139 135 138 140 137 132 131 135 139 133 122 94 53 18 10 38 76 110 127 128 99 56 29 22 25 25 31 33 25 15 9 15 24 34 42 55 70 85 98 112 120 122 127 133 139 138 138 136 136 136 136 137 138 138 138 139 139 141 141 140 140 140 140 140 140 141 141 141 141 141 141 141 141 140 140 140 140 140 140 140 140 139 139 139 139 139 139 139 139 139 139 139 139 139 139 139 139 137 137 137 137 137 137 137 137 139 139 139 139 139 139 139 139 140 140 140 140 140 140 140 140 140 140 140 140 140 140 140 140 139 139 139 139 139 139 139 139 140 140 139 137 136 135 134 133 136 136 136 136 136 136 136 136 136 137 138 139 140 140 140 140 140 141 140 140 140 140 140 140 140 140 139 139 139 139 139 139 138 137 137 137 137 138 139 140 140 140 140 140 140 140 140 140 141 141 142 141 141 140 140 140 141 141 141 141 141 142 142 142 140 140 139 139 139 138 139 139 140 140 141 141 141 141 141 141 145 144 141 135 125 115 107 103 97 96 96 97 103 111 120 126 132 135 141 148 158 165 171 176 184 186 190 195 198 201 201 202 200 200 199 199 197 194 191 189 188 183 181 183 190 197 201 201 199 200 200 200 201 202 203 205 205 205 205 204 204 203 203 204 206 207 207 207 207 207 207 207 209 209 209 209 210 210 211 211 208 208 207 208 207 208 207 208 207 206 205 205 203 202 202 201 198 199 201 201 202 202 202 202 206 206 207 208 208 210 209 210 0 0 0 0 0 0 0 0
0 0 0 0 0 0 0 0 188 188 188 189 189 189 190 190 191 191 190 190 190 189 189 189 192 192 193 192 193 194 194 194 194 194 194 194 196 196 197 197 197 197 197 198 198 199 199 199 201 202 203 206 205 202 195 191 173 160 142 126 114 104 92 84 74 73 73 76 79 82 84 82 89 90 89 90 91 94 94 95 87 93 100 106 110 116 126 135 138 145 152 147 137 130 133 140 135 132 129 130 132 135 134 136 136 135 133 135 136 137 137 136 136 136 132 128 131 137 139 136 125 99 55 46 46 93 138 181 189 195 200 199 198 201 200 197 197 195 194 196 199 201 203 203 200 194 191 174 139 115 104 92 74 71 68 73 82 94 107 118 130 136 143 143 139 134 135 138 132 132 132 132 130 129 126 126 127 121 109 91 61 29 7 0 16 36 67 95 115 126 132 136 132 132 133 136 138 138 135 132 132 131 132 134 136 137 137 138 138 138 139 140 141 142 142 142 139 139 139 139 139 139 139 139 139 139 139 139 139 139 139 140 135 136 135 135 132 133 136 138 135 130 103 63 28 6 20 57 103 131 145 122 79 44 27 21 29 40 48 47 35 24 20 22 15 17 22 34 46 61 77 91 103 114 129 137 137 134 135 137 137 137 137 137 137 137 137 137 139 140 139 139 139 139 139 139 140 140 140 140 140 140 140 140 139 139 139 139 139 139 139 139 139 139 139 139 139 139 139 139 139 139 139 139 139 139 139 139 137 137 137 137 137 137 137 137 138 138 138 138 138 138 138 138 140 140 140 140 140 140 140 140 140 140 140 140 140 140 140 140 139 139 139 139 139 139 139 139 140 140 139 137 136 134 133 132 135 135 135 135 135 135 135 135 136 136 138 139 140 140 140 140 140 140 139 139 139 139 139 139 139 139 138 138 138 138 138 138 138 137 137 137 137 138 139 140 140 140 140 140 140 140 140 140 141 141 142 141 141 140 140 141 140 140 140 140 141 141 141 141 139 139 139 139 138 139 139 138 139 140 140 140 140 140 140 141 144 143 141 135 126 119 114 112 112 121 131 144 153 160 165 167 166 168 171 176 181 186 189 192 200 203 206 209 211 212 213 213 214 214 214 213 213 211 209 208 206 202 199 199 202 205 205 203 199 200 200 202 203 203 205 205 204 205 205 205 204 204 204 204 205 206 206 206 206 206 206 206 209 209 210 210 210 211 211 211 210 210 210 210 209 210 209 209 207 206 206 205 204 203 202 202 201 201 201 202 202 203 204 205 207 208 208 210 210 211 211 211 0 0 0 0 0 0 0 0
0 0 0 0 0 0 0 0 191 191 192 191 191 192 192 192 194 194 193 192 192 191 191 191 190 189 189 190 191 191 192 192 192 192 194 195 196 196 197 197 200 200 200 200 200 201 201 201 203 203 205 210 210 201 185 172 145 129 109 96 93 97 98 98 92 92 92 96 101 105 109 110 121 122 123 125 127 128 127 128 132 137 141 145 146 149 154 158 143 143 144 141 137 135 135 137 133 132 130 131 133 135 133 133 138 136 132 132 134 137 138 138 139 138 134 131 131 136 136 132 126 104 63 50 42 83 125 169 187 195 201 201 199 198 195 190 193 194 196 199 201 199 194 189 181 172 161 138 101 80 72 65 60 69 81 93 108 125 138 141 148 147 144 138 131 127 125 127 133 136 137 137 134 130 125 121 125 119 109 92 64 32 8 0 10 28 56 82 104 120 131 137 135 135 136 138 138 137 132 129 127 128 129 130 132 133 134 134 135 136 137 138 139 139 140 140 137 137 137 137 137 137 137 137 137 137 138 139 139 140 141 142 142 140 136 135 136 139 140 139 136 134 106 67 34 5 7 42 91 122 144 133 99 65 35 16 26 41 58 65 60 50 41 38 25 20 16 18 21 27 39 53 69 87 110 122 123 124 130 138 139 139 139 138 137 137 136 136 138 138 138 138 138 138 138 138 137 137 137 137 137 137 137 137 138 138 138 138 138 138 138 138 140 140 140 140 140 140 140 140 140 140 140 140 140 140 140 140 138 138 138 138 138 138 138 138 137 137 137 137 137 137 137 137 140 140 140 140 140 140 140 140 140 140 140 140 140 140 140 140 139 139 139 139 139 139 139 139 140 140 139 137 135 134 132 132 134 134 134 134 134 134 134 134 135 136 137 139 139 140 140 139 139 139 138 138 138 138 138 138 138 138 137 137 137 137 137 137 138 137 137 137 137 138 139 140 140 140 140 140 140 140 140 140 141 141 141 141 141 140 140 141 140 140 140 140 141 141 141 141 139 139 139 138 138 139 138 138 139 140 140 140 140 140 141 141 137 140 142 141 138 138 139 142 151 161 173 184 190 194 198 199 199 200 200 203 204 205 207 208 199 201 203 205 204 205 205 206 209 209 210 209 210 209 208 207 206 206 205 206 207 206 204 202 198 200 200 202 204 204 204 205 207 207 207 207 206 206 206 206 205 205 205 205 205 205 205 205 207 207 208 208 208 209 209 209 210 211 210 210 210 211 210 210 209 209 207 206 205 204 204 204 203 204 205 205 206 207 207 208 208 209 209 211 211 212 212 212 0 0 0 0 0 0 0 0
0 0 0 0 0 0 0 0 192 192 193 193 193 194 194 194 197 196 195 196 194 193 193 192 188 188 187 188 189 189 190 190 191 193 194 194 195 196 197 196 205 205 205 205 205 206 206 206 202 203 206 211 210 196 171 152 121 104 85 76 84 99 113 120 120 118 118 120 123 128 130 131 132 134 135 137 138 137 135 134 132 135 138 141 142 142 143 144 144 139 136 136 138 139 136 133 136 134 132 134 137 137 136 134 144 140 133 131 133 135 136 137 136 136 135 132 134 138 138 134 122 106 71 60 45 78 113 153 188 196 202 202 197 196 190 183 190 192 198 202 202 196 184 177 140 125 111 88 62 55 62 64 77 93 107 115 127 140 144 138 143 142 141 139 135 131 129 127 131 133 136 135 133 130 123 120 129 123 114 99 71 40 16 7 6 23 47 75 99 117 132 140 138 139 139 141 141 139 134 130 122 123 123 126 126 127 129 130 131 133 133 134 135 136 137 137 136 136 136 136 136 136 136 136 136 135 136 137 139 141 141 143 150 146 140 139 143 145 144 141 136 135 105 67 37 4 1 33 76 109 136 135 114 82 46 18 15 32 56 70 72 63 54 49 48 37 27 20 14 11 18 30 29 52 80 96 100 107 120 132 139 140 139 138 136 136 134 135 138 138 138 138 139 138 138 138 136 136 135 136 136 136 136 136 139 139 139 140 140 140 140 140 142 142 141 141 141 141 141 141 141 141 141 141 140 141 140 141 138 138 138 138 138 138 138 138 135 135 135 135 135 135 135 134 140 140 140 140 140 140 140 140 140 140 140 140 140 140 140 140 139 139 139 139 139 139 139 139 141 140 139 137 135 133 132 131 134 134 134 134 134 134 134 134 135 136 137 138 139 139 139 139 138 138 137 137 137 137 137 137 137 137 136 136 136 136 136 136 138 137 137 137 137 138 139 140 140 140 140 140 140 140 140 140 141 141 141 141 141 140 140 140 140 140 140 140 141 141 141 140 139 139 139 138 138 138 138 139 140 140 140 141 141 141 141 141 137 141 147 152 157 163 171 178 186 189 193 196 197 201 206 211 202 202 202 202 202 203 204 204 203 204 204 203 203 202 202 203 203 203 204 206 205 206 205 206 204 206 208 209 208 205 202 199 198 199 199 200 203 204 204 204 207 208 208 208 208 208 208 208 205 205 205 205 205 205 205 205 206 206 206 207 207 208 208 208 211 211 211 211 211 211 210 210 210 210 210 209 208 206 206 207 206 207 208 208 209 210 210 211 209 209 210 211 212 213 213 213 0 0 0 0 0 0 0 0
0 0 0 0 0 0 0 0 189 189 191 192 194 195 197 197 198 198 197 197 197 197 197 199 194 187 183 185 185 185 189 197 191 196 196 192 193 200 201 196 200 200 200 198 197 196 196 195 200 192 184 181 178 165 140 120 84 75 68 72 90 110 124 131 136 136 136 137 137 138 138 138 138 138 138 137 138 137 137 136 137 138 138 139 138 139 139 137 134 134 134 136 136 137 137 137 138 139 138 138 137 137 136 136 136 135 134 133 132 132 132 133 134 134 134 134 135 136 136 135 128 104 78 60 40 71 96 147 177 201 198 199 198 187 186 179 185 197 201 191 181 170 150 128 107 84 60 53 58 65 72 80 100 107 118 130 138 142 141 139 136 135 134 133 132 132 130 130 132 132 131 130 130 129 128 129 129 125 117 105 84 56 25 5 1 15 35 54 69 87 112 133 131 131 132 133 133 134 133 133 134 133 130 131 132 131 128 125 129 128 127 128 131 134 137 138 138 137 136 136 137 138 141 141 134 135 138 140 140 141 140 141 144 143 140 141 141 140 137 134 128 134 98 68 42 5 6 24 57 84 118 128 117 99 62 17 13 11 47 69 69 72 63 68 62 54 41 28 17 11 10 11 14 25 42 58 68 79 96 112 122 135 141 137 132 131 133 133 133 134 137 138 139 139 136 134 133 133 130 131 133 135 137 138 138 139 140 142 143 144 144 144 144 144 143 143 143 143 142 142 142 142 141 141 141 141 141 141 140 140 139 138 138 137 136 136 135 135 135 135 135 135 135 135 138 139 138 139 138 139 138 139 138 140 139 140 139 139 137 136 139 139 139 139 139 139 139 139 140 139 138 138 137 136 135 135 135 135 135 135 135 135 135 135 136 136 136 136 136 136 136 136 136 136 136 136 136 136 136 136 134 134 134 135 135 136 136 136 137 137 137 138 138 139 139 139 139 139 139 139 139 139 139 139 138 139 139 139 139 139 139 139 141 141 141 140 140 139 139 139 137 138 138 137 137 137 137 137 139 139 139 140 143 143 142 140 133 133 140 154 167 176 187 197 200 201 202 200 198 197 201 206 203 202 200 200 199 200 200 200 202 203 201 200 199 200 199 200 198 199 199 200 201 202 203 203 202 204 204 205 205 205 205 207 207 207 206 205 205 204 205 205 206 207 207 208 208 208 208 208 207 207 207 207 207 207 207 207 208 208 208 209 209 210 210 211 210 210 210 211 211 212 211 212 212 212 212 212 211 210 210 211 212 213 213 213 213 213 213 214 213 213 213 213 213 213 213 213 0 0 0 0 0 0 0 0
0 0 0 0 0 0 0 0 188 188 189 190 192 194 195 196 195 195 195 195 196 197 198 200 198 191 186 188 188 188 192 198 195 200 201 197 198 202 202 197 198 196 193 191 188 186 185 185 178 166 150 138 127 111 89 72 66 66 69 82 100 118 131 135 135 136 136 136 137 137 137 138 138 138 138 138 137 137 136 136 137 138 137 138 138 138 137 138 135 135 136 136 136 137 137 137 138 138 138 138 137 137 137 136 135 134 133 132 132 132 132 134 134 134 134 135 136 136 136 135 127 103 75 57 36 69 97 149 178 203 197 194 191 183 188 185 188 192 188 176 157 135 110 89 74 63 56 63 75 85 94 101 112 117 125 133 138 139 137 136 133 133 132 131 132 131 131 131 132 131 130 129 130 129 128 129 125 122 117 106 86 58 26 5 0 8 23 39 49 62 84 103 101 104 109 114 120 126 131 135 138 141 144 144 139 135 131 131 126 126 125 127 130 134 138 138 141 141 140 138 138 139 139 138 141 141 141 142 142 141 140 142 133 133 130 132 135 139 138 137 133 136 99 69 43 7 5 18 42 65 98 116 113 105 74 32 21 13 41 60 67 73 68 71 67 63 54 45 35 28 21 19 18 22 26 34 40 50 68 86 103 117 129 131 130 134 138 137 134 135 136 138 138 138 137 136 135 134 133 133 135 136 137 137 139 140 142 143 144 144 145 144 145 145 144 144 144 144 143 143 143 143 142 142 142 142 142 141 140 140 139 138 137 137 136 136 135 135 135 135 135 135 135 135 139 139 139 139 139 139 139 139 139 139 140 140 139 139 138 137 138 138 138 138 138 138 138 138 139 139 138 137 136 136 135 135 135 135 135 135 135 135 135 135 136 136 136 136 136 136 136 136 136 136 136 136 136 136 136 136 134 134 134 135 135 135 136 136 137 137 137 138 138 138 139 139 139 139 139 139 139 139 139 139 138 139 139 139 139 139 139 139 140 140 140 140 139 139 139 138 137 138 137 137 137 137 137 137 140 139 138 140 142 143 141 138 126 125 131 144 159 172 187 197 200 202 203 201 194 193 194 196 197 197 196 195 194 194 194 195 200 199 198 197 196 196 196 196 198 200 200 201 201 202 202 203 205 205 205 205 206 206 206 206 205 205 205 205 206 206 206 207 206 206 207 207 207 208 208 208 208 207 207 207 207 207 207 207 208 208 208 209 210 210 211 211 210 210 210 211 211 212 212 212 212 212 212 212 212 212 211 212 213 214 214 214 214 214 214 214 213 213 213 213 213 213 213 213 0 0 0 0 0 0 0 0
0 0 0 0 0 0 0 0 187 188 188 190 191 192 193 195 191 191 192 193 193 195 197 198 197 192 186 186 189 190 195 199 199 202 199 188 176 168 162 157 147 144 139 134 129 127 126 126 136 126 110 96 85 74 66 59 56 65 81 100 116 128 133 136 134 135 135 135 136 136 136 136 137 137 137 137 137 136 136 136 137 137 138 138 138 138 137 136 134 135 136 136 136 137 137 137 138 138 138 138 137 137 137 137 135 134 133 132 132 132 132 134 134 134 134 135 135 136 136 135 127 102 74 54 32 65 94 147 177 203 197 194 192 187 195 195 189 178 163 146 120 88 63 50 48 50 63 83 101 112 118 123 129 131 134 138 138 136 133 131 131 130 130 130 131 131 131 131 132 131 130 129 130 129 128 129 121 120 117 109 90 62 29 8 0 5 14 22 25 30 43 57 55 60 68 75 84 95 107 116 123 132 140 141 135 131 130 133 132 132 132 134 135 136 137 137 140 139 139 139 140 139 139 140 144 143 143 142 140 139 138 139 128 128 128 132 137 143 145 147 136 135 99 71 45 13 11 17 27 45 76 101 112 115 91 52 35 16 31 47 60 74 73 76 74 74 72 66 59 49 40 34 29 21 12 10 11 22 39 55 77 92 108 118 124 132 137 140 137 136 135 135 135 136 138 139 136 136 136 135 134 136 136 137 139 139 142 143 144 144 144 144 145 144 144 144 144 144 143 143 143 143 142 142 142 142 141 140 140 139 139 138 137 136 136 136 135 135 135 135 135 135 135 135 139 139 139 139 139 139 139 139 139 139 140 140 139 138 137 137 137 137 137 137 137 137 137 137 138 138 138 137 136 136 135 135 135 135 135 135 135 135 135 135 136 136 136 136 136 136 136 136 136 136 136 136 136 136 136 136 134 134 134 134 135 135 135 136 137 137 137 137 138 138 138 139 139 139 139 139 139 139 139 139 137 138 138 138 138 138 138 138 139 138 139 139 139 138 138 138 136 137 137 136 136 137 136 136 140 139 138 139 140 139 137 135 116 113 116 129 145 160 179 192 203 207 211 210 203 199 198 198 199 198 197 196 195 195 195 195 198 198 198 198 199 199 200 200 204 205 205 206 206 206 206 207 205 205 205 205 204 203 203 203 202 203 204 205 205 207 208 208 206 206 207 207 207 207 208 207 207 207 207 207 207 207 207 207 208 208 208 208 209 209 209 210 210 210 210 211 211 212 211 211 212 212 212 212 212 212 211 212 213 213 213 213 213 213 213 213 212 212 212 212 212 212 212 212 0 0 0 0 0 0 0 0
0 0 0 0 0 0 0 0 187 189 189 190 191 192 194 194 192 192 191 191 192 193 194 195 193 189 184 185 189 192 194 194 189 191 184 164 136 116 107 105 100 95 90 84 80 78 78 78 73 68 61 53 49 51 56 59 72 84 104 120 129 131 132 132 133 134 134 135 135 135 135 136 136 136 136 136 135 135 135 134 136 136 136 137 137 137 136 137 134 135 135 136 136 136 137 138 138 138 138 137 137 137 137 137 135 134 133 132 132 132 132 134 134 134 134 135 135 136 136 135 126 104 78 56 31 60 86 138 166 195 193 196 200 197 201 192 179 153 124 105 80 54 40 42 52 64 86 107 123 131 135 137 140 140 140 139 136 134 131 129 128 128 129 129 131 131 132 132 132 131 130 130 130 129 128 128 119 120 120 115 98 69 36 14 7 12 18 24 21 18 19 25 23 28 34 39 46 55 69 79 88 95 105 113 117 119 125 130 135 137 140 142 140 136 133 130 132 132 135 137 140 141 142 141 139 138 138 137 136 135 135 136 133 135 137 140 145 149 150 152 138 133 97 72 46 21 23 22 21 33 60 91 115 126 106 70 46 17 21 31 47 70 71 76 75 78 80 79 74 64 55 50 40 27 14 6 5 9 18 29 48 62 81 98 110 121 131 136 139 138 136 133 132 133 136 138 136 137 137 137 135 134 135 136 137 139 140 143 143 144 144 143 143 143 143 143 143 143 142 142 142 142 141 141 141 141 140 139 139 139 138 138 137 136 135 135 134 134 134 134 134 134 134 134 138 138 138 138 138 138 138 138 138 139 139 139 139 138 137 136 135 135 135 135 135 135 135 135 138 137 137 136 136 135 135 135 135 135 135 135 135 135 135 135 136 136 136 136 136 136 136 136 136 136 136 136 136 136 136 136 133 133 134 134 134 135 135 135 136 136 137 137 137 138 138 138 138 138 138 138 138 138 138 138 137 138 138 138 137 137 137 137 137 137 138 138 138 137 137 137 135 136 136 136 135 135 136 135 138 138 137 137 138 138 135 133 108 102 103 111 125 141 159 172 194 201 209 213 212 210 209 210 206 205 203 202 200 200 200 200 197 198 199 201 202 202 204 204 205 205 206 205 205 206 206 206 204 203 203 202 202 201 200 199 201 203 202 203 203 205 205 205 205 205 206 207 206 207 207 207 207 207 206 207 207 207 207 207 207 207 208 208 208 209 209 209 210 210 210 211 211 212 211 211 211 211 211 211 211 211 210 211 211 212 212 212 212 212 212 212 211 211 211 211 211 211 211 211 0 0 0 0 0 0 0 0
0 0 0 0 0 0 0 0 187 188 189 190 191 192 194 194 194 194 193 191 191 191 192 191 190 189 187 189 192 192 189 184 168 168 160 138 105 83 76 80 72 69 64 60 58 58 60 61 66 67 67 68 71 77 86 93 100 111 125 134 136 135 133 133 133 134 134 135 136 136 136 136 136 136 136 136 136 135 135 134 136 136 136 137 137 137 136 136 134 134 134 136 136 137 137 138 138 138 137 137 137 137 137 137 135 134 133 132 132 132 132 134 133 134 134 134 135 136 135 135 128 108 85 64 35 56 76 124 151 184 189 198 207 202 192 172 149 115 80 64 52 42 48 64 80 92 110 125 135 141 142 142 140 141 138 136 133 131 130 128 128 127 129 129 131 131 132 132 132 132 131 130 130 129 128 128 120 122 124 121 105 78 45 24 21 26 35 44 41 32 24 24 23 24 25 24 25 29 36 41 44 47 54 66 81 95 107 114 125 131 139 145 141 137 131 129 128 129 132 136 138 139 138 137 133 133 133 133 134 134 134 135 142 145 149 151 151 149 146 146 138 127 93 69 42 27 37 32 23 28 50 84 113 131 118 86 50 15 13 19 34 57 61 67 74 77 81 82 80 74 68 63 52 42 30 24 18 12 9 11 23 34 52 71 88 103 117 127 136 137 135 131 128 127 130 134 135 138 139 137 135 133 134 136 137 139 140 142 143 143 143 143 143 143 143 143 142 142 142 142 141 141 141 141 140 140 140 139 139 139 138 137 136 136 135 135 134 134 134 134 134 134 134 134 138 138 138 138 138 138 138 138 138 138 139 139 138 138 137 136 134 134 134 134 134 134 134 134 137 136 136 136 136 135 135 135 135 135 135 135 135 135 135 135 136 136 136 136 136 136 136 136 136 136 136 136 136 136 136 136 133 133 133 134 134 134 135 135 136 136 136 137 137 137 138 138 138 138 138 138 138 138 138 138 137 138 137 137 136 136 135 135 135 135 135 135 136 137 137 137 135 134 135 135 134 134 135 135 137 137 136 136 137 137 133 131 106 100 97 101 109 118 132 144 167 176 189 197 202 206 209 212 208 207 206 205 205 205 205 205 202 203 203 205 204 203 203 202 200 200 200 201 201 201 202 202 204 205 203 204 202 201 201 201 202 202 202 201 201 200 200 200 204 205 205 206 206 207 207 207 207 206 206 206 206 206 206 207 207 207 207 208 208 208 209 209 210 210 209 210 210 211 211 211 211 211 211 211 210 210 210 211 211 212 212 212 212 212 212 212 211 211 211 211 211 211 211 211 0 0 0 0 0 0 0 0
0 0 0 0 0 0 0 0 184 185 187 188 190 193 194 195 196 196 194 193 191 191 191 192 192 194 195 195 196 193 181 168 148 141 127 110 88 72 67 72 63 62 59 58 59 60 62 64 59 64 71 77 84 93 103 110 122 127 134 136 136 136 138 139 133 134 135 135 136 136 136 137 136 136 135 135 135 135 134 134 135 135 136 135 136 136 135 135 133 133 135 135 136 137 138 138 137 138 137 137 137 137 137 137 136 134 133 132 132 132 132 134 133 134 134 134 135 135 135 134 131 113 93 72 39 55 68 114 149 185 192 199 203 190 171 143 108 78 52 45 48 58 77 97 109 118 127 133 138 142 143 141 136 136 135 133 132 131 129 129 128 129 129 130 130 132 133 132 132 132 131 130 130 129 128 128 121 124 128 126 112 85 54 33 32 41 55 71 75 67 57 53 49 46 41 36 31 27 25 22 16 15 16 25 41 57 71 78 101 112 125 134 138 137 137 138 128 130 133 137 136 134 132 129 129 130 132 134 136 136 135 136 144 147 149 148 143 139 135 135 126 113 82 59 34 29 51 48 30 27 41 70 101 122 114 87 48 15 10 13 21 42 46 55 66 70 75 78 79 78 75 73 64 57 51 47 38 24 12 9 11 17 28 45 62 79 97 111 126 130 132 131 127 125 126 129 133 136 138 137 133 132 132 135 137 137 139 141 142 143 143 143 142 142 142 142 141 141 141 141 140 140 140 140 139 139 139 138 138 138 138 137 136 135 135 134 133 133 133 133 133 133 133 133 137 137 137 137 137 137 137 137 138 138 138 138 138 137 136 136 134 134 134 134 134 134 134 134 136 136 136 135 135 135 135 135 135 135 135 135 135 135 135 135 136 136 136 136 136 136 136 136 136 136 136 136 136 136 136 136 132 133 133 133 134 134 134 134 135 136 136 136 137 137 137 137 137 137 137 137 137 137 137 137 137 137 137 136 135 135 134 134 133 134 134 134 135 136 136 136 134 134 133 134 134 133 133 134 136 135 134 136 137 136 134 132 116 109 104 103 102 105 110 117 135 144 157 167 174 182 189 194 197 197 197 200 201 204 205 207 210 209 211 209 208 206 202 202 201 202 202 203 204 204 206 206 208 207 207 208 208 207 206 206 205 204 203 201 199 198 197 196 203 204 205 205 205 206 206 206 206 205 205 205 205 206 206 206 205 207 207 207 208 208 208 208 209 209 209 210 210 211 211 211 210 210 210 210 209 209 209 209 210 211 211 211 211 211 211 211 210 210 210 210 210 210 210 210 0 0 0 0 0 0 0 0
0 0 0 0 0 0 0 0 180 181 183 186 188 190 192 194 197 197 195 194 194 194 195 195 196 199 202 200 198 188 167 148 126 107 89 84 84 84 82 83 88 89 88 90 91 93 95 97 94 98 105 111 119 126 134 139 131 132 131 131 131 134 137 141 134 135 136 137 137 138 138 138 137 137 137 136 136 136 135 135 134 134 135 136 136 135 135 134 132 133 134 135 136 137 138 139 138 138 138 138 138 138 138 137 137 135 134 133 132 132 132 133 133 134 133 134 135 135 135 134 134 118 98 76 42 53 66 110 147 187 192 186 176 153 129 100 74 59 48 54 71 90 109 123 127 131 132 130 132 138 138 134 131 131 132 132 130 130 129 128 130 130 130 131 131 132 133 132 132 132 131 130 130 129 128 128 121 125 129 128 116 91 60 39 35 46 68 93 106 105 98 96 91 84 77 70 65 56 45 37 26 23 19 17 20 29 38 45 67 77 91 105 113 120 128 133 128 131 134 137 136 134 129 127 126 129 133 136 138 136 134 133 124 125 124 119 111 106 105 106 98 86 61 43 22 31 68 69 47 33 34 53 76 97 94 73 45 15 13 11 13 29 32 42 53 58 65 71 75 75 74 72 67 66 67 66 58 42 30 27 20 16 16 26 37 52 71 86 114 120 127 130 126 124 124 127 130 134 137 136 132 130 132 135 136 137 138 141 141 142 142 141 141 141 141 141 141 141 140 140 140 140 139 139 139 139 138 138 138 138 137 137 136 135 134 134 133 133 133 133 133 133 133 133 137 137 137 137 137 137 137 137 137 138 138 138 138 137 136 135 135 136 136 136 136 136 136 136 136 136 136 136 136 136 136 136 136 136 136 136 136 136 136 136 137 137 137 137 137 137 137 137 137 137 137 137 136 136 136 136 133 133 134 134 134 135 135 135 136 136 137 137 137 138 138 138 138 138 138 138 138 138 138 138 138 137 137 136 135 134 133 134 133 133 134 134 135 135 135 136 134 134 134 133 133 134 133 133 135 135 135 136 137 138 136 133 132 125 119 115 108 100 98 100 107 114 121 128 133 139 149 155 160 162 165 170 176 182 187 190 196 196 200 200 202 201 199 199 202 203 204 206 207 209 210 210 209 209 209 210 210 210 209 209 207 206 205 203 200 200 198 198 203 203 204 204 205 206 206 206 206 205 205 205 205 205 205 206 205 205 206 206 206 208 208 208 209 209 209 210 210 211 211 211 210 210 209 209 209 209 209 209 210 210 210 210 210 210 210 210 209 209 209 209 209 209 209 209 0 0 0 0 0 0 0 0
0 0 0 0 0 0 0 0 176 177 179 182 185 189 191 192 196 195 195 195 196 196 198 198 198 203 206 203 196 183 155 131 103 77 59 67 92 109 112 110 108 109 111 113 115 117 118 119 123 125 125 126 128 130 131 134 135 132 127 125 126 131 136 139 134 135 136 136 137 138 138 138 137 136 136 136 135 135 135 135 133 134 135 135 135 135 134 134 133 132 133 134 135 136 138 138 137 138 138 138 138 138 138 137 137 135 134 133 132 132 132 133 133 134 133 134 135 135 135 134 135 120 100 78 40 54 66 110 137 179 182 165 140 109 88 62 58 54 56 72 94 116 129 136 135 136 131 125 126 131 130 124 129 129 130 131 131 130 129 128 131 131 131 131 132 132 133 133 132 132 131 130 130 129 128 128 121 124 128 129 116 93 62 43 35 46 72 102 122 129 126 125 127 120 112 107 102 92 77 65 54 53 45 35 24 22 28 35 34 44 58 70 81 93 107 117 126 129 134 137 138 136 133 129 124 128 132 136 137 135 132 129 93 92 87 80 73 70 72 75 73 62 43 30 14 34 82 87 61 40 30 39 56 74 74 55 42 15 16 12 9 20 24 35 42 47 56 65 69 71 69 69 68 69 72 76 69 56 49 49 35 24 15 16 21 30 48 65 104 113 122 128 127 124 125 126 127 133 137 136 131 128 131 135 135 137 138 139 140 141 141 141 141 141 141 141 141 141 140 140 140 140 139 139 139 139 138 138 138 138 137 136 136 135 134 134 133 133 133 133 133 133 133 133 137 137 137 137 137 137 137 137 137 138 138 138 138 137 136 135 135 136 136 136 136 136 136 136 136 136 136 136 136 136 136 136 136 136 136 136 136 136 136 136 137 137 137 137 137 137 137 137 137 137 137 137 136 136 136 136 133 133 133 134 134 135 135 135 136 136 136 137 137 138 138 138 138 138 138 138 138 138 138 138 137 137 136 135 134 134 133 132 132 133 133 134 134 135 135 135 134 134 133 133 133 132 132 133 135 134 134 136 138 138 136 135 143 137 130 124 115 103 94 93 85 89 93 96 97 102 109 115 119 122 127 135 144 153 160 164 168 171 176 182 185 189 190 190 196 197 199 201 202 205 206 207 208 208 208 209 210 210 210 210 208 207 205 204 202 201 200 200 202 203 203 203 204 204 205 205 205 204 204 205 205 205 205 205 204 205 205 206 206 207 207 207 209 209 208 210 209 211 210 211 209 209 209 209 209 209 209 209 210 210 210 210 210 210 210 210 209 209 209 209 209 209 209 209 0 0 0 0 0 0 0 0
0 0 0 0 0 0 0 0 184 185 187 190 193 197 199 201 205 201 198 197 199 200 199 198 200 200 201 199 188 164 131 109 80 54 41 61 98 122 123 116 125 126 127 127 128 129 129 129 128 133 136 137 135 133 130 130 130 129 125 124 123 126 130 132 135 135 136 137 137 137 137 137 135 135 135 136 135 136 136 136 135 135 135 135 135 134 134 134 133 134 134 135 135 136 136 136 137 138 138 138 139 139 139 139 138 136 134 133 131 132 133 133 130 132 132 134 135 136 137 136 140 124 102 76 48 42 69 104 150 167 163 132 97 62 42 41 46 63 85 103 117 130 137 138 136 134 129 126 124 125 127 128 128 129 128 129 130 131 132 131 132 131 130 129 129 130 130 131 132 131 130 129 128 128 127 127 127 122 125 123 110 95 69 38 32 31 68 100 124 145 141 142 136 138 137 134 128 120 114 112 96 94 86 74 58 43 33 28 25 19 18 27 40 57 80 99 100 115 129 132 133 137 137 134 131 137 138 134 130 125 113 100 57 50 44 42 36 33 39 49 48 38 21 13 7 41 94 95 79 53 26 20 27 35 39 43 33 35 35 32 24 18 21 25 29 38 49 57 62 65 67 67 71 70 68 69 71 72 68 66 56 42 30 25 19 16 26 43 84 106 123 125 125 132 131 126 125 124 124 126 130 133 134 136 136 136 137 138 139 140 141 142 138 139 139 141 141 142 143 143 139 139 138 137 137 136 136 136 137 137 137 136 136 136 135 135 133 132 132 131 131 132 132 133 136 136 136 136 136 136 136 136 136 136 136 136 136 136 136 136 136 137 137 137 137 137 137 137 137 137 137 137 137 137 137 137 138 138 138 138 138 138 138 138 138 138 138 138 138 138 138 138 138 138 138 138 137 137 137 137 135 135 134 135 135 136 136 136 137 137 138 139 139 139 138 138 136 136 136 136 136 136 136 136 139 138 137 136 135 133 132 132 131 132 133 133 133 134 134 134 132 133 134 136 136 136 136 136 136 136 136 136 136 136 136 137 147 146 142 136 127 117 109 102 90 87 81 80 80 80 77 76 81 85 91 98 104 111 114 117 126 126 129 141 155 166 170 171 175 177 178 181 183 186 189 190 189 193 197 200 198 198 199 200 199 201 204 204 201 200 203 206 204 204 204 204 204 204 204 205 204 205 205 205 205 204 203 203 205 205 205 206 206 206 206 206 207 207 207 207 207 207 207 207 208 208 208 208 208 208 208 208 209 209 209 209 209 209 209 209 210 210 210 210 210 210 210 210 0 0 0 0 0 0 0 0
0 0 0 0 0 0 0 0 185 186 188 189 190 192 193 194 190 189 189 189 186 180 169 163 166 166 165 160 147 125 99 81 72 57 52 73 102 120 122 119 122 124 124 124 125 126 126 127 127 130 132 134 131 129 128 128 133 132 128 126 126 126 128 130 135 136 136 137 137 137 137 137 135 134 134 135 135 136 135 135 135 135 135 134 134 134 134 134 134 134 134 135 135 136 136 136 137 137 138 138 139 139 139 139 137 135 134 133 132 133 134 134 133 134 133 133 134 134 135 134 142 126 103 75 46 38 62 94 131 144 135 103 72 47 38 47 67 85 105 119 127 132 134 132 133 133 131 129 128 127 127 127 128 129 129 130 130 131 132 132 132 131 130 130 130 130 131 131 132 132 132 130 129 128 128 127 126 120 122 123 114 102 79 48 33 26 58 87 112 134 131 129 129 131 132 132 130 128 127 126 124 122 117 107 92 77 64 59 44 34 26 26 30 37 49 60 72 86 103 112 121 133 139 140 134 134 130 124 118 108 87 68 31 29 28 28 26 26 36 47 47 45 29 18 8 39 97 108 88 64 37 23 20 21 27 33 46 54 63 62 51 37 27 25 20 29 42 53 59 63 64 64 63 63 63 67 70 72 72 72 68 56 43 34 22 12 18 32 67 91 114 123 128 133 132 125 126 126 126 126 127 129 129 129 134 135 136 137 138 139 140 141 140 140 140 141 140 140 140 140 139 139 138 137 137 137 136 135 137 137 136 136 136 135 135 135 133 132 132 131 131 132 132 133 135 135 135 135 135 135 135 135 136 136 136 136 136 136 136 136 136 137 137 137 137 137 137 137 137 137 137 137 137 137 137 137 138 138 138 138 138 138 138 138 138 138 138 138 138 138 138 138 138 138 138 138 137 137 137 137 135 135 134 135 135 135 136 136 137 137 138 138 139 138 137 137 137 137 137 137 137 137 137 137 138 138 137 135 134 132 131 130 131 131 132 132 133 133 133 134 132 133 134 135 135 136 136 135 135 136 136 136 136 136 136 136 140 139 138 136 132 128 123 120 110 106 99 94 90 86 82 78 81 84 86 90 92 94 95 96 94 93 96 106 118 128 132 132 136 137 139 141 143 146 146 148 151 158 165 171 172 173 177 180 180 186 195 201 203 203 204 205 201 201 202 202 203 203 203 203 203 203 203 203 203 203 202 201 203 204 204 204 204 205 205 204 206 207 207 207 207 207 207 208 208 208 208 208 208 208 208 208 209 209 209 209 209 209 209 209 210 210 210 210 210 210 210 210 0 0 0 0 0 0 0 0
0 0 0 0 0 0 0 0 184 184 185 185 184 183 181 180 173 173 170 166 160 149 137 131 132 132 128 119 105 88 71 61 57 57 68 89 110 120 122 123 120 120 121 122 122 123 123 124 125 127 129 128 126 125 126 127 136 134 131 129 128 129 130 130 135 135 135 136 136 137 137 136 134 134 134 135 135 136 136 135 135 135 135 135 135 134 134 134 133 134 134 135 134 134 135 135 137 138 138 138 139 139 139 139 137 135 134 134 133 134 135 135 135 135 134 133 133 134 134 133 143 125 101 71 42 31 51 76 100 109 97 67 45 37 47 66 93 111 129 135 134 133 129 125 132 133 134 134 134 132 130 129 130 129 130 131 131 132 131 132 132 131 131 130 130 131 130 132 133 133 132 131 131 130 128 128 125 117 119 122 118 112 92 63 39 24 47 73 99 125 122 119 123 123 125 128 129 131 132 132 136 137 137 132 121 109 99 93 75 64 50 43 39 35 33 34 36 50 68 85 102 117 127 130 136 131 124 113 102 83 55 33 23 28 32 33 30 31 43 57 58 54 34 24 20 49 103 118 105 82 51 26 10 10 23 37 65 82 100 103 87 62 38 23 11 20 33 48 58 63 63 63 57 60 63 64 66 68 70 72 75 66 55 46 30 15 14 25 53 79 108 127 136 141 136 127 121 121 121 123 124 126 127 128 133 134 135 136 137 139 140 140 141 141 140 139 139 139 137 137 139 139 138 138 136 136 136 136 136 136 136 135 135 135 134 134 133 132 132 131 131 132 132 133 135 135 135 135 135 135 135 135 136 136 136 136 136 136 136 136 136 137 137 137 137 137 137 137 137 137 137 137 137 137 137 137 138 138 138 138 138 138 138 138 138 138 138 138 138 138 138 138 138 138 138 138 137 137 137 137 135 135 134 134 135 135 135 136 136 137 137 138 138 137 136 136 137 137 137 137 137 137 137 137 137 136 135 133 132 131 129 129 130 130 130 131 132 133 133 133 133 133 134 135 135 135 135 136 135 135 135 135 135 136 136 136 136 136 137 137 137 137 136 135 130 127 121 116 111 104 99 95 95 96 94 93 91 89 87 86 79 79 79 84 91 96 97 95 101 101 103 104 106 107 108 109 109 116 127 133 136 138 144 149 156 164 175 186 194 200 204 206 201 201 201 201 202 202 202 202 202 203 203 203 203 202 202 203 202 202 203 203 203 203 203 203 206 206 205 207 206 208 208 208 208 208 208 208 208 208 208 208 207 207 207 207 207 206 206 206 207 207 207 207 207 207 207 207 0 0 0 0 0 0 0 0
0 0 0 0 0 0 0 0 149 149 148 146 143 140 136 133 124 119 110 103 96 90 87 87 82 82 78 69 56 44 38 36 51 66 88 106 116 118 121 124 119 120 120 120 121 121 122 123 126 127 126 125 124 124 126 129 136 135 132 132 130 131 132 133 134 135 135 136 136 136 136 136 135 134 134 135 134 135 135 135 135 135 134 134 134 134 134 134 135 135 134 134 134 134 134 135 136 137 137 138 138 138 139 138 136 135 135 135 134 135 135 135 134 134 132 133 134 135 136 135 145 128 101 68 37 24 36 54 65 75 66 46 39 46 68 96 120 135 147 147 140 135 132 129 132 134 135 135 135 135 134 133 131 130 130 131 131 132 132 132 132 132 131 131 131 131 131 132 133 133 133 132 131 130 129 128 126 117 117 122 122 121 104 77 48 25 37 59 89 121 122 120 122 121 120 121 123 125 126 127 128 131 134 134 130 125 122 120 116 104 91 80 68 53 37 27 13 23 38 59 80 98 112 117 129 127 120 106 85 61 36 20 37 47 57 59 55 57 71 86 80 71 43 35 40 65 107 116 117 99 67 33 11 13 35 56 86 107 130 134 116 85 50 27 7 10 23 41 56 62 65 66 60 62 65 63 60 61 64 67 70 67 62 55 39 25 20 25 42 69 101 126 141 147 140 130 116 116 116 117 118 123 129 134 133 134 136 137 139 139 139 140 140 140 139 138 138 138 137 137 139 138 138 138 136 136 136 136 135 135 135 135 134 134 134 133 133 132 132 131 131 132 132 133 134 134 134 134 134 134 134 134 136 136 136 136 136 136 136 136 136 137 137 137 137 137 137 137 137 137 137 137 137 137 137 137 137 137 137 137 137 137 137 137 137 137 137 137 137 137 137 137 137 137 137 137 136 136 136 136 134 134 134 134 134 135 135 135 136 136 136 137 136 136 135 134 135 135 135 135 135 135 135 135 135 135 133 132 131 130 128 128 130 130 130 130 132 132 133 133 133 134 135 135 136 136 135 135 135 136 136 136 136 136 136 137 140 140 139 137 137 138 139 140 140 139 138 136 132 128 123 122 121 121 118 115 112 108 104 103 96 94 91 91 90 90 88 85 88 88 88 89 89 89 91 90 86 93 99 102 102 105 111 117 132 139 151 166 179 192 201 206 200 201 201 201 202 203 202 202 204 203 203 203 203 204 204 204 203 203 203 204 204 204 204 204 204 204 205 206 206 207 208 209 208 208 208 208 208 208 208 208 207 207 207 206 206 206 206 205 206 206 206 206 206 206 206 206 0 0 0 0 0 0 0 0
0 0 0 0 0 0 0 0 99 99 97 94 91 87 83 82 69 65 59 53 50 52 55 60 54 55 54 49 42 39 43 46 69 88 110 122 121 119 119 122 120 121 120 122 122 123 123 124 127 127 126 126 124 125 128 132 133 132 131 132 131 133 134 136 135 135 135 135 135 135 135 135 134 134 134 135 135 136 135 135 135 135 135 135 135 134 134 134 134 134 134 134 134 134 134 134 136 137 137 138 138 138 138 138 135 135 135 135 134 134 134 134 130 131 131 134 136 137 138 136 154 134 104 68 35 18 22 30 32 48 50 46 54 72 96 122 137 146 153 149 141 139 138 138 135 136 135 135 135 136 137 137 132 131 131 131 131 132 132 132 131 130 130 129 129 130 130 132 133 133 132 131 131 130 128 128 128 119 119 123 124 125 113 90 56 26 28 47 79 118 127 129 124 121 117 116 118 120 120 121 121 124 127 129 130 131 133 136 141 135 126 114 99 79 55 36 24 21 20 30 49 69 87 98 109 112 110 93 64 39 29 29 61 75 85 84 77 77 88 99 93 96 71 59 57 65 95 107 120 113 94 66 44 43 61 80 108 129 147 150 134 106 70 42 11 8 15 31 48 57 61 65 62 63 65 63 58 56 59 63 63 63 63 59 48 35 27 26 31 54 85 115 136 144 140 133 124 124 122 118 117 121 127 133 133 134 137 138 139 140 140 140 136 137 136 137 138 139 139 139 138 138 136 136 136 135 135 135 135 134 134 134 133 133 133 133 133 132 132 131 131 132 132 133 134 134 134 134 134 134 134 134 136 136 136 136 136 136 136 136 136 137 137 137 137 137 137 137 137 137 137 137 137 137 137 137 137 137 137 137 137 137 137 137 137 137 137 137 137 137 137 137 137 137 137 137 137 137 137 137 135 135 134 135 135 135 136 136 136 136 136 136 136 135 134 133 133 133 133 133 133 133 133 133 135 134 133 132 131 130 130 130 131 131 131 132 132 133 133 133 134 135 136 137 137 137 137 136 136 136 136 136 136 137 136 137 144 141 140 137 137 136 137 138 140 141 143 143 141 141 138 139 139 139 137 136 133 130 126 126 119 115 112 109 106 104 101 98 95 94 94 95 95 95 95 96 93 93 92 89 86 85 88 91 109 119 138 158 177 190 196 198 197 198 197 198 198 200 199 200 202 201 201 200 200 202 203 204 205 205 205 206 206 206 206 206 205 205 204 206 206 207 207 208 208 208 208 208 208 208 208 208 207 207 207 206 206 205 205 204 206 206 206 206 206 206 206 206 0 0 0 0 0 0 0 0
0 0 0 0 0 0 0 0 54 52 50 48 45 43 41 40 43 46 47 50 51 54 59 63 66 70 72 73 74 79 85 91 100 115 129 131 126 122 118 118 122 122 123 124 123 125 125 125 127 128 128 127 127 128 130 133 131 131 131 131 132 133 134 135 134 135 135 135 135 135 135 135 134 134 134 135 134 135 135 135 135 135 135 135 134 134 134 134 136 136 134 134 133 134 133 133 134 135 136 136 136 138 137 138 135 135 135 135 134 133 131 131 126 129 132 136 138 140 138 137 155 135 103 64 33 15 10 12 14 35 50 61 83 103 119 136 136 141 142 135 132 133 136 136 136 135 134 133 133 134 137 137 131 130 130 130 130 130 130 130 130 129 129 128 128 129 129 131 132 132 131 130 129 129 127 127 128 119 120 123 123 126 119 100 66 28 22 33 65 110 125 134 123 120 117 117 121 123 123 121 119 122 123 124 125 128 131 135 138 140 139 134 126 113 93 77 68 47 24 14 17 29 42 54 76 85 88 70 39 22 32 51 96 108 111 99 81 70 70 73 89 112 100 85 67 53 74 96 116 125 127 115 100 94 99 106 127 140 151 151 143 124 92 64 26 14 9 22 38 46 53 60 61 61 60 59 58 59 61 64 61 62 62 62 56 44 30 23 25 40 66 96 123 136 137 135 135 135 132 126 120 118 122 126 132 134 136 138 139 139 139 138 135 135 135 136 137 139 139 139 136 136 135 134 134 134 133 133 134 134 133 133 133 132 132 132 133 132 132 131 131 132 132 133 135 135 135 135 135 135 135 135 136 136 136 136 136 136 136 137 136 137 137 137 137 137 137 137 137 137 137 137 137 137 137 137 136 136 136 136 136 136 136 136 136 136 136 136 136 136 136 136 136 136 136 136 136 136 136 136 134 135 134 134 135 135 135 135 135 135 136 135 135 134 132 132 130 130 130 130 130 130 130 130 133 133 133 132 132 131 132 132 132 132 133 133 133 134 134 134 135 135 136 137 138 138 137 137 137 137 137 137 137 137 137 138 138 138 137 135 136 136 137 137 137 139 141 141 140 139 139 141 140 141 141 141 139 139 137 136 133 132 131 129 126 125 124 123 122 121 122 122 122 123 122 122 118 115 108 103 98 94 88 85 89 105 133 163 185 195 195 191 193 192 193 194 194 195 195 196 198 197 196 196 197 198 200 202 205 206 206 206 207 207 207 207 206 205 205 205 206 206 206 206 207 208 208 208 208 208 208 208 207 207 206 206 205 204 204 204 205 205 205 205 205 205 205 205 0 0 0 0 0 0 0 0
0 0 0 0 0 0 0 0 39 38 35 33 31 31 33 34 46 51 59 65 68 72 75 80 88 89 92 96 99 103 109 112 119 128 132 128 124 125 121 118 122 124 124 124 125 125 125 126 127 128 130 129 128 129 131 133 130 130 130 130 131 131 132 132 134 135 135 135 135 135 135 135 134 134 134 135 135 136 135 135 135 135 135 135 135 135 135 134 136 136 135 134 133 133 133 133 134 135 136 136 136 138 137 138 135 135 135 135 132 131 129 127 125 130 134 139 141 140 136 134 133 116 86 53 27 12 7 5 12 38 61 85 114 129 134 141 134 134 131 125 125 128 130 128 134 135 134 136 134 135 134 132 131 130 130 129 129 129 129 129 128 128 127 127 127 127 128 129 131 131 130 129 128 127 126 126 125 119 121 123 119 124 123 109 79 36 21 24 53 99 120 133 122 118 116 118 124 127 126 123 117 120 123 124 123 124 127 128 127 134 139 138 136 134 126 115 104 80 51 35 27 22 20 23 49 58 61 46 19 13 40 73 122 131 129 109 83 66 56 52 78 107 101 95 81 57 62 77 98 117 133 137 133 131 130 128 135 142 145 144 144 136 110 82 51 29 13 18 30 38 47 56 62 59 58 57 58 62 63 64 62 61 61 63 62 53 35 22 19 27 44 70 96 112 118 119 122 127 131 129 124 121 122 124 130 131 134 136 137 137 136 136 136 136 135 136 137 137 135 136 135 135 133 133 133 132 132 132 133 133 133 132 132 132 131 131 133 132 132 131 131 132 132 133 135 135 135 135 135 135 135 135 136 136 136 136 136 136 136 137 136 137 137 137 137 137 137 137 137 137 137 137 137 137 137 137 136 136 136 136 136 136 136 136 136 136 136 136 136 136 136 136 136 136 136 136 136 136 136 136 134 134 134 134 134 135 135 135 135 135 135 135 134 132 131 130 130 130 130 130 130 130 130 130 132 132 132 132 133 133 134 135 133 133 134 134 135 135 135 135 135 136 137 137 138 138 137 137 137 137 137 137 137 137 137 137 136 135 135 135 136 136 137 137 135 136 138 136 134 134 136 139 139 139 140 141 140 139 137 137 139 139 139 138 138 137 138 138 140 140 140 140 140 141 140 140 138 133 127 123 122 114 100 90 81 99 127 159 185 197 198 194 192 192 193 194 194 195 195 196 198 198 196 196 197 199 201 203 204 205 205 205 206 206 206 205 207 207 206 205 205 205 204 204 207 208 208 208 208 208 208 208 207 207 206 206 205 204 203 203 204 204 204 204 204 204 204 204 0 0 0 0 0 0 0 0
0 0 0 0 0 0 0 0 77 75 72 71 70 72 76 78 79 83 89 94 98 103 109 116 113 114 115 118 119 121 122 122 123 127 125 121 123 127 125 121 123 124 125 126 125 127 126 127 126 129 131 131 130 130 131 133 131 131 130 130 128 129 128 128 135 135 135 135 135 135 135 135 134 134 134 135 135 136 135 135 135 135 135 135 135 134 134 134 136 136 136 135 135 133 133 132 134 135 135 136 136 137 137 138 135 136 136 134 133 129 127 125 127 130 136 140 142 139 134 129 108 92 67 39 19 10 7 5 18 44 71 100 131 145 141 139 137 136 131 126 128 132 132 127 131 133 135 137 136 134 130 127 129 129 129 129 129 129 129 130 128 128 126 127 127 127 128 129 130 130 129 128 126 126 125 125 121 117 121 122 118 124 126 115 89 43 23 20 45 92 117 132 121 118 116 118 124 126 124 121 116 120 126 128 128 127 127 127 126 134 137 132 129 129 125 118 114 95 79 70 64 49 37 30 33 41 42 30 8 10 46 86 124 133 133 115 93 78 69 62 70 93 84 90 97 74 62 62 73 94 116 126 131 138 139 137 136 138 137 137 141 141 118 90 71 44 21 19 28 35 46 57 65 61 57 56 60 62 61 61 61 60 59 62 65 58 39 22 10 12 21 43 65 82 90 93 99 108 120 125 126 125 126 128 125 128 132 134 135 134 133 132 136 136 135 135 135 134 133 133 134 134 132 132 132 131 131 131 133 133 132 132 132 131 131 131 133 132 132 131 131 132 132 134 136 137 137 137 136 137 136 136 136 136 136 136 136 136 136 136 136 137 136 137 136 137 137 137 137 137 137 137 137 137 137 137 136 136 136 136 136 136 136 136 136 136 136 136 136 136 136 136 136 136 136 136 136 136 136 136 134 134 134 134 134 135 135 135 135 135 135 134 133 132 130 130 131 131 131 131 131 131 131 131 131 131 132 133 134 134 135 136 133 134 135 135 135 136 136 136 135 136 136 138 137 138 137 137 136 137 137 137 137 137 137 138 136 136 136 136 136 136 136 136 134 135 137 135 134 133 137 142 142 142 142 142 142 140 138 138 137 138 138 137 136 136 136 137 134 134 135 134 135 136 135 135 140 134 131 132 133 123 104 88 84 96 118 147 175 193 201 202 196 196 196 197 198 197 199 200 202 201 199 199 200 202 204 207 203 204 204 205 205 205 205 205 208 209 208 207 205 204 203 203 207 207 207 207 208 208 208 208 207 207 206 205 204 205 204 203 205 204 204 204 204 204 204 204 0 0 0 0 0 0 0 0
0 0 0 0 0 0 0 0 100 101 102 102 103 104 104 105 112 113 115 119 121 124 127 129 132 131 130 128 127 125 125 124 125 125 125 125 125 125 125 125 127 128 128 130 129 129 130 130 132 132 132 131 131 130 130 130 131 131 130 131 130 131 131 131 135 135 135 136 136 136 136 136 135 135 135 135 135 135 134 134 135 135 135 135 135 136 136 136 138 139 139 137 136 134 133 134 134 134 134 136 136 137 138 138 136 136 136 134 130 128 125 125 130 134 137 139 139 136 118 98 74 57 40 28 16 7 6 11 25 40 69 102 128 139 138 134 137 139 140 137 134 130 128 128 124 127 129 131 132 131 130 128 129 129 129 129 129 129 130 131 131 132 131 130 130 129 129 129 129 127 126 126 125 124 123 123 115 116 119 123 125 125 124 124 91 60 29 22 41 74 107 127 123 119 115 117 119 120 120 121 122 121 122 125 131 131 129 126 126 125 125 125 125 126 128 128 127 120 112 104 94 77 54 38 37 34 25 10 9 5 63 94 119 134 128 123 110 89 79 56 61 57 71 93 99 93 76 55 61 69 87 108 132 147 149 145 136 133 130 133 142 143 127 107 88 62 39 31 29 29 37 49 60 62 61 60 61 67 66 64 61 56 60 65 63 62 49 27 9 8 14 28 43 52 57 61 70 81 97 109 115 118 121 125 128 130 132 135 137 138 135 132 133 131 130 131 132 132 131 131 131 133 134 135 137 137 136 136 140 138 135 133 132 133 134 135 133 133 133 133 133 133 133 134 137 137 137 137 136 137 136 136 136 136 136 136 136 136 135 135 135 136 135 136 135 136 136 136 135 135 136 136 136 136 136 137 137 137 137 137 137 137 137 137 137 137 137 137 137 137 137 137 137 137 137 137 137 137 137 137 136 136 136 135 135 135 135 135 135 135 135 135 135 135 135 135 134 134 134 134 134 134 134 134 135 135 135 135 135 135 135 135 135 135 135 135 135 135 135 135 136 137 136 137 136 137 136 137 136 137 136 137 136 137 136 137 135 136 136 137 136 137 136 136 136 136 137 136 136 136 136 136 139 140 140 140 139 139 138 139 138 137 136 136 136 135 135 136 136 136 136 136 136 136 135 135 135 135 137 138 135 125 107 95 85 91 105 131 160 186 201 206 196 197 197 198 198 199 200 201 205 207 207 206 204 204 206 207 207 206 204 203 203 203 204 205 202 202 201 201 201 201 201 200 204 204 205 205 205 205 205 205 207 206 204 203 202 204 205 206 206 205 205 205 204 204 203 203 0 0 0 0 0 0 0 0
0 0 0 0 0 0 0 0 127 128 129 130 130 132 133 133 135 137 140 141 142 144 143 141 135 135 135 134 132 133 132 132 128 127 127 128 127 127 127 128 130 131 131 131 131 131 132 132 133 133 133 132 132 131 131 130 131 130 130 131 131 131 131 131 136 136 136 136 136 136 136 137 136 135 135 135 135 135 134 134 135 135 134 135 135 135 136 137 139 140 138 137 137 135 134 133 133 134 135 136 136 137 138 138 136 138 137 134 127 124 123 125 133 138 139 137 131 119 99 80 44 33 24 18 13 9 9 13 31 45 66 89 109 121 126 128 131 134 137 138 135 132 131 129 128 127 127 128 130 130 128 127 128 128 129 129 129 129 131 131 132 132 130 130 131 130 129 129 127 127 126 125 124 123 123 122 119 120 122 124 124 123 122 120 96 68 36 22 33 60 94 118 121 120 119 119 120 119 121 123 125 123 123 125 129 131 129 127 125 124 123 124 125 127 129 129 136 133 130 126 119 102 80 64 44 39 26 8 9 8 68 102 121 134 127 125 116 99 89 63 55 45 57 86 104 105 88 61 47 54 70 95 122 143 150 149 139 135 130 132 140 145 137 121 108 82 55 39 29 24 30 41 56 60 61 60 61 65 64 62 60 56 60 66 64 63 52 28 2 0 5 18 30 34 35 37 42 54 71 86 96 106 117 126 129 132 136 140 142 141 138 135 131 126 122 123 127 129 129 128 129 132 133 137 138 139 139 139 141 139 137 135 134 134 135 135 134 134 134 134 134 134 134 134 137 138 137 137 137 137 137 137 136 136 136 136 136 136 135 135 134 134 134 134 134 134 135 135 135 135 136 136 136 136 136 137 137 137 137 137 137 137 137 137 137 137 137 137 137 137 137 137 137 137 137 137 137 137 137 137 136 136 136 136 135 135 135 135 135 135 135 135 135 135 135 135 134 134 134 134 134 134 134 134 135 135 135 135 135 135 135 135 135 135 135 135 135 135 135 135 136 136 136 136 136 136 136 136 136 136 136 136 136 136 136 137 136 137 137 137 136 137 136 137 136 137 136 137 137 136 136 137 140 140 140 140 140 139 139 138 137 136 135 134 134 134 134 135 136 136 136 135 135 134 134 134 135 134 134 135 132 122 106 93 78 82 93 116 143 171 188 197 201 200 201 202 203 203 204 205 203 205 204 204 202 202 204 206 207 206 204 202 201 200 201 201 201 202 203 202 201 200 201 203 201 201 201 201 201 201 201 201 201 200 200 201 201 202 204 206 211 211 208 205 203 201 200 199 0 0 0 0 0 0 0 0
0 0 0 0 0 0 0 0 125 126 127 129 131 133 135 134 133 135 137 138 137 135 131 129 130 130 130 130 130 130 130 130 129 129 129 129 129 129 129 129 131 132 131 132 132 132 133 133 133 133 133 132 132 131 131 130 131 131 131 131 131 131 131 131 136 136 136 136 136 137 137 137 136 136 136 136 136 136 135 135 136 136 135 135 136 136 136 137 139 139 138 137 136 135 134 134 134 134 135 136 136 137 138 138 137 139 138 134 125 121 123 127 136 141 141 133 118 98 74 57 23 20 20 24 24 23 22 25 30 39 52 63 72 85 101 113 119 126 133 138 138 134 132 130 128 124 122 123 126 128 128 128 126 127 128 129 129 129 130 130 131 130 131 130 129 129 129 128 126 126 125 124 124 123 121 121 121 122 122 122 121 118 116 114 98 75 44 24 23 43 78 107 117 121 125 123 120 118 121 125 128 126 125 126 128 130 129 128 126 125 125 126 126 128 129 129 134 134 136 138 135 123 104 89 70 59 39 18 18 16 75 108 123 133 125 128 127 115 102 74 54 34 40 72 103 116 100 71 46 46 55 76 105 131 146 152 142 137 129 127 134 143 143 137 129 103 74 49 29 18 23 33 49 54 58 60 62 64 63 59 60 55 60 66 66 66 55 34 9 6 10 21 31 32 28 26 28 38 50 59 66 78 93 106 117 122 129 135 139 139 137 135 133 129 124 123 126 129 129 127 129 131 133 137 139 142 143 144 141 139 137 135 134 133 134 134 135 135 135 135 135 135 135 135 136 136 136 136 136 136 136 136 135 135 135 135 135 135 135 135 133 133 133 133 133 133 134 134 136 136 136 136 137 137 137 137 138 138 138 138 138 138 138 138 138 138 138 138 138 138 138 138 138 138 138 138 138 138 138 138 136 136 136 136 136 136 136 136 136 136 136 136 136 136 136 136 135 135 135 135 135 135 135 135 135 135 135 135 135 135 135 135 135 135 135 135 135 135 135 135 137 137 137 137 137 137 137 137 137 137 137 137 137 137 137 137 136 136 136 136 136 136 136 137 136 137 137 137 137 137 137 137 140 141 141 140 140 139 139 138 136 135 135 134 134 134 133 134 134 134 134 134 134 133 132 132 132 132 132 132 129 119 106 96 77 77 81 95 119 145 165 175 193 193 194 195 196 198 198 200 207 208 208 208 207 208 211 214 206 206 205 204 203 203 203 203 204 207 208 206 201 200 201 203 201 202 201 201 201 201 201 202 200 201 201 202 204 207 208 210 213 211 209 205 202 198 197 196 0 0 0 0 0 0 0 0
0 0 0 0 0 0 0 0 122 123 125 127 129 132 133 135 134 134 135 134 133 130 127 126 123 124 123 125 125 126 126 126 130 130 130 131 130 131 130 130 132 133 132 133 133 134 134 134 133 133 133 132 132 131 131 130 131 131 131 131 131 131 131 132 136 136 136 137 137 137 137 137 137 137 136 137 136 136 135 136 135 135 136 136 135 137 136 137 138 139 138 137 136 136 134 133 133 134 135 135 135 136 137 136 136 138 138 133 125 123 127 131 136 139 137 123 100 75 51 37 22 26 34 41 43 41 38 37 29 35 39 39 38 50 72 91 100 108 120 129 133 134 133 132 128 122 118 119 122 127 127 127 125 127 128 128 128 129 130 130 130 130 130 130 128 129 127 127 125 125 124 124 123 123 122 121 119 119 119 118 116 114 112 110 99 81 54 28 16 27 62 94 108 120 130 127 121 118 122 127 132 130 128 127 127 128 129 129 129 129 128 127 126 127 127 128 124 125 130 136 137 131 119 110 103 90 65 39 33 24 78 107 123 130 121 129 136 129 117 87 57 32 31 60 94 114 110 90 69 58 51 60 82 109 133 147 144 139 131 123 126 136 144 144 136 116 87 57 31 16 19 28 40 48 57 61 63 65 63 59 58 54 59 65 66 67 58 37 19 16 20 33 43 43 38 34 27 32 36 38 39 47 62 74 88 95 106 117 126 131 135 136 134 135 134 131 127 124 124 125 126 127 129 131 134 135 136 137 136 135 134 133 133 133 134 134 134 134 134 134 134 134 134 134 134 135 135 135 135 135 135 135 134 134 134 134 134 134 134 134 132 132 132 132 132 132 133 133 135 135 135 135 136 136 136 136 137 137 137 137 137 137 137 137 137 137 137 137 137 137 137 137 137 137 137 137 137 137 137 137 136 136 136 136 136 136 136 136 136 136 136 136 136 136 136 136 136 136 136 136 136 136 136 136 135 135 135 135 135 135 135 135 135 135 135 135 135 135 135 135 136 136 136 136 136 136 136 136 136 136 136 136 136 136 136 136 136 137 136 136 136 136 136 136 136 136 136 137 137 137 137 137 139 140 139 139 139 138 137 137 135 134 133 134 132 133 132 132 132 133 132 132 132 131 131 130 129 129 130 131 128 121 111 104 88 82 78 82 97 115 133 143 168 169 171 174 175 177 179 180 184 185 186 187 188 191 195 200 198 200 201 203 205 207 209 210 212 214 215 211 204 200 200 202 201 201 201 201 201 202 203 203 204 204 205 206 208 211 211 213 211 210 207 205 202 200 198 197 0 0 0 0 0 0 0 0
0 0 0 0 0 0 0 0 118 119 121 124 127 129 130 131 132 130 128 125 124 124 125 126 125 127 126 128 129 129 130 130 130 131 131 131 130 131 130 131 132 132 133 133 134 134 134 134 133 133 133 132 131 130 130 130 131 131 131 131 131 132 132 132 136 136 136 137 137 137 137 137 137 138 137 138 137 137 136 137 136 136 136 137 136 137 137 137 139 139 137 137 136 135 134 134 134 134 135 135 135 136 137 136 135 136 137 134 129 128 132 137 138 136 127 108 81 52 32 21 27 35 48 55 56 54 49 45 42 43 40 30 23 29 48 66 69 79 93 108 120 128 132 136 133 129 125 124 124 126 124 123 124 126 126 127 127 129 129 129 129 129 128 129 128 127 126 126 125 125 124 124 124 124 123 123 119 119 118 118 117 116 115 114 105 91 67 38 15 17 45 74 96 115 132 131 123 120 124 126 131 132 129 129 127 128 129 129 134 132 131 128 127 126 125 124 121 121 126 132 137 138 134 131 125 112 88 58 46 29 75 100 120 128 119 129 138 136 128 99 64 40 32 50 76 103 117 113 99 80 57 52 60 82 113 137 145 143 135 124 121 130 141 145 138 123 97 66 36 18 16 20 30 41 54 60 64 66 64 61 58 52 57 64 65 67 59 38 16 14 19 34 49 53 50 47 31 32 30 27 25 29 38 47 51 61 74 88 100 112 121 128 129 138 145 142 131 122 121 125 125 125 125 125 126 127 127 127 129 129 129 130 132 133 134 134 134 134 134 134 134 134 134 134 134 134 134 134 134 134 134 134 135 135 135 135 135 135 135 134 132 133 133 133 134 134 134 134 135 135 136 136 136 136 136 136 137 137 137 137 137 137 137 137 137 137 137 137 137 137 137 137 137 137 137 137 137 137 136 136 136 136 136 136 136 136 136 136 136 136 136 136 136 136 136 136 136 136 136 136 136 136 136 136 135 135 135 135 135 135 135 135 135 135 135 135 135 135 135 135 136 136 136 136 136 136 136 136 136 136 136 136 136 136 136 136 136 136 135 136 136 136 136 136 136 137 137 137 137 137 137 138 138 140 138 139 138 138 138 137 134 134 134 133 132 133 132 133 132 132 131 131 131 131 130 130 127 128 129 131 129 127 122 117 104 96 86 80 82 91 102 108 131 132 135 138 141 144 146 147 151 153 155 157 158 164 171 176 176 178 182 187 193 197 201 204 207 209 209 206 202 199 200 201 198 199 199 200 201 202 203 203 204 205 206 207 209 209 209 210 210 210 208 205 203 201 199 198 0 0 0 0 0 0 0 0
0 0 0 0 0 0 0 0 113 115 117 120 121 125 126 126 125 123 120 117 116 118 121 122 126 128 128 129 130 130 131 131 130 131 131 131 131 132 131 132 132 132 132 133 133 134 134 134 133 133 133 132 131 130 130 130 131 131 131 132 132 132 132 132 136 137 137 137 137 137 137 137 138 138 138 138 137 137 137 137 136 137 137 136 137 137 137 137 138 138 137 137 135 135 135 134 133 134 134 134 135 135 136 135 133 134 135 133 133 133 135 136 136 127 110 88 61 34 18 12 35 46 59 65 66 66 63 60 56 54 47 34 23 21 28 36 38 47 62 78 95 110 123 132 137 136 134 131 126 123 120 119 124 124 125 126 127 128 129 129 128 128 128 128 127 127 126 125 125 125 125 125 125 125 125 125 122 121 121 122 122 122 123 123 116 104 82 51 22 13 29 50 82 107 129 131 125 124 125 123 128 129 130 129 127 127 128 130 137 134 132 129 127 126 125 123 122 121 122 127 132 135 136 136 125 118 99 67 50 26 69 93 117 126 120 128 137 136 134 112 77 55 43 46 58 86 117 132 119 97 69 53 48 59 89 116 135 140 138 128 122 128 137 143 141 130 109 79 50 26 16 14 19 34 48 57 62 66 66 64 58 52 57 63 65 67 60 40 14 9 14 32 51 60 60 60 49 46 40 34 28 24 22 21 23 30 40 50 62 75 89 98 119 132 144 146 138 131 130 135 134 134 132 131 130 130 130 130 127 128 129 130 131 133 133 134 133 133 133 133 133 133 133 133 133 133 133 133 133 133 133 133 134 134 134 134 134 134 134 134 134 133 133 133 134 134 134 134 134 134 135 135 135 135 135 136 136 136 136 136 136 136 136 136 136 136 136 136 136 136 136 136 136 136 136 136 136 136 135 135 136 136 136 136 136 136 136 136 136 136 136 136 136 136 136 136 137 137 137 137 137 137 137 137 135 135 135 135 135 135 135 135 135 135 135 135 135 135 135 135 135 135 135 135 135 135 135 135 135 135 135 135 135 135 135 135 135 136 136 136 136 136 136 136 136 137 137 137 137 138 138 138 137 137 137 137 137 137 137 136 134 134 134 134 133 133 133 133 133 132 132 132 130 130 130 130 128 128 129 131 132 132 131 130 119 111 100 91 84 83 86 88 93 94 96 98 100 102 103 103 111 113 114 116 119 125 132 137 138 141 146 153 161 166 169 172 176 178 179 181 184 186 187 188 189 190 191 193 195 197 198 199 199 199 201 202 202 204 204 203 205 204 203 202 202 200 200 200 0 0 0 0 0 0 0 0
0 0 0 0 0 0 0 0 124 126 127 130 131 133 134 135 133 131 129 128 128 129 129 130 125 126 126 127 127 128 128 128 130 130 130 131 131 131 131 131 131 132 132 132 133 133 133 133 133 133 132 131 131 130 130 130 132 132 132 132 132 132 132 132 136 137 137 137 137 137 137 138 138 139 139 139 139 139 138 138 137 137 138 137 137 138 138 137 138 137 137 136 135 135 134 134 134 134 134 134 135 135 135 135 135 133 131 132 135 135 133 132 125 109 87 67 43 24 16 16 43 55 67 70 71 73 72 69 64 61 54 46 36 29 24 20 23 28 38 50 65 83 101 111 124 129 133 133 127 122 120 120 123 124 125 126 128 128 129 130 128 128 128 127 127 127 125 125 126 126 126 126 126 126 125 126 124 124 124 124 125 126 127 128 122 111 90 61 33 16 20 33 70 99 125 131 129 128 125 120 125 128 130 130 127 127 127 129 135 134 132 131 129 128 127 126 123 123 122 124 126 128 129 130 124 119 103 70 46 19 60 84 113 126 122 129 133 134 139 123 99 76 58 48 45 70 108 131 130 112 88 67 49 45 66 92 114 125 135 130 123 125 134 139 142 135 121 96 68 43 25 16 10 26 42 52 58 63 66 65 59 54 59 64 65 68 61 40 13 7 10 28 50 64 68 69 69 63 56 51 46 37 25 15 17 19 23 25 29 39 53 64 91 103 117 127 132 135 137 139 139 139 137 135 133 134 134 134 130 130 131 132 132 132 132 132 133 133 133 133 133 133 134 133 131 131 131 131 131 131 131 131 132 132 132 132 132 132 133 133 135 135 135 135 135 135 136 136 135 135 135 135 136 136 136 136 136 136 136 136 136 136 136 136 136 136 136 136 136 136 136 136 136 136 136 136 136 136 136 136 137 137 137 137 136 136 136 136 136 136 136 136 136 136 136 136 137 137 137 137 137 137 137 137 136 136 136 136 136 136 136 136 136 136 136 136 136 136 136 136 135 135 135 135 135 135 135 135 135 135 135 135 135 135 135 135 136 135 135 135 136 136 136 136 137 137 137 137 137 138 138 138 137 137 137 137 136 136 136 136 136 135 134 134 134 134 134 134 134 134 133 133 132 132 131 131 130 131 132 133 133 135 136 136 130 126 120 111 103 95 91 90 79 79 78 78 78 77 77 77 71 71 72 72 73 78 84 89 100 102 107 113 119 123 125 127 131 131 131 137 146 152 154 152 158 159 161 164 167 169 172 173 173 175 177 179 181 182 183 182 185 186 188 192 195 199 201 202 0 0 0 0 0 0 0 0
0 0 0 0 0 0 0 0 123 124 125 126 128 130 130 131 131 130 130 130 128 127 127 125 127 128 128 128 128 129 129 129 130 130 130 130 131 131 131 131 131 131 131 132 132 132 133 133 133 133 132 131 131 130 130 130 132 132 132 132 132 132 132 132 137 137 137 137 137 137 138 139 138 139 139 139 139 139 138 138 137 137 137 138 137 138 138 138 138 137 137 136 136 135 134 135 134 135 134 135 135 135 135 135 136 133 129 131 135 135 131 125 112 92 69 51 33 21 19 23 45 56 66 67 66 69 69 67 71 66 64 60 55 45 33 24 21 22 25 32 44 61 78 89 106 115 126 129 125 121 121 124 122 124 125 126 126 128 129 130 128 128 128 127 127 126 125 125 127 127 127 127 127 126 127 127 125 125 124 124 125 126 127 127 122 111 93 68 41 22 20 27 63 93 122 131 131 131 126 118 122 126 129 130 127 126 127 128 132 132 131 130 130 130 130 129 129 127 126 125 124 124 123 123 124 121 105 70 41 11 53 79 112 129 125 130 131 132 141 130 118 93 70 51 39 58 96 121 136 123 105 83 56 40 51 72 94 112 127 127 120 122 129 135 140 136 127 107 81 57 35 22 4 19 38 48 55 61 65 66 62 56 59 66 66 69 61 42 12 5 6 24 46 61 67 70 70 66 64 66 67 60 45 32 29 28 24 18 17 23 36 47 61 67 81 98 115 127 131 132 133 132 130 128 128 127 128 128 134 134 134 133 132 132 130 130 132 133 133 133 133 133 133 133 131 131 131 131 131 131 131 131 132 132 132 132 132 133 133 133 135 135 135 135 135 136 136 136 135 135 135 135 136 136 136 136 136 136 136 136 136 136 136 136 136 136 136 136 136 136 136 136 136 136 136 136 136 136 136 136 137 137 137 137 136 136 136 136 136 136 136 136 136 136 136 136 137 137 137 137 137 137 137 137 136 136 136 136 136 136 136 136 136 136 136 136 136 136 136 136 135 135 135 135 135 135 135 135 135 135 135 135 135 135 135 135 136 136 135 136 136 137 136 137 137 137 137 137 137 137 138 138 136 136 136 136 136 136 136 136 135 135 135 134 134 134 134 134 134 134 134 133 133 133 133 132 134 134 135 134 134 135 138 139 138 137 134 129 120 112 104 102 86 86 85 82 80 78 76 74 70 70 69 69 69 72 77 83 78 80 85 89 91 93 95 95 99 95 95 102 114 121 122 117 120 121 124 126 130 134 136 138 142 144 147 150 153 155 155 155 163 166 173 180 188 196 200 205 0 0 0 0 0 0 0 0
0 0 0 0 0 0 0 0 128 128 129 129 130 129 129 129 130 133 135 137 136 132 126 123 125 125 126 126 126 126 127 127 128 128 129 130 130 131 132 132 130 130 130 131 131 132 132 132 130 130 130 131 131 131 132 132 131 131 131 131 131 131 131 131 138 138 138 138 138 138 139 140 138 139 139 139 138 138 138 138 138 138 138 138 138 138 138 137 138 136 136 135 135 135 134 134 136 137 136 136 136 136 136 136 131 133 130 128 128 131 125 116 93 71 45 29 22 26 34 40 56 56 57 59 63 65 67 67 68 67 68 66 62 55 49 44 30 27 24 22 26 38 54 67 77 96 113 117 115 117 119 119 122 124 124 123 123 124 128 130 132 130 128 125 124 123 123 124 127 127 127 128 129 129 130 131 132 128 124 122 121 120 116 113 111 107 98 79 48 22 17 24 48 82 116 130 133 134 128 120 125 126 127 127 128 129 130 130 131 131 131 131 131 131 130 129 126 126 127 128 126 124 119 117 117 126 100 76 43 17 43 72 110 126 130 128 130 130 127 133 124 118 99 69 40 38 68 103 119 127 126 105 72 47 41 46 67 90 115 126 126 125 129 134 133 142 143 128 105 81 53 30 9 10 29 48 53 57 63 62 56 57 56 60 66 67 57 44 12 5 7 22 39 53 60 66 68 72 76 78 76 71 65 61 53 46 36 26 19 17 17 20 29 34 44 62 84 101 109 111 114 116 119 119 118 119 123 127 127 133 134 128 126 131 133 131 131 130 132 138 136 129 129 134 129 129 129 129 129 129 129 129 130 130 131 132 132 133 133 133 133 133 133 133 133 133 133 134 134 134 135 135 135 135 135 135 136 136 136 136 136 136 136 136 136 136 136 136 136 136 136 136 136 136 136 136 136 136 136 136 137 137 136 136 136 136 136 136 136 136 136 136 136 136 136 136 135 135 135 135 135 135 135 135 135 135 135 135 135 135 135 135 137 137 137 137 137 137 137 137 134 134 134 134 134 134 134 134 133 133 133 133 133 133 133 133 135 135 136 136 136 136 136 137 136 137 137 137 137 137 137 137 138 138 137 137 137 137 137 137 138 138 138 138 138 138 138 138 138 138 138 138 137 137 137 137 133 132 131 131 131 134 135 136 139 139 142 142 139 133 125 120 109 109 107 105 101 97 94 92 82 81 80 80 79 78 77 76 79 77 75 73 72 72 70 70 68 69 71 72 76 78 80 81 82 84 85 87 89 90 92 94 92 102 112 116 116 117 123 129 127 137 153 168 179 189 197 203 0 0 0 0 0 0 0 0
0 0 0 0 0 0 0 0 123 123 123 124 124 124 124 124 128 129 132 134 134 132 129 126 126 126 127 127 127 127 128 128 126 127 127 129 129 130 131 131 130 130 130 131 131 132 132 132 130 131 131 131 132 132 132 133 131 132 132 132 132 132 132 132 137 138 138 138 138 138 138 138 138 139 138 138 138 138 138 138 137 137 137 137 137 137 137 136 135 135 135 135 136 135 135 135 138 137 136 135 134 134 135 136 135 133 128 127 130 130 120 108 81 57 28 14 17 31 50 62 59 58 59 60 61 63 63 62 61 62 61 62 62 62 61 61 48 43 33 25 21 25 34 42 60 72 86 97 108 120 123 121 122 124 125 125 125 125 128 130 127 128 130 132 131 129 127 126 125 126 128 129 131 132 132 133 126 123 117 113 110 105 98 93 98 94 85 67 39 17 14 22 50 81 112 126 131 135 134 127 127 127 128 129 130 131 131 132 131 130 131 131 131 130 130 129 126 127 127 128 128 125 121 118 121 130 106 80 47 20 44 75 110 126 131 129 130 128 123 129 131 125 108 76 41 31 53 83 107 127 136 120 88 57 36 25 44 72 105 126 129 129 128 131 134 143 145 135 119 94 61 33 13 10 23 41 47 56 63 61 58 56 56 58 65 66 56 44 25 16 12 22 35 47 55 61 63 67 71 74 75 74 72 71 67 62 54 44 35 27 23 21 16 17 20 30 45 60 68 72 79 82 83 85 86 90 95 101 113 121 125 125 127 131 131 127 130 129 130 135 135 131 131 134 129 128 128 129 129 129 129 129 130 130 131 132 132 134 134 134 133 133 133 133 133 133 134 134 134 134 134 135 134 135 134 135 136 136 136 136 136 136 136 136 136 136 136 136 136 136 136 136 136 136 136 136 136 136 136 136 137 137 136 136 136 136 136 136 136 136 136 136 136 136 136 136 135 135 135 135 135 135 135 135 135 135 135 135 135 135 135 135 137 137 137 137 137 137 137 137 134 134 134 134 134 134 134 134 133 133 133 133 133 133 133 133 135 136 136 136 136 137 137 136 137 137 137 137 137 137 137 137 137 137 137 137 137 137 137 137 138 138 138 138 138 138 137 138 139 139 139 139 138 138 138 137 138 138 137 135 133 132 130 129 129 132 136 140 142 138 134 132 129 129 128 127 124 121 118 115 113 112 111 112 110 110 109 109 105 103 99 96 92 89 87 86 85 85 84 82 80 79 78 79 79 81 81 82 82 83 83 84 77 82 86 87 85 87 91 96 107 118 137 153 170 183 194 202 0 0 0 0 0 0 0 0
0 0 0 0 0 0 0 0 120 120 120 120 120 120 120 120 124 125 126 129 130 131 131 130 127 127 127 127 128 128 128 128 125 126 127 127 128 129 129 129 130 130 130 131 131 132 131 131 131 132 132 132 133 133 133 134 132 132 132 133 133 133 133 133 136 137 137 137 137 137 137 137 136 136 136 136 136 136 136 136 135 135 135 135 135 135 135 135 134 133 134 134 135 136 136 137 138 136 134 132 131 131 132 134 137 131 125 125 130 127 110 92 62 38 11 7 20 41 62 74 63 61 61 61 61 60 60 60 58 58 58 59 62 68 73 75 65 60 48 36 26 23 25 29 41 44 52 68 91 112 120 119 126 128 130 130 128 127 127 128 125 126 127 127 128 128 128 127 130 130 131 131 129 127 125 123 111 108 102 96 90 84 77 72 72 72 68 58 42 29 31 39 63 87 111 123 129 135 136 133 129 129 130 130 131 132 131 131 130 130 130 130 130 129 129 129 126 127 127 129 131 129 124 122 126 135 111 86 50 22 43 72 107 126 133 129 130 125 119 125 134 133 120 90 51 31 40 60 89 120 141 134 108 79 46 20 31 53 86 112 124 128 129 131 131 138 144 141 134 115 78 45 20 10 15 30 39 51 61 61 59 58 57 57 63 65 56 45 35 23 15 19 31 42 53 63 64 66 66 69 71 72 74 75 74 73 69 63 55 45 36 32 23 18 11 11 18 27 32 35 48 50 53 56 58 63 70 75 79 88 99 109 120 129 130 126 131 129 128 132 133 132 132 132 128 128 128 128 128 128 129 129 130 130 131 132 132 133 133 134 133 133 133 133 133 134 133 134 134 134 134 134 135 135 135 135 136 136 136 136 136 136 136 136 136 136 136 136 136 136 136 136 137 137 137 137 136 136 136 136 137 137 137 137 137 137 137 137 136 136 136 136 136 136 136 136 135 135 135 135 135 135 135 135 136 136 136 136 136 136 136 136 138 138 138 138 138 138 138 138 134 134 134 134 134 134 134 134 133 133 133 133 133 133 133 133 136 136 136 137 137 136 136 137 137 136 136 137 136 136 136 137 137 136 136 136 136 136 136 136 138 138 138 138 138 138 138 138 140 140 140 140 139 138 138 138 140 140 139 139 136 132 128 125 124 128 133 138 142 142 140 140 139 140 139 138 136 134 132 131 134 132 132 133 132 132 132 132 129 127 124 120 115 113 111 110 109 107 106 102 97 95 92 92 93 93 93 92 91 91 90 90 88 87 85 82 81 81 81 83 92 102 116 133 152 168 182 190 0 0 0 0 0 0 0 0
0 0 0 0 0 0 0 0 121 121 121 122 122 121 122 122 124 124 123 124 126 129 130 131 129 128 128 128 128 129 129 129 127 127 128 128 128 129 129 129 130 130 130 131 131 132 131 131 132 132 133 133 133 134 134 134 133 133 133 133 133 134 134 134 135 135 135 136 136 136 136 136 134 135 134 135 134 135 134 135 133 134 133 134 133 134 133 133 132 131 132 134 135 135 137 137 139 136 132 129 128 129 130 132 136 128 122 122 129 123 100 75 41 24 9 15 33 50 63 68 63 62 62 61 61 61 60 60 61 61 59 61 63 67 71 74 70 66 60 53 45 40 37 37 32 29 29 42 66 89 105 110 129 133 135 135 132 129 127 127 129 125 121 117 117 122 127 132 138 136 131 123 114 105 97 93 62 59 54 51 49 47 46 45 51 57 64 66 64 63 69 77 87 102 118 124 127 132 134 132 129 129 130 130 130 130 131 131 130 130 130 129 129 129 129 129 128 127 127 130 133 132 128 124 125 134 111 86 50 18 38 64 103 123 131 131 129 124 118 123 133 135 129 104 67 38 36 48 71 108 137 137 125 107 75 43 39 46 62 86 108 122 130 135 129 134 138 141 141 129 95 62 30 11 9 19 30 47 62 63 61 60 57 57 61 63 56 47 31 19 9 11 24 40 56 70 71 70 65 63 61 63 66 69 69 70 71 69 65 58 52 48 46 38 26 20 17 19 20 21 17 18 19 20 23 28 32 36 38 47 61 80 102 119 129 133 133 130 129 130 132 132 131 130 128 127 128 128 128 128 129 129 130 130 131 132 132 133 134 133 133 133 132 133 133 133 133 133 134 134 134 134 134 135 134 135 135 135 135 135 135 135 135 135 136 136 136 136 136 136 136 136 137 137 137 137 136 136 136 136 136 136 136 136 136 136 136 136 135 135 135 135 135 135 135 135 135 135 135 135 135 135 135 135 136 136 136 136 136 136 136 136 137 137 137 137 137 137 137 137 135 135 135 135 135 135 135 135 134 134 134 134 134 134 134 135 137 137 136 137 136 137 137 137 136 136 136 136 136 136 136 136 136 136 136 136 136 136 136 136 137 137 137 137 137 137 137 138 139 140 139 139 138 138 137 137 137 137 137 137 136 134 133 130 129 131 134 137 140 139 138 136 138 138 138 138 137 135 134 133 136 136 136 136 136 137 136 136 137 136 133 133 131 131 130 130 127 127 126 124 122 121 119 119 121 120 120 119 119 118 116 116 121 117 112 110 108 106 103 100 95 99 104 113 125 139 152 161 0 0 0 0 0 0 0 0
0 0 0 0 0 0 0 0 122 122 122 122 122 123 123 123 124 123 122 121 122 125 127 129 128 128 127 128 128 129 129 130 129 129 129 130 130 130 130 130 130 130 130 131 130 131 131 131 132 132 133 133 133 134 134 134 133 133 133 133 133 133 133 134 135 135 135 136 136 136 136 136 134 134 133 134 133 134 133 134 132 133 132 133 132 133 132 132 130 130 132 133 134 135 136 137 138 135 131 128 127 128 130 131 134 129 125 125 127 117 90 63 28 17 12 25 44 56 61 61 62 60 61 60 61 61 61 61 61 63 62 63 64 65 66 66 66 66 66 65 61 55 49 45 31 26 25 29 42 61 83 98 124 129 133 136 134 130 127 126 133 130 125 123 124 127 131 133 135 128 115 99 83 68 58 52 28 27 27 28 32 39 46 52 56 66 79 87 92 97 103 106 107 115 123 126 129 132 134 132 129 128 128 128 128 129 129 128 129 129 129 129 129 129 129 129 129 128 128 131 135 134 129 124 124 135 113 88 51 17 34 58 98 120 131 131 129 123 119 125 128 133 132 116 83 50 36 37 60 96 128 138 138 130 101 68 55 44 43 63 92 116 130 137 133 135 134 134 137 131 105 77 44 19 7 11 21 42 60 64 62 62 59 56 58 61 56 49 25 13 3 5 17 35 56 73 75 71 64 58 55 56 59 61 63 66 67 68 68 66 64 63 61 55 45 36 28 24 20 19 15 15 13 13 14 15 16 17 16 20 33 52 77 100 119 132 132 132 131 131 131 131 129 127 128 127 127 128 128 128 129 129 130 130 131 132 132 134 134 133 133 132 133 133 133 133 133 134 133 134 134 134 134 134 134 134 135 135 135 135 135 135 135 135 136 136 136 136 136 136 136 136 136 136 136 136 136 136 136 136 136 136 136 136 136 136 135 135 135 135 135 135 135 135 135 135 135 135 135 135 135 135 135 135 136 136 136 136 136 136 136 136 137 137 137 137 137 137 137 137 135 135 135 135 135 135 135 135 134 134 134 134 134 134 134 135 136 138 137 137 137 136 136 136 136 136 135 135 135 136 135 136 135 136 135 135 135 135 136 136 137 137 137 137 137 137 137 138 139 140 140 140 138 138 138 138 137 136 135 134 134 134 136 137 134 136 137 138 138 136 135 134 137 137 138 138 137 136 134 135 137 137 137 138 138 138 137 137 137 137 136 136 136 137 138 138 136 136 136 136 136 137 137 138 137 137 136 137 136 137 137 137 138 134 132 131 130 128 121 115 106 102 98 96 100 108 118 124 0 0 0 0 0 0 0 0
0 0 0 0 0 0 0 0 119 119 120 120 120 121 121 121 125 124 121 120 121 123 125 127 127 128 128 128 128 128 128 129 130 131 130 130 130 130 130 130 130 130 130 131 130 131 131 131 131 132 132 132 133 133 133 134 133 133 133 133 133 133 133 133 134 134 134 134 134 135 135 134 132 132 132 132 132 132 132 132 132 132 132 132 132 132 132 132 130 130 131 133 133 134 135 135 135 134 131 128 128 129 130 131 133 133 133 130 124 107 77 51 23 15 17 32 50 60 64 65 59 59 58 60 61 62 61 62 59 61 63 65 66 66 65 64 64 65 66 66 65 58 49 43 37 34 32 28 27 37 59 81 104 112 121 128 132 131 130 129 132 134 136 137 135 130 126 123 108 99 83 65 48 37 30 27 28 30 33 39 47 60 73 81 85 94 104 109 112 116 117 114 118 120 125 128 131 134 135 134 128 127 127 128 128 128 128 128 129 129 129 129 129 129 129 129 130 128 127 131 135 135 129 123 124 136 115 92 55 19 32 56 96 119 131 130 128 123 119 126 128 131 133 123 96 63 39 31 53 81 110 130 140 137 112 85 68 48 37 52 79 101 118 129 140 140 136 128 128 124 108 87 62 34 13 9 13 34 56 62 64 64 59 55 56 59 57 51 26 14 3 3 14 30 52 68 71 68 62 57 55 57 61 64 68 68 68 68 69 69 70 70 68 65 60 52 44 37 33 30 35 33 33 32 32 30 26 24 21 21 24 34 50 72 98 116 125 131 134 132 130 132 131 129 127 127 127 127 128 128 128 129 130 131 131 132 133 134 134 134 133 132 133 133 133 133 133 133 133 133 134 134 134 134 134 134 134 134 134 134 134 134 134 134 136 136 136 136 136 136 136 136 136 136 136 136 136 136 136 136 135 135 135 135 135 135 134 134 134 134 134 134 134 134 134 134 135 135 135 135 135 135 135 135 136 136 136 136 136 136 136 136 136 136 136 136 136 136 136 136 136 136 136 136 136 136 136 136 135 135 135 135 135 135 135 136 137 138 137 137 137 137 136 136 136 136 135 135 135 135 135 135 135 136 135 136 135 136 135 136 136 136 136 136 136 136 136 137 138 139 138 138 137 137 136 136 139 137 135 133 131 133 135 136 136 136 136 138 138 137 136 136 136 136 136 137 136 135 134 134 138 139 138 138 138 138 137 137 138 139 137 136 136 136 137 137 134 134 135 136 135 136 136 138 135 136 137 137 137 138 138 138 135 134 133 135 135 133 128 123 115 109 98 90 88 89 92 94 0 0 0 0 0 0 0 0
0 0 0 0 0 0 0 0 116 116 116 117 117 118 118 118 122 121 120 119 120 122 125 126 126 126 126 126 126 127 127 128 129 129 129 129 129 128 128 129 130 130 130 131 130 131 131 131 130 131 131 131 132 132 132 133 131 131 131 132 132 132 132 132 133 133 133 133 133 133 133 133 131 130 130 130 130 130 130 130 132 132 132 132 132 132 132 132 131 131 132 132 132 133 134 135 133 132 130 130 130 130 131 132 128 134 137 129 114 89 57 34 19 17 24 42 58 64 64 63 58 59 58 59 59 60 60 60 60 62 63 65 66 66 66 65 66 65 64 65 65 62 56 51 48 48 46 38 25 20 37 57 73 84 100 114 125 131 135 136 133 135 136 132 124 112 100 91 68 60 46 33 26 25 27 30 42 47 54 62 70 81 93 101 113 119 122 121 123 125 123 118 125 124 125 128 132 133 132 132 129 129 129 129 129 129 129 128 129 129 128 128 128 129 129 129 132 128 127 131 135 136 129 121 123 135 116 93 56 20 32 54 98 121 132 129 126 121 119 126 129 130 134 130 111 80 50 36 44 59 80 105 126 135 125 111 87 64 44 45 58 77 101 121 140 143 138 128 123 122 114 101 81 50 24 13 9 25 48 56 66 65 59 54 54 59 57 53 30 18 7 7 14 29 49 64 68 66 62 60 60 63 67 69 70 71 70 70 70 70 71 71 71 70 68 63 59 53 50 48 44 43 43 44 45 42 37 33 39 34 27 26 29 42 68 92 114 126 135 133 130 132 134 134 127 126 127 127 128 128 128 129 130 131 131 132 133 134 135 134 132 132 132 132 132 132 133 133 133 133 134 134 134 134 134 135 134 134 134 134 134 134 134 134 136 136 136 136 136 136 136 136 136 136 136 136 136 136 136 136 135 135 135 135 134 134 134 134 134 134 134 134 134 134 134 134 135 135 135 135 135 135 135 135 136 136 136 136 136 136 136 136 136 136 136 136 136 136 136 136 136 136 136 136 136 136 136 136 135 135 135 135 135 135 135 136 137 139 137 137 137 137 137 137 136 136 136 136 135 135 135 135 135 135 135 135 135 136 136 136 136 136 136 137 136 137 136 137 137 138 138 138 137 137 136 136 136 136 136 135 133 134 134 134 136 136 136 137 138 138 139 138 134 134 134 134 134 134 132 133 137 138 137 137 135 135 134 134 137 136 134 135 133 134 134 134 131 131 131 131 132 132 133 133 134 134 135 135 135 134 134 134 134 134 134 135 134 134 132 130 126 119 107 99 92 85 79 75 0 0 0 0 0 0 0 0
0 0 0 0 0 0 0 0 116 116 116 117 116 118 118 118 119 118 118 119 121 124 126 127 126 126 126 126 126 126 126 127 127 128 128 127 127 127 126 127 129 130 129 130 130 131 131 131 130 130 130 131 131 131 132 132 131 131 131 132 132 132 132 132 132 133 133 134 134 134 134 133 131 130 130 130 130 130 130 130 132 132 132 132 132 132 132 132 132 131 131 131 132 131 132 131 129 129 129 131 131 132 132 131 122 131 136 126 102 73 41 19 13 18 33 55 67 66 60 55 60 59 59 59 59 59 58 59 65 65 65 64 65 65 66 67 66 64 63 64 68 69 67 65 60 60 57 46 27 13 20 36 49 63 82 104 120 130 137 141 136 133 126 115 99 83 69 61 41 33 23 17 18 27 39 46 77 83 92 101 107 115 123 129 126 130 130 125 127 131 131 125 129 126 126 129 132 130 128 127 131 131 130 131 130 130 130 130 129 129 129 129 129 129 129 129 132 129 127 131 136 135 128 120 120 135 116 94 56 19 30 52 102 124 134 130 125 118 116 126 130 131 135 137 123 95 63 45 37 39 52 78 108 131 139 141 108 82 53 38 38 52 85 116 137 141 139 129 122 124 121 115 93 60 31 14 6 19 41 51 67 65 60 53 54 58 57 54 30 20 10 10 17 30 48 64 68 68 66 65 66 68 71 74 69 69 70 70 70 71 70 70 70 70 69 68 64 62 60 61 60 60 61 65 67 64 57 53 49 41 29 20 14 22 47 72 105 122 135 135 131 134 138 138 126 126 126 127 127 128 128 129 129 130 130 132 132 134 134 134 133 133 133 133 133 133 134 134 134 134 134 134 134 134 134 134 134 134 134 134 134 134 134 134 136 136 136 136 136 136 136 136 136 136 136 136 136 136 136 136 135 135 135 135 134 134 134 134 134 134 134 134 134 134 134 134 135 135 135 135 135 135 135 135 135 136 135 136 135 136 135 136 135 136 135 136 135 136 135 135 136 136 136 136 136 136 136 136 135 135 135 135 135 135 135 136 137 137 137 137 137 137 136 137 136 136 135 135 135 135 135 135 135 135 135 135 135 135 136 136 136 136 136 137 136 137 136 137 137 138 138 138 137 137 136 136 132 133 134 137 137 136 135 135 138 138 138 137 136 138 137 138 136 136 136 136 136 136 135 134 139 139 137 136 135 134 134 133 133 132 131 131 132 132 134 134 130 130 131 132 132 134 134 135 138 138 139 137 137 137 136 136 137 137 136 135 135 136 137 138 135 129 120 111 101 89 75 68 0 0 0 0 0 0 0 0
0 0 0 0 0 0 0 0 117 117 117 118 118 119 119 119 119 119 120 121 121 122 123 123 125 125 125 125 125 125 125 125 125 126 126 127 127 127 126 127 126 127 126 127 127 128 128 128 130 130 130 130 130 130 130 130 130 130 130 130 131 131 132 132 132 133 133 133 134 134 134 133 131 130 130 131 131 132 131 131 131 131 131 131 131 131 130 131 130 130 131 130 130 128 128 126 129 128 128 129 132 133 132 130 126 125 122 111 86 54 30 19 13 29 49 62 68 68 61 53 57 55 56 57 58 60 60 61 59 60 62 63 64 63 62 61 62 63 64 64 65 66 66 67 64 67 68 60 46 32 25 22 27 33 47 72 98 115 120 120 116 100 82 71 61 47 35 28 28 36 47 55 62 72 84 93 120 122 124 127 129 130 129 129 131 129 125 123 122 124 126 128 129 128 127 126 126 129 129 130 133 133 132 132 131 130 130 130 130 130 130 130 129 129 129 129 131 129 129 131 134 133 130 125 124 126 122 98 58 28 31 50 95 120 131 126 125 123 122 127 131 127 133 137 129 117 90 59 43 34 32 49 82 115 132 138 119 103 74 53 42 36 55 90 121 133 136 127 123 130 132 127 105 79 45 19 6 12 31 50 63 65 62 57 55 57 58 55 34 27 16 9 12 25 41 52 58 59 60 61 62 61 60 59 59 57 60 67 71 69 69 69 66 66 67 67 66 65 64 64 62 64 66 68 66 64 63 65 64 56 45 30 16 12 29 49 83 105 128 135 135 137 138 137 126 126 126 127 126 127 127 128 129 129 129 130 130 132 133 134 134 134 134 134 134 134 134 134 134 134 134 135 135 135 135 135 135 135 135 135 135 135 135 135 136 136 136 136 136 136 136 136 136 136 136 136 136 136 136 136 135 135 135 135 135 135 135 135 134 134 134 134 134 134 134 134 135 135 135 135 135 135 135 135 135 135 135 135 135 135 135 135 135 135 135 135 135 135 135 135 135 135 135 135 135 135 135 135 135 135 135 135 135 135 135 135 136 136 136 136 136 136 135 136 135 136 136 136 136 135 135 135 136 136 135 136 135 136 135 136 135 136 135 136 135 136 135 136 137 137 137 137 137 137 137 137 136 136 135 136 136 136 136 136 136 136 136 136 136 136 136 137 136 136 136 136 136 136 136 136 137 138 137 136 136 135 135 135 134 134 134 134 134 134 134 134 131 131 132 133 134 136 135 136 135 135 135 134 135 135 135 135 135 134 131 130 130 132 133 135 133 131 129 124 117 108 101 97 0 0 0 0 0 0 0 0
0 0 0 0 0 0 0 0 117 117 117 118 118 118 119 119 119 119 120 120 121 122 123 123 125 125 125 125 125 125 125 125 125 125 126 126 126 126 126 127 125 126 126 127 127 127 128 128 130 130 130 130 130 130 130 130 130 130 130 130 131 131 132 132 133 133 134 134 135 135 135 134 131 131 130 131 131 131 131 131 131 131 131 131 130 130 130 130 130 130 131 129 125 124 123 123 124 125 129 132 134 136 132 128 125 117 107 92 68 41 23 16 20 35 53 63 68 67 61 54 57 56 57 58 59 60 60 61 60 61 62 63 64 63 63 62 63 63 63 64 65 65 66 66 68 68 67 66 60 49 36 27 16 20 32 52 74 88 92 91 79 63 43 33 26 22 22 24 38 52 71 89 102 112 122 129 141 141 140 140 139 138 136 136 127 126 124 123 123 123 124 124 127 126 126 125 126 127 129 130 133 133 133 132 132 131 130 130 130 130 130 130 130 130 129 130 131 129 129 132 134 134 130 126 124 126 122 100 60 31 32 49 91 118 130 126 126 124 123 129 131 127 134 139 134 125 105 76 54 32 15 24 54 90 120 137 127 117 92 66 46 32 41 71 104 120 132 130 129 133 135 130 111 86 52 25 9 11 27 45 61 64 63 58 56 58 59 56 36 27 16 8 8 16 30 38 44 45 46 47 47 46 45 44 46 45 49 57 62 63 64 68 62 64 67 69 68 67 67 67 63 67 67 68 66 65 64 66 69 62 52 40 25 17 22 36 64 88 113 128 133 137 136 132 126 125 126 126 126 127 127 128 129 129 129 130 130 132 133 134 134 135 135 135 135 135 135 135 135 135 135 135 135 135 135 135 134 135 135 135 135 135 135 135 136 136 136 136 136 136 136 136 136 136 136 136 136 136 136 136 135 135 135 135 135 135 135 135 134 134 134 134 134 134 134 134 135 135 135 135 135 135 135 135 135 135 135 135 135 135 135 135 135 135 135 135 135 135 135 135 135 135 135 135 135 135 135 135 135 135 135 135 135 135 135 135 135 135 135 135 135 135 135 135 135 135 135 135 135 135 135 135 135 135 135 135 135 135 135 135 135 135 135 135 135 135 135 136 137 137 137 137 137 137 137 137 136 136 136 136 136 136 136 136 136 136 136 136 136 136 136 136 136 136 136 136 136 136 136 136 137 137 137 136 136 135 135 135 135 135 135 135 135 135 135 135 134 134 135 135 135 136 136 137 135 135 134 134 134 134 134 134 135 135 132 130 129 129 129 129 132 130 129 128 123 120 114 113 0 0 0 0 0 0 0 0
0 0 0 0 0 0 0 0 117 117 117 117 118 118 118 119 119 119 119 120 121 122 122 123 124 124 124 124 124 124 124 124 125 125 125 125 125 125 125 126 125 126 126 126 127 127 127 128 129 129 129 129 129 129 129 129 129 129 130 130 130 130 131 131 133 133 134 134 134 134 135 134 131 131 131 131 131 131 130 131 131 131 130 130 130 130 129 130 129 130 130 127 121 120 120 123 123 126 131 136 137 135 128 122 120 105 85 67 47 29 19 17 32 45 59 65 67 65 60 54 58 57 58 58 59 60 60 60 61 61 62 63 64 64 63 63 63 64 63 64 65 65 66 66 72 69 68 72 74 68 52 38 14 14 20 31 44 53 54 51 43 31 18 12 13 21 35 48 69 84 106 124 133 138 140 142 137 136 133 130 127 125 123 124 124 125 126 127 126 125 124 123 125 125 125 125 126 128 129 130 132 132 132 132 131 131 130 130 130 130 130 130 130 130 129 130 131 129 129 132 134 134 130 126 123 125 121 101 62 33 32 46 86 114 128 126 126 125 125 131 131 127 134 141 140 138 124 100 65 31 3 4 27 59 97 128 131 131 115 88 60 33 30 50 78 102 124 133 136 139 139 134 118 96 64 35 15 11 22 39 58 62 65 60 58 60 60 58 38 29 17 6 2 5 13 18 24 25 25 26 26 25 24 24 26 26 30 39 46 50 55 61 59 63 67 70 69 68 68 69 65 67 67 66 65 63 62 64 72 68 61 53 41 28 21 22 39 62 90 114 129 134 131 125 126 126 126 126 126 127 127 128 128 129 129 130 130 132 133 133 134 135 135 135 135 135 135 135 135 135 135 135 135 135 135 135 134 135 135 135 135 135 135 135 136 136 136 136 136 136 136 136 136 136 136 136 136 136 136 136 135 135 135 135 135 135 135 135 134 134 134 134 134 134 134 134 135 135 135 135 135 135 135 135 135 135 135 135 135 135 135 135 135 135 135 135 135 135 135 135 135 135 135 135 135 135 135 135 135 135 135 135 135 135 135 135 135 135 135 135 135 135 135 135 135 135 135 135 135 135 135 135 135 135 135 135 135 135 135 135 135 135 135 135 135 135 135 136 136 137 137 137 137 137 137 137 136 136 136 136 136 136 136 136 136 136 136 136 136 136 136 136 136 136 136 136 136 136 136 136 137 137 136 136 136 136 135 135 136 136 136 136 136 136 136 136 137 137 137 137 136 136 136 136 135 135 135 135 134 134 134 134 135 135 132 130 128 127 124 124 127 127 128 128 128 130 129 130 0 0 0 0 0 0 0 0
0 0 0 0 0 0 0 0 116 116 117 117 117 118 118 118 118 118 119 120 121 121 122 122 123 123 123 123 123 123 123 123 124 124 124 124 124 124 124 125 124 125 126 126 126 127 127 127 128 128 128 128 128 128 128 128 128 128 129 129 129 129 130 130 132 132 132 133 133 133 133 133 130 130 131 131 130 131 130 130 130 130 129 129 129 129 128 128 126 128 129 127 121 120 124 127 129 131 133 135 132 125 114 106 102 84 63 44 30 21 20 25 41 54 64 66 63 61 58 54 60 59 59 59 60 60 60 60 61 62 62 63 63 63 63 63 63 64 63 63 64 65 65 65 70 68 68 73 77 75 63 53 32 26 20 20 21 24 23 21 17 15 15 24 35 50 70 89 106 117 129 139 142 140 136 134 132 130 127 125 123 123 122 124 124 126 129 131 131 129 126 124 125 125 126 127 128 130 131 132 132 131 131 131 131 131 130 130 130 130 130 130 130 130 129 129 131 129 129 131 134 134 130 126 123 124 121 103 66 36 32 43 78 109 127 128 127 126 126 133 131 128 133 139 140 144 137 119 77 39 7 4 16 38 73 108 120 132 129 106 76 44 29 39 56 82 111 129 139 145 144 140 122 105 76 48 22 12 19 32 53 60 65 63 60 61 62 60 42 34 23 11 3 1 4 6 13 13 13 13 12 12 11 11 12 11 14 22 29 34 44 52 57 62 67 69 67 64 62 62 63 64 65 63 60 58 56 57 66 65 65 63 56 42 27 17 20 38 67 96 119 128 126 120 125 125 125 125 126 126 127 127 129 130 129 130 131 131 132 134 135 135 135 135 135 135 135 135 135 135 135 135 135 135 135 135 134 135 135 135 135 135 135 135 136 136 136 136 136 136 136 136 136 136 136 136 136 136 136 136 135 135 135 135 135 135 135 135 134 134 134 134 134 134 134 134 135 135 135 135 135 135 135 135 135 135 135 135 135 135 135 135 135 135 135 135 135 135 135 135 135 135 135 135 135 135 135 135 135 135 135 135 135 135 135 135 135 135 135 135 135 135 135 135 135 135 135 135 135 135 135 135 135 135 135 135 135 135 135 135 135 135 135 135 135 135 135 136 136 137 137 137 137 137 137 137 136 136 136 136 136 136 136 136 136 136 136 136 136 136 136 136 136 136 136 136 136 136 136 136 136 136 136 136 136 136 136 136 137 137 137 137 137 137 137 137 139 139 139 138 137 136 136 136 135 135 134 134 134 134 134 134 134 134 133 132 129 128 125 123 120 122 122 124 128 132 135 137 0 0 0 0 0 0 0 0
0 0 0 0 0 0 0 0 117 117 117 118 118 118 119 119 119 119 120 120 121 122 123 122 123 123 124 124 123 123 124 124 124 124 125 125 124 124 124 125 124 125 125 126 126 126 127 127 128 128 128 128 128 128 128 128 128 128 129 129 129 129 130 130 131 132 132 132 132 133 133 133 130 130 130 131 131 130 130 130 130 130 129 129 128 128 128 128 124 126 128 127 126 126 129 132 132 131 130 126 118 105 92 82 73 58 40 27 18 16 22 31 49 59 65 64 59 57 58 56 62 61 61 61 60 60 60 60 61 61 61 61 62 62 63 63 63 63 62 62 63 63 63 63 65 66 67 69 69 69 68 67 55 47 33 21 16 11 7 6 0 6 24 46 65 83 103 118 129 132 136 138 137 135 134 133 125 124 123 121 121 121 122 123 123 125 128 130 131 129 126 124 126 127 128 130 131 132 133 133 129 130 130 130 131 131 130 130 130 130 130 130 130 130 129 129 131 129 129 131 134 134 130 125 123 123 120 105 70 39 32 39 70 104 126 128 128 127 128 135 133 128 131 134 136 143 142 127 93 56 21 12 12 22 54 87 105 126 132 118 96 66 42 39 44 66 93 115 130 141 144 143 125 111 88 59 30 14 16 27 47 57 65 65 62 63 63 62 52 46 37 27 18 13 12 11 15 14 14 13 12 12 12 12 10 6 6 9 13 19 31 43 54 60 67 67 61 55 52 51 57 61 62 62 58 55 52 53 59 62 65 68 65 53 35 20 13 25 47 77 103 116 119 119 124 125 125 125 126 126 127 127 129 129 130 130 130 132 133 135 135 135 135 135 135 135 135 135 135 135 135 135 135 135 135 135 134 135 135 135 135 135 135 135 136 136 136 136 136 136 136 136 136 136 136 136 136 136 136 136 135 135 135 135 135 135 135 135 134 134 134 134 134 134 134 134 135 135 135 135 135 135 135 135 135 135 135 135 135 135 135 135 135 135 135 135 135 135 135 135 135 135 135 135 135 135 135 135 135 135 135 135 135 135 135 135 135 135 135 135 135 135 135 135 135 135 135 135 135 135 135 135 135 135 135 135 135 135 135 135 135 135 135 135 135 135 135 135 136 137 137 137 137 137 137 137 136 136 136 136 136 136 136 136 136 136 136 136 136 136 136 136 136 136 136 136 136 136 136 136 136 136 136 136 136 136 136 136 137 137 137 137 137 137 137 137 139 139 138 138 136 135 135 134 135 135 135 135 134 134 134 133 133 132 133 132 130 130 129 127 119 121 120 122 125 130 134 136 0 0 0 0 0 0 0 0
0 0 0 0 0 0 0 0 116 117 117 117 118 118 118 118 118 119 119 120 121 122 122 122 122 122 123 123 122 122 123 123 123 123 124 124 123 123 123 124 124 125 125 125 126 126 126 126 127 127 127 127 127 127 127 127 127 127 128 128 128 128 129 129 130 130 131 131 131 131 131 131 129 130 130 130 131 130 129 129 129 128 128 127 127 126 126 126 123 124 126 128 131 132 132 132 130 124 116 106 94 80 67 57 45 36 24 15 8 9 20 33 51 60 65 60 54 55 59 61 64 63 62 62 61 60 60 60 60 60 59 59 60 60 62 62 62 62 61 61 61 61 61 61 59 63 64 62 59 60 66 73 71 62 48 34 23 16 10 6 1 15 39 69 92 108 124 137 139 137 133 129 126 125 123 124 125 124 123 122 121 121 121 121 121 122 124 125 125 125 124 123 128 129 130 132 133 133 133 133 129 129 129 129 131 131 130 130 130 130 129 130 130 130 129 129 130 129 129 131 134 133 130 125 122 122 120 107 74 43 31 36 65 101 125 129 130 128 128 135 136 130 130 131 131 139 141 127 111 78 42 18 7 12 39 67 90 115 128 125 116 93 63 50 43 54 71 92 111 128 139 142 128 119 101 73 39 17 16 24 42 54 64 65 63 63 64 62 63 60 55 48 41 35 33 31 30 29 28 27 26 26 26 26 24 17 9 5 4 9 23 37 53 60 67 65 56 46 40 39 49 53 58 62 60 58 54 54 59 63 68 68 67 59 41 27 19 21 32 56 80 99 111 118 123 124 124 124 125 126 126 127 129 130 129 130 131 133 134 134 135 135 135 135 135 135 135 135 135 135 135 135 135 135 135 135 134 135 135 135 135 135 135 135 136 136 136 136 136 136 136 136 136 136 136 136 136 136 136 136 135 135 135 135 135 135 135 135 134 134 134 134 134 134 134 134 135 135 135 135 135 135 135 135 135 135 135 135 135 135 135 135 135 135 135 135 135 135 135 135 135 135 135 135 135 135 135 135 135 135 135 135 135 135 135 135 135 135 135 135 135 135 135 135 135 135 135 135 135 135 135 135 135 135 135 135 135 135 135 135 135 135 135 135 135 135 135 135 136 137 137 137 137 137 137 137 136 136 136 136 136 136 136 136 136 136 136 136 136 136 136 136 136 136 136 136 136 136 136 136 135 135 136 136 136 136 137 137 137 137 137 137 137 137 137 136 139 138 137 137 136 135 135 135 134 134 134 134 134 134 133 133 133 132 132 132 132 132 131 131 126 126 125 125 127 129 132 133 0 0 0 0 0 0 0 0
0 0 0 0 0 0 0 0 116 116 117 117 117 118 118 118 118 118 119 120 121 121 122 122 121 122 122 122 122 122 122 122 123 123 123 123 123 123 123 123 124 124 125 125 125 126 126 126 126 126 126 126 126 126 126 126 127 127 127 127 127 127 127 127 130 130 130 130 130 130 130 130 129 129 130 130 129 130 129 129 128 128 127 126 126 126 126 125 124 123 124 129 134 135 130 126 117 109 95 81 67 55 46 40 32 26 18 10 3 3 18 34 52 61 65 59 53 56 63 67 65 64 63 62 61 60 60 59 59 58 58 57 58 59 60 61 60 60 60 60 59 59 59 59 58 61 61 58 55 57 64 70 73 69 61 52 43 32 23 19 17 26 45 71 92 109 123 135 136 133 129 125 122 121 119 118 133 133 133 133 133 132 131 130 123 122 121 121 121 123 124 125 128 129 131 132 133 132 132 131 128 128 128 129 129 130 130 130 130 130 129 129 130 130 129 129 130 129 129 131 134 133 130 125 122 122 120 108 77 45 31 33 61 99 126 130 130 127 127 135 140 133 131 131 129 137 139 129 122 99 65 34 14 11 27 45 74 101 119 126 134 122 90 68 46 45 49 66 90 113 130 139 135 130 113 85 48 21 15 22 37 50 63 65 64 63 64 63 67 67 66 64 60 56 53 50 49 48 46 45 44 44 44 45 45 34 20 8 1 4 19 34 52 59 65 62 51 40 33 31 34 41 51 59 60 61 58 57 58 63 66 66 66 63 52 39 30 23 22 36 57 81 102 119 122 124 124 124 125 126 126 127 129 130 129 130 132 132 133 134 135 135 135 135 135 135 135 135 135 135 135 135 135 135 135 135 134 134 134 134 134 134 134 134 135 135 135 135 135 135 135 135 135 135 135 135 135 135 135 135 134 134 134 134 134 134 134 134 134 134 134 134 134 134 134 134 135 135 135 135 135 135 135 135 135 135 135 135 135 135 135 135 135 135 135 135 135 135 135 135 135 135 135 135 135 135 135 135 135 135 135 135 135 135 135 135 136 136 136 136 136 136 136 136 136 136 136 136 136 136 136 136 135 135 135 135 135 135 135 135 135 135 135 135 135 135 135 135 136 136 136 136 136 136 136 136 135 135 135 135 135 135 135 135 135 135 135 135 135 135 135 135 135 135 135 135 135 135 135 135 134 134 134 135 135 136 136 136 135 135 135 135 135 135 135 135 136 136 136 136 134 135 134 135 134 135 134 135 134 135 134 133 133 132 130 130 130 131 131 132 130 130 129 129 128 129 129 129 0 0 0 0 0 0 0 0
0 0 0 0 0 0 0 0 116 116 116 117 117 118 118 118 118 118 119 120 120 121 122 122 121 122 122 122 122 122 122 122 123 123 123 123 123 123 123 123 124 124 124 125 125 126 126 126 126 126 126 126 126 126 126 126 127 127 127 127 127 127 127 127 130 130 130 130 130 130 130 130 129 129 129 129 129 129 129 128 128 127 126 126 125 125 124 124 125 122 122 128 134 134 128 120 107 96 80 64 50 41 35 30 29 26 19 10 0 0 18 36 53 61 65 59 53 57 66 71 66 65 64 63 62 60 60 59 58 58 57 56 56 58 59 60 59 59 59 59 58 58 57 57 59 59 59 57 55 57 62 67 69 71 70 67 59 48 37 30 20 22 33 53 71 88 104 116 124 124 124 127 129 131 129 129 117 118 120 122 123 123 122 121 126 124 122 120 121 123 127 129 128 129 130 132 132 131 130 129 128 128 128 129 129 130 130 130 130 130 129 129 129 130 129 129 130 129 129 131 134 133 130 125 122 121 119 108 78 45 31 33 60 98 126 131 131 128 127 134 142 135 133 132 129 138 141 130 123 110 82 50 25 16 21 29 62 90 110 126 146 142 110 84 50 40 36 48 74 102 123 133 141 136 123 93 54 23 16 21 35 48 63 65 63 63 64 63 66 67 70 70 68 65 63 60 62 61 59 57 56 56 56 57 61 47 29 12 2 3 18 34 50 58 64 61 50 37 30 28 22 31 42 54 58 60 59 58 56 62 64 64 65 67 60 51 37 25 17 24 43 66 95 119 121 124 124 124 124 126 126 127 129 129 129 131 131 132 133 134 135 135 135 135 135 135 135 135 135 135 135 135 135 135 135 135 134 134 134 134 134 134 134 134 135 135 135 135 135 135 135 135 135 135 135 135 135 135 135 135 134 134 134 134 134 134 134 134 134 134 134 134 134 134 134 134 135 135 135 135 135 135 135 135 135 135 135 135 135 135 135 135 135 135 135 135 135 135 135 135 135 135 135 135 135 135 135 135 135 135 135 135 135 135 135 135 135 136 136 136 136 136 136 136 136 136 136 136 136 136 136 135 135 135 135 135 135 135 135 135 135 135 135 135 135 135 135 136 136 136 136 136 136 136 136 136 135 135 135 135 135 135 135 135 135 135 135 135 135 135 135 135 135 135 135 135 135 135 135 135 134 134 134 135 135 136 136 136 135 135 135 135 135 135 135 135 135 135 135 135 134 134 134 134 134 134 134 134 134 134 134 134 134 133 130 129 127 129 130 132 133 132 132 131 128 127 126 126 0 0 0 0 0 0 0 0
0 0 0 0 0 0 0 0 115 115 116 117 118 118 119 119 120 120 121 121 121 121 122 122 121 122 122 122 121 121 122 122 122 122 122 122 122 122 123 123 125 125 125 125 125 125 125 125 125 125 125 125 125 125 125 125 127 127 127 127 127 127 127 127 128 128 128 128 128 128 127 128 126 126 125 125 124 125 125 124 127 124 120 120 121 125 127 126 124 127 125 123 124 122 109 94 81 71 55 43 37 36 36 35 40 34 25 14 6 7 15 21 40 45 52 52 52 55 63 70 64 62 61 60 60 61 62 62 58 57 56 55 54 54 55 55 57 57 58 58 58 59 59 60 56 58 61 59 57 57 60 63 68 69 71 72 70 63 53 46 31 24 21 30 42 59 79 96 106 123 137 139 137 134 129 123 115 115 115 116 118 121 124 125 125 127 129 127 125 125 127 130 128 127 127 127 127 128 129 130 128 129 130 131 131 131 130 129 131 131 130 130 130 130 130 130 130 129 128 130 133 132 127 123 120 121 120 108 82 51 33 27 54 92 122 133 135 129 127 136 137 138 137 135 132 131 134 136 133 118 95 70 40 18 15 22 47 72 99 118 140 152 133 104 68 45 29 39 62 86 111 130 140 140 131 103 63 30 19 20 29 39 53 63 67 67 63 58 64 65 67 68 68 68 69 68 67 66 64 62 61 60 60 59 64 52 35 16 2 2 20 40 51 56 60 58 54 46 32 19 19 24 32 44 54 60 60 61 56 59 63 65 63 61 59 58 49 35 21 19 30 53 83 107 116 120 123 125 124 124 124 126 128 129 130 133 133 133 133 132 133 133 134 134 134 135 135 135 135 135 135 134 134 133 133 133 132 132 132 132 132 132 132 132 134 134 134 134 134 134 134 134 133 133 133 133 133 133 133 133 133 133 133 133 133 133 133 133 134 134 134 134 134 134 134 134 134 134 134 134 134 134 134 134 132 132 133 133 133 134 134 134 133 133 133 133 133 133 133 133 133 133 133 133 133 133 133 133 133 133 133 133 133 133 133 134 134 134 134 134 134 134 134 134 134 134 134 134 134 134 134 134 134 134 134 134 134 134 134 134 134 134 134 134 134 134 134 134 134 135 135 135 135 135 135 135 135 135 135 135 135 135 135 135 135 135 135 135 135 135 135 135 135 135 135 135 135 135 135 135 135 135 135 135 135 135 135 135 135 135 135 135 135 135 135 135 134 134 134 134 134 134 135 135 135 135 135 135 135 135 135 135 134 133 132 131 130 131 130 131 134 133 132 131 128 127 126 125 0 0 0 0 0 0 0 0
0 0 0 0 0 0 0 0 115 115 115 116 117 118 118 119 120 120 120 121 121 121 122 122 121 122 122 122 121 121 122 122 122 122 122 122 122 122 123 123 125 125 125 125 125 125 125 125 125 125 125 125 125 125 125 125 127 127 127 127 127 127 127 127 127 127 128 128 128 128 128 128 125 124 124 124 125 126 126 126 121 118 115 117 120 124 125 125 126 126 123 114 104 93 76 61 41 36 33 35 42 51 58 61 58 51 39 27 17 13 14 16 16 20 26 31 36 44 53 60 65 65 66 67 67 67 67 66 62 60 57 55 54 54 55 57 59 59 59 59 58 58 58 58 59 60 62 61 59 58 60 63 66 69 71 73 71 65 57 50 40 29 20 18 20 28 44 59 87 106 125 136 137 135 128 121 119 120 120 121 122 123 124 125 126 128 129 128 126 125 127 130 128 127 127 127 127 128 129 130 128 129 130 131 131 131 130 129 131 131 130 130 130 130 130 130 130 128 128 130 132 132 127 123 118 121 124 115 89 56 32 25 55 92 121 133 137 132 129 136 138 138 138 136 135 134 138 140 142 130 110 84 52 27 18 20 34 57 82 102 124 143 135 115 94 66 37 33 45 68 98 123 131 135 133 115 82 47 25 17 14 26 43 58 66 68 64 60 62 63 65 66 66 66 67 66 64 63 62 60 59 58 58 58 62 51 33 15 1 2 20 39 48 54 58 58 55 49 37 25 18 21 28 39 50 59 60 60 55 57 60 61 61 60 59 59 59 46 31 24 26 36 56 76 103 110 116 120 121 120 123 124 125 128 130 132 134 133 132 132 133 133 133 134 134 134 135 135 134 134 133 133 132 132 132 132 131 131 131 131 131 131 131 131 132 132 132 132 132 132 132 132 133 133 133 133 133 133 133 133 133 133 133 133 133 133 133 133 133 133 133 133 133 133 133 133 133 133 133 133 133 133 133 133 131 131 132 132 133 133 133 133 133 133 133 133 133 133 133 133 133 133 133 133 133 133 133 133 133 133 133 133 133 133 133 133 134 134 134 134 134 134 134 134 134 134 134 134 134 134 134 134 134 134 134 134 134 134 134 134 134 134 134 134 134 134 134 134 135 135 135 135 135 135 135 135 135 135 135 135 135 135 135 135 135 135 135 135 135 135 135 135 135 135 135 135 135 135 135 135 135 135 135 135 135 135 135 135 135 135 135 135 135 135 135 135 134 134 134 134 134 134 135 135 135 135 135 135 135 136 135 135 135 134 133 132 132 132 131 132 134 133 132 131 129 128 127 126 0 0 0 0 0 0 0 0
0 0 0 0 0 0 0 0 114 114 115 115 116 117 118 118 119 120 120 120 121 121 122 122 121 122 122 122 122 122 122 122 122 122 122 123 123 123 123 123 124 124 124 124 124 124 124 124 124 124 124 124 124 124 124 125 127 127 127 127 127 127 127 127 126 126 126 126 127 127 128 128 127 126 126 125 124 124 125 125 119 118 117 121 124 127 127 126 120 119 109 93 76 59 41 28 21 21 26 36 47 58 66 70 71 65 55 45 36 28 20 15 3 4 7 13 19 28 37 41 50 51 55 59 61 62 62 61 63 61 58 55 54 54 55 57 57 57 58 58 57 58 58 58 62 63 63 63 61 60 60 62 65 67 68 71 71 67 61 56 52 43 31 21 14 13 22 33 60 80 105 123 131 132 127 122 123 123 124 124 125 126 126 125 127 129 129 129 127 127 128 129 128 127 127 127 127 128 129 130 128 128 130 131 131 131 130 129 130 130 130 130 130 130 130 130 130 128 128 130 132 132 127 123 118 122 128 121 96 61 33 22 56 90 117 131 139 136 130 135 137 138 139 138 137 139 141 143 143 134 119 95 64 36 20 17 26 45 65 82 105 128 135 128 119 89 53 34 31 48 79 107 123 131 135 123 96 63 34 18 6 16 34 54 66 69 65 60 60 61 63 64 64 64 64 64 62 60 59 57 56 55 55 55 60 48 31 13 0 1 19 37 46 53 58 58 57 53 43 32 19 18 21 31 44 56 59 61 56 56 57 57 58 59 61 63 66 56 44 32 25 24 33 47 81 94 107 116 118 118 120 122 122 125 129 132 134 134 133 132 132 132 133 133 133 134 134 134 132 132 132 132 131 131 130 130 129 129 129 129 129 129 129 129 130 130 130 130 130 130 130 130 133 133 133 133 133 133 133 133 133 133 133 133 133 133 133 133 132 132 132 132 132 132 132 132 132 132 132 132 132 132 132 132 130 130 131 131 131 132 132 132 133 133 133 133 133 133 133 133 133 133 133 133 133 133 133 133 133 133 133 133 133 133 133 133 134 135 135 135 135 135 135 135 135 135 135 135 135 135 135 135 134 134 134 134 134 134 134 134 134 134 134 134 134 134 134 134 135 135 135 135 135 135 135 135 135 135 135 135 135 135 135 135 135 135 135 135 135 135 135 135 135 135 135 135 135 135 135 135 135 135 135 135 135 135 135 135 136 136 136 136 136 136 136 136 134 134 134 134 134 134 135 135 136 136 136 136 136 136 136 136 136 135 134 133 132 132 132 133 132 132 132 131 130 129 129 129 0 0 0 0 0 0 0 0
0 0 0 0 0 0 0 0 113 113 113 114 115 116 116 117 118 119 119 120 121 121 122 123 122 122 122 122 122 122 122 122 122 122 123 123 123 123 123 123 123 123 123 123 123 123 123 123 123 123 123 123 123 123 123 124 125 126 126 126 126 126 126 126 123 124 123 124 125 126 127 127 130 128 126 125 124 124 123 122 122 123 125 128 127 125 119 115 98 93 81 62 46 33 27 23 26 30 36 45 55 61 65 66 72 67 62 58 53 45 34 26 18 14 10 11 13 18 20 20 26 27 32 37 42 47 50 51 56 56 56 56 56 57 57 58 54 54 55 57 57 59 60 61 63 63 63 63 61 61 60 60 62 63 64 67 69 68 64 61 55 53 48 40 29 23 23 27 33 51 74 96 111 122 127 128 127 126 125 125 125 126 127 127 128 128 129 129 129 128 128 128 128 127 127 127 127 128 129 130 127 128 130 131 131 131 130 129 130 130 130 130 130 130 130 130 130 128 127 130 132 132 127 123 119 123 129 123 99 63 35 22 56 87 113 128 139 138 132 133 138 139 140 140 139 138 140 142 138 134 121 101 72 44 26 19 27 42 56 69 88 112 129 134 130 107 74 46 29 34 58 82 117 128 136 127 101 71 42 23 9 15 33 54 69 70 63 58 61 60 62 63 63 63 64 64 60 60 58 57 56 55 55 56 61 48 30 13 2 4 21 39 48 53 58 59 59 57 48 39 24 19 17 24 38 52 59 60 58 56 55 55 58 61 65 67 64 59 53 45 32 24 24 33 58 77 99 113 118 118 119 120 119 122 128 131 133 134 132 131 131 132 132 132 133 133 133 133 133 132 132 132 131 131 131 130 130 130 130 130 130 130 130 130 129 129 129 129 129 129 129 129 132 132 132 132 132 132 132 132 132 132 132 132 132 132 132 132 131 131 131 131 131 131 131 131 131 131 131 131 131 131 131 131 129 129 129 130 130 131 131 131 132 132 132 132 132 132 132 132 132 132 132 132 132 132 132 132 132 132 132 132 132 132 132 133 134 135 135 135 135 135 135 135 135 135 135 135 135 135 135 135 134 134 134 134 134 134 134 134 134 134 134 134 134 134 134 134 135 135 135 135 135 135 135 135 135 135 135 135 135 135 135 135 135 135 135 135 135 135 135 135 135 135 135 135 135 135 135 135 135 135 135 135 135 135 135 135 136 136 136 136 136 136 136 135 134 134 134 134 134 134 135 135 136 136 136 136 136 136 136 137 136 135 134 133 132 132 132 133 131 131 131 131 130 130 130 130 0 0 0 0 0 0 0 0
0 0 0 0 0 0 0 0 111 112 112 113 114 115 115 115 117 118 118 119 120 121 122 123 122 122 122 122 122 122 123 123 122 122 123 123 123 123 123 123 123 123 123 123 123 123 123 123 123 123 123 123 123 123 123 124 125 126 126 126 126 126 125 125 120 121 121 122 123 124 125 126 125 125 124 124 124 124 125 125 125 127 127 126 121 111 98 89 71 61 46 31 21 21 26 34 36 41 49 58 64 69 71 72 70 69 68 68 66 60 51 42 40 33 24 18 17 15 11 6 8 8 11 16 23 30 37 41 45 48 53 58 60 61 60 60 58 58 59 60 60 61 62 62 63 62 62 62 62 61 59 58 58 58 59 63 65 66 64 62 51 57 59 55 46 36 27 22 15 24 40 62 84 106 124 136 134 132 129 127 125 125 126 126 126 126 127 129 130 130 128 127 128 127 127 127 127 128 129 130 127 128 129 130 131 131 130 129 130 130 130 130 130 130 129 130 130 128 127 130 132 132 127 123 120 123 126 121 98 64 35 23 52 83 109 126 139 138 132 133 139 141 140 140 138 136 136 137 141 139 128 108 82 58 38 27 28 38 49 60 75 96 119 133 139 121 90 56 30 23 39 57 101 119 137 133 111 82 51 27 12 13 28 51 68 69 62 58 61 62 63 64 64 64 65 65 61 60 59 58 57 57 57 58 63 49 30 14 4 7 24 41 51 56 58 59 60 59 50 41 30 24 18 22 33 46 54 59 59 57 56 57 61 65 68 69 63 61 59 55 42 28 20 22 39 60 86 108 118 120 120 119 119 121 125 129 131 132 132 131 131 131 131 131 132 132 132 133 134 133 133 133 132 132 132 131 130 130 130 130 130 130 130 130 130 130 130 130 130 130 130 130 132 132 132 132 132 132 132 132 132 132 132 132 132 132 132 132 131 130 130 130 130 130 130 130 130 130 130 130 130 130 130 130 129 129 129 129 130 130 131 131 132 132 132 132 132 132 132 132 132 132 132 132 132 132 132 132 132 132 132 132 132 132 132 133 134 135 135 135 135 135 135 135 135 135 135 135 135 135 135 135 134 134 134 134 134 134 134 134 134 134 134 134 134 134 134 134 134 134 134 134 134 134 134 134 134 134 134 134 134 134 134 134 134 134 134 134 134 134 134 134 134 134 134 134 134 134 134 134 134 134 134 134 134 134 134 134 135 135 135 135 135 135 135 135 134 134 134 134 134 134 135 135 136 136 137 137 137 137 137 137 136 135 133 132 132 132 131 132 130 130 130 130 130 130 131 131 0 0 0 0 0 0 0 0
0 0 0 0 0 0 0 0 110 110 111 112 113 113 114 114 117 117 118 119 120 121 122 123 122 122 122 122 122 122 123 123 122 122 123 123 123 123 123 123 122 122 122 122 122 122 122 122 122 122 122 122 122 122 122 123 124 125 125 125 125 125 124 124 121 121 122 122 123 124 124 123 119 119 121 122 124 127 128 129 129 126 122 116 105 91 76 66 47 35 22 15 15 21 35 45 53 57 63 67 70 71 72 72 70 71 70 72 71 67 61 57 53 47 38 32 27 22 16 10 3 2 1 3 8 14 21 25 33 38 45 52 57 59 59 59 63 63 63 63 62 62 62 62 62 61 61 62 63 62 60 57 57 56 56 58 61 63 63 62 57 63 68 66 58 49 33 21 11 11 17 33 57 82 109 127 134 134 132 132 129 127 125 124 124 123 124 127 130 131 129 127 128 127 127 127 127 128 129 130 127 128 129 130 131 131 130 129 130 130 130 130 130 130 129 130 130 128 127 130 132 132 127 123 121 123 125 120 96 64 36 23 47 80 106 124 137 136 131 134 138 140 140 140 137 134 134 134 141 141 132 114 89 66 45 31 27 30 36 47 61 81 107 128 147 135 107 69 36 22 28 39 72 98 127 137 128 102 65 33 12 9 19 43 64 67 64 61 62 63 64 65 65 65 66 65 62 61 60 59 59 59 59 59 63 49 30 14 6 9 26 42 52 57 59 59 60 60 53 45 35 30 23 21 27 38 46 54 59 57 57 59 65 68 68 68 65 63 62 61 50 32 18 13 27 46 71 94 110 117 120 120 119 121 124 126 128 129 130 131 130 130 130 131 131 131 132 132 134 134 133 133 132 132 132 132 131 131 131 131 131 131 131 131 131 131 131 131 131 131 131 131 131 131 131 131 131 131 131 131 131 131 131 131 131 131 131 131 130 130 130 130 130 130 130 130 130 130 130 130 130 130 130 130 129 129 129 130 130 131 131 131 131 131 131 131 131 131 131 131 131 131 131 131 131 131 131 131 131 131 131 131 131 131 131 132 135 135 135 135 135 135 135 135 135 135 135 135 135 135 135 134 134 134 134 134 134 134 134 134 134 134 134 134 134 134 134 134 134 134 134 134 134 134 134 134 134 134 134 134 134 134 134 134 134 134 134 134 134 134 134 134 134 134 134 134 134 134 134 134 134 134 134 134 134 134 134 134 134 134 134 134 134 134 134 134 134 134 134 134 134 134 135 135 136 136 137 137 137 137 137 137 136 135 133 132 132 132 131 132 131 131 130 130 130 129 129 129 0 0 0 0 0 0 0 0
0 0 0 0 0 0 0 0 109 110 110 111 112 113 113 113 116 116 117 118 120 121 122 123 122 122 122 122 122 122 123 123 123 123 123 123 123 123 123 123 122 122 122 122 122 122 122 122 122 122 122 122 122 122 122 123 124 125 125 125 125 125 124 124 124 124 124 124 123 124 124 124 120 120 120 120 123 124 126 126 120 113 102 89 76 63 51 43 32 22 16 20 29 37 48 56 69 71 73 72 69 66 65 65 66 68 68 69 67 66 65 66 60 57 53 48 44 38 33 29 16 14 11 9 8 9 10 11 21 24 29 35 41 46 49 52 56 57 58 59 60 61 62 63 62 62 62 64 66 65 63 59 59 57 55 56 58 61 62 62 64 68 69 67 66 62 48 35 25 17 13 21 36 55 77 95 116 121 128 133 134 132 128 123 121 120 122 126 130 132 130 127 128 127 127 127 127 128 129 130 127 128 129 130 130 130 130 129 130 130 130 130 130 130 129 130 130 128 127 130 132 132 127 123 121 124 126 122 99 66 36 22 42 76 104 122 135 134 131 135 136 138 139 140 138 136 135 136 138 142 138 122 101 80 57 40 32 27 26 35 48 67 97 120 148 143 126 95 61 38 31 31 43 67 99 123 135 123 85 47 16 7 13 38 59 64 64 63 62 63 64 64 65 65 65 65 61 61 60 59 59 59 59 60 62 47 28 13 6 10 26 42 51 55 57 58 60 61 56 48 38 33 27 21 20 27 37 47 57 56 57 62 68 70 66 64 63 61 61 66 61 45 28 21 22 34 52 75 97 112 119 121 121 123 122 124 125 127 129 130 129 129 130 130 130 131 131 131 132 132 132 132 131 131 130 130 129 129 129 129 129 129 129 129 131 131 131 131 131 131 131 131 131 131 131 131 131 131 131 131 131 131 131 131 131 131 131 131 131 131 131 131 131 131 131 131 131 131 131 131 131 131 131 131 130 130 130 130 131 131 131 132 131 131 131 131 131 131 131 131 131 131 131 131 131 131 131 131 131 131 131 131 131 131 131 132 135 135 135 135 135 135 135 135 135 135 135 135 135 135 135 135 134 134 134 134 134 134 134 134 134 134 134 134 134 134 134 134 134 134 134 134 134 134 134 134 134 134 134 134 134 134 134 134 134 134 134 134 134 134 134 134 134 134 134 134 134 134 134 134 134 134 134 134 134 134 134 134 133 133 133 133 133 133 133 133 134 134 134 134 134 134 135 135 136 136 137 137 137 137 138 137 136 134 133 132 132 132 131 132 130 130 130 129 129 128 128 128 0 0 0 0 0 0 0 0
0 0 0 0 0 0 0 0 109 109 110 110 111 112 113 113 115 116 117 118 120 121 122 123 123 123 123 123 122 122 123 123 122 122 122 123 123 123 123 123 122 122 122 122 122 122 122 122 122 122 122 122 122 122 122 123 124 125 124 125 125 124 124 124 127 126 125 126 125 125 125 124 125 123 122 121 120 119 119 120 102 92 76 59 46 36 27 22 25 18 17 30 45 53 58 63 69 72 72 69 65 63 64 64 58 61 63 63 61 61 66 70 67 68 66 64 59 55 51 47 37 34 30 24 19 14 11 9 12 12 15 19 25 32 38 42 43 45 48 52 56 60 63 65 63 62 62 65 68 68 65 61 61 58 56 55 58 60 60 60 62 62 61 60 65 68 61 49 40 27 17 18 23 32 47 61 93 102 118 130 136 136 131 125 119 119 120 126 130 133 130 128 128 128 127 128 127 129 129 130 128 129 129 131 130 131 130 129 130 130 130 130 130 130 129 129 130 128 127 129 132 132 127 123 121 124 127 125 102 69 36 20 38 73 103 121 133 132 130 136 134 137 139 140 139 139 139 138 139 145 145 134 117 97 73 55 40 30 23 28 40 59 88 114 140 145 142 121 88 59 38 30 26 45 72 103 130 133 100 61 22 11 12 35 57 64 62 64 61 62 63 64 64 64 65 63 61 61 59 58 58 58 59 59 61 46 26 12 5 9 25 41 49 54 56 57 59 62 58 52 39 36 29 21 16 20 31 42 56 55 56 63 68 70 64 59 58 56 58 68 71 60 44 35 21 28 39 61 85 106 117 122 123 123 122 121 123 125 127 130 128 129 129 130 130 130 131 131 131 131 131 130 130 129 129 129 128 128 128 128 128 128 128 128 130 130 130 130 130 130 130 130 131 131 130 131 130 131 130 131 130 131 130 131 130 131 130 130 131 131 131 131 131 131 131 131 131 131 131 131 131 131 131 131 130 130 131 131 131 132 132 132 131 131 131 131 131 131 131 131 131 131 131 131 131 131 131 131 131 131 131 131 131 131 131 132 134 135 135 135 135 135 135 135 135 135 135 135 135 135 135 135 134 134 134 134 134 134 134 134 134 134 134 134 134 134 134 134 134 134 134 134 134 134 134 134 134 134 134 134 134 134 134 134 134 134 134 134 134 134 134 134 134 134 134 134 134 134 134 134 134 134 134 134 134 134 134 134 132 132 132 132 132 132 132 132 133 134 134 134 134 134 135 135 135 136 136 136 136 137 137 136 136 134 132 131 131 131 130 131 131 131 130 129 129 128 128 128 0 0 0 0 0 0 0 0
0 0 0 0 0 0 0 0 109 109 109 110 111 112 114 115 116 116 117 118 120 121 122 122 125 125 125 124 123 123 122 122 123 123 122 122 122 122 121 121 121 121 121 121 121 121 121 121 120 120 120 121 122 123 123 123 128 127 125 124 124 124 124 125 118 118 119 122 125 127 127 127 130 123 117 119 121 116 101 87 78 62 46 34 24 17 19 25 29 30 35 42 50 55 57 58 66 65 65 63 63 63 63 62 61 60 59 58 59 63 65 67 66 67 64 64 62 60 59 57 60 57 53 47 39 30 23 18 13 13 13 13 13 13 13 13 17 22 29 34 38 43 50 55 62 65 68 68 67 65 65 65 57 58 58 58 56 57 60 61 59 55 54 56 61 66 69 69 51 44 32 22 16 18 22 28 58 73 96 116 132 139 139 135 131 126 122 126 130 132 129 128 129 130 128 129 128 130 130 130 129 129 129 130 129 130 130 130 130 130 130 130 129 129 129 129 130 128 127 129 132 131 127 122 118 122 124 122 105 77 43 20 39 62 94 119 131 134 134 135 140 140 139 139 139 139 139 139 144 144 143 136 127 111 85 64 48 31 18 21 33 50 75 97 127 140 141 127 112 95 62 29 20 5 50 87 126 132 125 66 35 10 13 28 53 67 57 62 61 61 62 64 63 64 65 66 63 63 62 61 61 60 58 58 60 45 26 12 5 11 28 45 49 52 55 60 62 62 60 57 46 40 31 22 18 20 27 33 46 51 56 60 63 63 63 61 56 60 64 68 66 62 56 54 30 28 30 45 65 87 107 121 122 125 123 119 120 124 128 128 129 130 129 130 129 129 129 129 129 129 129 129 129 129 129 129 128 128 128 128 128 128 128 128 128 128 128 128 128 128 128 128 130 130 129 130 129 130 129 130 129 130 129 130 129 130 129 130 131 132 132 132 132 132 132 132 131 131 131 131 131 131 131 131 131 131 131 132 132 133 133 133 132 132 131 131 131 131 131 131 132 132 132 132 132 132 132 132 132 132 132 132 132 132 132 132 135 136 136 136 136 136 136 136 135 135 135 135 135 135 135 135 135 135 135 135 135 135 135 135 135 135 135 135 135 135 135 135 135 135 135 135 135 135 135 135 135 135 135 135 135 135 135 135 134 134 134 134 134 134 134 134 134 134 134 134 134 134 134 135 134 135 135 135 135 134 133 132 133 133 133 133 133 133 133 133 131 131 132 133 133 134 135 135 135 136 135 136 135 136 135 135 134 133 132 131 131 131 131 132 131 130 130 130 130 130 130 130 0 0 0 0 0 0 0 0
0 0 0 0 0 0 0 0 109 109 109 110 111 112 114 115 116 116 117 119 120 121 122 123 125 126 125 125 123 123 122 122 122 123 121 122 122 122 121 121 121 121 121 121 121 121 121 121 121 121 121 121 122 122 122 121 120 120 119 121 121 121 122 122 116 116 117 120 125 129 130 130 129 122 115 113 110 99 78 62 49 37 24 17 14 13 20 28 39 45 53 58 58 59 60 62 60 60 60 60 59 59 59 59 60 59 59 59 59 61 63 64 64 63 63 63 63 63 62 61 68 65 62 57 50 42 35 31 24 23 21 18 16 13 11 10 6 9 12 14 18 24 32 38 53 56 61 64 66 66 66 64 63 64 64 62 59 58 59 61 63 58 53 53 58 64 67 70 61 54 42 30 21 16 15 16 35 50 72 94 115 130 140 143 136 132 129 131 133 133 131 129 129 129 129 129 130 131 132 133 130 129 129 130 129 130 130 130 130 130 130 130 129 129 129 129 130 128 127 129 132 131 127 122 121 125 127 123 104 74 41 19 32 58 90 118 130 134 135 135 140 140 140 140 139 140 139 139 140 141 142 139 134 120 98 79 61 41 21 16 23 41 71 97 125 139 144 135 123 107 75 43 25 5 36 66 106 124 127 82 41 13 11 22 46 64 55 61 61 61 63 64 63 64 66 66 63 63 62 62 61 60 58 58 56 41 23 10 4 11 28 45 51 52 55 58 61 61 60 59 55 49 38 27 19 18 22 26 41 46 53 58 59 60 60 61 60 62 63 62 61 60 58 59 43 35 27 33 49 72 99 119 122 125 124 120 119 124 127 127 127 129 129 129 129 129 129 129 129 129 129 129 129 129 129 129 128 128 128 128 128 128 128 128 128 128 128 128 128 128 128 128 129 129 129 129 129 129 129 129 129 129 129 129 129 129 129 130 132 132 132 132 132 132 132 132 131 131 131 131 131 131 131 131 131 131 131 132 132 132 133 133 131 131 131 131 131 131 131 131 131 132 132 132 132 132 132 132 132 132 132 132 132 132 132 132 135 136 136 136 136 136 136 136 135 135 135 135 135 135 135 134 135 135 135 135 135 135 135 135 135 135 135 135 135 135 135 135 135 135 135 135 135 135 135 135 135 135 135 135 135 135 135 135 134 134 134 134 134 134 134 134 134 134 134 134 134 134 134 135 133 134 135 135 134 134 133 132 132 132 132 132 132 132 132 132 131 131 132 132 133 134 135 135 135 135 135 135 135 135 135 134 134 132 131 130 130 130 130 131 130 130 130 130 130 130 130 130 0 0 0 0 0 0 0 0
0 0 0 0 0 0 0 0 109 109 109 110 111 112 114 115 116 117 118 119 120 121 122 124 125 125 125 125 123 123 122 122 123 122 121 122 121 122 121 122 121 121 121 121 121 121 121 121 121 121 121 121 121 121 121 121 119 120 121 122 122 121 121 121 116 116 117 121 126 130 130 130 117 110 100 92 84 69 48 33 25 18 14 14 18 25 35 43 49 58 66 68 64 60 59 62 59 59 58 59 58 58 57 57 58 58 58 59 60 61 61 62 61 62 62 63 64 65 66 65 68 67 66 64 61 56 53 50 42 40 36 32 26 22 18 16 9 8 6 4 4 9 17 22 31 33 38 45 52 57 58 58 64 65 65 64 61 60 59 61 65 59 54 52 55 61 65 68 66 61 54 43 32 23 16 13 11 24 45 70 93 114 132 141 136 135 134 134 135 135 133 131 128 128 128 129 130 131 133 134 130 130 130 131 131 132 131 131 130 130 130 130 129 129 129 129 130 128 127 129 132 131 127 122 121 127 131 127 106 75 43 23 25 51 85 115 130 135 135 135 140 140 140 140 139 140 139 139 138 141 143 141 140 131 113 96 73 52 30 20 20 34 64 93 122 137 146 142 134 120 92 64 37 14 27 47 83 110 123 93 52 20 10 14 37 59 54 62 61 62 62 63 63 64 66 66 63 63 63 62 60 59 59 58 52 38 20 9 5 13 31 47 54 55 56 57 59 60 60 60 61 56 46 34 24 20 20 22 33 41 51 56 55 56 58 62 66 64 61 58 57 59 61 65 56 44 29 26 36 55 84 106 113 120 122 119 119 124 126 126 125 126 127 127 128 128 129 129 129 129 129 129 129 129 129 129 129 129 129 129 129 129 129 129 129 129 129 129 129 129 129 129 130 130 130 130 130 130 130 130 130 130 130 130 130 130 130 130 132 132 132 132 132 132 132 132 131 131 131 131 131 131 131 131 131 131 131 131 132 132 132 133 132 132 132 132 132 132 132 132 132 132 132 132 132 132 132 132 132 132 132 132 132 132 132 133 135 135 135 135 135 135 135 135 134 134 134 134 134 134 134 134 135 135 135 135 135 135 135 135 135 135 135 135 135 135 135 135 135 135 135 135 135 135 135 135 135 135 135 135 135 135 135 135 134 134 134 134 134 134 134 134 134 134 134 134 134 134 134 135 133 134 135 135 134 133 132 132 131 131 131 131 131 131 131 131 131 131 131 132 133 134 134 135 135 135 135 135 135 135 135 134 134 133 132 131 131 131 131 132 131 131 131 131 131 131 131 131 0 0 0 0 0 0 0 0
0 0 0 0 0 0 0 0 109 109 109 110 111 112 114 115 117 117 118 119 120 122 122 124 124 125 125 125 123 123 122 122 122 122 122 121 122 122 121 121 121 120 120 120 120 120 120 120 122 122 121 121 121 121 120 120 122 122 122 122 122 121 119 118 115 116 117 120 122 120 116 111 98 87 74 63 53 42 31 20 19 19 21 28 36 46 54 59 59 63 67 68 65 61 59 60 59 60 59 59 59 60 59 59 56 57 58 59 60 60 60 59 62 62 62 63 65 65 66 65 59 59 61 63 64 65 65 65 59 57 54 49 44 40 36 34 26 23 18 12 9 8 11 13 12 12 15 23 34 43 50 52 57 59 62 62 60 59 59 60 62 59 55 53 54 57 60 62 60 61 58 55 48 41 32 28 5 13 31 51 71 89 108 122 127 131 134 134 133 135 134 131 129 129 129 129 129 130 132 132 130 130 130 131 131 132 131 131 130 130 130 130 129 129 129 129 130 128 127 129 132 131 127 122 121 128 133 129 109 79 48 29 23 47 82 113 130 135 135 133 140 139 139 139 139 140 139 139 140 143 143 143 143 138 123 109 84 67 46 35 29 39 65 92 122 135 144 142 136 127 106 83 60 36 29 38 62 91 107 92 65 29 11 8 29 55 55 63 62 62 63 63 63 64 66 66 64 64 63 62 60 60 59 59 52 37 20 10 7 15 32 48 57 57 57 57 57 59 60 62 64 60 51 41 31 24 22 22 25 35 48 53 52 52 58 64 67 65 61 58 57 59 63 67 64 53 38 31 32 43 64 83 99 108 116 117 118 123 126 126 125 126 127 128 128 129 129 130 128 128 128 128 128 128 128 128 128 128 128 128 128 128 128 128 128 128 128 128 128 128 128 128 129 129 129 129 129 129 129 129 129 129 129 129 129 129 129 129 131 131 131 131 131 131 131 131 131 131 131 131 131 131 131 131 130 130 131 131 131 132 132 132 132 132 132 132 132 132 132 132 132 132 132 132 132 132 132 132 132 132 132 132 132 132 132 133 134 134 134 134 134 134 134 134 134 134 134 134 134 134 134 134 134 134 134 134 134 134 134 134 134 134 134 134 134 134 134 134 134 134 134 134 134 134 134 134 134 134 134 134 134 134 134 134 133 133 133 133 133 133 133 133 133 133 133 133 133 133 133 133 132 134 134 134 134 133 132 131 130 130 130 130 130 130 130 130 130 130 131 132 133 133 134 134 134 134 134 134 134 134 134 134 134 133 132 131 131 131 131 132 131 131 131 131 131 131 131 131 0 0 0 0 0 0 0 0
0 0 0 0 0 0 0 0 109 109 109 110 111 112 114 115 117 118 118 120 121 122 123 124 124 125 124 124 123 123 122 122 122 122 121 121 122 121 121 122 122 121 121 121 121 121 120 120 121 121 121 121 121 121 121 120 119 119 119 119 119 119 118 118 117 118 118 117 113 104 93 85 75 63 47 34 27 24 23 22 25 30 38 47 54 61 64 63 67 63 61 62 65 66 63 61 58 58 57 59 58 59 59 59 56 57 58 59 59 59 59 59 63 63 63 63 63 63 62 62 54 54 57 60 63 65 67 68 65 64 63 61 59 57 55 54 45 41 35 29 22 16 11 8 6 4 4 8 17 29 39 46 53 56 60 61 59 57 56 57 56 57 56 56 55 54 54 54 55 57 61 64 62 57 51 47 23 21 23 32 42 57 81 101 118 128 135 134 132 133 131 126 130 131 130 129 129 129 130 130 130 130 130 131 131 132 131 131 131 131 130 130 130 130 130 130 130 128 127 129 132 132 127 123 122 128 132 128 108 79 47 27 23 46 80 109 128 135 135 132 140 139 139 139 139 139 139 139 137 139 140 141 144 144 133 122 98 80 58 46 39 48 75 101 124 134 139 137 132 127 113 99 85 62 35 27 35 67 87 89 73 38 17 7 25 52 55 65 62 61 63 64 63 64 65 65 64 63 62 62 61 60 59 59 54 38 21 11 10 18 34 48 58 59 60 58 57 58 60 64 66 63 58 48 37 28 23 20 20 31 43 50 51 52 58 65 66 63 61 60 59 61 63 67 70 61 46 35 26 30 46 62 89 101 115 120 121 124 125 123 125 126 128 128 128 128 130 130 128 128 128 128 128 128 129 129 128 128 128 128 128 128 128 128 128 128 128 128 128 128 128 128 129 129 129 129 129 129 129 129 129 129 129 129 129 129 129 129 131 131 131 131 131 131 131 131 131 131 131 131 131 131 131 131 130 130 130 131 131 131 131 131 132 132 132 132 132 132 132 132 132 132 132 132 132 132 132 132 132 132 132 132 132 132 132 133 134 134 134 134 134 134 134 134 134 134 134 134 134 134 134 134 134 134 134 134 134 134 134 134 134 134 134 134 134 134 134 134 134 134 134 134 134 134 134 134 134 134 134 134 134 134 134 134 133 133 133 133 133 133 133 133 133 133 133 133 133 133 133 133 132 132 133 133 132 132 131 130 129 129 129 129 129 129 129 129 130 130 131 131 132 133 134 134 134 134 134 134 134 134 134 134 134 133 132 131 131 131 131 132 131 131 131 131 131 131 131 131 0 0 0 0 0 0 0 0
0 0 0 0 0 0 0 0 109 109 109 110 111 112 114 115 117 118 119 120 121 122 123 125 124 125 124 124 123 123 122 122 121 121 121 122 121 122 122 122 121 121 121 120 120 120 119 119 120 120 120 121 121 121 121 120 120 120 118 118 118 119 119 121 122 120 116 109 100 86 74 65 47 37 24 12 8 12 19 24 40 48 56 63 68 71 68 64 64 58 53 54 60 63 61 56 55 55 55 55 56 57 57 58 57 58 58 58 58 59 59 60 63 63 62 62 60 60 59 58 58 58 59 60 61 62 63 63 63 63 63 63 63 64 64 64 60 58 53 48 42 34 25 19 10 8 5 3 4 12 23 30 49 53 58 60 58 56 54 54 54 56 58 58 56 53 51 52 55 59 62 66 67 64 62 60 47 35 23 17 18 28 54 79 101 118 131 132 131 132 130 124 130 129 129 129 129 130 130 131 130 130 130 131 131 132 131 131 131 131 130 130 130 130 130 130 130 128 127 130 132 132 127 123 124 127 129 126 109 80 45 23 22 44 75 105 125 134 135 133 140 139 139 139 139 139 139 138 131 133 135 138 144 147 141 131 108 88 65 53 48 59 84 110 128 134 136 133 129 126 119 112 107 87 43 23 14 44 67 86 75 43 23 9 21 47 54 66 62 62 63 64 63 64 65 65 64 63 63 62 61 60 60 60 54 38 20 12 12 21 36 49 59 61 62 60 57 57 60 64 69 68 64 55 42 30 22 17 16 25 37 45 49 53 59 63 63 63 62 62 62 63 63 65 76 68 52 37 23 19 33 49 79 97 115 124 126 125 123 121 126 127 127 127 126 126 127 127 127 127 127 127 127 128 128 128 127 127 127 127 127 127 127 127 127 127 127 127 127 127 127 127 128 128 128 128 128 128 128 128 128 128 128 128 128 128 128 128 130 130 130 130 130 130 130 130 131 131 131 131 131 131 131 131 129 130 130 130 131 131 130 130 131 131 131 131 131 131 131 131 131 131 131 131 131 131 131 131 131 131 131 131 131 131 131 132 133 133 133 133 133 133 133 133 134 134 134 134 134 134 134 134 133 133 133 133 133 133 133 133 133 133 133 133 133 133 133 133 133 133 133 133 133 133 133 133 133 133 133 133 133 133 133 133 132 132 132 132 132 132 132 132 132 132 132 132 132 132 132 132 132 132 132 132 132 131 130 130 129 129 129 129 129 129 129 129 129 130 130 131 132 133 133 133 133 133 133 133 133 133 133 133 134 133 132 131 131 131 131 132 131 131 131 131 131 131 131 131 0 0 0 0 0 0 0 0
0 0 0 0 0 0 0 0 109 109 109 110 111 112 114 115 118 118 119 120 121 123 124 125 124 125 124 124 122 122 122 122 121 121 122 121 122 123 122 122 122 122 122 121 121 121 120 120 119 119 118 119 121 121 121 122 122 118 115 111 108 109 109 110 109 103 93 82 70 59 48 40 24 21 18 14 16 23 31 37 53 61 66 69 71 74 70 63 57 54 51 53 57 58 56 54 55 55 55 56 57 58 58 59 60 59 58 57 57 59 60 61 61 61 60 60 59 58 58 58 62 61 61 60 60 60 60 60 60 60 61 62 63 63 64 64 68 65 63 61 58 53 45 40 27 27 23 14 6 4 11 18 35 40 48 54 56 56 56 56 54 57 60 59 57 54 54 55 58 60 62 64 65 66 66 65 67 52 36 26 15 13 29 50 69 93 115 123 126 133 133 128 126 126 127 127 130 132 133 134 130 131 131 132 132 133 132 132 131 131 131 131 130 130 130 130 130 128 127 130 132 132 127 123 125 126 127 128 116 90 55 30 18 38 68 99 122 133 137 137 140 139 139 139 139 139 138 139 133 134 134 136 143 148 143 135 121 104 86 81 79 85 101 119 132 136 137 134 132 130 128 124 120 110 64 37 13 34 48 74 73 46 29 11 18 43 51 65 63 62 62 63 63 64 65 65 65 65 64 63 62 61 60 60 50 34 17 11 14 24 39 51 58 61 63 61 57 56 58 62 66 66 64 57 46 33 23 19 12 18 30 40 48 54 58 60 62 62 63 63 62 63 63 65 73 72 63 50 32 21 27 36 61 83 108 122 128 127 124 120 124 126 125 123 124 123 122 122 126 127 127 127 127 127 127 128 128 128 128 128 128 128 128 128 128 128 128 128 128 128 128 127 129 129 128 129 128 129 128 129 128 129 128 129 128 129 128 129 130 130 130 130 130 130 130 130 131 131 131 131 131 131 131 131 129 129 130 130 130 131 131 131 131 131 131 131 130 130 130 130 131 131 131 131 131 131 131 131 131 131 131 131 131 131 131 131 132 133 133 133 133 133 133 133 134 134 134 134 134 134 134 134 133 133 133 133 133 133 133 133 133 133 133 133 133 133 133 133 133 133 133 133 133 133 133 133 133 133 133 133 133 133 133 133 132 132 132 132 132 132 132 132 132 132 132 132 132 132 132 132 131 132 132 132 132 131 130 129 130 130 130 130 130 130 130 130 129 129 130 131 132 132 133 133 133 133 133 133 133 133 133 133 134 133 132 131 131 131 131 132 131 131 131 131 131 131 131 131 0 0 0 0 0 0 0 0
0 0 0 0 0 0 0 0 109 109 109 110 111 112 114 115 118 118 119 120 122 123 124 124 124 124 124 123 122 122 122 122 121 122 122 122 123 122 122 122 122 122 122 122 122 121 120 120 117 118 118 118 120 121 122 121 118 113 105 97 92 90 89 89 85 75 61 46 35 26 17 13 17 21 26 32 37 45 53 60 53 60 65 63 64 68 65 59 56 57 60 61 61 60 59 58 57 57 58 59 59 61 60 62 62 61 58 57 57 58 61 62 59 58 58 58 59 58 58 57 60 60 59 59 59 59 60 60 60 60 60 61 61 62 62 62 65 63 61 62 63 61 56 52 49 51 47 34 19 10 12 18 19 27 37 47 53 57 59 60 57 59 61 59 56 55 57 60 58 60 60 62 64 65 66 68 73 64 53 44 26 10 11 24 41 70 99 113 122 132 136 133 123 123 125 127 130 134 136 138 130 131 131 132 132 133 132 132 131 131 131 131 130 130 130 130 130 128 127 130 132 132 127 123 125 125 127 131 126 103 69 43 14 34 64 96 120 133 139 139 140 139 140 139 138 139 139 139 138 138 137 137 142 146 141 133 135 124 118 121 121 118 122 131 134 137 139 139 137 136 134 132 125 125 85 58 25 34 35 58 68 46 33 13 17 40 48 63 62 62 63 63 63 64 65 65 65 65 63 62 62 61 60 60 46 30 14 9 14 25 40 53 58 61 64 63 58 56 58 61 60 62 62 58 49 38 28 22 8 14 24 36 45 52 56 58 63 62 62 62 62 62 63 66 69 73 76 69 48 28 22 27 42 67 99 117 126 128 126 123 123 123 122 121 120 120 119 119 126 127 127 127 127 128 128 128 128 128 128 128 128 128 128 128 128 128 128 128 128 128 128 128 129 129 129 129 129 129 129 129 129 129 129 129 129 129 129 129 130 130 130 130 130 130 130 130 131 131 131 131 131 131 131 131 129 129 129 130 130 131 131 131 130 130 130 130 129 129 129 129 130 130 130 130 130 130 130 130 130 130 130 130 130 130 130 130 132 133 133 133 133 133 133 133 134 134 134 134 134 134 134 134 133 133 133 133 133 133 133 133 133 133 133 133 133 133 133 133 133 133 133 133 133 133 133 133 133 133 133 133 133 133 133 133 132 132 132 132 132 132 132 132 132 132 132 132 132 132 132 132 131 132 132 132 132 131 130 129 130 130 130 130 130 130 130 130 129 129 130 131 131 132 133 133 133 133 133 133 133 133 133 133 134 133 132 131 131 131 131 132 131 131 131 131 131 131 131 131 0 0 0 0 0 0 0 0
0 0 0 0 0 0 0 0 108 108 109 110 112 113 114 114 118 119 120 122 122 123 123 122 121 121 121 122 121 122 122 122 120 120 120 121 122 123 123 124 124 124 124 122 121 119 119 119 117 115 116 120 125 125 121 114 107 98 84 71 64 60 58 58 50 45 36 25 15 11 12 13 19 27 39 50 56 60 60 62 59 59 58 58 58 58 57 57 59 59 60 60 60 59 60 60 59 59 59 60 60 61 60 61 59 59 59 59 60 60 60 60 59 59 60 60 60 60 60 60 60 60 60 60 60 60 60 60 60 60 61 61 61 60 59 58 61 61 62 62 62 63 63 63 58 61 60 50 34 22 17 17 12 17 27 40 52 60 62 63 61 61 60 58 58 59 59 60 58 59 58 60 60 62 61 62 73 72 65 52 36 21 13 10 24 43 66 87 106 124 132 132 122 124 122 122 127 135 135 132 133 132 131 130 131 132 134 135 132 132 131 130 130 129 129 128 128 128 129 130 128 127 125 125 127 123 128 132 128 118 85 44 21 30 53 87 117 132 139 140 136 136 139 143 146 145 142 139 139 140 140 138 138 138 138 137 134 136 137 137 138 139 140 140 139 139 138 137 137 136 136 136 137 127 108 82 50 30 31 44 52 49 38 23 20 34 50 58 63 61 61 60 59 60 61 63 63 64 64 62 63 65 62 56 37 23 10 9 16 27 41 53 55 57 59 60 59 58 58 59 60 60 61 60 55 46 34 26 17 14 17 28 39 47 52 58 62 61 60 60 61 63 62 63 68 76 79 71 57 44 33 24 38 51 75 101 117 122 122 125 128 127 123 120 118 117 119 121 124 125 125 126 126 128 128 128 128 128 128 128 128 128 128 128 129 129 129 129 129 129 129 129 128 128 128 128 128 128 128 128 129 129 129 129 129 129 129 130 130 130 131 131 131 132 132 132 131 131 131 131 131 131 131 130 130 130 130 129 129 128 128 128 128 128 127 127 127 127 127 127 128 128 128 128 128 128 128 128 128 128 128 128 128 128 128 128 129 130 130 131 131 132 132 132 132 132 132 132 132 132 132 132 131 131 131 131 131 131 131 131 131 131 131 131 131 131 131 131 131 131 131 131 131 131 131 131 131 131 131 131 131 131 131 131 130 130 130 130 130 130 130 130 130 130 130 130 130 130 130 130 130 130 130 130 130 130 130 130 130 130 130 130 130 130 130 130 130 130 130 131 131 132 132 132 132 132 132 132 132 132 132 132 132 132 132 132 132 132 132 132 133 133 133 133 133 133 133 133 0 0 0 0 0 0 0 0
0 0 0 0 0 0 0 0 108 108 109 110 111 113 113 114 118 119 120 121 122 122 122 122 121 121 120 122 121 121 122 122 120 120 121 122 123 124 124 124 124 124 123 123 122 120 119 119 117 116 116 121 124 121 111 99 77 66 52 39 30 28 25 26 26 25 21 19 18 22 28 34 39 43 50 56 57 58 59 59 57 57 57 56 57 56 56 56 58 58 58 59 58 59 59 59 59 59 59 60 60 61 60 60 59 59 59 59 60 60 60 60 59 59 59 60 60 60 60 60 59 60 60 60 60 60 60 60 60 61 61 61 61 60 59 58 61 61 61 61 62 62 62 63 59 61 60 55 45 33 25 20 12 16 24 36 48 57 61 62 60 59 59 59 59 60 59 61 58 59 60 60 60 61 62 62 65 65 63 57 45 33 25 20 20 30 47 67 85 102 117 125 124 128 130 128 129 132 134 133 131 130 130 130 131 132 133 134 132 132 130 130 130 129 129 129 128 128 130 130 128 127 125 125 127 123 128 132 128 118 86 45 21 30 52 87 117 132 137 139 136 137 138 142 145 146 142 141 140 140 140 139 138 137 137 138 135 135 136 137 138 139 139 141 140 139 138 138 137 137 136 137 138 130 115 91 62 39 37 44 49 45 34 19 18 32 48 57 63 61 61 61 60 60 61 62 62 64 64 62 62 64 60 54 36 23 11 10 17 28 41 52 55 57 60 60 59 58 58 59 60 60 61 60 55 47 37 29 20 16 15 23 33 40 48 56 61 60 58 58 59 61 62 65 66 72 72 67 58 49 37 29 34 41 59 85 104 114 120 124 128 127 123 121 117 117 118 121 124 124 125 127 127 127 128 128 128 128 128 128 128 128 128 128 129 129 129 129 129 129 129 129 128 128 128 128 128 128 128 128 129 129 129 129 129 129 129 129 129 130 130 131 131 131 132 132 131 131 131 131 131 131 131 131 131 130 130 129 129 128 128 128 128 128 127 127 127 127 127 127 127 128 128 128 128 128 128 128 128 128 128 128 128 128 128 128 130 130 130 131 131 131 132 132 132 132 132 132 132 132 132 132 131 131 131 131 131 131 131 131 131 131 131 131 131 131 131 131 131 131 131 131 131 131 131 131 131 131 131 131 131 131 131 131 130 130 130 130 130 130 130 130 130 130 130 130 130 130 130 130 130 130 130 130 130 130 130 130 130 130 130 130 130 130 130 130 130 130 130 131 131 132 132 132 132 132 132 132 132 132 132 132 132 132 132 132 132 132 132 132 133 133 133 133 133 133 133 133 0 0 0 0 0 0 0 0
0 0 0 0 0 0 0 0 106 107 107 109 110 111 112 112 116 117 118 119 120 120 120 120 121 121 120 120 121 121 121 122 120 120 121 122 123 124 124 125 125 124 124 123 121 120 119 119 118 116 116 121 123 114 96 79 61 53 40 28 19 17 18 19 12 13 17 22 30 40 52 60 66 67 68 66 62 58 57 57 55 55 55 55 55 56 56 55 56 57 57 57 58 58 58 58 58 58 58 59 59 60 60 60 59 59 59 59 59 60 60 60 59 60 60 60 60 60 61 61 60 60 60 60 60 60 60 60 60 60 61 61 60 60 59 59 60 60 60 61 61 62 62 62 61 60 60 61 59 50 36 25 12 13 18 27 39 50 57 60 58 58 58 58 58 59 61 61 59 61 60 60 62 61 62 62 58 59 61 62 58 51 42 35 23 20 26 41 55 70 90 110 120 130 137 135 129 128 129 130 127 129 130 132 133 133 132 132 133 132 131 131 130 130 129 129 127 128 130 130 128 128 126 126 127 123 128 131 128 119 87 47 20 28 52 86 116 132 137 139 135 136 137 141 144 145 142 140 139 139 139 139 138 138 138 138 136 136 137 137 138 139 139 140 139 140 139 137 136 137 138 138 141 137 126 107 80 55 46 47 45 40 28 17 17 31 47 57 62 62 61 60 60 60 60 61 61 63 63 61 61 62 59 52 36 24 13 13 20 30 43 52 56 57 60 61 59 58 57 58 59 60 59 59 57 50 39 34 26 19 14 16 24 32 43 53 60 59 56 55 56 59 63 67 64 67 66 64 62 59 49 38 31 30 38 59 83 102 114 121 126 127 126 123 119 118 118 120 124 124 125 125 126 127 127 129 129 129 128 129 128 129 128 129 129 130 129 130 129 130 129 130 129 129 129 129 129 129 129 129 129 129 129 129 129 129 129 129 128 128 129 129 129 130 130 130 130 130 130 130 130 130 130 130 130 130 130 130 128 128 128 128 128 128 128 128 128 128 128 128 128 128 128 128 128 128 128 128 128 128 128 128 128 128 128 128 130 130 130 130 131 131 131 132 132 132 132 132 132 132 132 132 131 131 131 131 131 131 131 131 131 131 131 131 131 131 131 131 131 131 131 131 131 131 131 131 131 131 131 131 131 131 131 131 130 130 130 130 130 130 130 130 130 130 130 130 130 130 130 130 129 129 129 129 129 129 129 129 129 129 129 129 129 129 129 130 130 130 130 131 131 132 132 132 132 132 132 132 132 132 132 132 132 132 132 132 132 132 132 132 133 133 133 133 133 133 133 133 0 0 0 0 0 0 0 0
0 0 0 0 0 0 0 0 105 106 107 108 109 110 111 112 115 116 117 118 119 119 119 119 120 120 120 120 119 121 121 121 119 120 121 121 123 123 124 125 125 125 124 123 122 121 119 118 118 114 114 117 117 105 82 62 41 34 27 20 16 17 20 23 26 27 31 38 46 57 68 77 81 80 76 70 63 58 57 56 54 54 54 54 55 56 56 56 55 56 56 57 58 58 58 58 58 58 58 59 59 60 60 60 58 59 59 60 60 60 60 61 60 60 61 61 61 61 62 62 61 61 61 61 61 61 61 61 61 61 62 62 61 60 59 59 60 60 60 60 61 61 62 62 62 60 60 67 71 64 45 28 10 10 13 20 32 44 53 58 58 57 57 57 58 59 61 61 60 60 60 62 61 62 62 63 57 57 59 63 66 64 56 50 36 22 16 23 31 39 62 86 106 123 138 138 131 126 125 126 125 128 130 132 133 133 132 131 132 132 131 130 130 130 128 128 128 128 129 130 129 128 126 126 127 123 127 131 128 120 90 50 19 28 51 85 115 131 135 137 135 135 136 140 142 143 142 140 139 139 139 139 139 139 139 138 137 137 137 137 138 138 138 139 140 140 140 138 137 137 139 140 142 142 137 123 100 75 58 51 42 36 22 15 18 31 48 59 63 62 60 59 60 59 59 60 60 63 62 60 59 59 54 48 34 23 13 15 23 32 44 52 56 57 60 61 60 59 58 58 59 60 59 59 58 53 45 40 35 24 15 12 15 24 37 49 58 57 54 53 53 57 63 69 63 65 63 62 67 69 62 51 33 25 21 36 62 87 105 117 123 125 127 124 121 118 117 120 122 124 125 125 126 127 128 128 127 127 127 127 127 127 127 127 128 128 128 128 128 128 128 128 128 128 128 128 128 128 128 128 128 128 128 128 128 128 128 128 127 128 128 128 129 129 129 129 129 129 129 129 129 129 129 129 130 129 129 129 128 128 128 128 128 128 128 128 128 128 128 128 128 128 128 128 128 128 128 128 128 128 128 128 128 128 128 128 129 129 130 130 130 131 131 131 131 131 131 131 131 131 131 131 131 131 131 131 131 131 131 131 131 131 131 131 131 131 131 131 131 131 131 131 131 131 131 131 131 131 131 131 131 131 131 131 130 130 130 130 130 130 130 130 130 130 130 130 130 130 130 130 129 129 129 129 129 129 129 129 129 129 129 129 129 129 129 130 129 130 130 131 131 132 132 132 132 132 132 132 132 132 132 132 131 131 131 131 131 131 131 131 132 132 132 132 132 132 132 132 0 0 0 0 0 0 0 0
0 0 0 0 0 0 0 0 104 105 106 107 108 109 110 111 113 114 116 117 118 118 118 118 120 119 119 120 119 119 121 121 119 120 121 121 123 123 124 125 125 126 124 123 122 120 119 118 119 114 111 113 108 95 72 52 29 29 30 29 31 34 41 45 48 50 50 53 55 63 71 76 77 77 74 69 63 58 57 57 55 55 54 55 55 56 56 55 54 54 54 55 56 57 58 58 58 58 58 59 59 60 59 60 58 57 57 58 59 60 60 61 60 60 61 61 61 61 61 61 61 61 61 61 61 61 61 61 62 62 62 62 62 61 60 60 60 60 60 61 61 62 62 62 64 61 62 69 74 66 46 27 7 7 9 16 28 41 51 56 59 58 59 59 60 60 62 62 61 61 62 62 62 63 63 62 61 59 59 63 66 68 64 62 52 33 19 18 17 17 34 56 83 106 128 135 132 128 127 126 127 128 130 132 133 133 132 131 132 132 130 130 130 129 129 128 127 128 129 130 129 128 128 127 127 123 127 130 128 120 91 52 17 27 50 85 113 129 134 136 134 134 134 138 141 143 142 140 139 139 138 138 138 138 138 139 138 138 138 138 139 139 138 139 139 139 139 140 139 140 141 141 142 145 144 137 120 98 74 59 43 31 17 11 14 28 46 60 63 61 60 59 58 59 59 60 59 62 62 59 57 56 50 43 31 21 14 17 26 35 46 53 55 57 60 60 58 57 57 58 58 58 59 60 58 55 50 46 44 32 19 12 11 17 30 42 54 54 54 53 53 56 62 69 66 65 63 63 71 77 74 65 42 29 17 25 44 70 94 111 117 122 126 126 121 118 118 120 122 124 123 125 126 127 127 127 128 128 128 128 128 128 128 128 129 129 129 129 129 129 129 129 129 129 129 129 129 129 129 129 129 129 129 129 129 129 129 129 128 128 128 128 129 129 129 130 130 130 130 130 130 130 130 129 127 128 128 128 128 128 128 128 128 128 128 128 127 127 127 128 128 128 128 128 128 128 128 128 128 128 128 128 128 128 128 128 129 129 129 130 130 130 131 131 131 131 131 131 131 131 131 131 131 131 131 131 131 131 131 131 131 131 131 131 131 131 131 131 131 131 131 131 131 131 131 131 131 131 131 131 131 131 131 131 130 130 130 130 130 130 130 130 130 130 130 130 130 130 130 130 129 129 129 129 129 129 129 129 129 129 129 129 129 129 129 130 129 130 130 131 131 132 132 132 132 132 132 132 132 132 132 132 131 131 131 131 131 131 131 131 132 132 132 132 132 132 132 132 0 0 0 0 0 0 0 0
0 0 0 0 0 0 0 0 104 104 105 106 107 109 109 110 112 113 114 116 116 117 117 116 118 119 119 119 119 119 120 120 118 119 120 121 122 123 124 124 125 125 124 123 122 120 119 117 118 115 112 109 101 85 62 44 32 36 46 54 58 63 68 72 64 62 60 56 53 53 56 59 59 61 63 63 60 59 58 59 57 57 56 56 56 56 56 55 54 53 54 55 56 57 58 58 58 58 58 59 59 60 59 60 57 57 58 58 60 61 61 61 61 61 62 62 62 62 62 62 62 62 62 62 62 62 62 62 62 63 63 63 63 62 61 60 60 61 62 62 62 63 63 63 66 64 64 68 69 58 39 22 5 5 9 18 31 43 52 57 61 61 61 60 60 61 61 63 62 62 62 62 62 63 62 64 65 63 61 61 62 65 65 66 62 47 33 24 15 11 17 30 58 80 104 118 125 130 132 130 130 131 131 132 132 132 132 132 131 131 130 130 129 129 129 128 127 128 129 130 130 129 128 127 127 123 126 131 128 121 93 54 16 26 48 82 112 128 133 135 133 133 133 136 141 143 141 140 139 139 138 138 139 139 139 139 139 139 139 139 138 138 138 139 139 140 139 140 140 140 141 144 142 148 151 148 138 120 93 73 47 32 15 7 10 24 41 57 62 61 59 58 58 59 59 59 58 61 61 58 56 54 47 39 27 18 14 19 29 39 48 55 56 57 60 61 59 57 58 58 58 58 58 60 60 59 55 52 52 41 28 18 13 13 24 34 48 52 55 56 56 57 62 68 67 66 63 64 73 81 80 74 55 41 26 23 31 51 79 101 108 116 124 126 122 120 120 123 121 124 123 125 126 127 126 126 127 127 127 127 127 127 127 127 128 128 128 128 128 128 128 128 128 128 128 128 128 128 128 128 128 128 128 128 128 128 128 128 127 127 127 128 128 128 129 129 129 129 129 129 129 129 129 129 128 127 127 127 128 128 128 128 128 128 128 128 127 127 127 128 128 128 128 128 128 128 128 128 128 128 128 128 128 128 128 128 128 129 129 129 130 130 130 130 130 130 130 130 130 130 130 130 131 131 131 131 131 131 131 131 131 131 131 131 131 131 131 131 131 131 131 131 131 131 131 131 131 131 131 131 131 131 131 131 130 130 130 130 130 130 130 130 130 130 130 130 130 130 130 130 129 129 129 129 129 129 129 129 129 129 129 129 129 129 129 130 129 130 130 131 131 132 132 132 132 132 132 132 132 132 132 132 130 130 130 130 130 130 130 130 131 131 131 131 131 131 131 131 0 0 0 0 0 0 0 0
0 0 0 0 0 0 0 0 103 104 104 106 107 108 109 109 111 112 114 115 116 116 116 116 118 117 119 119 118 119 120 120 118 119 120 121 122 123 124 124 125 125 124 122 122 121 118 117 117 116 116 111 97 76 52 35 22 32 49 60 66 68 71 73 70 67 60 51 41 34 32 32 37 43 50 56 59 60 60 61 59 59 58 58 57 56 56 54 52 52 52 53 55 56 58 58 57 57 58 59 58 59 59 60 57 57 58 58 60 61 62 62 62 62 62 62 63 63 63 63 63 63 63 63 63 63 63 63 63 63 64 64 63 62 62 61 61 61 62 62 63 63 63 63 66 66 66 64 58 44 27 15 3 6 13 24 37 49 56 60 65 64 63 62 61 61 61 61 62 63 62 64 63 63 63 64 65 64 63 61 59 60 62 65 66 62 52 40 27 19 16 16 32 49 71 91 110 126 133 133 134 134 134 133 132 132 132 132 131 131 131 130 130 130 129 128 126 127 129 130 130 129 128 128 127 123 126 131 128 122 94 56 15 25 47 81 112 127 132 134 132 131 132 134 140 142 141 140 138 138 138 139 139 140 139 139 139 139 139 139 139 139 138 139 139 141 140 140 141 141 143 144 142 150 155 156 152 138 111 89 63 43 19 8 9 21 39 54 62 61 59 59 58 58 58 59 58 60 60 57 56 53 45 36 23 16 14 21 32 42 52 58 56 58 60 61 59 58 58 58 58 58 57 59 61 61 59 57 58 49 37 26 17 12 18 26 41 48 55 59 58 58 61 65 68 68 65 64 70 79 81 78 65 55 39 27 21 34 64 91 101 110 121 126 122 121 122 125 121 122 123 124 124 126 127 127 127 127 127 127 127 127 127 127 128 128 128 128 128 128 128 128 128 128 128 128 128 128 128 128 127 127 127 127 127 127 127 127 126 126 127 127 127 128 128 128 129 129 129 129 129 129 129 129 127 127 127 128 128 129 129 129 128 128 128 128 128 128 128 128 128 129 129 129 129 129 129 129 129 129 129 129 129 129 129 129 128 128 129 129 129 130 130 130 130 130 130 130 130 130 130 130 131 131 131 131 131 131 131 131 131 131 131 131 131 131 131 131 131 131 131 131 131 131 131 131 131 131 131 131 131 131 131 131 130 130 130 130 130 130 130 130 130 130 130 130 130 130 130 130 129 129 129 129 129 129 129 129 129 129 129 129 129 129 129 130 129 130 130 131 131 132 132 132 132 132 132 132 132 132 132 132 130 130 130 130 130 130 130 130 131 131 131 131 131 131 131 131 0 0 0 0 0 0 0 0
0 0 0 0 0 0 0 0 103 103 104 105 107 108 109 109 111 112 113 114 115 115 115 115 118 117 118 119 118 120 120 121 119 119 119 120 121 122 123 124 124 124 123 122 121 119 118 116 114 117 119 113 95 69 43 28 23 37 55 69 74 74 73 73 74 68 59 45 30 20 15 13 23 31 41 51 57 59 59 60 61 61 60 58 57 55 55 53 51 52 52 53 55 56 58 57 57 57 58 59 59 60 60 59 58 58 58 60 61 61 62 63 62 62 62 62 63 63 63 63 63 63 63 63 63 63 63 63 63 64 64 64 64 63 62 61 62 62 63 63 63 64 64 64 66 68 67 62 50 35 20 11 4 7 16 29 42 53 60 62 67 66 65 63 62 61 61 61 62 62 62 63 63 64 63 63 62 64 65 63 59 58 59 63 68 71 66 53 40 30 21 13 12 25 44 68 95 119 131 133 136 136 134 132 130 131 132 133 131 131 131 130 130 128 128 128 126 127 128 130 130 129 129 128 127 123 126 130 128 122 94 57 15 24 47 81 111 127 132 134 131 131 132 135 138 141 142 140 138 138 138 139 139 140 139 139 139 139 139 139 139 139 139 139 140 140 140 140 140 142 143 145 142 150 157 160 160 149 122 98 76 53 26 13 12 22 39 55 62 61 60 59 58 59 59 60 57 60 60 56 55 52 44 35 21 14 14 21 33 43 52 59 56 58 61 61 59 58 58 59 58 57 57 59 61 62 61 60 62 53 43 32 20 13 15 22 38 46 56 61 60 58 59 63 68 69 65 63 68 76 79 78 71 63 48 29 17 23 54 84 95 106 118 124 123 122 124 127 122 122 123 124 125 126 127 127 127 127 127 127 127 127 127 127 128 128 128 128 128 128 128 128 127 128 128 128 128 128 128 128 127 127 127 127 126 127 126 126 126 126 126 127 127 127 128 128 129 129 129 129 129 129 129 129 127 127 127 128 128 129 129 129 129 129 128 128 128 128 128 128 129 129 129 129 129 129 129 129 129 129 129 129 129 129 129 129 128 128 128 129 129 130 130 130 130 130 130 130 130 130 130 130 131 131 131 131 131 131 131 131 131 131 131 131 131 131 131 131 131 131 131 131 131 131 131 131 131 131 131 131 131 131 131 131 130 130 130 130 130 130 130 130 130 130 130 130 129 130 129 129 129 129 129 129 129 129 129 129 129 129 129 129 129 129 129 130 129 130 130 131 131 132 132 132 132 132 132 132 132 132 132 132 130 130 130 130 130 130 130 130 131 131 131 131 131 131 131 131 0 0 0 0 0 0 0 0
0 0 0 0 0 0 0 0 103 103 104 105 107 108 109 110 110 110 111 112 113 113 114 114 114 114 115 116 118 118 119 120 119 120 118 117 118 119 122 122 120 121 120 120 118 118 115 114 118 119 119 110 86 57 37 30 30 45 62 68 68 67 67 65 68 62 51 41 30 19 10 4 7 15 27 39 46 52 55 57 59 58 58 58 59 58 56 55 52 53 52 53 55 57 57 58 57 57 57 58 58 59 59 59 58 60 60 62 62 62 62 61 62 62 62 62 62 62 62 62 63 63 63 63 63 63 63 63 64 64 63 61 61 61 61 61 62 63 63 63 63 63 63 62 66 66 65 57 39 19 10 11 8 15 27 38 47 55 61 64 66 65 63 62 61 61 62 64 63 63 63 63 63 63 62 62 56 59 64 67 66 62 56 52 64 64 63 64 61 50 33 21 19 8 11 38 71 95 114 132 135 136 136 134 131 130 128 130 134 133 130 128 128 127 128 127 126 125 125 127 130 131 129 125 126 121 125 130 130 125 96 57 22 20 45 83 107 123 132 131 130 130 132 133 136 139 141 142 141 140 140 141 140 141 141 141 140 140 140 140 141 141 141 141 141 141 141 139 139 140 140 142 145 147 151 158 160 151 132 117 93 72 41 19 9 16 38 57 61 62 62 62 62 62 62 61 59 59 57 55 56 53 40 25 16 13 14 21 35 48 54 56 58 59 61 63 64 63 60 59 59 59 60 61 61 61 62 63 64 57 50 41 27 14 11 17 29 44 56 58 57 59 60 59 63 68 69 67 65 66 72 79 73 77 61 36 24 22 39 66 78 97 114 123 125 126 127 125 128 128 127 126 126 127 128 129 127 127 127 127 127 127 127 127 128 128 128 128 128 128 128 128 127 127 127 127 126 126 127 127 125 125 125 125 124 125 124 124 124 123 123 123 123 124 125 126 127 127 127 127 127 127 127 127 126 126 127 128 128 129 130 130 130 130 130 130 130 130 130 130 130 130 130 130 130 130 130 130 130 130 130 130 130 130 130 130 129 129 129 129 129 129 129 129 129 129 129 130 130 131 131 131 130 130 130 130 130 130 130 130 131 131 131 131 131 131 131 131 131 131 131 131 131 131 131 131 131 131 131 131 131 131 131 131 132 132 131 131 131 131 130 130 127 127 127 127 126 127 126 127 128 129 129 129 129 129 129 129 129 129 129 129 129 129 129 129 129 129 130 130 130 131 131 131 130 130 130 130 130 130 130 131 130 130 130 129 129 128 128 128 129 129 129 129 129 129 129 129 0 0 0 0 0 0 0 0
0 0 0 0 0 0 0 0 103 103 104 105 107 108 109 109 110 110 111 111 112 113 114 114 114 113 115 115 117 118 120 120 120 119 119 118 118 119 121 122 119 119 118 118 118 117 115 114 114 115 114 103 79 50 31 25 29 46 63 69 66 65 64 62 68 63 56 49 40 30 20 14 12 16 23 29 34 41 49 54 54 54 53 53 55 55 53 53 53 54 54 54 56 57 57 58 56 56 57 58 58 59 60 60 59 59 60 61 62 62 61 61 62 62 62 62 62 62 62 62 63 63 63 63 63 62 62 62 64 63 62 61 61 61 62 62 62 62 62 63 64 64 64 63 57 58 58 50 33 15 9 11 10 20 34 47 55 59 60 61 64 63 63 62 62 62 62 63 62 62 63 63 63 63 62 62 58 60 62 64 65 62 57 54 62 61 62 64 65 59 46 37 22 11 9 26 49 69 90 110 118 125 131 133 131 129 131 134 129 130 129 129 128 127 126 125 126 125 125 127 130 130 129 126 126 120 124 130 131 126 97 57 19 19 45 83 107 122 131 130 128 129 130 132 135 139 140 142 141 140 140 141 140 141 141 141 141 141 141 142 142 142 142 142 141 139 139 139 138 139 139 140 144 145 149 155 158 152 137 125 108 87 58 31 14 14 31 49 63 63 63 63 62 61 62 62 59 58 57 55 56 53 39 25 14 12 13 21 34 47 55 56 58 59 61 63 63 62 60 59 58 59 59 60 60 61 62 62 67 61 54 46 32 18 14 18 24 38 51 55 55 58 59 60 65 68 69 67 63 62 67 72 74 78 65 42 27 21 30 51 64 85 107 118 122 126 127 126 128 128 126 126 126 127 128 129 127 127 127 127 127 127 127 127 128 128 128 128 128 128 128 128 127 127 127 127 126 126 127 127 125 125 124 124 124 124 125 125 124 123 123 123 123 124 125 126 127 127 127 127 127 127 127 127 126 126 127 127 128 129 130 130 130 130 130 130 130 130 130 130 130 130 130 130 130 130 130 130 130 130 130 130 130 130 130 130 129 129 129 129 129 129 129 129 129 129 130 130 130 131 131 131 130 130 130 130 130 130 130 130 131 131 131 131 131 131 131 131 131 131 131 131 131 131 131 131 131 131 131 131 131 131 131 131 132 132 131 131 131 131 130 130 127 127 126 126 126 126 126 126 128 129 129 129 129 129 129 129 129 129 129 129 129 129 129 129 129 129 129 130 130 130 131 131 130 130 130 130 130 130 130 130 129 130 129 129 129 128 128 128 129 129 129 129 129 129 129 129 0 0 0 0 0 0 0 0
0 0 0 0 0 0 0 0 103 103 104 105 106 107 108 108 109 109 110 111 112 112 113 113 113 113 114 115 117 117 119 119 120 119 120 119 119 120 121 122 119 118 118 117 118 117 115 115 112 112 109 96 71 43 27 24 30 49 66 69 63 60 61 60 62 61 59 58 53 44 33 25 17 16 15 15 19 30 44 53 52 52 51 52 53 54 53 54 55 56 56 56 57 57 57 57 56 56 57 58 58 59 60 60 58 59 60 61 61 61 60 60 61 61 61 61 61 61 61 61 62 62 62 62 62 62 62 62 63 62 62 61 62 62 63 64 65 64 63 63 64 64 62 60 53 54 53 44 27 10 7 13 15 27 45 59 65 64 59 56 61 61 62 63 63 63 62 62 62 62 62 62 63 63 62 62 61 61 60 60 60 60 58 58 60 60 61 63 65 62 54 47 32 23 16 18 25 35 57 77 101 115 131 136 132 127 129 134 128 129 129 129 129 128 127 126 126 125 125 127 128 129 128 127 127 121 124 130 132 128 97 57 17 19 46 84 106 119 130 129 127 127 128 131 134 138 140 142 140 140 139 140 140 141 140 140 140 140 141 141 141 141 142 142 140 139 139 138 137 138 139 139 142 143 145 150 154 152 143 135 129 109 77 43 18 12 29 48 63 64 65 63 62 61 62 63 59 58 58 56 56 52 38 25 12 11 13 22 35 48 56 58 58 59 61 63 63 62 60 59 58 58 59 60 59 60 61 61 67 63 57 50 38 24 17 16 18 30 43 50 54 58 60 61 66 70 69 67 62 60 61 64 74 81 71 52 38 23 19 30 53 75 99 114 119 124 125 124 126 126 126 125 125 126 127 127 127 127 127 127 127 127 127 127 127 127 128 128 128 128 128 128 126 126 126 126 126 126 127 127 123 123 123 123 123 123 124 124 123 123 123 123 123 124 125 125 127 127 127 127 127 127 127 127 126 126 126 127 128 129 129 130 130 130 130 130 130 130 130 130 130 130 130 130 130 130 130 130 130 130 130 130 130 130 130 130 129 129 129 129 129 129 129 129 130 130 130 130 131 131 132 132 131 131 131 131 131 131 131 131 132 132 132 132 132 132 132 132 132 132 132 132 132 132 132 132 132 132 132 132 132 132 132 132 132 132 131 131 131 131 130 130 127 127 126 126 126 126 126 126 128 128 128 128 128 128 128 128 127 127 127 127 127 127 127 127 127 127 128 128 128 129 129 129 128 128 128 128 128 128 128 129 129 128 128 128 127 127 127 127 128 128 128 128 128 128 128 128 0 0 0 0 0 0 0 0
0 0 0 0 0 0 0 0 103 103 104 105 106 107 107 108 108 109 109 110 111 112 112 112 112 113 113 114 116 117 118 118 120 119 120 120 120 120 121 122 118 117 117 117 117 117 116 115 113 111 105 89 62 37 25 25 35 52 69 69 60 56 58 59 53 55 59 61 60 53 42 34 21 16 8 3 7 21 39 52 51 52 53 53 53 53 53 55 56 58 57 58 58 58 56 56 56 56 57 58 58 59 60 60 58 58 59 60 61 61 60 60 61 61 61 61 61 61 61 61 61 61 61 62 62 62 62 62 62 62 62 62 62 63 64 65 69 67 64 63 64 62 58 55 54 53 50 41 24 10 10 17 25 37 52 64 68 65 59 55 58 60 61 63 64 63 62 62 63 63 63 63 64 64 63 63 63 62 58 57 57 58 60 62 60 60 59 60 59 58 54 50 48 42 33 23 13 13 28 45 83 105 128 139 134 127 126 131 131 130 129 128 128 129 128 129 125 125 125 127 127 128 128 128 127 121 124 131 132 129 99 59 18 18 43 81 103 117 128 128 126 126 127 130 134 137 140 142 140 140 139 140 140 141 140 140 141 141 142 142 142 142 143 143 139 139 138 137 137 137 137 139 143 141 141 144 147 148 144 140 144 124 91 52 21 13 31 53 63 65 66 64 62 60 61 62 58 59 59 57 55 49 36 22 10 11 15 24 36 49 57 59 59 60 61 62 62 62 60 60 58 59 59 59 59 59 60 60 63 61 57 51 41 29 18 13 15 23 35 45 53 58 61 63 67 69 70 67 63 61 60 61 71 79 73 61 50 31 14 16 47 68 91 107 115 120 122 121 123 124 124 124 125 126 126 126 127 127 127 127 127 127 127 127 127 127 127 127 128 128 128 128 125 125 125 125 125 125 126 126 122 122 122 122 122 122 123 123 123 123 122 122 123 123 124 125 126 126 126 126 126 126 126 126 125 125 126 127 128 128 129 129 129 129 129 129 129 129 129 129 129 129 129 129 129 129 129 129 129 129 129 129 129 129 129 129 128 128 128 128 128 128 128 128 130 130 130 130 131 131 131 132 131 131 131 131 131 131 131 131 132 132 132 132 132 132 132 132 132 132 132 132 132 132 132 132 132 132 132 132 132 132 132 132 131 131 130 130 130 130 129 129 127 127 126 126 126 126 126 126 127 127 127 127 127 127 127 127 126 126 126 126 126 126 126 126 126 127 127 127 128 128 128 128 127 127 127 127 127 127 127 127 128 128 128 127 127 127 126 126 127 127 127 127 127 127 127 127 0 0 0 0 0 0 0 0
0 0 0 0 0 0 0 0 103 103 104 104 105 106 106 107 108 108 108 109 110 111 111 112 113 113 113 114 115 116 117 118 119 119 120 120 120 120 121 121 118 117 116 116 116 117 117 116 112 107 97 77 50 29 24 29 42 55 68 66 59 55 56 59 50 52 57 62 62 58 50 44 31 22 10 0 1 12 29 42 46 49 52 53 51 50 51 52 56 57 57 58 58 58 56 55 56 56 57 58 58 59 60 60 58 59 60 61 61 61 61 60 61 61 61 61 61 61 61 61 61 61 61 62 62 63 63 63 62 62 62 62 63 64 65 66 65 64 62 63 65 63 57 52 47 44 40 33 23 16 20 28 37 45 56 63 65 62 59 56 59 60 62 63 64 64 63 62 63 63 63 63 64 64 63 63 64 62 58 56 56 59 61 65 61 61 59 59 58 57 55 54 59 57 51 37 18 7 10 20 55 80 111 130 133 129 130 133 132 129 125 122 122 124 127 129 125 125 126 127 125 127 128 130 127 122 125 130 130 127 101 64 22 19 39 75 99 116 128 128 125 126 128 130 133 136 139 141 140 140 139 140 140 141 140 140 141 141 142 142 142 142 143 143 139 139 137 138 137 137 138 139 144 141 139 138 140 142 141 138 145 130 105 68 34 17 25 42 59 64 67 66 63 59 60 61 58 60 61 57 53 45 31 18 8 12 18 29 40 50 57 59 59 59 60 60 61 61 60 60 59 59 60 60 59 59 60 60 60 59 56 52 47 37 25 15 15 19 27 40 51 58 62 65 65 67 67 67 65 64 63 64 65 74 72 66 62 42 19 14 35 54 76 94 107 118 120 118 120 121 122 124 124 124 125 125 125 125 125 125 125 125 125 125 124 125 125 125 126 126 127 127 125 125 125 125 125 125 125 125 122 122 122 122 122 122 123 123 123 122 122 122 122 123 124 125 126 126 126 126 126 126 126 126 125 125 126 126 127 128 129 129 129 129 129 129 129 129 129 129 129 129 129 129 129 129 129 129 129 129 129 129 129 129 129 129 128 128 128 128 128 128 128 128 129 129 129 130 130 130 131 131 131 131 131 131 131 131 131 131 131 131 131 131 131 131 131 131 131 131 131 131 131 131 131 131 132 132 132 132 132 132 132 132 131 131 130 130 130 130 129 129 127 127 126 126 126 126 126 126 127 127 127 127 127 127 127 127 126 126 126 126 126 126 126 126 126 126 126 126 127 127 127 128 127 127 127 127 127 127 127 127 128 128 127 127 127 126 126 126 127 127 127 127 127 127 127 127 0 0 0 0 0 0 0 0
0 0 0 0 0 0 0 0 103 103 104 104 105 105 105 106 107 107 108 108 109 110 111 111 112 112 113 113 114 115 117 117 117 118 119 120 120 119 120 118 118 117 116 115 115 116 117 118 110 102 87 64 37 19 22 31 49 59 66 62 57 56 58 59 53 54 58 61 63 61 58 53 44 35 21 8 2 6 16 25 34 39 46 49 47 46 47 50 54 56 56 58 58 58 56 55 56 56 57 58 58 59 60 60 59 60 61 62 62 62 62 61 62 62 62 62 62 62 62 62 61 62 62 63 63 64 65 65 64 63 63 63 63 64 64 65 58 57 58 63 67 66 58 50 33 27 23 22 22 24 33 42 49 52 57 60 60 59 59 60 62 62 63 64 64 64 63 63 64 64 64 64 65 65 64 64 64 62 60 58 59 61 63 65 60 60 60 61 61 61 61 61 63 64 61 50 31 15 9 9 28 49 79 103 118 126 131 136 129 127 122 119 118 120 121 123 124 125 126 125 124 125 127 130 127 124 127 129 126 123 102 69 29 18 33 68 95 116 128 129 127 128 129 130 133 136 139 140 140 140 139 140 140 141 140 140 140 140 141 141 141 141 142 142 140 139 139 138 138 138 139 140 144 141 139 138 137 138 137 135 138 132 118 89 52 23 14 19 52 59 66 68 64 60 58 59 58 61 61 56 50 40 25 12 8 14 23 35 45 53 57 58 60 59 59 60 60 61 60 60 61 61 61 61 60 60 60 60 61 60 58 56 54 49 36 23 17 16 20 34 47 56 61 66 64 64 64 64 64 65 66 66 61 68 68 68 70 55 30 20 21 35 52 74 97 114 119 117 117 119 120 122 124 124 124 124 123 123 123 123 123 123 123 123 122 123 123 124 125 125 126 126 124 124 124 124 124 124 124 124 121 121 121 121 121 121 122 122 122 122 121 121 122 123 124 124 125 125 125 125 125 125 125 125 124 125 125 126 127 128 128 128 128 128 128 128 128 128 128 128 128 128 128 128 128 128 128 128 128 128 128 128 128 128 128 128 127 127 127 127 127 127 127 127 127 127 128 128 128 129 129 129 130 130 130 130 130 130 130 130 129 129 129 129 129 129 129 129 129 129 129 129 129 129 129 129 131 131 131 131 131 131 131 131 130 130 129 129 129 129 128 128 127 127 126 126 126 126 126 126 126 126 126 126 126 126 126 126 125 125 125 125 125 125 125 125 125 125 125 126 126 126 127 127 126 126 126 126 126 126 126 126 126 127 127 127 126 126 126 125 126 126 126 126 126 126 126 126 0 0 0 0 0 0 0 0
0 0 0 0 0 0 0 0 103 103 104 104 104 105 105 105 106 106 107 108 109 109 110 110 111 111 112 113 114 114 116 116 115 116 117 118 119 118 117 116 118 117 115 115 115 116 118 117 110 100 80 54 28 14 21 36 56 60 62 58 56 58 60 59 58 56 56 57 59 61 60 59 52 45 33 19 9 6 8 11 22 31 41 48 49 48 49 51 52 53 55 57 58 58 56 55 56 56 57 58 58 59 60 60 59 60 61 62 62 62 62 62 62 62 62 62 62 62 62 63 62 62 63 64 65 66 66 67 65 65 64 63 63 63 64 64 56 56 58 64 68 64 53 43 24 15 9 13 22 32 43 52 56 58 59 58 57 58 61 63 66 65 64 64 64 64 64 64 64 64 64 64 64 64 64 64 63 63 61 61 61 63 64 65 61 63 63 64 62 63 63 64 62 65 65 60 48 34 21 13 16 28 47 71 92 108 118 122 127 126 124 122 120 119 119 119 124 125 126 125 123 124 127 131 127 126 131 129 122 119 103 76 37 19 27 60 91 116 129 128 130 130 131 132 134 136 138 139 139 139 139 140 139 140 140 140 140 140 140 140 140 141 141 141 142 141 140 140 139 140 140 140 141 141 140 139 137 136 135 134 137 133 121 98 61 27 10 9 45 55 66 70 65 59 57 57 59 62 63 57 47 36 20 7 8 17 28 41 50 55 56 56 60 59 59 59 60 60 60 61 63 62 62 62 61 61 61 61 60 61 59 58 60 59 46 31 20 13 14 27 42 51 58 65 62 61 60 60 61 64 65 67 60 66 63 67 76 64 40 29 16 23 36 58 88 111 117 114 114 117 119 121 122 123 123 122 122 122 121 122 121 122 121 122 119 121 120 122 122 124 124 124 123 123 123 123 123 123 123 123 120 120 120 120 120 120 121 121 122 122 121 121 122 122 123 124 125 125 125 125 125 125 125 125 124 124 125 126 127 127 128 128 128 128 128 128 128 128 128 128 128 128 128 128 128 128 128 128 128 128 128 128 128 128 128 128 127 127 127 127 127 127 127 127 126 126 126 127 127 127 128 128 129 129 129 129 129 129 129 129 128 128 128 128 128 128 128 128 128 128 128 128 128 128 128 128 130 130 130 130 130 130 130 130 130 130 129 129 129 129 128 128 127 127 126 126 126 126 126 126 125 125 125 125 125 125 125 125 123 123 123 123 123 123 123 123 124 124 125 125 125 126 126 126 125 125 125 125 125 125 125 125 126 126 126 125 125 125 124 124 125 125 125 125 125 125 125 125 0 0 0 0 0 0 0 0
0 0 0 0 0 0 0 0 103 103 104 104 104 104 105 105 106 106 107 107 108 109 110 110 111 111 112 112 113 114 116 116 114 115 116 117 118 117 116 115 118 117 115 114 114 116 117 118 113 100 79 51 24 13 24 41 60 60 60 55 55 59 61 59 60 57 52 51 54 58 60 60 53 48 39 27 16 9 6 7 16 27 40 49 51 52 54 56 50 52 54 57 58 58 56 55 56 56 57 58 58 59 60 60 60 61 62 63 63 63 63 62 63 63 63 63 63 63 63 63 62 63 64 65 66 67 67 68 66 66 65 64 63 63 63 63 60 60 61 65 67 60 45 33 24 12 5 11 24 37 48 56 60 60 60 59 57 58 62 64 69 67 65 64 63 64 65 65 64 64 64 64 64 64 64 64 63 63 63 63 64 64 63 64 62 63 64 64 61 60 61 61 60 65 66 64 60 49 33 21 20 22 31 48 70 88 98 102 127 129 129 129 127 123 119 117 122 125 126 125 122 123 127 131 127 127 132 129 119 116 104 80 41 20 22 54 88 116 130 129 132 132 131 132 133 135 137 138 139 139 139 140 139 140 140 140 139 139 139 139 139 140 140 140 142 142 141 140 140 140 140 142 141 141 141 141 139 137 135 134 140 133 119 93 59 29 14 14 42 52 65 69 66 60 56 56 59 62 63 56 46 33 17 4 8 18 31 45 52 56 55 55 61 59 59 59 59 60 60 61 64 64 63 63 62 62 62 62 59 59 58 57 62 63 51 35 21 12 10 23 38 48 56 62 62 59 57 57 58 62 63 64 62 64 60 65 77 69 46 36 20 22 29 52 83 109 115 109 111 114 116 120 122 122 122 122 120 120 119 120 119 120 119 120 117 119 118 120 120 122 122 123 122 123 122 123 123 123 123 123 120 120 120 120 120 120 121 121 122 121 121 121 121 122 123 124 125 125 125 125 125 125 125 125 124 124 125 126 126 127 128 128 128 128 128 128 128 128 128 128 128 128 128 128 128 128 128 128 128 128 128 128 128 128 128 128 127 127 127 127 127 127 127 127 125 125 125 126 126 126 127 127 128 128 128 128 128 128 128 128 127 127 127 127 127 127 127 127 127 127 127 127 127 127 127 127 129 129 129 129 129 129 129 129 130 130 129 129 129 129 128 128 127 127 126 126 126 126 126 126 125 125 125 125 125 125 125 125 123 123 123 123 123 123 123 123 124 124 124 125 125 125 126 126 125 125 125 125 125 125 125 125 126 126 126 125 125 124 124 124 125 125 125 125 125 125 125 125 0 0 0 0 0 0 0 0
0 0 0 0 0 0 0 0 104 104 104 105 105 106 106 106 106 107 108 109 109 109 109 108 110 111 112 113 113 113 115 116 113 114 116 117 116 115 112 111 114 117 116 111 110 116 119 118 108 91 67 42 23 15 24 36 52 59 62 58 55 58 59 56 58 56 54 53 54 57 61 63 54 50 44 38 29 19 9 2 13 20 30 39 49 56 60 59 60 53 46 48 54 59 57 54 56 56 57 58 58 59 60 60 58 59 60 61 62 63 62 62 62 62 62 62 62 62 62 63 60 61 63 64 65 66 66 66 65 65 65 64 63 62 61 60 64 65 68 70 67 54 35 21 12 8 7 16 34 49 57 58 62 60 58 58 60 63 63 63 61 62 63 64 64 64 64 63 64 64 64 64 64 64 63 63 62 62 62 62 62 62 61 61 62 62 62 61 61 61 60 60 60 61 62 64 64 58 47 39 28 20 17 25 33 46 71 96 109 125 135 133 125 123 120 118 119 122 124 126 125 125 127 128 127 124 128 130 123 118 103 79 39 21 25 57 88 114 128 128 130 130 130 131 132 135 138 140 139 139 139 140 139 140 140 140 140 140 140 140 140 141 141 141 141 141 140 140 139 140 141 142 141 143 142 141 138 137 135 133 138 135 123 97 63 33 16 9 38 53 60 63 66 59 54 60 59 65 61 55 52 33 12 6 8 19 33 47 54 57 57 57 58 57 57 57 58 60 61 62 62 62 62 62 62 62 62 62 61 59 59 62 64 61 52 45 29 16 7 12 26 41 54 64 65 63 58 56 56 58 60 60 61 65 64 63 66 68 59 48 25 21 23 41 66 87 101 111 116 116 117 118 119 118 117 119 119 119 119 118 118 118 117 117 116 116 117 118 120 121 122 122 123 123 123 123 123 122 121 121 119 119 120 120 121 121 121 121 123 123 123 123 123 123 123 123 123 123 123 123 123 123 123 123 124 124 124 124 124 124 124 125 124 124 125 125 125 126 126 126 126 126 125 125 125 125 125 125 126 126 126 126 126 126 126 126 127 127 127 127 127 127 127 127 126 126 126 126 126 126 126 126 128 128 128 128 128 128 128 128 128 128 128 127 127 127 126 126 127 127 127 126 126 126 125 125 126 126 126 126 126 126 126 126 126 126 125 125 125 125 124 124 126 126 125 125 125 125 125 125 128 127 126 126 125 124 123 123 123 123 123 123 123 123 123 123 124 124 124 124 124 124 124 124 124 124 124 124 124 124 124 124 124 124 124 124 124 124 124 124 124 124 124 124 124 124 124 124 0 0 0 0 0 0 0 0
0 0 0 0 0 0 0 0 104 104 104 105 105 106 106 106 106 107 108 109 109 109 109 108 111 111 112 112 112 113 115 115 113 114 115 116 116 114 112 110 113 115 115 111 111 116 118 117 105 85 61 37 20 16 27 41 54 59 63 58 55 58 58 55 57 55 54 53 54 57 60 62 56 53 48 43 35 24 14 7 12 17 25 34 44 53 60 62 60 54 47 47 52 57 55 53 56 56 57 58 58 59 60 60 58 59 60 61 62 63 62 62 62 62 62 62 62 62 62 63 60 62 63 65 66 66 66 66 65 65 65 64 63 61 59 58 65 67 69 68 61 46 27 15 8 8 13 25 40 52 58 60 62 60 58 58 61 63 64 63 61 62 63 64 64 64 64 63 64 64 64 64 64 64 63 63 62 62 62 62 61 61 60 61 61 62 61 62 61 61 60 61 59 60 60 62 62 60 55 50 36 22 9 8 10 20 43 68 96 114 128 131 129 127 126 123 119 121 123 124 123 125 126 129 127 124 128 131 124 118 103 80 40 20 25 56 87 113 128 128 130 130 129 130 133 135 138 140 139 139 139 140 139 140 140 140 140 140 140 140 140 141 141 141 141 141 140 140 139 140 140 142 142 142 142 141 139 137 135 134 139 135 124 98 64 34 15 9 37 52 59 62 65 60 55 60 59 65 60 54 50 32 11 6 10 21 35 49 55 58 58 58 59 58 57 57 58 60 61 62 62 62 62 62 62 62 62 62 61 60 59 62 64 62 54 47 33 19 8 10 22 36 51 61 63 62 58 55 55 56 57 59 59 63 62 62 66 69 63 54 30 23 20 34 55 76 95 108 113 115 116 117 116 117 117 118 118 118 117 117 116 117 115 116 115 116 116 118 118 121 120 122 121 123 123 123 123 122 122 121 119 119 120 120 121 121 121 121 123 123 123 123 123 123 123 123 123 123 123 123 123 123 123 123 123 124 124 124 124 124 124 124 123 124 124 124 125 125 125 126 125 124 124 124 124 124 124 124 125 125 125 125 125 125 125 125 127 127 127 127 127 127 127 127 126 126 126 126 126 126 126 126 127 127 127 127 127 127 127 127 127 127 127 127 126 126 125 125 126 126 126 126 125 125 124 124 125 125 125 125 125 125 125 125 125 125 124 124 124 124 123 123 126 126 125 125 125 125 125 125 127 127 126 125 124 123 123 122 123 123 123 123 123 123 123 123 124 124 124 124 124 124 124 124 124 124 124 124 124 124 124 124 124 124 124 124 124 124 124 124 124 124 124 124 124 124 124 124 0 0 0 0 0 0 0 0
0 0 0 0 0 0 0 0 104 104 104 105 105 106 106 106 106 107 108 109 109 109 109 108 111 112 112 112 113 114 114 114 112 113 113 114 113 112 111 110 111 113 113 111 111 117 118 116 100 78 51 28 17 19 33 47 57 60 61 58 56 57 56 54 56 55 53 53 54 56 58 60 59 56 53 48 42 32 21 14 12 13 17 24 35 47 58 65 61 56 50 48 51 54 53 52 56 56 57 58 58 59 60 60 58 59 60 61 62 63 62 62 62 62 62 62 62 62 62 63 61 63 64 65 66 66 66 66 66 65 65 63 61 59 57 56 65 69 70 65 51 33 17 7 4 13 26 39 49 56 60 62 62 59 58 58 61 63 64 64 61 62 63 64 64 64 64 63 64 64 64 64 64 64 63 63 62 62 61 61 61 61 60 60 62 62 62 62 62 63 63 63 59 58 56 58 60 64 65 64 53 34 15 4 1 6 24 44 73 91 112 124 129 130 129 127 120 122 123 123 122 123 126 130 126 123 128 130 124 119 105 81 41 21 24 54 84 111 127 128 131 131 130 131 133 136 138 139 139 138 138 139 138 139 139 139 139 139 139 140 140 140 140 141 141 141 139 139 139 140 140 142 142 142 142 141 139 138 136 135 139 136 126 101 66 36 17 9 34 50 57 61 65 59 54 60 58 65 61 53 48 30 11 7 13 25 40 53 58 59 59 60 60 59 58 58 59 60 61 62 62 62 62 62 62 62 62 62 61 60 60 62 64 63 57 52 40 25 11 9 16 29 45 57 61 61 58 56 55 56 57 58 59 61 61 62 66 69 66 61 40 28 19 24 38 61 85 102 110 114 115 116 115 115 117 118 116 116 114 115 114 114 113 114 113 115 114 117 117 119 119 120 120 121 122 123 123 122 122 121 119 119 120 120 121 121 121 121 122 122 122 122 122 122 122 122 122 122 122 122 122 122 122 122 123 123 123 123 123 123 123 123 122 122 123 123 124 124 124 124 123 123 123 123 123 123 123 123 124 124 124 124 124 124 124 124 126 126 126 126 126 126 126 126 126 126 126 126 126 126 126 126 126 126 126 126 126 126 126 126 126 126 126 125 125 125 124 124 125 125 125 124 124 124 123 123 123 123 123 123 123 123 123 123 123 123 122 122 122 122 121 121 125 125 124 124 124 124 124 124 126 126 125 125 124 123 123 122 123 123 123 123 123 123 123 123 122 122 122 122 122 122 122 122 122 122 122 122 122 122 122 123 123 123 123 123 123 123 123 123 123 123 123 123 123 123 123 123 0 0 0 0 0 0 0 0
0 0 0 0 0 0 0 0 104 104 104 105 105 106 106 106 106 107 108 109 109 109 109 108 111 112 111 112 112 113 113 114 112 112 112 112 112 111 110 109 109 111 111 110 112 117 117 113 98 73 42 21 15 22 38 51 59 60 60 59 57 56 55 54 56 55 54 53 53 55 57 57 59 58 56 54 49 40 30 22 13 10 9 14 24 36 51 62 61 58 53 52 52 53 53 54 56 56 57 58 58 59 60 60 58 59 60 61 62 63 62 62 62 62 62 62 62 62 62 63 62 64 65 66 67 67 66 66 66 65 64 63 61 58 56 54 63 68 69 60 43 23 9 3 6 22 43 56 59 59 60 63 61 59 57 58 61 63 64 64 61 62 63 64 64 64 64 63 64 64 64 64 64 64 63 63 62 62 61 61 61 60 60 60 61 62 63 63 62 63 63 64 61 58 55 54 57 62 68 71 64 49 29 18 11 11 19 31 43 61 85 107 120 127 129 128 125 126 126 124 122 123 125 128 125 122 127 131 125 120 106 83 43 21 22 51 82 110 127 129 132 132 131 131 132 135 137 139 138 138 138 139 138 139 139 139 139 139 139 140 140 140 140 140 141 141 140 140 140 140 141 142 142 142 143 142 141 138 136 136 140 138 128 103 69 37 17 9 30 47 55 60 64 59 54 59 59 64 60 50 44 27 10 9 16 29 45 57 60 61 60 61 61 60 59 59 59 61 61 63 63 63 63 63 63 63 63 63 61 60 60 62 64 63 60 56 47 33 17 10 12 21 36 49 58 60 59 58 57 56 57 59 62 62 62 63 66 68 68 66 51 37 21 17 25 44 71 93 108 115 117 116 114 114 117 116 113 113 113 112 112 112 111 111 112 113 114 115 116 117 118 119 119 120 121 122 122 122 121 122 119 119 120 120 121 121 121 121 121 121 121 121 121 121 121 121 121 121 121 121 121 121 121 121 122 122 122 122 121 121 121 121 121 121 121 122 122 122 123 123 121 121 122 122 122 122 123 123 123 123 123 123 123 123 123 123 125 125 125 125 125 125 125 125 125 125 125 125 125 125 125 125 125 125 125 125 125 125 125 125 125 125 125 124 124 123 123 123 124 124 124 123 123 122 122 122 121 121 121 121 121 121 121 121 121 121 120 120 120 120 119 119 124 124 123 123 123 123 123 123 125 125 124 124 123 123 122 122 122 122 122 122 122 122 122 122 122 122 122 122 121 121 121 121 121 121 121 121 121 121 121 121 122 122 122 122 122 122 122 122 122 122 122 122 122 122 122 122 0 0 0 0 0 0 0 0
0 0 0 0 0 0 0 0 104 104 104 105 105 106 106 106 106 107 108 109 109 109 109 108 111 112 112 113 112 112 112 113 111 111 110 110 110 109 108 109 107 110 110 110 112 116 114 108 94 67 35 17 16 25 41 53 61 58 58 58 58 56 54 54 56 55 54 54 54 54 56 56 58 57 57 55 52 45 38 32 19 11 5 8 16 25 40 53 57 58 57 56 54 54 55 56 56 56 57 58 58 59 60 60 58 58 59 60 61 62 61 61 61 61 61 61 61 61 61 62 64 65 66 67 67 67 67 66 66 65 64 63 61 58 56 54 59 64 65 55 37 19 8 3 13 33 57 69 67 61 60 63 60 58 57 58 61 64 65 65 61 62 63 64 64 64 64 63 64 64 64 64 64 64 63 63 62 62 60 60 60 60 59 60 62 62 62 62 62 63 62 62 62 60 55 53 53 59 66 70 63 53 41 34 28 21 16 14 15 29 54 82 105 120 129 134 128 128 128 127 124 123 124 126 125 122 127 131 126 121 107 85 44 22 22 49 79 108 127 130 132 132 130 132 132 135 137 139 138 138 138 139 138 139 139 139 139 139 139 140 140 140 140 140 141 141 140 140 139 140 141 142 142 143 143 142 141 140 138 138 140 139 131 106 72 40 19 10 26 43 53 58 64 59 53 59 59 64 58 48 40 24 10 10 19 33 49 61 63 62 61 62 62 60 59 59 59 60 62 63 63 63 63 63 62 62 62 62 61 61 61 62 63 63 61 59 54 41 26 17 12 15 27 40 56 58 60 60 58 58 59 61 66 64 63 65 66 66 66 67 61 47 29 18 16 31 56 78 102 113 117 115 112 114 115 114 112 111 111 111 110 110 110 109 110 111 112 113 114 115 116 117 118 119 120 122 122 123 122 122 119 119 120 120 121 121 122 121 121 121 121 121 121 121 121 121 121 121 121 121 121 121 121 121 122 122 121 121 120 120 119 119 119 119 120 120 120 121 121 121 120 121 121 121 122 122 123 123 123 123 123 123 123 123 123 123 125 125 125 125 125 125 125 125 125 125 125 125 125 125 125 125 125 125 125 125 125 125 125 125 125 125 124 124 123 123 123 123 124 124 123 123 122 122 122 122 120 120 120 120 120 120 120 120 120 120 119 119 119 119 118 118 124 124 123 123 123 123 123 123 123 123 123 123 122 122 122 122 122 122 122 122 122 122 122 122 122 122 121 121 120 120 119 119 121 121 121 121 121 121 121 121 122 122 122 122 122 122 122 122 122 122 122 122 122 122 122 122 0 0 0 0 0 0 0 0
0 0 0 0 0 0 0 0 104 104 104 105 105 106 106 106 106 107 108 109 109 109 109 108 111 112 112 112 111 112 112 112 110 110 109 108 108 108 107 107 107 109 109 108 113 116 111 104 89 60 29 15 19 32 46 55 60 54 54 57 58 55 53 54 58 57 56 55 55 55 56 55 57 55 56 55 54 51 46 42 30 18 8 8 11 15 28 42 50 54 58 59 57 55 55 57 56 56 57 58 58 59 60 60 57 58 59 60 61 62 61 61 61 61 61 61 61 61 61 62 65 67 67 68 68 68 67 67 66 65 65 63 61 59 57 56 58 61 61 51 35 20 10 6 20 40 64 74 68 61 60 63 60 58 57 58 61 64 65 65 61 62 63 64 64 64 64 63 64 64 64 64 64 64 63 63 62 62 60 60 60 60 59 59 62 62 62 62 61 61 60 60 62 61 57 55 52 55 60 64 62 58 52 50 46 34 17 7 1 9 29 58 86 108 124 134 126 127 128 128 125 124 125 125 124 121 127 132 126 122 109 86 46 22 21 47 76 107 127 131 133 132 131 131 133 135 137 139 138 138 138 139 138 139 139 139 139 139 139 140 140 140 140 140 142 142 141 140 140 140 141 143 142 144 143 143 142 140 140 139 141 142 133 110 75 41 19 9 22 40 50 57 63 58 53 58 59 64 57 45 37 22 9 11 20 36 53 64 64 62 61 62 64 62 60 60 60 61 62 63 64 64 64 64 63 63 63 63 62 62 61 61 61 61 61 61 58 49 38 27 17 13 19 29 50 54 58 60 59 58 60 63 67 64 65 67 67 64 64 68 68 58 41 26 16 20 41 63 89 104 113 112 111 114 115 111 111 111 111 111 110 110 109 109 110 110 111 112 113 115 115 116 117 118 119 121 121 122 122 123 119 119 120 120 121 121 122 122 120 120 120 120 120 120 120 120 120 120 120 120 120 120 120 120 121 121 120 120 119 118 118 117 118 118 118 118 119 119 120 120 120 120 121 122 122 123 124 124 123 123 123 123 123 123 123 123 124 124 124 124 124 124 124 124 124 124 124 124 124 124 124 124 125 125 125 125 125 125 125 125 125 125 125 124 124 123 123 123 124 124 124 123 123 122 122 122 120 120 120 120 120 120 120 120 120 120 119 119 119 119 118 118 123 123 122 122 122 122 122 122 122 122 122 122 122 122 122 122 121 121 121 121 121 121 121 121 122 121 121 120 119 119 118 118 120 120 120 120 120 120 120 120 121 121 121 121 121 121 121 121 121 121 121 121 121 121 121 121 0 0 0 0 0 0 0 0
0 0 0 0 0 0 0 0 104 104 104 105 105 106 106 106 106 107 108 109 109 109 109 108 112 112 112 112 112 112 111 111 110 109 108 107 107 107 106 107 108 109 109 108 113 114 108 100 81 53 24 15 24 39 51 58 59 51 51 56 59 55 53 54 58 58 58 57 57 56 55 55 56 54 55 55 56 55 54 51 43 28 16 12 11 9 18 31 41 49 57 60 57 55 55 57 56 56 57 58 58 59 60 60 57 58 59 60 61 62 61 61 61 61 61 61 61 61 61 62 66 68 68 69 69 68 67 67 65 65 65 64 63 61 59 58 59 61 58 49 36 22 12 8 23 42 63 72 66 60 60 64 59 58 56 58 61 64 66 66 61 62 63 64 64 64 64 63 64 64 64 64 64 64 63 63 61 61 60 60 60 60 59 59 62 64 62 61 60 59 57 58 60 61 60 58 55 56 58 60 63 61 60 61 59 49 30 15 5 5 14 37 63 85 104 117 118 120 125 127 126 126 125 126 124 121 128 131 126 123 110 87 47 23 20 45 75 105 126 130 134 133 132 132 133 135 137 137 138 138 138 139 138 139 139 139 139 139 139 140 140 140 140 140 141 141 141 140 140 140 141 142 143 144 144 144 142 142 141 141 142 143 136 112 77 43 19 9 20 38 49 56 62 58 53 58 59 65 57 44 35 20 9 12 21 38 55 66 65 61 60 62 65 63 61 60 60 61 62 63 64 64 64 64 63 63 63 63 62 62 61 60 59 58 59 61 60 55 48 38 23 13 13 19 43 49 56 59 57 57 60 63 66 63 64 69 68 64 63 69 73 67 54 37 21 15 29 47 70 90 106 107 108 113 114 110 112 112 111 111 111 110 110 110 109 110 110 112 113 114 115 115 117 118 119 121 121 122 123 123 119 119 120 120 121 121 122 122 119 119 119 119 119 119 119 119 119 119 119 119 119 119 119 119 121 120 120 119 118 117 116 116 116 117 117 117 118 118 118 119 120 122 122 123 124 125 126 126 125 125 125 125 125 125 125 124 123 123 123 123 123 123 123 123 124 124 124 124 124 124 124 124 126 127 127 127 127 127 127 127 127 126 126 126 125 125 125 125 126 125 125 125 124 124 124 124 121 121 121 121 121 121 121 121 120 120 119 119 119 119 118 118 122 122 121 121 121 121 121 121 121 120 120 120 120 120 120 120 120 120 120 120 120 120 120 120 121 120 120 119 118 117 116 116 118 118 118 118 118 118 118 119 120 120 120 120 120 120 120 120 120 120 120 120 120 120 120 120 0 0 0 0 0 0 0 0
0 0 0 0 0 0 0 0 103 104 103 105 104 106 105 106 105 107 107 109 108 109 108 108 111 112 111 111 111 111 110 110 109 108 106 106 105 105 104 105 106 107 107 106 111 113 106 96 75 47 19 15 27 42 54 59 57 50 48 55 58 54 51 53 59 60 59 59 58 58 57 55 56 55 55 56 58 59 58 58 52 35 21 17 12 6 12 23 34 44 55 59 57 54 53 56 56 56 56 57 57 58 59 59 58 58 59 60 61 62 61 61 61 61 61 61 61 61 61 62 67 68 69 69 69 68 67 67 65 65 65 64 63 62 61 60 62 62 57 49 36 24 14 9 23 40 60 68 64 59 61 65 59 58 56 58 61 64 66 66 61 62 63 64 64 64 64 63 64 64 64 64 64 64 63 63 62 61 60 60 60 60 59 59 63 63 62 61 59 58 55 55 58 61 63 62 58 56 57 58 62 60 59 62 63 58 39 24 15 7 7 22 43 64 83 96 110 115 122 126 126 127 126 127 125 121 127 131 127 124 111 88 48 23 20 45 74 104 127 131 134 133 132 132 133 135 136 137 138 139 138 139 138 140 139 140 139 140 139 140 140 141 140 140 141 141 140 140 140 141 141 142 143 144 144 144 143 142 142 141 143 143 136 113 78 44 20 9 18 35 48 56 62 58 53 58 59 65 56 43 33 18 8 13 22 37 56 67 65 61 60 62 65 63 62 61 60 61 62 63 64 64 64 64 64 64 63 63 64 63 62 59 57 57 58 60 61 59 54 44 28 13 10 15 38 46 53 57 57 57 60 63 63 62 64 70 68 63 62 68 75 71 61 45 24 14 21 37 57 80 99 102 106 112 113 109 111 111 111 110 110 109 109 109 108 108 109 110 112 113 114 114 116 116 118 120 120 120 122 122 118 119 119 120 120 121 121 121 119 119 119 119 119 119 119 119 119 119 119 119 119 119 119 119 120 120 119 118 117 116 116 115 116 116 116 117 117 117 118 118 121 121 121 123 123 124 124 126 123 124 123 124 123 124 123 124 122 123 122 123 122 123 122 123 123 124 123 124 123 124 123 124 125 126 125 126 125 126 126 126 126 126 126 125 125 125 124 124 125 125 125 124 124 124 123 123 120 120 120 120 120 120 120 120 120 120 119 119 119 119 118 118 122 122 121 121 121 121 120 121 120 121 120 121 120 121 120 121 120 121 120 121 120 121 120 121 121 121 119 119 117 118 116 116 118 119 118 119 118 119 118 119 119 119 119 119 119 119 119 119 119 119 119 119 119 119 119 119 0 0 0 0 0 0 0 0
0 0 0 0 0 0 0 0 103 103 104 104 103 105 104 105 102 104 104 106 105 108 106 107 110 110 110 110 109 109 108 108 104 104 103 103 102 103 102 102 109 107 104 106 110 112 104 92 77 44 14 10 26 46 58 61 55 48 45 49 57 61 56 51 57 57 57 59 60 60 61 61 59 58 57 56 56 58 59 60 54 47 36 23 12 7 7 8 19 36 51 54 52 54 55 55 54 56 59 60 57 56 55 56 57 58 59 60 61 62 62 63 61 61 61 61 61 61 61 62 65 67 67 68 68 69 69 69 67 66 65 64 63 64 65 66 63 60 56 51 42 31 19 11 18 28 42 52 56 58 61 63 61 60 60 60 61 64 66 68 68 67 65 64 63 64 64 65 64 64 64 64 63 63 62 61 62 62 61 61 60 60 60 60 60 60 60 59 59 58 58 58 60 61 61 63 62 62 62 60 55 58 61 64 64 59 51 47 30 20 13 16 21 30 53 79 89 110 125 127 123 124 126 125 124 118 122 128 130 129 114 88 48 25 20 42 73 107 130 130 137 134 132 131 133 136 136 137 138 138 138 139 138 139 139 140 139 140 139 141 140 141 141 141 141 140 140 140 140 140 141 141 144 143 142 144 147 149 146 144 142 144 137 116 82 46 21 8 16 30 47 58 59 57 56 55 56 57 54 41 25 13 12 14 25 43 59 63 61 60 61 61 68 67 64 62 61 60 61 61 65 65 65 65 65 65 64 64 61 60 59 58 58 60 61 62 63 62 58 47 32 19 11 8 29 39 51 60 62 62 61 61 61 62 63 64 65 66 66 66 74 75 68 54 37 23 18 18 34 58 86 104 105 103 105 110 111 110 109 108 109 109 109 110 109 109 110 111 113 114 114 115 114 114 115 117 118 120 120 121 118 119 120 121 120 121 121 120 118 118 118 118 118 118 118 118 118 118 118 118 118 118 118 118 117 118 119 118 116 116 116 118 116 116 117 118 119 120 121 121 118 119 121 122 123 122 121 120 120 121 121 121 121 121 122 122 118 119 118 119 118 119 118 119 118 119 118 119 119 121 121 123 122 122 122 122 121 121 121 120 124 124 124 125 126 127 127 127 123 123 121 122 120 120 118 119 117 118 117 118 116 117 116 117 118 118 118 119 118 119 119 120 118 118 118 118 118 118 117 119 120 121 120 122 121 122 121 123 123 124 123 124 123 124 123 123 118 118 118 118 118 117 117 117 119 118 118 118 117 117 116 116 116 116 116 116 116 116 116 116 116 116 116 116 116 116 116 116 0 0 0 0 0 0 0 0
0 0 0 0 0 0 0 0 100 100 100 100 101 101 102 102 103 103 104 105 104 104 104 105 109 109 108 108 107 107 106 106 103 103 103 102 103 103 102 102 104 103 103 105 110 111 101 88 67 39 14 14 32 50 59 62 55 50 46 50 57 61 57 53 57 57 58 59 59 60 61 61 60 59 58 57 57 57 58 59 58 53 44 32 19 9 3 0 17 32 46 52 53 56 57 55 52 55 57 57 56 55 56 58 58 58 59 60 60 61 61 62 61 61 61 61 61 61 61 62 65 67 67 68 68 69 69 69 67 66 65 64 63 64 65 65 63 61 58 53 45 33 21 13 15 19 28 40 53 61 65 65 65 64 62 61 61 63 66 67 66 65 64 64 64 65 66 67 65 65 65 64 63 63 62 62 62 62 61 61 60 60 60 60 60 60 60 59 59 58 58 58 60 61 61 62 62 61 61 60 57 61 64 64 60 56 55 56 52 37 20 11 8 13 38 64 83 104 123 128 126 126 126 126 125 120 122 129 129 129 115 90 50 27 20 40 70 105 127 129 135 133 131 132 134 137 137 138 137 138 139 139 139 139 140 140 141 141 141 141 142 142 143 142 141 140 140 140 140 141 141 142 144 143 142 145 147 148 146 144 142 144 137 116 83 47 21 8 18 30 48 58 60 57 56 56 57 57 53 39 23 12 10 13 25 42 58 63 60 60 61 60 66 65 64 62 61 61 62 62 65 65 65 65 65 65 65 65 62 61 60 59 59 59 60 61 63 62 59 50 36 23 14 12 26 36 49 59 62 62 61 61 62 62 63 64 64 64 64 66 74 74 68 58 40 24 12 7 26 47 76 95 104 106 107 108 105 107 106 105 105 106 106 106 104 105 106 107 108 109 109 109 110 110 111 112 114 115 116 116 113 114 114 115 114 115 115 115 113 113 113 113 113 113 113 113 114 114 114 114 114 114 114 114 114 116 115 115 111 111 110 112 110 111 111 113 113 114 114 114 119 120 122 124 125 125 125 125 127 127 127 126 126 126 126 126 122 122 121 122 121 122 121 122 122 123 122 123 122 124 124 125 127 127 127 127 126 127 126 127 125 125 124 125 125 125 124 124 125 126 125 125 124 125 123 124 119 120 119 120 119 120 119 119 115 116 115 115 114 114 114 113 116 115 115 115 116 116 115 116 116 118 118 118 119 119 119 119 120 120 120 120 120 120 120 119 118 118 117 117 116 115 114 114 116 115 115 115 115 115 115 115 114 114 114 114 114 114 114 114 116 116 116 116 116 116 116 116 0 0 0 0 0 0 0 0
0 0 0 0 0 0 0 0 101 101 101 101 102 101 101 102 104 105 105 105 105 105 105 106 109 110 109 109 108 108 107 107 106 106 106 106 105 105 104 104 102 104 106 109 115 114 101 86 58 34 15 17 38 55 61 62 56 52 49 52 57 61 59 56 57 57 58 59 59 60 61 61 61 60 59 58 57 57 57 58 61 59 55 46 34 20 7 0 11 22 34 44 51 56 56 52 50 52 54 54 53 55 58 60 59 59 59 60 60 60 60 60 61 61 61 61 61 61 61 62 65 66 67 67 67 67 68 68 66 65 64 63 62 63 63 63 62 61 59 56 49 37 25 16 15 11 13 24 42 55 60 59 63 63 62 62 62 63 64 65 63 63 63 63 63 65 66 68 64 64 64 64 64 64 63 63 62 62 61 61 60 60 60 60 60 60 59 59 59 59 58 58 60 60 61 61 61 61 60 60 59 64 66 64 58 56 60 66 66 52 32 16 4 2 19 41 65 86 109 122 126 126 127 127 127 121 125 130 127 128 117 96 53 28 20 38 66 101 124 127 134 132 130 131 134 137 138 139 137 137 137 138 138 139 139 139 141 141 141 142 142 142 143 143 141 140 140 141 140 141 142 142 144 144 143 145 147 148 146 144 144 144 138 117 85 49 22 9 20 32 48 58 59 57 55 55 58 56 52 36 21 10 10 14 27 43 57 62 60 60 61 59 64 63 63 62 62 63 63 64 65 65 65 65 65 65 65 65 63 62 61 60 59 59 59 60 62 62 61 54 42 29 19 15 19 30 43 54 60 61 61 60 62 63 64 64 64 63 63 63 71 73 71 67 52 33 13 0 15 32 58 84 105 114 113 111 113 114 113 113 113 113 114 114 110 110 111 112 112 113 114 115 115 116 116 117 118 119 121 121 118 119 119 119 119 118 118 119 118 119 118 119 118 119 118 119 118 119 118 119 118 119 118 119 117 119 119 119 116 116 116 118 115 117 116 118 117 119 119 119 117 119 120 122 124 125 125 125 123 123 122 122 121 120 120 120 117 117 116 117 116 117 116 117 117 118 117 118 117 118 118 118 121 121 121 120 120 120 120 120 126 126 125 125 125 124 123 123 118 117 118 118 119 119 119 119 119 119 119 119 120 120 120 120 123 123 122 121 120 120 118 118 119 119 120 120 121 121 121 122 121 121 121 121 121 121 121 120 121 121 121 121 121 121 121 121 121 121 120 119 118 117 117 116 117 118 118 118 118 118 118 118 118 118 118 118 118 118 118 118 120 120 120 120 120 120 120 120 0 0 0 0 0 0 0 0
0 0 0 0 0 0 0 0 101 101 101 101 102 102 103 103 103 104 104 104 105 107 107 108 111 111 111 111 110 109 108 108 108 108 107 106 107 107 106 106 106 108 110 114 119 114 99 80 55 33 15 21 38 53 58 58 58 54 52 53 57 60 60 59 57 57 58 59 59 60 61 61 62 61 60 59 58 57 57 56 57 59 61 59 51 37 21 10 4 9 18 31 44 53 53 49 49 50 52 52 52 54 58 62 60 60 60 59 59 59 59 59 61 61 61 61 61 61 61 62 67 67 67 67 67 67 67 67 65 65 64 63 63 62 62 62 62 62 61 59 54 44 32 24 19 13 8 13 26 38 44 44 55 57 61 64 66 66 65 64 64 64 64 64 64 64 65 66 64 64 64 64 64 65 64 64 61 61 60 60 59 59 59 59 59 59 59 59 59 59 59 59 59 60 61 61 61 61 60 59 60 63 63 62 60 61 63 67 61 53 43 31 15 6 10 21 39 58 84 105 117 125 130 131 132 126 128 129 124 126 120 103 56 31 20 35 61 96 121 126 130 129 127 130 133 137 137 138 136 136 137 138 138 139 140 140 142 142 142 143 143 144 144 144 141 141 140 141 141 141 142 143 143 144 144 146 146 146 145 144 145 145 138 117 86 52 24 9 21 34 48 58 59 56 55 54 58 56 48 34 16 8 11 16 29 44 57 61 60 60 60 58 61 61 62 62 63 64 65 65 64 64 64 64 64 64 64 63 64 63 62 61 60 59 59 58 59 60 61 56 47 35 24 18 11 22 35 48 57 61 62 62 62 63 63 64 63 63 62 63 67 70 73 75 67 48 21 4 8 18 41 72 102 117 119 115 120 121 121 121 122 121 120 120 115 116 116 117 118 119 119 120 118 118 118 119 120 121 121 122 120 121 121 122 121 121 121 121 122 122 122 122 122 122 122 122 121 121 121 121 121 121 121 121 118 121 121 122 120 121 122 124 121 122 121 123 122 124 123 123 127 127 127 129 129 130 129 130 126 126 124 125 122 123 121 120 119 120 119 120 119 120 119 120 120 121 121 122 120 121 119 120 119 119 118 119 118 118 117 118 117 117 118 118 117 117 117 117 119 119 119 121 122 124 124 125 128 129 128 129 129 130 129 130 125 126 125 125 125 125 124 124 122 122 122 123 124 125 125 125 126 126 125 126 125 126 125 126 124 125 124 125 124 125 124 124 122 122 121 122 120 121 120 121 121 122 122 123 122 124 123 124 122 123 122 123 122 123 122 123 123 124 123 124 123 124 123 124 0 0 0 0 0 0 0 0
0 0 0 0 0 0 0 0 106 106 106 107 107 107 107 107 107 107 107 108 110 113 115 117 117 118 117 117 116 116 115 115 113 114 113 112 112 112 111 111 112 114 115 118 121 115 96 78 57 36 20 24 39 53 58 57 58 56 54 54 56 59 61 62 57 57 58 59 59 60 61 61 62 61 61 60 59 58 57 56 53 56 61 63 59 47 31 19 4 3 7 21 37 48 51 50 49 50 52 52 51 53 57 61 59 59 59 59 59 58 58 58 61 61 61 61 61 61 61 62 67 67 67 67 67 67 67 67 65 65 64 64 63 62 61 60 62 62 63 62 59 51 41 34 24 20 15 12 13 19 26 31 43 49 57 65 70 71 69 68 66 66 66 65 64 63 62 62 63 63 63 64 63 64 64 64 60 60 60 60 59 59 59 59 59 59 59 59 59 59 59 59 59 59 60 61 61 60 59 59 61 58 57 61 64 67 64 61 56 54 50 42 29 17 12 14 19 34 56 82 103 119 130 139 137 132 131 130 123 125 121 107 59 33 20 33 57 91 119 126 126 126 126 128 131 136 136 136 136 136 137 138 138 139 140 140 142 142 143 143 144 144 144 144 141 141 141 141 141 142 142 143 143 145 146 146 145 145 144 144 146 144 137 117 87 53 25 10 22 34 48 57 58 56 55 55 58 55 45 30 13 7 12 19 32 45 56 60 59 60 60 56 59 59 60 62 63 64 65 65 63 63 63 63 63 63 63 63 64 62 62 61 60 59 58 57 57 58 58 56 49 39 28 22 6 14 26 40 52 59 62 63 60 61 62 62 63 63 61 63 63 66 71 76 72 55 29 12 7 12 29 57 88 108 111 107 108 109 110 111 111 110 110 109 105 105 105 106 107 107 108 108 106 106 106 106 107 108 108 109 106 106 105 106 105 106 106 106 107 107 107 107 107 107 107 107 108 108 108 108 108 108 108 108 106 109 108 108 105 105 104 106 104 105 105 106 105 106 106 107 107 107 105 105 104 104 103 104 103 104 102 102 100 100 99 98 97 97 96 97 96 97 96 97 97 98 98 99 97 97 94 95 91 92 91 91 90 91 90 90 88 89 90 91 92 94 93 95 97 98 98 101 102 104 104 106 107 108 107 109 109 110 109 111 108 109 109 111 112 112 114 114 113 114 114 115 116 118 118 118 121 121 121 122 122 122 123 123 122 122 122 122 122 122 122 122 116 116 117 117 118 119 119 120 121 121 121 121 121 121 121 121 120 120 120 120 120 120 120 120 120 120 120 120 120 120 120 120 0 0 0 0 0 0 0 0
0 0 0 0 0 0 0 0 108 109 108 110 109 110 110 110 111 111 110 112 113 117 118 121 121 121 120 120 119 119 119 119 117 117 117 116 116 116 115 115 114 116 116 117 118 112 95 76 54 36 22 27 43 55 59 58 57 57 56 56 55 57 61 65 57 57 57 59 59 60 61 61 60 61 61 61 60 59 58 57 53 54 57 60 59 50 36 25 14 7 5 16 30 41 48 51 51 52 54 54 52 53 55 57 58 58 58 58 58 59 59 59 61 61 61 61 61 61 61 62 67 68 67 67 67 67 66 66 64 64 64 64 63 61 60 59 62 62 63 64 63 58 51 46 32 32 28 20 12 11 16 22 31 37 47 58 66 69 70 70 67 67 67 66 64 62 60 59 61 61 62 63 62 63 63 64 59 59 59 59 58 58 58 58 58 58 59 59 59 59 60 60 59 59 60 60 60 60 59 59 60 57 55 59 66 68 62 57 61 58 53 47 39 31 24 20 15 21 34 56 80 102 122 137 138 135 137 135 125 125 120 106 62 35 21 31 54 89 118 128 126 125 126 128 132 135 135 135 135 136 136 137 139 140 140 141 142 142 142 143 143 144 144 143 142 141 141 142 141 142 143 144 143 146 147 147 145 144 144 144 146 144 135 116 88 54 25 10 22 33 47 57 58 56 56 57 57 52 42 25 10 6 14 23 34 46 56 59 59 59 58 54 59 59 60 62 64 64 64 64 62 62 62 62 62 62 62 62 61 62 62 62 61 60 59 58 57 57 57 56 52 44 34 27 8 13 22 34 47 56 61 62 58 59 60 62 63 63 62 63 61 63 67 71 67 54 35 21 15 15 22 39 61 77 81 81 80 83 83 85 85 84 82 82 79 81 80 82 81 83 81 81 82 82 83 83 82 83 83 84 79 79 78 79 79 78 78 78 80 80 80 80 80 80 80 80 84 84 84 84 84 84 84 84 85 85 84 81 77 74 73 73 74 74 74 74 74 75 75 75 69 68 66 64 62 62 61 61 61 61 60 60 59 58 58 57 55 54 54 54 54 54 54 54 54 55 55 55 54 52 50 49 48 47 47 47 47 47 47 46 50 50 51 53 56 57 58 59 56 56 58 59 61 63 64 64 68 68 69 69 70 71 71 72 80 81 82 83 85 87 89 89 94 94 95 97 97 99 100 101 104 103 104 105 106 107 108 109 108 108 108 108 108 108 108 108 104 104 104 106 105 107 106 108 108 109 107 108 106 107 106 106 104 105 104 105 104 105 104 105 104 105 104 105 104 105 104 105 0 0 0 0 0 0 0 0
0 0 0 0 0 0 0 0 90 92 91 92 92 93 92 94 94 93 92 92 92 94 96 98 99 99 99 99 98 98 98 97 96 96 96 96 94 94 93 94 95 95 94 94 95 91 77 60 39 25 19 29 46 57 60 58 56 57 57 56 54 55 60 66 57 57 57 59 59 60 61 61 59 60 61 61 61 60 59 58 55 54 55 57 58 54 44 36 27 15 6 11 21 31 40 48 53 55 57 56 53 52 53 54 56 57 57 58 58 59 60 60 61 61 61 61 61 61 61 62 67 68 67 67 66 66 65 66 63 64 64 64 62 61 58 57 61 62 62 64 64 63 58 56 48 49 43 33 20 12 11 14 17 22 29 39 48 57 62 66 64 66 65 66 64 63 60 59 58 60 59 60 61 62 62 62 60 60 59 59 59 58 58 58 58 58 58 59 59 60 60 60 58 59 59 60 60 59 59 58 60 58 57 60 65 66 62 59 62 59 55 53 52 47 37 29 23 16 17 30 51 76 102 122 134 136 144 144 131 126 117 101 64 37 21 30 52 88 119 130 127 127 128 130 134 136 135 135 135 135 136 137 139 140 141 141 141 142 142 142 143 143 143 142 142 142 141 142 142 142 143 144 143 146 148 147 144 143 143 145 145 142 134 115 87 54 26 9 21 33 47 57 57 57 57 59 55 49 39 21 8 6 16 25 36 46 55 59 59 59 58 53 59 59 61 63 64 64 64 63 62 62 62 62 62 62 62 62 60 61 62 62 62 61 60 59 58 58 58 58 55 49 40 33 13 16 21 31 42 52 57 58 56 57 59 61 63 64 64 64 59 61 61 64 61 55 45 38 26 21 18 20 27 34 39 41 46 49 50 51 51 50 48 48 47 49 48 49 48 50 49 49 49 49 49 49 49 50 50 50 47 48 47 47 47 46 46 46 46 46 46 46 46 46 46 46 50 50 50 50 50 50 50 50 51 51 51 48 44 42 41 42 42 42 42 42 42 42 42 42 46 44 42 41 39 39 39 40 37 37 36 36 36 36 36 35 37 36 36 36 36 36 36 36 35 36 36 36 35 32 30 28 27 27 27 26 26 26 26 26 21 21 23 24 25 26 27 27 31 33 34 36 37 39 40 40 44 45 45 46 47 48 48 49 49 49 50 51 53 54 54 56 59 61 62 64 65 67 68 67 70 70 72 74 76 78 79 80 79 79 79 79 79 79 79 79 77 77 76 76 75 75 74 75 74 75 73 73 71 71 69 70 67 68 67 68 67 68 67 68 68 69 68 69 68 69 68 69 0 0 0 0 0 0 0 0
0 0 0 0 0 0 0 0 62 63 62 64 63 64 64 65 64 62 60 58 57 59 59 60 62 62 62 62 61 62 61 62 62 63 62 61 61 61 60 60 63 62 60 61 63 61 49 34 22 13 12 26 46 57 58 56 55 57 57 55 52 54 60 66 57 57 57 57 59 60 60 61 58 59 60 62 62 61 60 59 57 55 54 56 60 59 54 48 35 19 7 7 13 21 32 43 55 57 59 58 55 52 51 51 55 56 56 57 58 59 60 61 61 61 61 61 61 61 61 62 66 67 67 66 66 65 65 65 63 63 64 63 62 60 57 56 61 61 61 63 65 65 63 61 64 62 55 43 28 15 8 5 7 9 13 21 31 43 52 58 62 63 64 65 64 63 62 61 57 59 58 59 60 61 61 61 60 60 59 59 59 59 58 58 58 58 58 59 59 60 60 60 58 59 59 60 60 59 59 57 60 61 61 62 62 62 63 64 56 55 56 61 65 62 47 32 29 16 6 13 30 54 83 105 130 136 149 151 137 126 114 95 64 36 22 30 51 87 120 132 129 129 130 132 136 138 136 135 134 135 136 137 139 140 141 142 141 141 141 142 142 142 143 143 142 142 142 142 142 142 143 144 143 146 148 148 144 143 143 145 145 142 133 114 87 54 26 9 20 32 47 56 58 58 59 61 54 49 36 21 7 6 17 28 37 46 55 57 58 59 58 53 59 59 61 63 64 64 63 63 62 62 62 62 62 62 62 62 59 60 61 63 63 62 61 60 60 59 58 59 58 52 44 37 19 19 22 29 40 49 54 55 55 56 58 61 63 64 65 65 56 57 57 60 61 60 57 55 34 26 15 5 2 3 8 10 17 19 21 23 23 22 20 19 20 20 20 22 22 22 22 22 19 19 19 19 19 19 19 20 21 22 21 21 20 20 20 20 20 20 20 20 20 20 20 20 19 19 19 19 19 19 19 19 17 19 20 19 18 17 18 20 18 18 18 18 18 17 17 17 17 16 15 13 13 14 15 15 15 15 15 15 15 16 16 15 21 21 21 21 21 21 21 21 19 20 21 21 19 17 13 11 8 8 9 9 8 8 8 7 8 10 10 10 10 10 11 12 11 11 12 14 15 16 17 18 16 17 17 18 19 20 21 21 24 24 24 26 26 26 26 27 25 26 27 29 31 32 33 33 35 35 37 40 42 45 46 47 47 47 47 47 47 47 47 47 45 45 42 42 39 38 36 36 35 36 34 33 31 30 28 28 26 27 26 27 26 27 26 27 28 29 28 29 28 29 28 29 0 0 0 0 0 0 0 0
0 0 0 0 0 0 0 0 37 36 36 36 34 35 34 35 35 35 33 33 31 30 29 28 29 29 29 29 29 29 29 29 27 30 29 29 27 26 27 28 25 29 30 31 33 35 27 17 1 5 13 28 43 53 58 57 55 56 56 56 54 55 57 59 56 57 57 57 59 60 60 60 60 60 60 59 59 58 58 58 56 53 50 52 55 58 59 57 39 30 14 3 1 12 27 38 51 58 64 63 55 50 51 54 57 58 60 60 60 60 62 63 61 61 61 62 62 63 63 63 65 66 66 66 66 65 64 63 63 64 64 63 62 59 57 55 57 58 60 62 64 65 66 66 67 63 58 53 46 37 26 18 11 9 9 12 18 25 30 33 35 46 59 65 64 62 62 64 63 62 60 59 57 56 55 55 58 59 58 59 59 58 58 57 58 59 59 59 59 59 59 59 58 58 58 59 59 60 60 60 59 58 58 60 61 62 61 59 58 55 53 56 61 62 59 55 44 29 13 10 16 31 54 75 101 125 144 147 141 132 115 97 66 40 13 30 42 88 113 129 131 131 132 133 135 137 137 138 135 135 136 137 139 140 141 141 142 142 142 142 142 142 142 142 142 142 142 142 142 142 143 144 145 146 146 145 142 142 142 144 144 143 135 117 88 55 26 9 15 30 47 57 61 63 61 56 51 42 29 16 5 6 20 36 43 48 57 60 59 56 56 57 60 60 61 62 62 63 64 64 63 63 63 64 64 65 65 65 66 61 58 58 62 64 63 61 58 56 54 56 57 56 52 49 28 23 20 23 28 34 45 55 56 60 62 60 61 64 64 62 60 56 53 53 57 62 63 64 49 32 14 5 3 4 9 15 23 29 35 37 34 32 32 32 32 32 32 32 32 32 32 33 32 33 33 32 32 31 30 31 32 33 33 33 33 33 32 32 32 32 31 30 30 30 31 31 32 32 32 32 32 32 32 32 31 31 31 31 31 31 31 31 34 34 34 34 34 34 34 34 33 32 32 31 31 30 30 29 31 31 31 32 32 32 33 33 37 36 36 36 36 36 36 36 40 40 39 39 38 37 37 37 35 35 35 35 35 35 35 35 34 34 34 34 34 33 33 33 34 35 35 36 36 37 37 37 41 40 38 36 35 34 35 35 35 35 36 35 34 34 33 34 32 33 34 34 34 34 34 33 33 35 38 40 39 36 33 30 34 34 34 33 33 32 32 32 33 32 31 30 29 27 26 26 25 25 24 23 22 22 21 21 24 25 27 28 29 28 27 27 27 27 27 27 27 27 27 27 0 0 0 0 0 0 0 0
0 0 0 0 0 0 0 0 22 22 21 21 19 20 19 20 19 19 18 18 16 16 15 14 15 15 14 15 15 15 15 15 13 14 15 14 13 13 13 14 11 14 16 17 20 22 16 6 4 7 15 28 44 54 58 57 55 56 56 56 55 55 57 58 56 56 57 57 59 59 60 60 60 60 60 59 59 58 58 58 57 53 51 51 54 57 58 58 46 37 22 8 1 8 21 32 48 55 62 62 55 51 51 54 57 59 61 61 60 59 61 62 61 61 61 62 62 63 63 63 64 66 66 66 66 65 64 63 63 64 64 63 62 60 58 56 57 58 60 61 63 64 64 65 67 66 65 63 60 52 41 34 18 14 9 6 8 12 16 18 23 34 46 54 55 55 57 60 62 61 60 59 57 56 54 53 58 59 59 60 59 59 58 58 59 59 59 59 59 59 59 59 58 58 58 59 59 60 60 60 59 59 59 59 59 60 61 61 57 53 51 54 60 64 63 62 55 41 25 16 13 18 32 47 76 102 126 136 137 133 120 104 68 41 13 28 39 87 113 130 130 131 131 133 134 136 137 137 135 135 136 137 139 140 141 141 142 142 142 142 142 142 142 142 142 142 142 142 142 142 143 144 145 146 146 145 142 142 142 144 144 143 135 117 88 55 26 9 15 30 47 57 62 64 61 55 48 39 26 14 6 7 21 37 44 49 56 60 58 56 56 58 60 60 61 61 62 63 64 64 63 63 63 64 64 65 65 64 64 61 59 59 62 64 63 62 60 58 56 57 58 58 56 53 36 29 23 21 23 29 40 51 57 61 63 60 60 64 65 61 60 57 53 53 56 60 63 65 52 36 19 11 9 10 15 23 29 36 43 46 44 42 42 43 47 48 48 48 48 49 49 49 46 46 47 46 46 45 45 45 47 47 47 47 47 47 47 47 48 47 47 46 46 47 48 48 47 47 47 47 47 47 47 47 46 47 47 48 49 50 50 51 50 50 50 50 50 50 50 50 48 48 48 48 48 47 47 47 49 49 50 50 50 51 51 50 55 54 54 54 54 54 54 54 52 52 53 53 54 54 55 55 54 54 54 54 54 54 54 54 54 54 55 55 54 54 54 54 53 54 54 55 55 56 56 56 58 57 55 54 53 53 54 53 49 49 49 49 49 49 49 50 46 47 47 47 48 49 49 48 42 43 44 45 42 40 35 34 30 31 30 30 29 29 28 29 31 31 31 31 31 31 31 31 30 30 30 30 29 29 29 29 30 31 32 33 34 33 33 32 33 33 33 33 33 33 33 33 0 0 0 0 0 0 0 0
0 0 0 0 0 0 0 0 24 25 24 25 23 23 22 22 20 21 20 21 20 21 20 20 20 20 19 20 20 21 20 21 18 17 19 19 19 18 18 17 16 18 20 20 23 25 18 10 8 11 18 30 45 55 60 58 55 55 56 56 54 54 56 57 56 56 57 57 59 59 60 60 60 60 59 59 59 59 58 58 58 55 52 51 53 56 58 59 54 48 34 17 5 5 14 24 44 51 58 60 57 53 53 55 57 59 61 61 60 59 60 61 61 61 61 62 62 63 63 63 64 65 65 65 65 64 63 62 63 63 63 62 61 60 58 57 57 57 58 59 60 61 62 62 63 65 68 71 70 65 57 51 39 32 22 14 10 9 9 9 12 19 28 35 40 44 49 55 59 59 60 60 59 57 54 53 58 59 59 60 59 58 58 57 59 59 59 59 59 59 59 59 58 58 58 59 59 60 60 60 58 60 60 59 57 58 60 64 57 53 51 52 58 65 67 68 64 56 42 28 16 10 13 21 45 70 98 117 127 130 123 111 73 43 12 25 36 84 112 130 130 131 131 132 133 135 136 136 135 134 135 136 138 139 140 140 141 141 141 141 141 141 141 141 142 142 141 142 142 143 143 144 145 146 146 145 142 142 142 144 144 142 135 117 88 55 26 9 16 30 47 58 63 65 61 56 44 33 20 11 7 10 24 38 45 52 57 60 58 56 56 57 60 60 60 61 62 63 63 64 63 63 63 64 64 65 65 64 64 62 60 60 62 63 62 62 62 60 59 58 60 61 61 60 49 39 27 19 16 20 33 46 58 63 65 61 60 63 64 63 62 58 54 52 54 59 63 65 57 42 27 19 15 15 22 29 40 46 54 59 59 58 59 60 65 65 66 66 66 66 66 66 63 63 63 63 62 62 62 62 61 61 62 62 62 62 62 62 63 63 62 63 63 64 65 66 65 65 65 65 65 65 65 65 66 66 66 66 66 66 66 65 64 64 64 64 64 64 64 64 63 63 64 64 64 64 65 65 64 64 64 65 65 66 66 66 67 66 66 66 66 66 66 66 68 68 68 68 68 68 69 69 68 68 68 68 69 69 69 69 70 70 71 71 71 71 72 72 71 71 71 71 72 72 72 72 71 71 70 69 69 70 71 71 67 67 67 67 68 69 68 69 63 64 64 66 66 67 67 68 63 63 62 60 57 54 51 50 50 50 50 49 49 48 48 48 44 45 45 46 48 49 49 50 49 49 49 49 50 50 50 50 49 50 51 52 52 52 51 51 53 53 53 53 53 53 53 53 0 0 0 0 0 0 0 0
0 0 0 0 0 0 0 0 44 44 44 43 43 42 42 42 38 39 39 39 40 40 41 41 41 41 40 41 41 42 41 42 40 40 40 41 42 41 38 38 37 40 39 39 40 41 34 23 12 14 22 34 48 57 60 60 55 56 56 55 52 53 54 57 56 56 57 57 58 59 59 60 59 59 59 59 59 59 59 59 60 57 54 52 53 55 58 60 60 56 45 28 11 6 11 19 36 44 52 57 57 55 54 55 57 59 61 61 60 58 59 59 61 61 61 62 62 63 63 63 64 65 65 65 65 64 63 62 63 63 63 62 62 61 60 60 58 58 58 58 59 59 60 60 59 62 65 69 70 68 64 61 60 53 43 33 25 19 14 11 12 13 15 18 23 31 39 45 52 54 57 59 60 60 58 57 58 59 59 60 59 58 58 57 59 59 59 59 59 59 59 59 58 58 58 59 59 60 60 60 58 61 62 59 55 55 60 66 62 58 54 53 56 62 65 66 65 63 56 43 29 18 14 15 25 44 69 90 108 122 123 119 76 45 11 22 31 80 110 129 131 131 130 130 132 134 135 136 135 134 135 136 138 139 140 140 141 141 141 141 141 141 141 141 141 141 141 142 142 143 144 145 145 146 146 145 142 142 142 144 144 142 135 117 88 55 26 9 17 30 46 59 64 68 63 55 38 26 14 8 6 13 28 41 48 53 58 60 58 56 56 57 59 59 60 61 62 62 63 63 63 63 63 64 64 65 65 64 63 63 62 62 63 63 63 63 64 62 60 59 59 62 64 65 59 47 31 18 11 14 28 42 57 62 65 62 59 61 63 62 64 60 56 53 54 57 62 66 59 47 34 25 18 15 20 28 36 45 54 61 61 61 63 65 70 70 71 71 71 71 71 71 70 70 69 69 69 69 69 69 66 66 66 66 66 66 66 66 66 66 66 67 68 69 71 72 74 74 74 74 74 74 74 74 76 75 73 71 69 66 65 64 66 66 66 66 66 66 66 66 65 66 66 67 67 68 68 69 68 69 69 69 70 70 70 70 68 68 68 68 68 68 68 68 74 73 72 71 69 68 67 66 65 65 65 65 66 66 66 66 67 68 68 69 69 70 70 70 72 72 72 73 73 73 73 73 71 71 71 71 72 72 73 74 74 75 73 75 76 77 77 77 73 73 74 75 75 76 77 77 76 76 73 71 68 66 65 64 60 60 60 59 59 58 58 58 61 62 63 64 65 66 67 67 64 65 65 66 67 68 68 69 67 68 68 68 68 68 68 68 69 69 69 69 69 69 69 69 0 0 0 0 0 0 0 0
0 0 0 0 0 0 0 0 57 57 57 57 55 55 54 54 52 52 53 53 54 55 55 54 54 54 55 55 55 55 56 56 56 56 55 58 59 58 54 52 51 53 53 50 50 48 38 26 13 16 24 37 50 59 61 60 54 55 55 54 51 52 53 54 56 56 57 57 58 59 59 59 58 58 58 58 58 58 58 58 60 59 56 54 53 55 57 60 61 60 54 39 22 12 13 18 26 35 45 53 56 55 55 55 55 58 61 61 60 59 58 59 61 61 61 62 62 63 63 63 64 65 65 65 65 64 63 62 63 63 63 62 62 62 62 62 61 60 59 58 58 58 59 59 59 60 61 62 63 64 65 65 66 62 56 49 42 33 24 19 21 15 8 5 9 17 26 32 41 44 49 54 58 60 61 61 58 59 58 59 60 59 59 58 58 58 58 58 58 58 58 58 57 57 57 58 58 59 59 59 58 61 61 58 54 54 59 65 67 63 58 55 55 58 59 60 61 64 63 55 43 33 25 22 15 25 40 61 85 108 121 124 77 44 9 17 27 76 108 128 131 131 129 129 130 133 134 136 135 134 135 136 138 139 140 140 141 141 141 141 141 141 141 141 141 141 141 142 142 143 144 145 145 146 146 145 142 142 142 144 144 142 135 117 88 55 26 9 18 31 47 59 67 69 63 54 34 20 8 5 8 17 32 44 50 55 59 60 57 55 56 57 59 59 60 60 61 62 63 63 63 63 63 64 64 65 65 64 63 63 64 64 63 63 63 63 64 62 61 59 58 61 64 67 64 52 35 20 10 10 24 39 53 60 64 61 58 59 60 61 64 62 57 54 54 58 62 66 60 52 40 29 18 11 13 20 23 32 43 51 52 53 55 57 64 64 65 65 65 65 65 65 64 64 64 65 65 65 65 66 63 63 63 64 64 64 64 63 62 62 62 62 63 65 66 67 69 69 69 69 69 69 69 69 70 69 67 65 63 60 59 58 60 60 60 60 60 60 60 60 60 60 60 61 62 62 63 63 66 67 67 67 68 68 68 67 66 65 65 65 65 65 65 65 66 65 65 63 62 61 60 60 60 60 60 60 60 60 61 61 63 64 64 64 64 64 64 65 67 67 67 67 66 66 66 66 65 65 66 67 68 68 69 70 70 71 70 72 71 72 72 74 71 71 72 72 73 73 73 75 71 70 68 66 65 64 64 65 65 65 65 65 64 64 64 63 64 66 66 66 66 66 66 66 65 65 66 67 68 70 70 71 71 71 70 70 70 70 70 70 70 70 70 70 70 70 70 70 0 0 0 0 0 0 0 0
0 0 0 0 0 0 0 0 61 61 60 60 60 59 59 59 57 57 58 58 59 58 59 59 58 58 59 59 59 59 60 60 62 61 61 63 66 65 61 55 55 57 58 55 52 47 34 21 11 16 25 40 53 61 62 59 54 54 54 54 51 50 51 53 56 56 56 57 58 58 59 59 57 57 58 58 58 58 59 59 61 61 61 59 56 56 58 60 61 62 60 50 35 23 18 17 17 26 38 49 54 55 54 54 52 56 60 61 61 59 59 59 61 61 61 62 62 63 63 63 64 65 65 65 65 64 63 62 63 63 62 62 62 63 64 65 64 62 60 58 57 57 58 59 60 61 61 60 59 60 63 66 66 65 64 61 57 50 41 35 34 24 12 6 7 12 16 18 28 32 37 44 50 54 57 58 58 59 58 59 60 59 59 58 58 58 58 58 58 58 58 58 57 57 57 58 58 59 59 59 59 60 60 58 56 55 58 61 67 65 62 58 56 55 54 55 58 64 64 59 53 47 38 29 17 16 19 34 61 89 111 120 76 42 6 14 23 73 105 127 132 131 129 128 128 132 133 135 135 134 135 136 138 139 140 140 141 141 141 141 141 141 141 141 140 140 141 142 142 143 145 146 145 146 146 145 142 142 142 144 144 142 135 117 88 56 26 10 19 31 47 60 69 71 63 53 30 17 4 2 10 21 36 46 52 57 60 61 56 55 56 58 58 59 59 60 61 62 62 62 63 63 63 64 64 65 65 65 62 64 66 66 64 63 64 64 64 64 63 60 59 60 63 67 65 55 40 25 13 9 21 34 47 57 64 62 58 58 59 59 63 63 60 58 57 58 61 65 61 55 47 35 19 8 7 12 17 27 39 48 50 52 53 55 58 60 60 61 60 61 60 61 58 58 58 59 59 60 60 61 61 61 62 62 61 62 62 62 59 59 59 59 60 61 62 63 62 62 62 62 62 62 62 62 60 60 60 60 60 60 59 59 58 58 58 58 58 58 58 58 56 56 56 57 57 57 57 57 58 58 58 58 59 59 59 60 62 62 62 62 62 62 62 62 59 59 59 60 61 62 62 63 64 64 64 64 64 64 64 65 66 67 67 67 66 66 66 66 67 66 66 66 65 65 65 65 64 65 66 67 68 68 68 67 64 65 65 65 65 65 66 66 68 68 68 68 66 66 66 66 64 64 63 62 62 62 63 63 67 67 67 66 66 66 65 66 63 63 62 62 61 61 60 60 62 63 63 65 65 67 67 68 69 69 67 68 66 67 67 68 65 66 65 66 65 66 65 66 0 0 0 0 0 0 0 0
0 0 0 0 0 0 0 0 63 63 62 62 62 60 60 60 59 59 59 59 60 59 59 59 59 59 60 60 60 60 61 61 63 60 60 63 67 67 62 55 53 56 58 58 54 47 32 18 7 14 25 41 55 62 61 57 54 54 54 53 51 49 50 52 56 56 56 57 58 58 59 59 57 57 57 58 58 59 59 59 61 63 65 63 60 58 58 60 62 64 64 59 46 33 21 15 9 19 33 46 53 55 54 52 50 54 59 61 61 60 60 60 61 61 61 62 62 63 63 63 64 65 65 65 65 64 63 62 64 63 62 62 63 64 65 66 66 64 62 59 58 57 58 59 58 60 62 61 59 59 62 64 66 66 66 67 66 63 57 53 49 39 27 20 19 18 15 12 16 19 23 29 37 43 46 49 58 59 59 60 60 59 59 58 58 58 58 58 58 58 58 58 57 57 57 58 58 59 59 59 60 60 59 59 58 58 57 57 60 61 62 61 58 56 54 54 60 64 64 62 62 61 51 40 29 19 10 19 40 67 89 101 72 39 4 12 21 71 103 124 132 131 129 128 128 130 133 135 134 134 135 136 138 139 140 140 141 141 141 141 141 141 141 140 140 140 140 142 142 144 145 146 145 146 146 145 142 142 142 144 144 142 135 117 88 56 26 10 19 31 47 60 70 72 64 52 31 15 2 2 12 24 38 48 54 58 60 61 56 55 56 58 58 58 59 60 61 61 62 62 63 63 63 64 64 65 65 65 62 65 67 67 65 63 64 65 65 66 66 63 60 60 63 66 66 59 47 32 17 9 15 27 41 53 62 62 58 57 58 58 62 63 64 61 59 58 60 63 62 60 55 45 27 11 6 11 17 27 39 49 51 53 54 57 57 58 58 59 59 59 59 59 57 58 58 58 59 60 61 61 60 61 61 62 61 61 62 62 60 60 59 59 59 60 60 61 60 60 60 60 60 60 60 60 59 60 60 61 62 63 63 64 63 63 63 63 63 63 63 63 60 60 59 59 59 59 58 58 56 56 57 57 58 58 58 58 61 61 60 61 60 61 60 61 59 61 61 63 64 66 66 68 68 69 68 69 68 69 69 70 71 72 71 70 69 68 67 67 69 69 69 68 68 67 67 67 66 67 68 69 70 69 68 67 66 66 65 65 65 65 63 63 66 66 65 65 64 63 62 62 64 65 65 65 64 64 63 63 57 57 56 56 56 55 55 55 62 62 62 61 61 61 60 60 63 63 64 64 65 66 66 66 69 68 66 65 65 65 66 66 65 65 65 65 65 65 65 65 0 0 0 0 0 0 0 0
0 0 0 0 0 0 0 0 61 61 59 60 58 59 58 59 58 59 58 58 58 58 57 56 58 58 58 59 59 59 59 59 60 56 56 59 63 63 57 51 48 53 56 56 53 45 30 15 3 11 24 42 56 62 60 55 54 54 54 52 49 49 51 52 56 56 56 57 58 58 58 59 57 57 57 58 58 59 59 59 62 65 67 66 62 59 59 60 62 64 66 63 53 38 22 12 5 15 30 44 52 54 53 52 48 53 58 61 61 61 61 61 61 61 61 62 62 63 63 63 64 65 65 65 65 64 63 62 64 63 62 62 63 64 66 68 68 66 63 60 58 58 58 59 55 58 62 62 60 58 60 61 63 62 63 64 66 65 62 60 60 52 42 36 33 28 19 12 8 10 14 19 26 32 37 40 58 59 59 60 60 59 59 58 58 58 58 58 58 58 58 58 57 57 57 58 58 59 59 59 61 60 58 59 61 59 58 56 53 57 61 63 61 58 55 55 61 65 64 64 68 72 63 50 41 25 10 11 29 51 70 81 71 38 3 11 21 70 102 123 132 131 128 126 127 130 133 134 134 134 135 136 137 138 139 139 140 140 141 141 141 141 140 141 140 140 141 142 142 144 145 146 145 146 146 145 142 142 142 144 144 143 135 117 88 56 26 10 18 31 47 60 70 73 63 52 30 14 1 2 12 26 39 48 54 58 61 60 57 55 56 58 58 58 59 60 60 61 62 62 63 63 63 64 64 65 65 64 62 66 68 68 65 63 64 66 67 68 68 65 62 61 63 66 68 62 51 37 20 9 12 22 36 50 62 62 59 57 58 56 62 64 65 63 60 58 60 62 63 64 62 52 33 14 9 13 12 22 34 45 48 50 50 52 56 58 57 59 58 59 58 59 60 60 60 61 61 62 63 64 60 60 60 61 60 61 61 61 62 61 60 59 59 59 60 60 61 61 61 61 61 61 61 61 62 62 62 62 62 62 62 62 66 66 66 66 66 66 66 66 63 63 61 62 60 60 59 60 62 63 63 64 64 65 64 64 64 64 64 64 64 64 64 64 65 65 66 66 67 67 67 68 67 67 67 67 67 67 68 68 71 71 69 69 66 66 65 64 70 69 68 68 67 67 66 67 65 67 67 69 68 68 65 65 69 68 68 67 67 66 65 64 69 68 67 66 63 62 61 62 63 64 64 64 63 62 60 59 64 63 63 63 62 62 62 62 59 60 60 60 61 61 61 61 61 62 62 63 62 63 63 63 65 64 62 61 60 61 62 62 62 62 62 62 62 62 62 62 0 0 0 0 0 0 0 0
0 0 0 0 0 0 0 0 59 60 59 60 59 60 59 60 58 58 58 59 58 60 59 59 57 57 57 58 57 58 58 57 58 56 55 56 58 57 52 48 50 52 55 57 55 44 29 17 8 10 29 46 51 59 62 54 52 50 49 49 49 50 51 52 57 58 58 59 60 60 60 60 60 60 60 61 61 62 62 62 63 64 64 65 63 62 60 58 60 61 63 64 60 48 30 19 8 7 14 31 46 52 54 55 44 49 55 59 60 60 60 61 61 61 59 59 59 60 61 61 62 62 62 62 62 62 62 62 60 61 61 62 62 63 63 64 64 63 62 61 59 58 57 56 62 62 62 61 60 59 58 57 55 56 57 58 60 61 63 63 57 58 57 54 47 38 28 22 15 11 6 5 10 15 20 23 41 45 52 54 54 55 57 59 63 60 57 56 57 59 61 61 58 58 58 58 58 59 60 61 61 61 61 61 60 58 56 55 52 54 56 59 59 59 57 57 62 63 62 61 62 62 64 64 45 37 26 19 22 34 48 59 55 32 10 10 31 65 100 123 127 130 129 125 123 128 133 133 131 132 132 133 134 136 138 139 138 138 138 140 139 141 141 141 140 140 141 141 141 142 143 144 145 147 146 143 138 137 139 142 146 145 138 118 88 55 29 15 20 32 48 62 70 70 56 43 23 11 2 3 14 26 40 52 55 55 55 56 56 57 58 58 58 58 57 58 58 59 59 59 61 61 62 63 63 64 65 65 66 68 67 68 68 67 68 67 65 65 64 63 63 62 61 61 63 62 56 46 33 22 18 17 32 43 56 64 64 60 58 57 60 60 60 62 62 64 65 66 65 66 65 54 36 20 12 10 9 18 31 42 46 48 50 52 55 59 59 61 62 62 60 60 60 60 60 60 60 60 60 61 60 60 59 59 59 59 58 58 61 60 59 59 59 61 63 64 64 64 64 64 64 64 64 64 63 63 63 63 63 63 63 63 63 64 64 64 65 65 65 65 65 65 63 62 63 64 65 66 65 65 65 66 66 67 67 68 67 67 67 68 68 69 69 69 66 67 68 69 68 67 66 65 63 63 64 64 65 65 66 66 69 69 68 67 65 64 63 62 66 67 67 67 68 68 68 68 66 66 66 66 66 66 66 66 66 66 66 66 66 66 65 65 72 71 70 68 66 64 62 61 64 63 62 62 63 64 66 67 64 63 63 63 63 62 62 61 60 61 61 62 62 64 65 65 65 65 65 65 65 64 64 64 63 63 62 61 61 60 59 59 62 62 62 62 62 62 62 62 0 0 0 0 0 0 0 0
0 0 0 0 0 0 0 0 60 60 60 60 60 60 60 60 58 58 58 58 59 59 60 60 58 58 58 58 58 58 57 57 58 56 55 56 58 58 55 53 47 47 50 51 49 40 25 15 9 14 32 50 52 56 61 53 51 50 50 49 49 50 52 53 58 58 59 60 60 60 59 59 60 60 60 61 61 62 62 62 62 63 64 65 64 62 61 59 59 59 60 63 62 52 37 25 11 7 11 24 38 45 49 52 46 49 54 57 58 58 59 60 61 60 59 59 59 60 61 62 62 62 62 62 62 62 62 62 61 61 62 62 62 62 63 63 63 63 62 61 60 58 58 57 61 61 61 61 60 59 57 57 55 55 56 57 58 59 60 60 59 61 63 63 60 54 48 44 31 25 19 13 11 10 11 10 20 25 32 37 41 46 53 58 60 59 58 58 58 59 58 58 57 57 58 58 59 60 61 62 58 59 60 60 59 58 56 55 53 54 56 58 59 58 57 57 60 61 60 60 61 62 63 64 61 55 47 38 29 23 21 19 37 24 11 14 33 65 101 125 133 133 129 123 122 126 129 129 131 131 131 132 133 134 135 136 137 138 138 140 139 140 142 141 140 141 141 141 141 142 143 144 143 145 145 142 136 135 137 140 144 143 136 117 86 53 27 12 18 31 47 61 68 66 54 41 23 12 3 6 16 29 42 53 55 54 55 56 56 57 57 57 58 58 58 59 58 59 59 59 61 61 62 63 63 64 65 65 67 68 68 69 69 68 68 67 65 65 65 64 62 62 61 62 61 62 61 53 41 28 18 13 21 33 48 60 64 64 62 62 58 59 59 60 61 62 64 65 63 65 64 56 41 26 14 10 2 10 21 34 44 50 53 55 55 57 59 60 60 60 60 59 58 58 58 57 57 57 57 58 60 60 60 59 59 59 58 58 59 59 58 58 58 60 60 62 62 63 62 63 62 63 62 62 59 59 59 60 60 61 61 61 60 60 61 61 61 62 62 62 63 62 60 59 59 59 60 60 61 61 61 62 62 63 63 63 63 64 64 64 65 65 65 65 63 63 64 65 65 65 64 63 64 65 64 65 65 66 66 67 69 69 67 67 65 65 63 63 66 67 67 67 68 68 68 68 67 67 67 67 67 67 67 67 64 64 64 64 64 64 64 64 72 71 70 68 66 65 63 63 61 60 59 58 59 60 61 62 59 59 59 59 59 59 59 59 60 60 60 62 63 64 66 67 66 66 66 65 65 65 65 65 64 64 64 64 64 64 65 65 63 63 63 63 63 63 63 63 0 0 0 0 0 0 0 0
0 0 0 0 0 0 0 0 59 59 59 59 59 59 59 59 57 57 57 57 58 58 59 59 59 59 59 59 58 58 58 58 58 57 55 56 57 58 58 57 51 51 52 52 50 41 28 18 9 17 39 54 52 54 58 53 53 51 50 50 50 51 52 54 58 58 59 60 60 60 59 59 60 60 60 61 61 62 62 62 61 62 63 64 63 63 62 60 60 57 58 62 64 58 45 33 17 11 10 18 29 37 44 51 49 51 55 56 56 57 58 60 60 60 59 59 59 60 61 62 62 62 62 62 62 62 62 62 63 63 62 62 62 62 61 61 62 61 61 61 60 60 59 59 60 60 60 60 59 58 57 56 55 55 55 56 56 57 57 57 57 59 62 64 63 61 58 56 48 42 34 26 20 14 10 6 7 10 15 20 26 34 43 49 51 53 56 59 59 58 56 55 56 56 57 58 59 59 60 61 58 59 59 60 60 59 58 57 55 56 57 58 58 58 56 55 58 58 58 59 59 61 63 64 64 63 57 49 37 23 11 4 16 11 8 17 36 65 100 126 135 132 126 120 120 126 128 128 130 131 130 131 132 133 134 135 138 138 138 139 140 140 141 142 140 141 141 141 141 142 143 144 142 144 143 140 135 134 136 139 142 141 133 115 84 51 24 10 16 30 47 60 66 63 51 37 21 11 4 9 20 33 46 57 55 55 55 56 56 58 57 57 59 59 59 59 59 59 59 59 61 61 62 63 63 64 65 65 67 67 68 68 68 68 67 67 65 64 64 63 62 61 61 62 56 61 65 63 51 35 20 11 13 24 41 55 63 65 64 63 58 58 58 59 60 61 62 63 62 63 61 58 49 36 20 10 0 3 12 26 42 54 60 62 61 61 62 62 63 63 62 62 61 61 61 61 61 61 61 61 64 64 64 63 63 62 61 62 63 62 62 62 62 63 64 64 65 65 65 65 65 65 65 65 62 62 62 63 64 63 64 64 62 62 62 63 63 64 64 64 66 65 64 63 62 62 62 63 64 64 65 65 65 66 66 66 66 66 66 67 67 67 68 68 67 67 66 67 67 68 69 70 71 71 70 72 71 72 71 73 74 75 73 73 71 71 69 70 71 72 72 72 73 73 73 74 72 72 72 72 72 72 72 72 70 70 70 70 70 70 70 70 76 76 75 74 72 71 70 69 67 66 65 64 64 64 65 65 64 64 64 64 64 64 64 63 64 64 65 66 66 67 67 67 67 67 67 67 67 66 66 66 66 66 67 68 69 70 70 70 68 68 68 68 68 68 68 68 0 0 0 0 0 0 0 0
0 0 0 0 0 0 0 0 58 59 58 59 58 58 58 58 55 57 56 57 57 58 57 59 58 59 58 59 57 58 57 58 59 57 54 54 54 56 56 57 55 57 57 58 55 44 28 17 5 17 41 57 52 52 57 54 54 53 51 51 52 52 53 55 58 58 59 60 60 60 59 59 60 60 60 61 61 62 62 62 60 61 62 62 63 63 63 61 61 57 55 59 64 61 49 38 25 17 11 15 23 32 43 52 53 54 56 57 56 57 59 61 59 59 58 58 59 60 61 62 62 62 62 62 62 62 62 62 64 63 63 62 62 61 61 60 61 61 61 61 61 61 61 61 59 59 60 60 59 58 57 56 57 57 57 57 57 57 57 56 56 57 58 59 59 58 57 55 55 51 47 41 36 30 25 21 14 13 12 12 15 21 28 33 36 42 49 55 57 57 57 56 57 57 58 58 58 58 58 58 59 59 60 60 60 60 60 60 58 58 59 60 59 58 57 57 56 57 57 59 60 61 64 65 65 63 58 51 41 31 23 18 10 4 6 17 38 68 101 126 132 129 123 118 121 129 133 132 130 130 129 130 131 132 132 133 137 137 138 139 139 140 141 141 140 140 140 140 141 141 142 143 142 144 144 141 135 134 136 139 141 140 133 114 84 50 24 10 15 31 49 62 66 62 48 35 18 9 5 11 23 36 48 58 56 55 56 56 56 58 58 58 59 60 60 60 59 59 59 59 61 61 62 63 63 64 65 65 66 67 68 68 68 68 67 66 64 64 63 63 62 61 60 61 54 60 66 66 57 40 24 12 14 23 37 51 61 63 61 58 58 58 58 59 60 61 61 63 63 62 61 62 59 48 30 15 6 5 9 22 42 58 65 67 68 67 67 66 66 66 66 67 67 67 67 67 66 67 67 67 68 68 67 67 65 66 65 66 68 68 68 68 68 68 68 69 69 69 69 69 69 69 69 69 68 68 68 68 67 67 66 67 65 66 65 66 66 66 67 67 69 69 69 69 69 69 70 70 70 70 70 70 70 70 70 71 71 71 71 72 72 72 73 73 73 72 72 71 73 75 77 78 77 77 77 77 77 77 78 78 79 79 78 78 77 77 76 76 77 78 77 78 78 79 78 80 77 78 77 78 77 78 77 77 76 76 76 76 76 76 76 76 77 77 76 76 75 74 74 73 74 73 73 72 71 71 71 71 70 70 71 71 71 71 71 71 68 69 69 70 69 70 70 71 72 72 72 72 71 70 70 70 70 70 70 70 71 71 72 72 73 73 73 73 73 73 73 73 0 0 0 0 0 0 0 0
0 0 0 0 0 0 0 0 60 61 60 61 60 61 60 61 59 60 60 60 60 61 60 61 62 63 62 63 62 63 62 62 63 62 59 56 54 55 57 59 56 57 59 60 55 42 24 11 1 15 41 55 51 51 57 55 54 53 52 51 51 52 53 54 58 58 58 59 60 60 59 59 59 59 59 60 60 61 61 61 60 59 60 60 61 61 61 62 62 57 54 57 60 58 50 41 32 22 13 12 17 26 39 50 54 56 58 58 57 58 60 61 58 58 57 57 58 60 61 62 61 61 61 61 61 61 61 61 63 62 62 61 61 60 60 59 59 60 60 60 60 61 61 61 58 58 59 59 59 58 57 57 59 59 58 58 58 58 57 57 58 58 58 58 57 57 57 57 59 57 56 55 53 50 47 43 26 22 16 12 10 11 13 15 22 28 38 45 50 53 56 59 60 61 61 62 61 60 59 59 58 58 58 58 58 58 59 59 60 60 61 61 60 60 59 59 58 59 59 59 60 63 64 66 72 70 63 56 47 37 31 27 13 5 1 13 37 68 102 124 127 127 124 120 122 129 133 132 130 131 130 129 130 131 133 133 137 137 138 139 139 140 141 141 140 140 140 140 141 141 142 143 143 145 145 141 136 135 137 140 142 141 134 115 85 51 25 11 15 32 51 64 66 60 46 32 14 8 5 13 26 38 49 59 56 55 56 57 57 58 58 58 61 60 60 60 60 60 59 59 61 61 62 63 63 64 65 65 65 65 67 68 68 67 65 65 64 64 63 62 61 61 60 60 55 59 64 64 58 44 28 18 17 21 31 44 56 61 60 56 59 60 60 61 60 61 61 62 63 61 61 66 67 59 40 26 14 10 8 17 35 52 61 63 64 62 61 58 58 59 60 62 62 62 62 62 62 62 61 62 64 65 63 63 62 63 62 62 64 64 64 64 64 64 63 63 63 63 63 63 63 63 63 63 61 62 61 60 59 58 56 57 56 57 56 57 57 57 58 59 61 61 62 64 65 66 66 66 64 64 63 63 63 63 63 63 63 63 63 64 64 65 65 65 65 65 64 64 65 67 69 71 70 71 70 70 69 70 69 70 70 71 69 70 69 70 69 70 70 70 71 71 71 72 72 72 71 71 71 71 71 71 71 71 71 71 71 71 71 71 71 71 67 67 67 67 66 66 66 66 69 69 69 68 68 67 66 66 66 66 66 65 65 65 64 64 62 64 65 68 69 73 74 76 76 76 76 76 75 75 75 75 73 72 72 71 71 70 70 70 73 73 73 73 73 73 73 73 0 0 0 0 0 0 0 0
0 0 0 0 0 0 0 0 65 66 65 66 65 65 65 65 63 64 63 64 64 65 64 65 66 66 66 66 66 66 65 66 66 66 63 61 56 56 58 61 59 61 61 61 56 42 24 11 4 15 40 54 50 51 58 55 54 53 52 51 51 51 53 54 57 58 58 59 60 60 59 59 59 59 59 60 60 61 61 61 61 60 60 60 59 60 60 61 60 57 55 55 56 55 50 46 38 27 16 12 13 19 31 43 53 55 58 59 58 58 59 61 57 57 56 57 58 60 61 62 61 61 61 61 61 61 61 61 62 62 61 61 61 61 60 60 60 60 60 61 61 61 61 61 59 59 60 60 60 59 59 58 60 60 60 60 60 60 60 59 57 56 55 55 56 57 60 61 63 62 62 63 64 62 60 57 35 30 23 17 14 11 9 7 14 20 27 32 37 42 50 56 60 61 63 64 65 64 63 63 56 56 55 54 54 54 55 56 60 60 60 60 60 60 61 61 59 59 59 60 61 62 64 65 68 68 68 65 59 50 41 37 24 11 2 9 30 61 94 116 123 128 129 126 123 127 129 128 131 131 131 131 130 131 132 133 136 138 138 138 140 140 141 140 139 139 139 140 140 140 141 142 143 145 145 142 136 135 137 140 143 142 135 116 85 52 26 11 14 32 53 65 66 58 43 30 13 7 6 15 29 40 50 58 57 56 56 57 57 59 58 59 61 61 61 61 60 60 59 59 61 61 62 63 63 64 65 65 65 65 67 67 67 67 65 65 63 63 63 62 61 60 60 59 57 59 61 62 57 48 35 27 18 18 23 35 51 60 62 59 59 60 60 60 60 61 61 62 64 61 61 66 70 65 49 37 21 14 6 10 23 39 49 52 52 51 48 46 44 45 47 49 47 48 47 47 47 47 47 47 53 54 53 52 52 52 51 52 50 50 50 50 50 49 48 48 48 48 48 48 48 48 48 49 47 46 45 44 43 42 41 41 42 42 43 43 43 44 44 44 46 47 48 50 51 52 52 52 48 48 47 47 47 46 46 46 45 46 46 47 46 48 47 48 47 48 47 48 48 50 50 52 52 53 52 52 51 52 50 51 50 51 50 51 51 52 51 52 52 52 53 53 54 54 54 54 54 54 54 54 54 54 54 54 54 54 54 54 54 54 54 54 49 49 49 50 50 51 51 52 54 54 55 55 55 54 53 52 53 52 51 50 49 48 47 47 48 49 53 57 61 66 70 71 70 70 70 70 69 70 69 69 68 67 66 66 64 64 63 63 65 66 65 66 65 66 65 66 0 0 0 0 0 0 0 0
0 0 0 0 0 0 0 0 63 64 63 64 63 64 63 64 62 62 62 62 62 63 62 64 63 64 63 64 63 63 63 63 61 62 62 60 56 56 58 61 60 59 57 56 51 41 26 15 11 19 40 53 50 51 57 53 52 51 50 49 50 50 52 53 57 57 58 59 59 59 59 59 59 59 59 60 60 61 61 61 62 61 61 59 58 59 59 60 57 57 57 55 54 53 53 54 48 37 24 16 12 14 24 34 49 52 56 58 58 57 58 58 57 57 56 57 58 60 61 62 61 61 61 61 61 61 61 61 60 60 61 61 61 61 62 62 61 61 61 61 61 61 60 60 59 60 61 61 61 61 60 60 60 60 60 60 61 61 61 61 59 57 55 53 54 56 59 61 64 63 63 64 67 67 65 63 48 43 37 32 30 25 19 15 16 18 20 20 22 29 40 49 52 54 57 61 64 65 65 64 59 58 56 55 54 54 55 55 57 57 57 58 58 59 60 61 60 60 60 59 60 61 62 63 62 65 66 66 64 60 55 52 40 27 12 9 17 39 70 95 115 125 133 131 127 128 130 130 133 132 133 132 132 133 134 134 137 137 138 139 139 140 141 141 139 139 139 140 140 140 141 142 142 144 144 141 136 134 136 139 143 142 134 116 85 52 25 11 12 31 53 65 64 55 40 26 14 9 9 19 32 43 51 59 57 56 57 57 57 59 59 59 62 62 62 61 61 60 60 60 61 61 62 63 63 64 65 65 64 65 66 67 66 65 65 64 63 63 61 61 60 59 59 59 59 60 61 62 60 53 42 35 20 17 17 27 43 56 61 60 60 59 59 59 59 60 59 59 62 60 59 63 68 66 54 45 28 17 6 4 12 26 37 43 47 45 40 37 35 36 38 42 40 40 39 39 39 40 40 40 44 44 44 44 44 43 43 43 40 41 42 43 42 41 39 38 38 38 38 38 38 38 38 37 37 37 37 37 38 38 38 39 39 40 41 41 41 42 42 42 43 44 45 46 46 45 44 43 41 40 40 40 39 39 38 37 35 36 36 37 36 38 37 38 37 38 38 39 38 39 38 38 40 39 39 39 38 38 37 37 36 36 37 37 38 38 39 39 38 37 37 37 38 38 39 39 39 39 39 39 39 39 39 39 38 38 38 38 38 38 38 38 37 37 38 39 40 41 42 42 45 45 47 48 48 48 47 46 46 45 43 42 39 38 36 36 36 37 40 42 45 48 50 51 52 52 51 51 50 51 50 50 51 52 51 52 50 51 50 51 51 52 51 52 51 52 51 52 0 0 0 0 0 0 0 0
0 0 0 0 0 0 0 0 59 59 59 59 59 59 59 59 58 58 57 58 58 58 59 59 59 59 59 59 59 59 58 58 55 57 58 57 54 54 56 59 54 51 47 45 40 34 23 15 16 22 41 53 50 52 56 51 52 50 49 49 49 50 51 52 57 57 57 59 59 59 59 59 59 59 59 60 60 61 61 61 63 62 61 59 58 58 58 58 55 57 58 56 53 53 56 60 57 46 32 22 15 13 21 30 45 49 54 57 57 56 56 56 56 56 56 56 58 60 61 61 61 61 60 61 60 61 60 61 58 60 59 61 60 62 61 63 61 62 61 61 60 60 59 60 59 61 60 62 61 62 60 61 58 59 59 60 59 61 60 61 66 64 60 57 56 58 60 62 62 61 61 63 66 68 67 65 62 58 53 49 46 40 32 25 21 20 18 13 12 18 31 41 41 44 49 55 59 62 63 63 63 62 60 58 57 57 58 58 55 55 55 56 57 58 59 60 59 59 58 58 58 58 60 60 68 66 64 61 60 60 61 62 53 41 24 10 7 20 48 74 106 121 133 135 131 130 133 135 134 134 133 133 132 133 134 135 137 138 138 140 139 141 141 141 139 139 139 140 140 141 142 142 141 144 143 140 135 133 136 139 143 141 133 115 84 51 25 10 10 30 52 64 63 53 37 24 15 11 11 22 35 45 53 60 57 56 57 58 57 59 59 59 62 62 62 61 61 60 60 60 61 61 62 63 63 64 65 65 64 65 66 67 66 65 65 64 63 63 61 60 60 59 59 59 59 60 62 63 63 57 47 39 24 18 14 21 37 52 58 58 58 58 58 57 57 57 57 58 61 58 57 61 66 65 57 50 31 21 9 2 7 20 33 41 49 45 41 36 35 36 39 42 42 43 42 43 43 43 43 43 41 41 40 40 39 39 40 39 40 39 40 41 40 39 37 36 36 36 36 36 36 36 36 36 39 39 40 41 43 44 45 46 46 48 48 48 49 49 49 50 50 50 51 50 49 47 45 43 43 43 43 42 42 41 41 39 37 38 37 38 38 39 39 40 37 39 40 41 40 40 37 37 36 36 36 35 35 34 34 34 32 32 33 34 34 35 36 36 32 33 32 34 33 35 34 35 34 35 34 35 34 35 34 35 32 33 32 33 32 33 32 33 36 38 38 40 40 42 42 44 47 49 50 52 52 53 51 51 49 49 47 45 42 40 37 37 33 33 33 33 31 31 31 30 34 34 33 34 33 33 32 33 36 36 37 38 38 39 39 40 41 41 41 41 41 41 41 41 0 0 0 0 0 0 0 0
0 0 0 0 0 0 0 0 46 46 45 45 45 45 45 45 47 47 46 45 45 46 45 46 45 44 45 45 45 45 44 43 45 45 44 43 40 38 35 33 32 28 28 28 24 14 9 11 12 22 45 56 50 49 55 51 53 51 50 49 49 49 51 52 54 55 55 57 56 56 57 57 57 57 57 57 57 57 58 58 58 58 58 58 58 58 58 58 55 56 56 52 48 49 55 62 61 55 42 28 16 13 17 21 35 42 50 55 56 55 55 56 56 56 55 56 57 58 59 59 59 59 58 59 58 59 58 59 59 60 59 60 59 60 59 60 60 61 60 61 60 61 60 61 59 60 59 60 59 60 59 60 60 61 60 61 60 61 60 61 60 61 59 59 58 58 56 56 57 57 58 60 61 62 63 64 60 60 62 60 56 49 43 39 34 30 23 16 11 11 16 21 22 27 34 39 42 47 54 58 61 65 69 67 60 55 54 56 55 55 54 53 54 56 59 60 61 61 60 59 59 59 60 61 62 63 64 64 64 65 65 65 68 56 40 25 11 9 25 45 80 104 127 132 129 132 136 139 135 134 135 136 137 135 133 131 140 138 137 138 140 142 142 142 138 138 138 139 139 140 141 141 142 143 142 140 136 134 136 137 141 139 132 113 83 51 24 10 14 29 50 63 61 47 29 18 5 9 15 26 38 49 55 58 57 56 57 58 58 59 59 59 62 62 62 61 61 60 60 60 62 62 62 63 63 64 65 65 67 67 67 66 66 65 65 65 62 62 62 61 60 59 60 61 59 58 59 62 64 60 50 41 26 17 13 20 31 42 51 58 55 55 56 57 58 59 57 56 57 60 62 62 60 59 59 60 45 28 13 7 8 17 38 58 64 77 72 62 64 67 65 68 69 70 70 71 73 73 72 71 73 74 75 76 77 77 76 74 75 75 74 74 73 72 71 71 70 70 70 70 70 70 70 69 68 67 68 71 75 78 79 79 80 80 80 81 81 82 82 82 81 81 82 82 81 79 77 76 75 74 73 71 70 69 69 69 71 71 71 72 72 73 73 73 71 73 74 76 75 74 72 70 67 67 66 66 66 65 65 65 63 63 63 63 63 63 62 62 60 62 61 62 62 63 62 64 64 64 61 60 58 60 59 61 60 61 60 61 60 61 60 61 64 66 67 70 72 76 77 79 80 82 82 84 83 84 83 84 78 78 75 73 70 68 65 65 62 65 64 58 47 41 40 42 43 43 42 43 42 42 41 42 42 44 47 51 53 53 52 52 52 52 53 53 54 54 54 54 0 0 0 0 0 0 0 0
0 0 0 0 0 0 0 0 40 41 39 40 39 40 39 40 40 40 39 38 38 38 38 40 42 43 42 43 43 43 43 43 42 43 41 40 37 33 30 28 23 21 22 26 21 11 5 5 8 17 41 53 49 49 56 52 53 51 50 49 48 49 51 52 54 55 56 57 57 57 57 57 57 57 57 57 57 57 58 58 58 58 58 58 58 58 58 58 54 56 55 52 48 49 55 60 62 57 47 34 22 17 17 19 29 37 46 52 52 52 54 58 57 57 56 56 57 58 59 59 59 58 58 58 58 58 58 58 59 59 59 59 59 59 59 59 60 60 60 60 60 60 60 60 59 59 59 59 59 59 59 59 60 60 60 60 60 60 60 60 60 60 59 58 58 57 56 56 53 53 54 55 57 57 58 59 61 62 64 63 60 56 52 50 42 39 34 29 24 20 17 16 12 15 20 24 28 34 41 46 52 57 62 65 63 60 58 57 57 54 52 49 49 51 53 55 58 58 58 58 58 58 58 58 62 62 62 64 65 65 65 67 74 65 50 34 17 8 16 28 61 86 112 124 126 130 131 131 136 135 137 139 140 138 134 132 138 137 137 138 140 141 142 141 138 138 138 139 140 140 141 141 142 143 142 139 136 135 136 137 140 138 131 113 83 50 24 9 14 30 51 64 60 45 27 15 7 12 20 30 41 50 55 57 57 56 57 57 57 59 59 59 62 62 62 61 61 60 60 60 62 62 62 63 63 64 65 65 66 66 65 65 64 64 64 64 62 62 61 61 60 59 60 61 59 58 58 61 64 62 54 46 32 22 16 19 27 36 45 53 51 53 55 57 58 58 58 56 58 60 61 61 59 59 61 62 58 39 21 12 11 24 52 80 102 119 120 112 115 117 113 115 119 119 119 120 121 123 121 122 124 126 127 128 128 127 126 126 128 130 130 131 129 127 122 121 117 118 117 118 117 118 117 117 117 117 118 121 125 129 130 130 131 131 131 132 133 133 134 134 132 131 132 132 131 129 127 126 124 123 121 120 118 118 117 116 121 120 121 121 122 122 122 122 123 123 125 125 124 121 119 117 117 118 116 117 115 116 115 116 113 114 113 114 113 114 114 114 113 113 113 113 114 114 114 115 115 114 112 111 110 110 111 112 112 113 112 113 112 113 112 113 116 118 118 121 122 125 126 128 130 132 132 134 133 134 133 133 129 129 126 124 119 117 114 114 104 106 104 98 88 82 80 82 81 81 81 81 81 81 80 80 83 85 88 91 93 93 93 92 91 91 91 92 92 92 93 93 0 0 0 0 0 0 0 0
0 0 0 0 0 0 0 0 40 41 39 40 39 40 39 40 39 39 37 38 37 39 37 39 39 40 40 41 42 43 43 43 42 42 40 38 34 31 28 26 21 21 24 27 22 11 1 0 5 14 37 50 47 49 55 52 51 50 49 48 48 49 50 50 55 55 56 57 57 58 57 57 58 58 58 58 58 58 59 59 58 58 58 58 58 58 58 58 53 55 55 52 49 49 53 58 63 59 52 42 31 22 17 16 18 29 42 48 48 49 54 59 57 57 57 57 58 59 59 59 58 57 57 57 57 57 57 57 58 58 58 58 58 58 58 58 59 59 59 59 59 59 59 59 58 58 58 58 58 58 58 58 59 59 59 59 59 59 59 59 59 59 58 57 57 56 55 55 52 52 53 53 54 56 56 56 61 61 62 62 62 61 60 59 52 50 47 45 41 33 22 14 8 9 10 11 14 19 25 30 41 44 50 56 61 61 58 55 58 56 53 50 50 52 55 57 56 57 58 58 59 59 59 58 61 61 62 64 65 66 67 67 74 69 60 47 29 14 10 13 30 53 82 105 117 126 131 130 133 134 137 139 140 138 134 132 136 136 136 138 139 139 140 140 138 138 138 139 140 140 141 142 143 144 141 138 135 135 136 138 140 138 131 112 82 49 23 9 15 32 53 64 59 42 22 10 8 15 25 36 45 52 55 56 56 55 56 57 57 58 58 58 61 61 61 61 60 60 60 60 62 62 63 64 63 64 65 65 64 64 63 63 62 62 61 61 62 61 60 60 59 59 60 61 59 58 58 60 62 61 56 51 40 28 19 17 20 27 38 48 47 49 54 57 58 59 58 57 58 60 60 59 58 60 63 66 64 49 33 22 19 32 67 100 132 154 163 161 166 166 162 163 167 167 168 169 169 169 169 170 177 179 179 180 180 180 179 178 177 180 181 183 180 176 171 168 166 167 166 167 166 167 166 166 167 165 166 171 175 179 180 179 178 179 179 180 180 181 181 181 180 181 182 182 181 180 178 177 174 173 171 170 169 168 168 167 172 171 172 172 172 173 173 173 175 175 176 175 174 171 168 167 167 168 167 167 166 166 165 166 163 164 164 165 165 166 166 166 166 166 166 166 167 167 167 168 167 166 165 164 164 164 165 165 164 165 164 165 164 165 164 165 169 171 171 173 173 175 175 176 179 180 180 182 181 182 181 181 180 179 176 174 169 167 164 163 166 168 166 161 154 148 147 149 147 147 147 146 146 146 146 146 146 148 150 153 153 155 153 154 152 153 152 154 153 154 154 155 0 0 0 0 0 0 0 0
0 0 0 0 0 0 0 0 74 75 74 74 74 74 73 74 74 74 73 74 73 75 74 75 73 74 74 76 77 78 79 79 78 79 77 75 73 71 69 68 66 68 70 70 60 43 25 14 8 16 37 50 47 49 55 52 51 50 48 47 48 48 49 50 55 55 57 57 58 58 57 57 58 58 58 58 58 58 59 59 58 58 58 58 58 58 58 58 53 54 54 52 50 50 52 55 61 59 56 48 38 27 17 12 8 21 38 47 49 49 54 59 58 58 58 59 59 60 60 58 59 58 58 58 58 58 58 58 58 58 58 58 58 58 58 58 59 59 59 59 59 59 59 59 58 58 58 58 58 58 58 58 58 58 58 58 58 58 58 58 58 58 58 57 57 56 56 56 54 55 55 56 56 57 58 58 58 57 57 57 58 59 60 60 59 57 57 58 57 49 36 25 22 20 17 14 13 15 18 21 30 30 33 41 50 55 54 51 53 52 53 53 54 56 57 58 57 57 59 60 61 61 60 59 60 60 61 63 65 67 68 69 65 67 66 59 44 29 17 13 14 31 54 76 96 112 121 126 130 132 135 136 136 135 134 134 134 136 138 138 138 139 140 141 138 138 139 139 140 140 141 142 144 144 141 138 134 134 136 139 140 139 131 113 83 50 24 10 17 34 54 64 56 37 18 6 7 15 28 40 49 54 55 57 55 55 55 56 56 58 57 57 61 60 60 60 60 60 60 60 62 62 63 64 63 64 65 65 65 64 63 63 62 62 62 61 61 61 60 59 59 59 59 60 60 59 57 58 59 59 56 53 45 34 22 16 14 19 31 43 43 46 53 56 58 59 59 59 60 61 60 59 58 60 64 68 62 53 42 31 25 35 70 105 144 171 186 188 193 194 191 193 192 194 195 195 194 194 195 197 202 203 204 204 204 204 203 204 201 203 204 204 203 201 198 196 199 199 199 199 199 199 199 199 196 196 197 200 205 208 209 209 206 206 206 207 207 208 209 208 209 210 211 211 211 209 207 206 205 204 202 201 199 199 198 197 203 202 202 203 203 203 204 204 205 205 205 205 204 202 201 201 199 199 199 198 198 198 197 197 196 196 196 197 198 198 199 199 199 200 199 201 200 201 201 202 200 201 200 201 200 201 201 202 200 201 200 201 200 201 200 201 203 204 203 205 204 205 204 205 206 207 207 209 208 209 207 208 207 207 204 203 200 199 197 196 190 192 192 189 184 181 181 183 182 182 182 182 181 181 181 181 180 182 184 186 187 187 187 187 188 188 189 189 189 190 190 190 0 0 0 0 0 0 0 0
0 0 0 0 0 0 0 0 116 117 116 117 116 116 115 116 116 116 115 116 116 117 118 118 118 119 119 121 122 124 124 125 125 125 124 124 123 123 122 123 123 125 125 119 103 79 50 29 16 21 40 52 48 50 55 50 51 49 48 47 46 47 49 50 54 55 56 57 57 57 58 58 57 58 58 58 58 58 58 58 57 57 57 57 57 57 58 58 54 54 55 54 52 51 52 53 57 57 56 51 43 31 18 10 2 16 35 47 50 51 54 57 59 59 59 60 61 60 60 58 59 58 58 58 58 58 58 58 58 58 58 58 58 58 58 58 59 59 59 59 59 59 59 59 58 58 58 58 58 58 58 58 58 58 58 58 58 58 58 58 58 58 57 57 57 57 56 56 56 56 56 57 58 58 59 60 57 56 56 55 55 55 56 57 61 59 59 62 65 61 52 44 44 40 33 27 23 20 18 17 19 15 15 22 35 45 48 48 46 48 51 54 56 56 55 54 56 58 58 59 59 60 59 59 59 61 62 63 65 67 68 67 59 64 67 66 58 46 33 23 18 22 32 48 65 86 107 120 126 129 133 135 134 134 136 139 135 138 141 142 140 139 141 142 138 138 139 139 140 140 141 142 143 144 141 139 135 135 136 138 141 140 132 114 84 51 25 11 18 35 54 62 52 32 14 4 5 15 29 42 50 54 56 58 55 54 54 55 55 57 56 57 59 61 61 61 60 60 60 60 62 62 63 64 64 65 66 66 66 64 64 64 63 63 63 62 60 60 59 59 59 58 58 59 61 60 57 56 55 55 53 52 49 39 26 17 11 13 26 39 39 44 52 57 57 57 58 60 60 61 61 59 58 60 64 67 62 54 41 28 18 26 62 99 144 174 192 195 199 198 196 199 198 200 202 200 198 198 200 203 202 203 204 205 204 204 203 203 206 205 205 204 205 206 207 207 209 209 209 209 209 209 209 209 206 206 206 209 213 216 218 217 215 215 217 217 218 218 218 218 218 218 219 220 220 218 217 216 213 212 210 208 207 207 206 206 209 208 208 209 209 210 210 210 209 210 210 211 211 211 210 210 209 210 210 209 209 209 208 208 207 207 208 208 209 209 209 210 209 210 210 211 210 212 211 212 212 213 213 215 214 216 215 216 215 215 215 215 215 215 215 215 216 216 216 215 215 214 214 213 213 213 214 214 214 213 212 212 212 212 212 211 211 211 211 210 216 217 218 217 216 216 217 219 218 219 218 218 217 218 217 218 221 222 223 224 224 224 225 224 227 227 227 227 228 228 228 229 0 0 0 0 0 0 0 0
0 0 0 0 0 0 0 0 161 161 161 161 161 161 161 161 160 160 159 160 160 161 163 163 161 162 162 164 164 165 165 166 167 166 166 166 166 168 169 169 168 171 170 158 136 104 65 36 22 25 42 53 49 51 55 49 50 49 47 46 46 47 49 49 53 54 55 56 56 55 57 57 56 57 57 57 57 57 57 57 57 57 57 57 57 57 58 58 55 55 56 56 55 53 52 51 54 55 54 52 46 35 22 13 3 14 30 42 49 52 54 56 59 60 61 62 62 61 60 58 59 59 59 59 59 59 59 59 58 58 58 58 58 58 58 58 59 59 59 59 59 59 59 59 58 58 58 58 58 58 58 58 57 57 57 57 57 57 57 57 57 57 57 57 57 57 57 57 56 56 56 56 57 57 58 58 60 59 59 58 57 56 56 56 60 59 59 62 66 66 63 59 59 55 49 43 37 31 24 20 13 9 6 11 22 33 39 40 44 46 51 54 56 56 55 55 57 58 56 55 56 56 57 57 60 60 61 62 64 65 66 65 58 63 67 67 64 57 45 34 17 13 13 22 40 65 94 117 119 125 132 137 137 137 137 140 133 138 142 143 141 139 141 143 138 139 139 140 140 140 141 142 142 143 142 140 137 135 136 137 141 139 132 114 84 51 24 10 20 36 54 59 47 28 12 3 7 18 33 44 51 54 55 58 54 53 54 54 54 56 56 57 59 60 60 60 60 60 60 60 62 62 63 64 64 65 66 66 65 65 64 64 63 63 63 63 59 59 59 59 58 58 58 58 60 60 58 56 54 53 52 52 50 42 32 21 11 9 20 33 36 43 52 57 56 56 58 60 60 61 61 60 58 58 61 64 65 54 38 21 6 13 47 84 122 156 178 182 184 181 177 181 182 185 186 184 179 179 183 187 189 189 190 190 190 190 190 190 192 191 190 189 190 193 196 198 193 193 193 193 193 193 193 193 193 192 193 195 198 200 200 200 202 203 203 204 205 205 205 205 202 203 204 205 205 204 202 201 196 195 193 192 191 190 190 190 191 190 190 191 191 191 192 192 192 192 192 193 194 194 195 195 197 197 197 196 196 196 195 195 195 195 195 195 195 195 195 196 196 197 196 197 197 198 197 199 199 201 201 204 204 205 204 205 204 205 204 205 204 205 204 205 203 204 202 202 201 201 199 200 196 197 197 198 197 197 195 195 194 195 195 197 197 199 198 199 195 196 197 199 200 202 203 204 202 202 202 202 201 201 201 201 204 204 204 204 204 204 204 204 205 205 205 206 206 206 207 207 0 0 0 0 0 0 0 0
0 0 0 0 0 0 0 0 196 196 196 196 196 196 196 196 198 198 198 199 199 200 201 202 200 200 200 200 200 200 200 200 200 199 199 198 199 199 201 201 201 204 202 187 161 124 78 45 24 27 42 53 49 52 55 49 50 48 46 45 46 46 48 49 52 53 54 54 55 54 55 55 55 56 56 56 56 56 56 56 57 57 57 57 57 57 58 58 56 56 57 57 57 55 53 51 53 53 52 52 48 39 27 18 10 14 23 33 43 50 54 56 60 61 62 63 63 62 60 57 59 59 59 59 59 59 59 59 58 58 58 58 58 58 58 58 59 59 59 59 59 59 59 59 58 58 58 58 58 58 58 58 57 57 57 57 57 57 57 57 57 57 57 57 57 57 57 57 57 57 57 57 57 57 58 58 62 61 62 61 60 59 58 58 58 59 60 61 63 64 64 64 63 61 58 56 52 44 35 28 21 17 12 11 15 20 22 23 32 35 39 44 49 53 57 60 63 62 59 56 56 56 58 59 59 60 60 60 62 63 63 62 58 61 63 63 63 65 56 45 26 17 11 12 21 40 71 96 104 116 130 138 139 136 133 133 131 136 142 143 140 137 139 142 138 139 139 140 140 140 141 142 140 142 143 142 138 136 135 135 139 137 130 111 81 49 22 8 21 37 53 56 43 25 11 4 13 24 38 48 52 53 54 57 53 52 53 54 54 55 55 56 58 59 59 60 59 60 60 60 62 62 63 64 64 65 66 66 63 63 63 63 62 62 61 61 59 59 59 58 58 58 57 58 58 59 59 57 56 55 56 56 53 47 38 26 13 6 14 26 34 42 51 56 56 55 58 60 59 60 61 60 58 57 58 60 61 53 40 26 8 6 30 59 93 133 162 171 175 171 167 170 169 171 172 169 165 165 170 174 179 180 181 182 183 181 181 181 182 182 182 182 183 184 185 186 182 182 182 182 182 182 182 182 181 180 179 182 184 185 185 185 187 187 188 189 190 190 190 190 188 189 190 191 191 190 189 188 185 184 182 181 179 179 178 177 179 178 179 179 179 180 180 180 183 183 183 183 183 183 184 184 185 186 186 185 185 185 184 184 185 184 184 183 182 182 181 181 181 182 182 183 183 184 183 184 183 186 187 190 190 192 190 191 192 192 192 192 192 192 192 192 191 191 191 190 189 188 188 187 184 184 185 185 184 183 182 182 182 182 182 183 184 185 186 186 193 192 194 196 197 199 199 200 200 200 200 200 200 200 199 200 198 198 198 197 197 197 198 198 199 199 199 199 200 200 200 201 0 0 0 0 0 0 0 0
0 0 0 0 0 0 0 0 183 184 183 184 183 183 183 183 191 191 191 191 192 194 195 195 198 197 197 198 198 197 197 197 195 194 191 191 191 191 192 193 193 197 195 180 152 113 65 27 22 25 40 52 49 52 56 49 50 47 46 46 46 47 48 50 51 52 52 54 53 54 54 54 54 54 54 54 54 54 54 54 56 56 57 57 57 57 57 57 57 57 57 58 58 57 52 51 52 52 51 52 48 41 30 23 14 14 17 25 36 47 54 56 59 60 62 64 63 62 60 57 59 59 59 59 59 59 59 59 58 58 58 58 58 58 58 58 59 59 59 59 59 59 59 59 58 58 58 58 58 58 58 58 57 57 57 57 57 57 57 57 57 57 57 57 57 57 57 57 59 59 59 58 59 59 60 60 61 61 61 62 61 61 58 59 58 60 61 62 61 61 62 64 62 62 63 63 62 55 45 37 34 29 22 17 13 10 8 6 12 14 18 25 34 45 54 60 71 68 63 60 58 59 62 63 59 59 60 60 60 60 61 60 56 59 58 58 63 69 65 55 51 39 24 13 8 14 37 59 91 106 126 139 139 134 128 125 130 136 142 142 138 136 137 140 139 138 139 140 140 141 141 142 140 142 143 143 140 136 134 133 136 135 128 109 79 46 20 7 22 37 52 54 42 24 10 5 19 30 42 50 52 52 54 56 53 52 53 53 54 55 56 56 59 59 59 60 60 61 61 60 62 62 63 64 64 65 66 65 62 62 62 61 60 60 60 60 59 59 59 58 58 57 57 58 56 58 59 59 58 57 59 60 54 50 42 29 14 5 10 21 34 42 52 56 55 54 56 59 59 60 61 60 57 55 56 56 52 50 47 37 18 6 16 35 81 127 162 179 186 183 179 182 175 178 178 176 172 171 176 181 183 184 185 186 186 185 184 185 189 191 191 193 192 192 190 190 190 191 190 191 190 191 190 190 188 187 185 187 189 189 188 188 187 188 189 190 190 191 190 191 193 194 195 196 196 195 194 193 194 193 191 190 189 188 188 188 189 189 188 190 189 190 190 191 196 197 194 195 193 194 193 194 192 192 191 191 191 190 190 190 191 190 189 188 187 186 185 186 186 187 187 187 188 189 189 190 188 190 192 194 196 197 196 196 198 198 197 198 197 198 197 198 196 197 196 196 194 195 193 194 190 191 191 192 190 190 188 188 188 189 188 189 189 190 189 189 189 188 188 189 190 192 192 191 196 196 196 196 196 196 196 196 195 195 194 193 193 193 193 194 197 197 197 198 198 198 199 199 0 0 0 0 0 0 0 0
0 0 0 0 0 0 0 0 177 177 178 179 180 181 181 182 182 183 185 186 187 190 195 198 198 196 195 195 194 192 191 190 188 185 184 185 190 192 191 189 187 191 194 182 151 106 61 32 21 31 42 51 50 50 50 52 49 49 48 48 47 47 47 47 49 49 49 51 51 52 52 52 52 52 52 53 53 54 54 54 55 55 55 56 56 57 57 57 57 57 56 57 56 55 53 54 50 51 50 50 45 40 34 32 23 21 11 13 32 43 46 54 56 57 59 62 63 62 58 55 61 61 61 61 61 61 61 61 59 59 59 59 59 59 59 59 58 58 58 58 58 58 58 58 58 58 58 58 58 58 58 58 58 58 58 58 58 58 58 58 59 59 59 59 59 59 59 59 59 59 59 59 59 59 59 59 58 59 58 60 59 60 59 60 59 59 59 58 58 58 57 58 60 61 62 62 59 55 51 48 46 42 35 30 27 21 14 8 8 8 9 14 23 34 45 52 63 63 63 64 64 64 62 61 66 64 62 61 59 58 57 56 58 58 60 61 61 63 64 64 63 53 40 29 17 12 20 33 63 89 116 130 133 135 132 130 135 135 136 140 144 146 144 141 142 141 140 140 139 140 141 143 141 139 138 140 144 143 136 130 133 132 127 112 80 44 22 15 26 42 49 46 39 22 9 10 14 33 51 54 52 50 52 53 53 52 52 52 54 56 59 60 59 59 58 58 60 61 63 64 66 65 65 64 63 61 61 61 60 60 59 59 59 59 59 59 58 58 58 58 58 58 58 58 58 59 59 59 59 59 60 60 58 49 41 35 24 12 8 10 29 38 50 55 54 53 54 57 60 58 57 60 61 59 54 51 48 52 54 46 26 10 14 26 71 106 155 185 185 187 185 174 178 182 183 179 172 172 177 183 186 189 192 194 194 191 188 185 191 192 194 195 196 197 197 197 194 194 193 193 193 192 192 192 190 190 189 190 188 189 187 188 191 191 191 191 191 192 191 192 194 194 194 194 194 194 194 194 193 193 193 193 193 193 193 193 190 191 192 193 193 195 195 196 197 198 198 199 197 197 195 195 194 195 194 193 192 191 190 190 188 188 188 187 186 187 187 187 190 191 191 191 192 192 192 193 196 196 196 196 196 196 196 196 199 199 198 199 198 199 198 199 196 197 196 196 194 195 193 194 194 194 191 192 191 193 194 196 191 192 190 191 190 191 189 189 189 189 190 190 191 191 193 193 194 194 195 196 197 197 198 198 200 198 194 192 190 190 191 192 197 198 199 200 200 200 199 198 0 0 0 0 0 0 0 0
0 0 0 0 0 0 0 0 175 176 176 177 178 179 180 180 180 182 183 184 185 187 191 194 192 191 191 190 189 188 188 188 189 188 186 187 188 188 187 186 185 188 191 180 150 105 61 32 24 34 45 51 51 50 49 52 50 49 49 48 48 48 47 47 49 49 49 50 51 52 52 52 51 51 51 52 52 53 53 53 54 54 54 55 55 56 56 56 56 56 56 56 56 55 54 53 50 51 51 50 47 43 38 35 29 25 12 10 27 39 44 53 55 56 57 60 61 60 57 55 62 61 61 61 61 61 61 61 59 59 59 59 59 59 59 59 58 58 58 58 58 58 58 58 58 58 58 58 58 58 58 58 58 58 58 58 58 58 58 58 59 59 59 59 59 59 59 59 59 59 59 59 59 59 59 59 58 58 58 58 58 58 58 59 58 58 58 57 58 58 57 57 59 60 60 60 58 54 51 50 49 46 42 39 38 33 27 22 15 14 13 14 18 25 32 37 45 49 54 58 59 60 60 60 64 63 62 59 57 54 52 51 54 55 57 58 60 63 64 65 64 55 46 39 29 20 20 26 44 66 92 110 122 134 140 141 142 138 136 138 142 145 145 143 146 145 144 144 143 145 146 148 147 144 142 142 144 143 137 132 136 135 129 110 79 45 24 19 30 45 49 44 36 20 8 10 16 34 52 56 52 50 52 53 53 53 52 52 54 56 58 59 60 60 60 60 60 62 64 65 64 64 63 63 61 60 60 59 59 58 57 57 58 58 57 58 58 58 58 58 58 58 58 58 58 59 59 59 59 59 60 60 58 51 44 38 28 15 9 9 26 35 47 54 54 52 54 56 58 58 58 60 62 60 55 51 50 54 56 51 35 18 16 23 52 86 139 173 180 186 187 178 176 181 182 179 175 173 177 183 185 187 190 192 193 191 187 185 188 189 191 192 193 193 192 191 192 192 191 191 190 190 190 190 190 190 190 191 192 193 194 194 194 194 194 194 194 194 194 194 187 187 187 187 187 187 187 187 188 188 188 188 188 188 188 188 187 186 187 188 188 189 189 190 192 192 192 192 191 191 189 189 191 191 190 189 189 189 189 188 191 192 191 192 192 194 195 196 194 194 194 195 195 195 196 197 197 198 198 198 198 198 198 198 198 199 198 199 198 199 198 199 196 197 196 196 195 196 195 196 196 196 194 195 194 195 194 196 196 197 196 198 197 198 198 199 198 198 199 199 200 201 202 202 202 204 204 204 205 206 207 207 202 201 198 196 195 196 197 199 194 195 196 198 198 198 197 197 0 0 0 0 0 0 0 0
0 0 0 0 0 0 0 0 177 177 178 179 179 180 181 181 180 181 182 182 183 185 188 191 188 188 188 188 188 188 187 187 189 190 189 187 184 182 182 182 179 184 186 175 146 103 60 32 27 36 47 53 51 50 49 51 50 49 49 48 48 48 47 47 49 49 49 50 51 52 52 52 51 51 51 52 52 53 53 53 54 54 54 55 55 56 56 56 55 56 56 56 56 55 54 54 52 52 53 53 51 48 44 42 37 30 12 6 20 31 38 50 52 53 55 57 57 57 56 55 61 61 61 61 61 61 61 61 60 60 60 60 60 60 60 60 59 59 59 59 59 59 59 59 59 59 59 59 59 59 59 59 59 59 59 59 59 59 59 59 60 60 60 60 60 60 60 60 60 60 60 60 60 60 60 60 59 59 59 59 59 59 59 60 58 58 58 58 58 58 59 58 59 58 57 56 55 54 53 53 53 52 51 51 50 47 44 40 28 25 21 17 15 15 17 19 24 31 40 47 49 52 55 57 60 60 60 59 57 55 52 51 52 53 54 57 58 61 62 62 63 58 55 52 45 33 21 17 23 37 58 79 101 124 140 148 147 139 131 129 134 140 143 142 140 141 140 140 141 141 142 144 147 143 139 139 140 138 134 130 134 129 119 98 66 35 17 14 37 49 48 41 31 16 5 9 20 36 53 56 53 51 52 52 54 54 53 53 54 56 57 58 60 61 60 60 61 63 64 65 63 63 61 61 60 60 59 58 58 57 58 58 57 57 57 58 58 58 58 59 58 58 58 59 58 59 59 59 59 59 59 59 59 54 48 43 33 20 11 7 20 30 42 51 54 54 55 56 55 57 60 64 65 63 58 54 53 56 59 58 46 31 21 19 32 63 115 155 171 183 187 179 175 178 180 179 177 175 178 181 192 193 196 197 196 193 190 188 187 189 191 193 194 192 189 188 190 190 190 189 189 188 188 188 182 183 184 186 188 189 191 191 191 191 191 191 191 191 191 191 190 190 190 190 190 190 190 190 192 192 192 192 192 192 192 191 189 189 189 189 189 188 188 188 190 190 191 191 191 190 189 188 189 190 190 191 189 190 189 190 181 181 181 184 186 188 190 192 191 190 190 191 191 192 193 193 193 193 193 193 193 193 193 193 193 193 193 193 193 193 193 193 189 190 190 190 190 190 191 191 190 190 190 190 189 188 187 187 186 186 187 188 190 191 192 192 192 192 192 193 192 192 192 192 193 193 193 195 196 196 196 197 193 192 190 190 190 191 192 193 195 195 197 198 199 201 200 201 0 0 0 0 0 0 0 0
0 0 0 0 0 0 0 0 179 179 180 180 181 181 182 182 182 183 184 183 183 184 187 190 187 187 187 188 189 189 190 190 190 192 192 188 182 178 177 178 176 178 180 169 140 99 57 30 26 35 46 52 51 50 49 51 50 49 48 48 48 48 47 47 49 49 49 50 50 52 52 52 51 51 51 52 52 53 53 53 54 54 54 55 55 56 56 56 55 56 56 57 57 56 55 55 53 54 55 55 55 53 51 49 45 36 14 2 12 21 29 42 49 51 54 55 55 55 56 57 60 60 60 60 60 60 60 60 59 59 59 59 59 59 59 59 59 59 59 59 59 59 59 59 59 59 59 59 59 59 59 59 59 59 59 59 59 59 59 59 60 60 60 60 60 60 60 60 60 60 60 60 60 60 60 60 60 60 60 60 60 60 60 61 59 59 58 58 59 58 59 59 58 57 55 54 53 53 54 55 56 57 58 59 59 56 54 52 42 39 33 26 20 15 12 11 13 19 26 31 34 38 44 49 51 53 57 59 61 61 59 59 55 56 57 57 59 60 60 61 62 61 62 64 60 45 27 14 12 17 30 50 77 107 130 143 146 138 127 124 127 134 137 138 135 135 136 137 137 138 139 140 146 142 138 138 138 138 136 135 132 124 108 85 52 24 11 11 43 52 47 35 25 12 3 9 22 37 53 56 54 54 54 54 56 56 55 56 56 57 58 59 61 61 60 61 63 64 63 64 62 62 61 61 61 60 59 58 58 58 58 58 57 57 57 58 58 58 58 58 58 58 58 59 59 60 59 59 59 59 58 58 58 55 52 46 38 25 13 6 15 23 35 46 52 55 55 54 53 56 62 66 67 65 60 58 55 58 61 63 56 42 26 16 20 44 92 135 159 176 185 179 174 176 178 179 178 178 178 179 193 195 196 197 196 194 191 190 187 190 192 196 194 193 188 187 187 188 187 187 186 186 185 185 188 188 188 189 190 191 191 191 194 194 194 194 194 194 194 194 190 190 190 190 190 190 190 190 190 190 190 190 190 190 190 189 191 190 190 190 189 189 188 188 189 189 190 190 190 190 189 188 186 188 188 188 188 189 189 190 183 183 184 186 187 190 191 193 194 194 193 194 194 195 194 196 195 197 196 197 196 197 196 196 196 196 195 196 195 196 195 196 192 193 193 194 194 195 195 196 192 194 193 194 192 191 188 188 184 186 186 189 189 192 192 194 197 196 196 195 192 191 191 191 191 191 192 193 193 194 194 194 196 196 195 195 195 197 197 199 198 199 199 200 201 203 202 204 0 0 0 0 0 0 0 0
0 0 0 0 0 0 0 0 179 179 179 179 180 180 180 180 183 183 184 183 181 183 186 188 187 188 189 190 191 192 193 193 191 193 194 190 184 179 178 178 174 177 178 165 136 94 54 28 22 32 44 51 50 50 50 51 49 49 48 48 48 48 47 47 49 49 49 50 50 52 52 52 51 51 51 52 52 53 53 53 54 54 54 55 55 56 56 56 55 56 56 57 57 57 56 56 54 54 56 57 57 56 56 55 50 41 17 2 7 12 19 31 43 47 52 54 54 55 56 58 60 60 60 60 60 60 60 60 59 59 59 59 59 59 59 59 59 59 59 59 59 59 59 59 59 59 59 59 59 59 59 59 59 59 59 59 59 59 59 59 60 60 60 60 60 60 60 60 60 60 60 60 60 60 60 60 60 60 60 60 60 60 60 61 60 60 60 59 59 59 59 59 58 57 55 53 54 54 56 57 57 59 60 61 59 57 55 54 54 51 46 40 32 26 21 18 12 15 16 15 16 21 28 34 40 43 50 57 63 66 68 68 61 61 60 60 60 60 60 60 61 63 65 69 67 56 37 21 14 12 15 30 54 84 109 126 138 133 127 125 127 131 135 135 138 139 140 141 141 142 143 143 147 145 142 142 142 144 145 146 139 127 107 79 46 21 15 17 48 53 44 28 18 7 3 12 23 38 52 57 56 57 59 58 59 59 59 59 59 59 59 60 59 61 62 63 63 64 64 64 64 63 62 62 61 61 61 60 60 60 60 61 60 60 60 60 59 59 58 58 58 58 58 59 59 60 60 59 59 58 58 58 56 56 54 49 42 31 17 6 11 17 27 39 49 54 54 53 51 55 61 66 68 65 62 60 55 59 62 64 62 50 31 16 14 28 67 112 144 171 186 185 176 176 176 179 180 181 181 179 184 186 189 191 192 191 190 190 188 192 194 197 196 194 190 188 189 190 188 189 188 188 187 188 188 188 187 186 185 184 183 182 185 185 185 185 185 185 185 185 183 183 183 183 183 183 183 183 181 181 181 181 181 181 181 181 189 188 187 187 186 185 185 185 186 186 186 187 187 187 186 187 185 185 185 185 186 187 187 187 184 184 184 185 184 186 187 188 185 185 185 186 185 187 186 188 189 190 189 190 189 190 189 190 190 190 189 190 189 190 189 190 189 190 189 191 190 192 192 193 190 191 191 192 190 189 186 185 187 189 189 191 192 194 194 195 198 198 198 198 196 196 196 197 196 197 197 198 196 197 197 197 201 201 200 201 201 202 203 203 203 203 203 204 203 204 203 204 0 0 0 0 0 0 0 0
0 0 0 0 0 0 0 0 178 179 178 179 178 179 178 178 179 180 180 180 179 181 183 187 187 187 187 189 190 192 192 193 193 194 195 193 188 186 182 182 177 179 177 163 135 93 51 26 19 30 43 50 50 49 50 52 49 49 48 48 48 47 47 47 49 49 49 50 50 51 52 52 51 51 51 52 52 53 53 53 54 54 54 55 55 56 56 56 55 56 56 57 58 57 57 57 54 55 56 57 58 58 58 58 55 47 24 7 7 8 10 20 34 40 48 53 53 54 56 58 59 59 59 59 59 59 59 59 58 58 58 58 58 58 58 58 59 59 59 59 59 59 59 59 59 59 59 59 59 59 59 59 59 59 59 59 59 59 59 59 60 60 60 60 60 60 60 60 60 60 60 60 60 60 60 60 61 61 61 61 61 61 61 61 61 60 60 60 59 60 60 60 59 58 56 54 55 55 56 56 57 58 59 58 56 54 54 55 61 60 58 54 48 42 37 33 24 20 13 8 7 10 15 18 27 31 39 47 55 62 67 69 61 60 60 60 60 60 60 60 59 62 65 66 68 64 50 36 25 17 11 19 35 57 81 98 119 124 129 132 133 134 134 137 138 139 140 142 144 143 144 144 141 141 141 141 142 144 145 146 142 127 102 70 38 18 15 24 51 54 41 23 13 5 4 17 27 40 53 57 57 59 60 59 60 60 61 61 61 60 59 60 58 60 60 62 64 64 63 62 63 63 62 62 62 61 62 61 61 61 61 61 60 60 60 60 59 59 59 58 58 58 58 59 60 61 60 59 59 58 57 57 57 58 57 52 46 37 23 10 10 13 20 32 45 52 54 52 51 56 61 65 66 64 62 62 58 60 62 63 63 56 38 22 10 14 44 89 127 162 186 190 181 178 176 177 181 182 181 179 181 184 187 190 191 193 192 193 194 196 199 201 201 199 197 195 198 198 197 197 196 196 196 196 193 193 191 191 188 188 185 186 186 187 186 187 186 187 186 187 189 190 189 190 189 190 189 190 186 187 186 187 186 187 186 186 191 190 189 189 188 188 187 188 187 188 188 190 189 190 188 189 190 190 190 190 190 191 191 190 187 187 186 186 185 186 186 186 186 186 186 186 187 187 187 189 189 190 189 190 189 190 190 190 191 191 190 191 190 191 190 191 193 194 193 194 193 195 194 195 194 196 195 196 194 194 192 192 195 196 196 197 197 199 198 198 200 200 201 202 203 205 205 206 205 205 205 206 205 205 205 205 203 204 203 203 202 202 201 201 204 203 201 200 197 197 196 197 0 0 0 0 0 0 0 0
0 0 0 0 0 0 0 0 180 182 180 181 180 181 180 181 179 181 180 181 180 183 184 188 188 189 189 191 192 193 192 194 194 195 194 196 195 194 190 187 184 184 181 166 135 93 53 27 23 33 44 51 51 50 50 51 49 49 48 48 48 47 47 47 49 49 49 50 50 51 52 52 51 51 51 52 52 53 53 53 54 54 54 55 55 56 56 56 55 56 57 57 58 58 58 57 54 54 55 56 57 58 58 58 58 53 32 15 12 7 4 12 24 33 44 50 52 52 54 56 59 59 59 59 59 59 59 59 59 59 59 59 59 59 59 59 60 60 60 60 60 60 60 60 60 60 60 60 60 60 60 60 60 60 60 60 60 60 60 60 61 61 61 61 61 61 61 61 61 61 61 61 61 61 61 61 62 62 62 62 62 62 62 62 61 61 60 60 60 59 59 60 60 59 59 57 56 56 56 56 55 57 57 55 52 52 54 57 63 65 65 64 60 55 50 47 42 33 22 15 14 13 12 10 17 20 26 34 41 49 54 57 54 55 54 56 57 57 58 59 58 61 62 61 64 68 64 56 44 32 19 17 20 29 48 64 92 107 126 138 138 136 136 137 133 135 137 139 140 141 140 140 137 139 139 139 138 140 140 142 139 121 93 60 30 12 14 24 52 53 38 18 9 3 7 22 33 46 56 59 59 59 59 56 60 60 61 61 61 59 58 57 57 59 61 63 64 63 62 61 62 62 62 62 62 62 61 61 61 61 61 61 60 60 60 60 59 59 59 59 59 59 59 60 61 61 60 59 60 59 58 58 61 62 60 55 51 44 30 15 10 10 15 26 41 50 54 52 52 57 62 64 63 61 61 62 61 62 63 62 63 59 46 31 13 7 26 66 108 150 180 189 185 180 176 176 182 184 182 179 190 191 191 193 192 192 190 191 188 189 191 193 194 193 192 192 192 192 192 191 191 191 190 190 197 198 197 198 197 199 198 199 198 199 198 199 198 199 198 199 193 194 193 194 193 194 193 194 193 194 193 194 193 194 193 193 192 192 190 191 190 191 190 190 190 190 190 192 192 193 191 192 194 193 193 192 192 192 192 191 197 198 197 197 195 196 197 197 198 198 198 199 199 199 200 201 200 201 200 201 200 201 201 201 201 201 200 201 200 201 200 201 206 207 206 207 205 206 205 206 205 205 203 204 203 204 203 205 204 205 203 204 202 202 201 201 201 201 202 202 201 203 202 203 204 204 204 205 203 204 203 203 200 200 198 198 195 194 191 191 182 180 176 172 169 168 166 166 0 0 0 0 0 0 0 0
0 0 0 0 0 0 0 0 186 187 186 186 185 185 185 185 180 182 182 183 183 186 188 191 191 192 192 194 194 196 194 196 195 195 194 197 200 199 195 190 189 190 185 169 137 95 53 27 26 36 47 52 51 50 49 50 49 48 48 48 47 47 47 47 49 49 49 50 50 51 51 52 51 51 51 52 52 53 53 53 54 54 54 55 55 56 56 56 55 55 57 58 58 58 58 58 54 54 55 56 56 57 58 58 61 57 38 21 16 8 2 7 18 28 41 48 50 50 52 54 59 59 59 59 59 59 59 59 59 59 59 59 59 59 59 59 60 60 60 60 60 60 60 60 60 60 60 60 60 60 60 60 60 60 60 60 60 60 60 60 61 61 61 61 61 61 61 61 61 61 61 61 61 61 61 61 62 62 62 62 62 62 62 62 61 61 61 60 60 59 60 60 60 60 60 59 58 56 55 55 54 55 55 53 51 51 56 60 64 65 68 69 67 63 58 55 57 46 33 25 24 22 16 10 11 13 18 23 30 36 42 45 49 50 51 53 55 57 59 60 58 61 60 57 61 70 73 69 62 46 29 19 11 11 23 38 70 94 121 139 140 136 135 136 133 134 137 139 141 140 140 140 140 141 143 142 141 141 142 142 140 121 91 57 26 11 16 27 53 54 36 15 7 2 9 25 38 49 59 60 59 59 57 54 59 59 60 60 59 58 57 56 57 59 61 63 64 64 63 61 61 62 61 61 61 62 61 61 61 60 60 60 60 60 59 59 60 59 59 59 59 59 59 59 60 61 60 59 60 59 58 58 63 65 62 57 54 49 35 20 11 9 12 23 38 49 52 52 53 57 62 63 61 60 60 62 63 65 63 61 62 61 50 37 19 5 17 53 95 137 171 182 188 183 176 175 181 184 183 179 198 198 195 193 188 183 179 178 171 173 174 176 176 178 177 178 174 175 173 174 173 173 172 172 169 170 171 174 175 179 180 182 182 183 182 183 182 183 182 183 185 186 185 186 185 186 185 186 188 189 188 189 188 189 188 188 187 187 187 187 187 187 187 187 186 186 187 189 189 189 189 189 188 188 187 187 186 185 185 185 183 182 182 182 182 183 183 184 181 181 181 181 182 182 183 184 183 183 183 183 183 183 183 183 180 180 179 180 179 180 179 180 188 189 188 188 186 187 185 186 182 182 179 180 179 181 182 184 182 182 180 180 178 177 175 176 176 176 173 172 169 168 165 165 170 170 169 170 169 169 168 169 168 167 166 164 161 159 156 155 149 146 142 137 132 130 129 128 0 0 0 0 0 0 0 0
0 0 0 0 0 0 0 0 198 199 198 198 197 196 196 196 194 194 192 192 190 192 192 193 194 195 194 195 193 194 193 194 192 192 190 192 192 193 190 188 183 180 176 164 136 94 57 38 31 42 51 50 48 50 50 49 47 46 46 47 46 47 47 47 48 49 49 50 50 51 51 51 52 51 51 51 51 52 53 54 54 54 54 55 55 56 56 56 56 56 56 57 57 58 58 58 57 56 56 55 55 56 56 57 60 54 45 33 22 13 6 2 10 19 32 45 52 55 56 55 57 57 58 58 58 59 59 59 59 59 59 60 60 61 61 61 60 60 60 60 60 60 60 60 62 62 62 61 61 60 60 60 59 59 59 59 59 59 59 59 61 61 61 61 61 61 61 61 62 62 62 62 62 62 62 62 62 62 62 62 62 62 62 62 62 62 61 60 59 60 59 58 56 56 57 57 57 57 57 58 54 54 55 56 56 57 58 58 62 62 62 63 63 63 63 63 62 61 59 54 46 36 27 21 16 9 7 9 11 13 19 27 40 53 46 52 58 64 74 63 65 68 69 66 65 70 76 77 75 60 44 32 18 5 5 15 42 79 107 123 137 139 132 130 133 135 136 138 138 141 144 147 142 145 161 161 138 138 147 137 140 124 81 43 27 9 6 31 57 48 32 15 5 8 23 35 48 56 61 60 61 64 62 54 59 62 64 65 63 61 60 61 65 61 66 70 64 65 69 65 71 68 63 61 61 62 62 61 62 62 62 62 61 60 58 58 61 61 62 59 56 56 59 64 60 61 61 60 59 58 57 56 60 63 65 62 57 51 40 28 18 8 5 17 33 44 49 52 56 56 56 56 57 58 59 60 64 64 59 55 57 59 53 46 26 15 11 30 71 118 156 177 185 182 179 175 178 182 185 185 198 197 191 185 176 166 156 150 145 143 137 134 132 135 136 138 135 135 134 134 133 133 132 132 132 131 131 137 144 150 150 150 149 150 149 150 149 150 149 150 151 154 157 162 162 163 160 159 164 165 165 167 167 169 169 170 173 175 176 178 178 177 175 175 177 176 175 175 174 172 170 168 171 167 163 161 161 160 158 157 158 160 160 158 151 147 146 146 146 147 147 147 148 148 148 149 152 150 148 145 144 143 143 144 143 143 142 143 142 143 142 143 146 147 146 147 146 147 146 147 146 143 140 142 142 141 138 138 137 139 137 135 133 133 129 126 129 127 122 118 114 111 110 111 109 110 110 111 111 111 111 112 107 110 114 114 112 109 107 106 100 99 96 93 90 87 84 83 0 0 0 0 0 0 0 0
0 0 0 0 0 0 0 0 177 178 177 177 175 175 174 174 173 175 174 174 172 171 168 167 166 166 164 165 163 163 162 163 165 163 161 161 159 159 155 152 148 147 146 136 111 74 42 24 33 43 51 51 49 50 49 49 47 46 46 47 46 47 47 47 48 48 49 50 50 51 51 51 52 51 51 51 51 52 53 54 54 54 54 55 55 56 56 56 56 56 56 57 57 58 58 58 57 56 56 55 55 56 56 57 62 57 49 39 29 19 11 6 7 15 27 40 48 52 54 54 57 57 57 58 58 58 59 59 59 59 59 60 60 60 61 61 60 60 60 60 60 60 60 60 62 62 62 61 61 60 60 60 59 59 59 59 59 59 59 59 61 61 61 61 61 61 61 61 62 62 62 62 62 62 62 62 62 62 62 62 62 62 62 62 63 62 62 61 61 60 59 59 58 57 57 57 57 57 57 57 55 55 55 55 56 56 56 56 59 59 59 59 60 60 60 60 64 64 62 59 54 48 42 38 28 21 16 15 14 10 12 18 31 49 48 55 58 62 76 70 72 71 69 66 63 61 61 63 68 64 60 51 36 20 13 13 31 60 83 104 128 140 140 141 140 142 145 147 147 147 146 147 153 155 165 163 145 140 144 139 129 122 87 51 33 20 22 44 54 45 28 12 5 13 29 44 55 61 61 60 60 64 63 60 68 70 68 66 62 60 60 62 64 62 69 72 63 63 70 68 63 63 64 66 69 69 66 63 62 62 63 64 65 65 63 63 59 60 62 60 58 56 58 61 59 61 61 60 59 58 57 56 59 63 65 62 58 53 43 31 23 12 7 15 29 39 45 49 55 56 55 55 55 57 58 59 66 65 59 55 57 59 57 51 36 21 12 25 59 101 140 163 178 179 178 178 181 185 184 181 185 177 164 150 139 131 126 124 116 113 109 107 105 106 105 105 103 104 102 102 100 100 99 99 98 97 97 101 103 107 106 107 104 105 104 105 104 105 104 105 102 105 108 113 115 117 116 117 119 121 120 122 122 123 123 124 140 141 142 143 144 143 142 142 140 140 139 139 136 134 131 130 132 129 126 124 124 124 122 121 119 121 119 114 106 100 98 98 106 107 107 108 107 109 108 109 111 110 108 107 105 106 105 105 103 103 103 103 103 103 103 103 105 105 105 105 105 105 105 105 106 103 101 102 102 99 94 91 87 88 87 86 86 87 87 87 87 85 83 81 79 79 78 78 76 77 77 78 77 78 79 80 82 87 90 93 91 91 90 90 89 90 88 88 85 85 84 84 0 0 0 0 0 0 0 0
0 0 0 0 0 0 0 0 154 155 153 152 151 151 149 150 147 149 149 150 147 144 139 136 134 134 133 132 131 130 129 129 129 128 125 125 123 120 117 113 115 115 118 114 95 66 40 27 33 44 53 52 50 51 51 49 48 47 47 47 47 47 47 46 48 48 48 50 50 51 51 51 53 52 52 52 52 53 54 55 55 55 55 56 56 57 57 57 57 57 58 58 58 58 59 59 58 57 57 56 56 57 57 58 61 58 52 46 38 28 17 10 7 13 24 36 45 52 55 56 57 57 58 58 58 59 59 59 60 60 60 60 61 61 61 62 61 61 61 61 61 61 61 61 62 62 62 62 61 61 61 61 60 60 60 60 60 60 60 60 62 62 62 62 62 62 62 62 63 63 63 63 63 63 63 63 64 64 64 64 64 64 64 64 63 63 63 62 62 61 60 60 58 58 58 58 57 56 57 57 56 55 55 55 55 54 54 54 56 56 56 56 56 56 57 57 63 63 62 61 60 58 56 55 44 38 32 27 21 13 9 11 29 47 48 58 59 59 75 75 76 70 66 69 63 55 52 55 58 68 75 67 51 35 21 14 21 37 52 76 112 134 140 144 148 148 147 147 146 144 143 143 148 151 156 151 138 126 122 123 115 112 83 48 30 26 36 56 55 42 24 10 7 20 39 54 66 68 65 62 59 63 63 61 66 68 69 69 64 61 59 60 61 60 68 67 54 54 62 61 61 61 64 66 68 68 66 63 59 61 63 65 65 66 64 64 61 62 63 62 61 59 59 60 59 60 60 60 59 58 57 56 59 62 63 61 59 56 47 37 24 14 7 13 25 35 45 51 57 56 54 53 53 54 57 59 68 65 59 53 54 60 61 57 46 29 15 19 44 82 122 151 172 176 179 180 184 187 182 175 171 159 139 123 112 105 102 101 91 90 88 89 88 87 83 81 81 81 79 79 76 76 74 73 72 72 72 72 69 68 68 70 66 67 66 67 66 67 66 67 72 74 74 77 78 81 81 83 82 83 82 83 82 83 82 83 104 105 106 107 107 107 106 106 97 99 97 96 93 93 95 97 94 93 92 91 90 90 88 88 85 86 84 79 74 69 67 67 57 58 57 59 58 60 59 60 61 61 60 60 58 59 59 59 55 55 55 55 55 55 55 55 57 57 57 57 57 57 57 57 57 56 55 55 54 50 41 34 44 44 45 45 46 48 51 54 54 54 56 57 57 58 58 57 57 58 59 60 60 61 62 62 64 69 73 78 78 79 80 81 87 87 88 91 91 93 93 95 0 0 0 0 0 0 0 0
0 0 0 0 0 0 0 0 106 105 105 104 103 102 101 100 95 96 97 96 94 92 88 86 83 83 82 81 80 79 78 77 73 71 70 70 70 69 66 64 71 74 81 81 68 44 25 16 30 41 51 53 51 51 52 50 48 48 48 48 47 47 46 46 48 48 48 49 50 51 51 51 53 52 52 52 52 53 54 55 55 55 55 56 56 57 57 57 58 58 58 58 58 58 58 58 58 57 57 56 56 57 57 58 58 56 53 49 44 34 21 13 8 12 20 31 43 52 57 59 56 57 57 57 58 58 58 58 59 59 60 60 60 61 61 61 61 61 61 61 61 61 61 61 62 61 61 61 61 61 61 61 61 61 61 61 61 61 61 61 62 62 62 62 62 62 62 62 62 62 62 62 62 62 62 62 64 64 64 64 64 64 64 64 63 62 63 63 62 62 61 61 59 59 59 58 57 56 57 56 56 56 56 55 54 53 53 52 54 54 54 54 54 54 55 55 56 57 57 57 58 60 61 62 56 53 48 42 33 24 18 17 14 23 19 30 36 33 48 50 54 45 40 44 43 33 29 33 49 67 80 74 63 51 37 23 19 23 28 53 94 118 125 133 146 144 140 132 126 122 121 123 118 125 128 123 108 93 88 94 95 92 69 36 18 24 43 59 58 43 21 8 11 26 45 59 71 70 68 64 62 62 62 61 61 65 70 70 67 62 56 54 55 54 60 57 45 47 53 48 57 58 61 61 61 61 62 63 59 60 62 65 65 65 63 61 64 64 63 63 61 61 61 63 60 60 60 60 60 59 58 57 59 62 63 60 60 59 52 43 25 14 7 10 20 31 44 54 57 55 53 51 51 53 55 57 67 64 57 51 52 59 63 62 52 35 19 18 33 63 106 141 166 174 180 181 184 187 181 172 157 146 129 115 106 103 102 102 113 113 114 117 119 117 112 107 109 109 107 105 104 102 100 100 98 100 100 97 92 89 90 92 89 89 89 89 89 89 89 89 88 87 85 83 82 81 82 82 79 79 78 78 77 77 76 76 83 82 83 83 84 84 84 84 77 76 73 68 65 69 78 87 81 83 85 84 82 81 80 83 80 82 82 82 81 82 83 83 90 92 91 92 92 93 92 94 94 95 94 95 94 95 95 95 91 91 91 91 91 91 91 91 92 92 92 92 92 92 92 92 92 92 92 91 90 85 72 60 60 60 63 69 72 73 77 81 86 88 90 93 94 96 96 94 97 99 99 101 101 102 103 103 100 104 109 113 114 116 118 120 128 130 131 134 136 139 140 142 0 0 0 0 0 0 0 0
0 0 0 0 0 0 0 0 69 69 69 68 68 68 66 66 65 64 63 63 62 62 63 63 58 58 57 57 56 55 54 54 50 50 49 52 55 56 55 53 59 64 71 71 55 32 15 7 25 38 48 53 51 52 54 52 50 48 48 48 47 47 46 46 48 48 48 49 50 51 51 51 53 52 52 52 52 53 54 55 55 55 55 56 56 57 57 57 58 58 58 58 58 58 58 58 58 57 57 56 56 57 57 58 57 56 54 54 51 42 28 18 9 10 15 25 37 49 56 60 56 56 56 56 57 57 57 58 59 59 59 60 60 60 61 61 61 61 61 61 61 61 61 61 60 61 61 61 61 61 61 61 61 61 61 61 61 61 61 61 62 62 62 62 62 62 62 62 62 62 62 62 62 62 62 62 63 63 63 63 63 63 63 63 63 63 62 62 62 62 61 61 61 60 60 59 59 58 57 57 57 57 56 55 54 53 53 52 55 55 55 55 55 55 55 56 53 54 54 54 55 58 60 61 61 62 59 54 48 42 37 35 17 12 0 20 40 44 55 50 58 47 39 40 39 29 22 20 37 55 71 74 72 68 52 37 25 21 19 39 74 93 102 116 135 135 130 117 101 88 82 83 76 86 94 88 71 64 68 70 65 59 50 32 19 28 45 55 57 39 16 5 12 30 49 60 65 65 64 66 66 66 66 67 71 69 64 57 50 46 44 45 44 40 40 42 41 51 55 44 37 48 61 67 66 65 67 70 64 66 68 70 71 69 66 64 66 63 61 59 59 60 61 63 59 59 60 60 60 59 59 58 59 62 63 61 60 60 55 47 31 20 11 10 14 24 39 51 55 54 52 51 52 53 55 57 63 62 56 50 50 56 62 61 56 40 25 19 23 43 83 122 157 172 181 180 180 184 179 171 150 135 115 101 99 107 116 120 134 135 135 141 145 145 139 134 136 136 134 133 130 130 127 127 125 127 128 126 122 119 120 123 120 120 120 120 120 120 120 120 119 117 113 110 107 105 105 105 102 102 101 101 100 99 99 98 87 87 87 87 88 88 88 88 86 82 73 62 55 61 77 91 93 98 102 103 99 97 98 101 102 103 104 107 111 116 117 119 114 115 114 116 115 116 117 117 117 119 118 120 119 120 119 119 118 119 118 119 118 119 118 119 114 115 114 115 114 115 114 115 113 116 115 114 113 109 93 77 76 76 82 97 105 110 112 117 124 125 127 129 129 130 129 129 131 132 133 134 134 135 136 137 132 137 140 143 143 145 147 150 156 158 158 161 163 165 166 167 0 0 0 0 0 0 0 0
0 0 0 0 0 0 0 0 68 68 68 69 69 69 70 70 74 72 72 71 72 74 76 77 80 80 79 79 79 78 78 78 80 80 81 85 89 92 92 91 90 93 97 93 73 45 23 14 26 39 49 54 53 54 55 53 50 49 49 49 47 47 46 46 48 48 48 49 50 51 51 51 53 52 52 52 52 53 54 55 55 55 55 56 56 57 57 57 59 59 58 58 58 58 57 57 58 57 57 56 56 57 57 58 59 57 57 59 59 51 37 26 8 7 8 16 30 44 53 56 55 55 55 56 56 56 57 57 58 59 59 59 60 60 60 60 61 61 61 61 61 61 61 61 60 60 60 60 61 61 61 61 62 62 62 62 62 62 62 62 62 62 62 62 62 62 62 62 61 61 61 61 61 61 61 61 61 61 61 61 61 61 61 61 61 61 61 61 61 61 61 61 60 60 60 59 59 59 58 57 58 57 57 56 56 55 54 54 56 56 56 56 56 56 56 56 55 55 56 56 56 57 59 60 60 64 63 61 58 58 55 53 40 24 9 48 89 103 108 98 96 88 81 77 73 64 49 38 35 40 48 59 70 73 62 49 35 28 22 33 54 64 78 102 122 127 125 107 80 60 52 53 46 45 58 55 40 59 80 68 46 33 32 36 33 39 52 54 48 29 9 3 16 37 54 61 59 58 60 66 68 69 71 75 82 71 51 31 20 21 29 37 28 15 13 23 43 67 67 44 14 38 65 80 77 72 72 76 70 71 74 75 76 74 70 68 63 61 57 56 57 58 58 59 58 59 59 60 60 59 59 59 59 62 62 59 60 61 57 49 42 31 19 13 11 15 29 42 52 52 52 53 54 55 56 57 59 59 56 50 50 55 58 58 59 46 35 24 15 21 55 94 140 163 179 177 176 180 178 173 157 135 104 85 90 109 131 147 140 138 139 144 150 151 146 140 142 142 140 139 138 136 135 135 133 134 135 135 134 134 135 137 136 136 136 136 136 136 136 136 141 139 137 135 133 132 133 133 132 132 131 131 130 130 129 129 122 122 122 121 122 123 124 124 118 112 97 78 64 67 85 101 115 123 131 133 128 125 127 132 134 133 132 134 139 143 145 145 147 147 147 148 148 149 149 149 149 150 151 152 152 152 151 151 151 151 151 151 151 151 151 151 144 144 144 144 144 144 144 144 142 145 145 142 143 140 123 104 74 70 78 99 118 126 131 137 138 138 139 139 139 137 137 137 138 138 138 138 139 139 139 140 137 139 142 143 143 144 146 147 151 152 152 154 155 156 157 157 0 0 0 0 0 0 0 0
0 0 0 0 0 0 0 0 86 88 88 89 90 91 92 92 95 96 97 98 99 99 99 100 105 105 106 106 106 106 107 107 111 110 111 113 116 118 118 115 111 114 117 109 83 49 26 15 31 42 53 57 55 56 55 53 51 50 50 49 48 47 46 46 48 48 48 49 50 51 51 51 52 52 52 52 52 53 54 55 55 55 55 56 56 57 57 57 60 60 60 59 59 58 58 58 59 58 58 57 57 58 58 59 59 58 58 61 62 56 42 31 11 7 6 13 27 42 52 56 54 54 55 55 55 56 56 56 58 58 59 59 59 60 60 60 61 61 61 61 61 61 61 61 59 59 59 60 60 61 61 61 62 62 62 62 62 62 62 62 62 62 62 62 62 62 62 62 61 61 61 61 61 61 61 61 60 60 60 60 60 60 60 60 58 59 59 59 60 60 60 60 59 59 59 59 59 59 59 58 58 58 57 57 56 55 56 56 56 56 56 56 56 56 56 56 58 58 59 59 59 59 60 60 57 62 64 62 62 65 65 63 48 30 22 78 135 155 159 145 142 144 142 137 136 131 110 87 74 52 34 40 59 73 76 73 54 46 33 32 36 36 55 90 121 125 118 94 63 48 52 64 45 28 40 42 36 89 128 98 57 26 20 34 35 45 58 60 40 22 6 7 27 51 68 73 66 62 61 65 68 68 73 79 84 69 46 27 18 26 41 53 31 9 2 21 60 96 91 58 17 45 75 84 74 63 65 72 62 65 69 72 73 70 68 65 62 61 58 60 62 62 59 55 58 59 59 60 60 59 59 58 60 62 61 58 58 60 57 50 49 39 26 17 10 12 24 37 49 51 54 56 58 58 58 58 56 58 57 53 52 54 56 55 59 52 44 33 14 8 34 71 116 149 174 175 172 176 176 173 165 138 101 80 84 109 139 157 157 154 151 154 160 162 157 152 152 152 151 150 149 148 148 146 145 144 144 146 149 151 151 151 152 152 152 152 152 152 152 152 148 148 147 146 146 146 146 147 147 146 146 146 146 146 145 145 149 148 148 147 148 149 150 151 142 136 120 96 76 75 90 106 128 139 148 151 144 141 145 150 153 150 147 147 150 153 153 152 154 154 154 155 155 155 156 156 156 158 159 160 159 158 157 155 157 157 157 157 157 157 157 157 151 151 151 151 151 151 151 151 149 153 153 149 151 150 134 113 88 77 80 103 128 141 148 153 153 151 150 149 147 148 147 147 147 148 147 147 147 147 146 146 144 146 148 149 149 150 152 154 155 155 156 156 156 157 157 157 0 0 0 0 0 0 0 0
0 0 0 0 0 0 0 0 122 123 124 126 128 129 131 131 127 129 131 133 134 132 130 130 130 130 131 131 132 133 133 134 134 133 133 134 136 136 135 132 127 130 133 123 96 62 36 26 35 47 59 61 58 57 55 53 51 51 50 49 48 48 47 47 48 49 48 50 50 52 51 52 53 52 52 52 52 53 54 55 55 55 55 56 56 57 57 57 59 59 59 59 58 58 58 58 59 58 58 57 57 58 58 59 57 55 55 59 61 56 43 31 14 9 7 13 27 42 53 57 55 54 54 55 55 55 56 56 58 58 58 59 59 60 60 60 61 61 61 61 61 61 61 61 59 59 59 60 60 61 61 61 62 62 62 62 62 62 62 62 62 62 62 62 62 62 62 62 61 61 61 61 61 61 61 61 59 59 59 59 59 59 59 59 58 58 58 59 59 59 59 59 58 59 59 59 59 59 60 60 58 58 58 57 57 57 57 57 56 56 56 56 56 56 56 56 58 59 60 61 61 60 59 60 55 61 62 60 62 67 67 66 64 48 46 112 178 198 201 185 193 205 210 208 213 214 192 162 130 84 38 32 52 77 93 103 72 62 45 34 26 18 40 81 127 126 111 80 51 46 68 94 64 35 45 48 52 128 178 134 81 32 12 25 29 41 61 68 35 20 6 12 37 65 82 86 79 71 66 66 66 65 70 78 82 72 58 45 43 55 71 84 51 23 11 35 85 127 118 78 37 61 83 80 60 47 54 66 52 54 59 63 64 64 61 59 64 63 65 68 70 68 61 55 58 58 59 60 60 60 59 60 60 61 60 57 58 59 57 51 49 40 28 18 10 11 23 37 47 50 54 58 60 60 59 59 54 59 59 56 53 55 55 52 59 55 50 41 18 5 27 63 97 137 170 175 170 174 175 172 163 136 100 80 84 107 133 150 155 150 145 146 151 152 149 144 142 142 141 141 140 140 139 139 137 135 135 138 143 146 145 143 145 145 145 145 145 145 145 145 147 147 146 146 146 145 145 144 144 144 144 144 144 144 144 144 146 146 145 145 144 145 147 148 143 138 124 100 79 75 89 105 125 137 149 150 144 140 144 150 153 149 145 144 147 149 149 148 149 149 150 150 150 151 151 151 152 152 153 154 153 152 150 149 151 151 150 151 150 151 150 151 149 150 149 150 149 150 149 149 146 151 150 147 150 150 134 112 89 73 70 92 118 132 139 145 146 144 142 140 139 139 140 140 143 142 141 142 140 140 138 138 142 144 146 147 147 148 150 153 152 152 152 153 153 153 154 154 0 0 0 0 0 0 0 0
0 0 0 0 0 0 0 0 133 133 134 135 136 136 137 137 142 143 145 145 144 142 139 137 138 138 137 137 137 136 136 136 136 134 133 138 143 145 141 135 138 138 139 129 101 65 38 26 43 51 58 59 56 57 56 53 52 51 50 50 49 48 47 48 48 49 48 50 49 51 51 52 52 52 51 53 52 54 53 54 55 56 55 57 56 58 57 58 57 57 57 57 57 57 57 57 56 56 57 57 57 57 57 57 58 57 56 58 59 55 45 36 23 15 7 8 20 37 50 57 54 53 53 54 54 55 55 55 57 57 57 57 57 57 57 57 60 60 59 59 59 59 59 59 58 58 59 59 59 60 60 60 59 59 60 60 60 61 61 61 61 61 61 61 61 61 61 61 61 61 61 61 61 61 61 61 60 60 60 60 60 60 60 60 59 61 60 61 61 60 59 58 59 59 59 59 59 59 59 59 58 58 58 58 58 58 58 59 58 58 58 58 58 58 58 58 60 60 59 58 57 57 56 57 57 59 61 60 63 66 64 63 48 47 50 112 190 178 171 133 124 139 135 144 133 132 178 187 174 121 72 37 42 68 75 84 68 33 32 22 12 9 16 60 94 90 87 57 47 73 101 134 88 50 34 37 49 132 193 135 92 26 0 17 23 25 39 45 17 12 17 27 37 58 71 64 64 50 48 50 45 49 60 64 61 53 38 49 52 96 113 117 82 35 17 20 60 76 88 70 40 65 70 70 52 36 48 50 40 30 47 61 50 54 70 73 81 71 60 60 71 78 68 52 59 59 59 59 59 59 60 60 61 61 61 61 59 56 53 52 46 42 34 23 13 12 20 27 36 45 55 57 55 53 56 61 56 57 56 56 55 55 56 55 57 57 57 47 26 9 20 41 79 116 155 173 178 182 179 172 170 144 100 87 74 101 123 151 151 156 146 139 146 149 146 147 143 142 140 139 137 137 136 136 137 138 139 139 141 141 142 143 142 142 142 142 142 142 142 142 141 141 141 141 141 141 141 141 143 143 143 143 143 143 143 143 146 146 146 146 147 150 152 153 150 144 124 106 97 86 85 99 119 136 150 152 147 144 143 143 151 149 147 144 143 144 145 146 144 146 146 146 146 146 147 147 148 148 148 148 148 148 148 148 147 148 147 148 147 148 147 148 148 149 148 149 148 149 148 148 147 148 148 147 148 146 135 123 92 78 70 82 107 130 145 153 146 143 138 136 136 138 139 140 138 139 140 142 142 143 142 143 142 144 146 148 150 151 151 152 153 153 153 153 153 153 153 153 0 0 0 0 0 0 0 0
0 0 0 0 0 0 0 0 134 135 135 137 137 138 139 139 142 144 145 147 146 147 145 144 143 142 142 141 141 140 140 139 138 136 137 142 148 151 148 143 136 138 138 129 101 67 39 28 41 51 57 59 57 58 57 54 52 52 51 50 49 48 48 48 49 49 49 50 50 51 52 52 52 52 52 53 53 54 54 54 56 56 56 57 57 57 58 57 57 57 57 57 57 57 57 57 56 56 57 57 57 57 57 57 58 56 55 57 58 55 47 40 29 19 8 7 17 33 46 53 52 52 52 53 54 54 55 55 57 57 57 57 57 57 57 57 58 58 58 58 58 58 58 58 57 57 58 58 59 59 59 59 58 58 59 59 60 60 60 60 61 61 61 61 61 61 61 61 61 61 61 61 61 61 61 61 60 60 60 60 60 60 60 60 59 61 61 61 61 60 59 58 59 59 59 59 59 59 59 59 58 58 58 58 58 58 58 58 59 59 59 59 59 59 59 59 60 60 59 59 58 57 56 57 57 60 61 60 63 66 64 63 48 49 51 113 179 146 115 62 50 61 53 43 35 59 134 194 193 153 107 55 36 50 56 70 38 13 18 14 10 4 0 25 57 52 58 47 58 99 132 165 108 60 32 32 42 124 191 143 79 23 1 17 18 15 17 13 17 13 23 32 33 43 51 47 36 32 27 25 25 32 38 43 45 37 25 46 65 122 140 142 91 43 20 15 40 50 61 42 31 55 61 64 46 29 39 41 30 23 29 38 36 43 64 81 85 76 66 62 67 72 64 52 59 59 59 59 59 59 60 60 61 61 61 60 59 56 55 52 48 44 36 25 15 12 18 24 34 43 54 58 56 54 56 60 57 58 57 57 56 56 56 56 57 57 59 51 31 12 16 32 63 102 144 167 178 183 178 172 177 152 105 88 71 97 119 148 150 154 144 137 144 148 144 146 144 143 141 139 137 137 136 137 137 137 138 139 139 140 140 141 140 140 140 140 140 140 140 140 140 140 140 140 140 140 140 140 142 142 142 142 142 142 142 143 146 146 146 146 148 150 152 153 150 145 127 110 102 89 85 96 117 135 149 153 148 147 145 144 149 148 145 143 142 143 143 145 144 145 144 145 145 146 145 146 145 146 145 146 145 147 146 147 146 147 146 147 146 147 146 147 147 148 147 148 147 148 147 147 147 148 147 147 148 148 138 129 100 84 70 80 103 127 143 152 146 141 136 134 137 140 141 141 140 141 142 143 144 144 144 145 145 145 147 148 149 150 151 151 152 152 152 152 152 152 152 152 0 0 0 0 0 0 0 0
0 0 0 0 0 0 0 0 128 129 129 131 131 132 132 133 134 136 136 138 139 141 141 143 141 141 140 139 138 137 136 136 135 134 134 138 143 145 142 138 134 134 134 125 98 63 38 27 40 50 56 58 57 58 57 55 52 52 51 50 49 48 48 48 49 49 49 50 50 51 51 51 51 51 51 52 52 53 53 53 54 54 55 55 55 56 56 56 56 56 56 56 56 56 56 56 56 56 56 56 56 56 56 56 58 55 54 55 56 55 50 45 36 25 11 5 12 26 40 49 49 50 51 51 52 53 54 54 56 56 56 56 56 56 56 56 57 57 57 57 57 57 57 57 56 56 57 57 57 58 58 58 57 57 58 58 58 59 59 59 61 61 61 61 61 61 61 61 61 61 61 61 61 61 61 61 60 60 60 60 60 60 60 60 59 61 61 61 61 60 59 58 59 59 59 59 59 59 59 59 58 58 58 58 58 59 59 59 60 60 60 60 60 60 60 60 61 61 60 59 58 58 57 58 57 60 61 60 63 66 64 63 34 38 49 123 194 153 110 48 27 44 55 38 27 31 69 140 196 175 134 61 12 14 25 45 53 47 65 75 75 63 34 27 19 12 23 35 75 134 170 201 133 77 43 37 38 113 184 146 112 71 61 77 73 63 51 32 22 16 25 33 25 23 32 37 51 66 66 62 67 67 58 54 31 19 8 44 82 152 174 172 107 57 37 29 48 58 71 50 19 39 41 49 42 37 54 60 67 65 55 47 39 32 39 61 78 75 68 62 62 66 62 56 60 59 59 59 59 59 60 60 60 61 61 60 59 56 54 52 51 47 39 28 18 13 14 18 31 40 52 58 57 55 56 59 58 58 57 58 58 57 57 58 57 60 63 58 38 17 12 20 42 80 126 157 175 184 180 174 185 160 112 91 68 90 112 143 148 153 144 136 142 146 143 147 144 143 142 140 139 138 137 138 138 139 139 139 139 139 140 140 140 140 140 140 140 140 140 140 141 141 141 141 141 141 141 141 141 141 141 141 141 141 141 141 145 145 145 145 146 148 150 151 148 145 130 116 108 92 84 91 113 130 146 153 150 149 146 145 145 145 142 142 140 141 141 143 142 143 142 144 143 145 144 145 144 145 145 146 146 147 147 148 147 148 147 148 147 148 147 148 145 146 145 146 145 146 145 145 145 146 145 145 146 149 143 136 113 91 71 75 95 122 141 153 147 140 132 132 136 142 142 142 142 143 144 146 146 147 146 147 148 149 149 150 150 150 151 151 152 152 152 152 152 152 152 152 0 0 0 0 0 0 0 0
0 0 0 0 0 0 0 0 122 124 123 125 125 127 126 127 129 130 129 131 132 135 136 138 138 138 137 136 135 134 133 133 134 132 131 132 134 134 131 127 128 129 129 120 92 59 34 24 39 48 55 57 56 57 58 56 52 51 51 50 49 48 48 48 49 49 49 50 50 51 51 51 51 51 51 52 52 53 53 53 54 54 54 54 54 55 55 55 55 55 55 55 55 55 55 56 55 55 55 55 55 55 55 55 57 55 53 53 54 55 53 51 42 29 14 5 8 21 36 45 46 47 48 49 51 52 53 54 55 55 55 55 55 55 55 55 55 55 55 55 55 56 56 56 55 55 55 56 56 57 57 57 56 56 56 57 57 58 58 58 60 60 60 60 60 60 60 60 60 60 60 60 60 60 60 60 60 60 60 60 60 60 60 60 59 61 61 61 61 60 59 58 59 59 59 59 59 59 59 59 58 58 58 59 59 59 59 60 62 62 62 62 62 62 62 62 62 61 61 60 59 58 58 58 58 60 62 60 62 66 63 62 34 35 48 124 196 152 103 37 29 42 53 32 27 22 25 94 194 187 154 68 7 10 33 64 75 88 114 133 137 116 68 33 20 3 9 32 90 159 195 222 151 95 64 54 43 107 179 151 125 97 99 119 115 103 84 58 35 20 20 24 16 17 38 57 66 96 110 109 113 101 70 50 36 16 1 43 96 176 198 191 126 70 55 54 78 94 104 70 11 21 22 44 61 74 105 114 108 103 78 55 42 20 15 39 58 64 66 63 61 62 64 62 60 59 59 59 59 59 60 60 60 60 61 60 59 57 54 53 54 50 43 33 23 15 13 13 27 36 49 56 57 56 56 58 58 58 58 58 59 59 59 60 58 62 66 64 47 25 12 11 24 60 106 145 172 185 184 179 189 166 118 95 67 84 105 137 146 152 143 136 142 145 142 147 145 144 142 142 141 140 140 141 141 141 140 140 140 140 140 140 140 140 140 140 140 140 140 140 140 140 140 140 140 140 140 140 139 139 139 139 139 139 139 139 143 144 144 145 145 147 147 149 145 145 132 122 114 97 82 86 108 126 143 152 152 152 148 146 145 145 143 142 141 142 142 143 143 144 144 145 145 147 146 148 149 150 149 151 151 152 152 153 152 153 152 153 152 153 152 153 145 146 145 146 145 146 145 146 144 146 145 144 146 151 148 144 124 100 74 72 89 116 138 153 146 140 131 132 136 143 143 143 144 146 146 149 149 150 150 151 152 153 151 151 150 151 150 151 151 152 151 152 151 152 151 152 0 0 0 0 0 0 0 0
0 0 0 0 0 0 0 0 126 128 127 129 129 131 130 132 135 135 134 135 135 137 137 138 139 138 138 137 136 135 134 134 135 134 133 133 134 133 132 129 128 128 127 118 91 58 32 23 37 47 55 56 54 57 57 55 52 51 51 50 49 48 48 48 48 48 49 50 50 51 51 51 51 51 51 52 52 53 53 53 54 54 54 54 54 53 53 53 53 53 53 53 53 53 54 54 55 55 55 55 55 55 55 55 56 54 52 52 53 55 55 55 45 33 17 7 7 18 31 41 43 44 45 47 49 51 52 53 53 53 53 53 53 53 53 53 53 53 54 54 55 55 56 56 55 55 55 55 56 56 57 57 55 55 55 55 56 56 57 57 59 59 59 59 59 59 59 59 59 59 59 59 59 59 59 59 59 59 59 59 59 59 59 60 59 61 61 61 61 60 59 58 59 59 59 59 59 59 59 59 58 58 58 59 59 60 60 61 63 63 63 63 63 63 63 63 62 62 62 61 60 59 59 58 58 61 61 60 62 65 63 61 40 39 52 130 202 155 103 37 34 47 59 37 31 22 19 81 185 178 148 68 16 30 67 107 138 152 165 182 190 174 136 96 58 26 17 35 95 166 201 226 157 104 74 60 42 107 190 170 161 135 142 165 166 160 149 128 62 32 14 14 16 36 72 97 125 152 169 169 165 152 121 94 60 31 7 46 104 189 211 203 138 73 58 66 98 121 125 71 4 15 26 68 104 125 150 152 173 169 143 114 91 54 31 41 39 53 65 66 62 60 62 62 60 59 59 59 59 59 60 60 59 60 60 60 59 57 55 54 55 52 47 39 29 20 14 11 22 31 44 53 56 56 56 57 58 58 58 58 58 60 60 60 59 62 66 66 55 34 17 8 14 43 87 129 163 182 187 184 187 169 125 101 68 80 99 130 144 153 146 140 144 145 144 148 145 144 143 142 141 141 141 141 142 142 142 142 142 142 141 141 142 142 142 142 142 142 142 142 140 140 140 140 140 140 140 140 139 139 139 139 139 139 139 139 143 144 145 145 146 147 147 147 143 144 135 128 121 102 84 84 103 121 138 148 150 152 148 146 145 145 144 144 143 144 143 144 145 146 146 147 147 149 149 150 151 152 151 153 152 154 153 154 154 155 154 155 154 155 154 155 148 149 148 149 148 149 148 148 144 146 145 144 145 151 151 149 132 108 80 73 84 108 133 152 146 140 133 133 138 142 144 143 146 147 148 150 151 152 152 153 155 156 153 153 151 152 151 152 152 153 152 153 152 153 152 153 0 0 0 0 0 0 0 0
0 0 0 0 0 0 0 0 130 131 131 132 133 133 134 134 138 138 138 138 137 137 137 136 134 134 133 134 132 133 132 133 130 132 131 133 133 135 135 135 131 131 131 120 93 59 35 25 39 48 54 56 54 56 55 52 52 51 51 50 49 48 48 48 48 48 49 50 50 51 51 51 51 51 51 52 52 53 53 53 54 54 53 53 53 52 52 52 52 52 52 52 52 52 53 53 54 54 54 54 54 54 54 54 55 54 53 53 53 55 56 57 47 37 23 12 9 16 26 34 41 41 43 45 47 49 51 52 52 52 52 52 52 52 52 52 52 53 53 54 55 55 56 56 55 55 55 56 56 57 57 57 55 55 55 56 56 57 57 57 58 58 58 58 58 58 58 58 58 58 58 58 58 58 58 58 59 59 59 59 59 59 59 60 60 61 61 61 61 60 59 58 59 59 59 59 59 59 59 59 58 58 59 59 60 61 61 61 63 63 63 63 63 63 63 63 63 63 62 62 61 60 59 59 58 61 61 61 62 65 62 61 44 42 56 135 207 158 108 45 31 55 66 45 31 31 56 112 182 163 128 63 34 64 105 146 148 148 134 139 151 155 157 140 110 61 31 35 87 154 189 215 149 97 64 46 35 114 209 194 162 126 123 145 151 158 169 167 101 54 17 14 33 74 115 135 143 141 147 144 134 137 138 122 92 54 17 47 100 185 209 202 132 60 49 68 113 146 148 80 2 25 57 115 150 150 149 135 131 142 153 157 137 86 37 17 32 49 66 68 62 58 59 59 60 59 59 59 59 59 60 60 59 59 60 60 59 57 55 54 56 54 50 45 36 26 17 11 19 26 39 48 53 55 55 57 57 57 58 58 58 59 60 60 60 61 64 66 60 45 26 13 12 33 68 110 149 174 183 186 183 172 135 112 74 79 92 122 141 151 147 141 145 146 143 148 145 143 142 142 141 141 142 141 142 142 142 143 142 143 142 143 142 143 142 143 142 143 142 143 140 141 140 141 140 141 140 141 138 139 138 139 138 139 138 139 143 145 145 147 146 147 146 147 143 146 138 134 129 109 87 86 101 117 133 144 147 150 148 145 144 145 144 145 144 145 144 145 146 148 147 150 149 153 151 154 150 152 150 152 150 152 150 152 152 153 152 153 152 153 152 153 149 150 149 150 149 150 149 149 145 148 147 145 145 151 151 150 137 117 90 78 80 98 123 145 144 142 138 138 138 142 143 144 145 148 148 151 152 154 153 154 157 157 155 153 152 152 153 154 153 153 153 153 153 153 153 153 0 0 0 0 0 0 0 0
0 0 0 0 0 0 0 0 130 130 131 132 132 133 134 134 134 135 135 136 136 135 134 133 130 130 130 131 130 131 131 132 129 131 131 132 132 134 135 137 134 134 133 121 93 59 34 24 39 48 55 56 53 54 53 51 52 51 51 50 49 48 48 47 48 48 48 50 50 51 51 51 51 51 51 52 52 53 53 53 53 53 53 52 52 52 51 51 51 51 51 51 51 51 52 52 53 53 53 53 53 53 53 53 55 54 53 53 53 53 55 57 50 42 29 17 11 12 19 25 39 40 42 44 47 49 51 52 52 52 52 52 52 52 52 52 52 53 53 54 55 56 57 57 56 56 56 56 57 57 57 58 57 57 57 57 58 58 58 59 59 59 59 59 59 59 59 59 59 59 59 59 59 59 59 59 60 60 60 60 60 60 60 60 60 61 61 61 61 60 59 58 59 59 59 59 59 59 59 59 58 58 59 59 60 61 62 62 62 62 62 62 62 62 62 62 64 64 63 62 61 61 60 60 58 62 61 61 62 65 62 60 53 46 51 123 192 145 102 47 44 62 54 42 37 64 129 172 190 150 105 57 51 89 123 158 122 108 70 67 85 113 159 168 157 94 45 29 69 131 167 197 130 80 45 30 32 126 221 196 151 97 77 92 99 120 157 179 140 82 32 27 61 115 148 150 131 96 89 84 69 102 146 147 122 76 26 41 83 165 191 185 115 41 34 62 114 159 166 93 8 45 95 156 172 139 110 81 49 69 118 162 159 124 76 41 31 49 67 69 63 60 60 61 60 60 60 60 60 60 60 60 58 59 60 60 59 58 56 53 54 54 53 49 43 33 22 14 17 24 34 43 50 53 55 55 56 56 57 57 58 58 59 60 59 59 60 63 63 54 36 22 13 24 51 90 130 161 177 185 182 177 146 124 81 79 87 113 135 148 148 142 146 144 141 144 142 143 141 141 141 141 141 141 140 141 141 142 142 143 144 144 144 144 144 144 144 144 144 144 141 141 141 141 141 141 141 141 141 141 141 141 141 141 141 141 145 145 146 148 147 148 146 146 145 148 142 140 136 116 93 90 100 115 130 140 144 149 147 145 144 145 145 146 145 146 145 145 147 149 149 151 151 153 153 155 151 152 151 151 149 149 148 149 150 151 150 151 150 151 150 151 150 151 150 151 150 151 150 150 147 150 150 148 147 151 151 150 144 127 103 86 79 90 113 136 143 145 144 143 140 141 142 146 146 148 149 152 153 155 155 156 159 158 155 154 152 154 154 156 154 155 154 155 154 155 154 155 0 0 0 0 0 0 0 0
0 0 0 0 0 0 0 0 131 132 132 133 134 135 135 135 132 134 136 138 139 138 136 135 134 133 134 135 135 136 137 137 136 137 137 136 135 135 137 137 135 134 132 120 91 57 33 23 41 49 55 55 53 53 52 50 51 51 51 50 49 48 47 47 48 48 48 49 50 51 51 51 51 51 51 52 52 53 53 53 53 53 53 52 52 51 51 50 51 51 51 51 51 51 51 52 53 53 53 53 53 53 53 53 54 54 54 54 53 53 55 56 53 46 33 21 12 11 15 19 38 39 41 43 46 49 51 52 52 52 52 52 52 52 52 52 53 53 54 55 56 56 57 58 56 56 57 57 57 58 58 58 57 57 58 58 58 59 59 59 59 59 59 59 59 59 59 59 59 59 59 59 59 59 59 59 60 60 60 60 60 60 60 60 60 61 61 61 61 60 59 58 59 59 59 59 59 59 59 59 58 58 59 60 61 61 62 63 62 62 62 62 62 62 62 62 64 64 63 63 62 61 60 60 58 62 62 61 62 65 62 59 47 37 41 117 198 169 147 106 106 128 123 131 129 142 183 178 171 117 64 25 33 72 98 126 90 71 22 19 42 84 154 181 184 113 51 24 54 112 148 181 114 66 34 24 35 134 221 184 136 67 32 40 48 76 131 170 165 103 46 41 83 141 164 151 110 54 41 37 22 73 147 159 140 89 30 34 67 143 169 166 101 25 20 48 100 149 159 85 14 61 118 174 171 116 73 39 34 36 75 114 111 91 64 32 32 49 65 68 63 62 65 67 60 60 60 60 60 60 60 60 58 59 60 60 59 58 56 55 55 54 54 52 46 36 24 16 16 22 31 40 47 52 54 55 55 56 56 57 57 58 58 59 59 57 57 61 65 59 43 27 13 20 40 75 118 151 171 181 183 181 154 133 87 79 83 106 132 145 146 142 145 143 138 143 142 142 141 140 140 141 142 142 138 139 140 140 142 142 143 144 143 143 143 143 143 143 143 143 142 142 142 142 142 142 142 142 142 142 142 142 142 142 142 142 144 146 147 149 149 148 147 146 148 151 146 144 142 121 99 94 100 113 127 136 142 146 146 143 143 143 144 145 145 145 144 144 148 148 149 150 152 153 154 155 154 154 153 152 150 149 148 148 150 150 150 150 150 150 150 150 149 149 149 149 149 149 149 149 146 152 152 149 147 151 150 149 147 133 111 91 78 83 105 128 143 146 149 147 142 140 142 146 147 148 150 152 154 155 155 157 159 158 156 154 153 154 156 157 155 155 155 155 155 155 155 155 0 0 0 0 0 0 0 0
0 0 0 0 0 0 0 0 132 132 133 134 134 135 136 136 137 137 136 136 137 139 141 141 140 140 140 140 140 140 140 140 140 140 140 140 139 139 138 136 134 135 134 120 89 55 32 22 37 47 55 54 52 52 52 51 49 49 49 49 48 48 47 47 49 49 49 49 50 50 50 50 51 50 50 51 51 52 52 52 49 49 49 49 49 49 49 50 50 50 50 50 50 50 50 50 50 51 51 51 51 51 51 51 52 51 52 52 54 56 58 59 52 48 39 28 18 11 9 10 35 39 43 45 45 46 49 52 50 52 53 52 49 48 51 54 53 53 54 55 57 58 59 59 58 58 58 58 58 58 58 58 58 57 57 57 57 57 57 57 59 59 59 59 59 59 59 59 59 59 59 59 59 59 59 59 60 60 60 60 60 60 60 60 61 61 61 60 60 59 59 59 59 59 59 59 59 59 59 59 57 57 58 59 59 60 61 61 61 61 61 61 61 61 61 61 61 62 63 64 63 62 60 59 59 62 62 61 61 64 61 59 38 33 35 115 208 189 178 156 168 195 197 191 213 232 214 185 144 85 31 11 17 45 74 85 60 38 23 10 17 79 152 183 196 118 52 18 37 100 146 177 106 57 30 29 43 136 216 173 112 41 7 5 10 26 113 147 183 136 47 57 95 160 187 153 94 36 20 23 12 55 133 169 159 104 47 27 42 119 143 156 86 29 7 22 107 136 146 71 7 76 133 181 152 79 51 21 12 28 16 54 60 61 43 40 31 50 63 65 67 73 71 62 59 59 60 60 60 59 58 57 59 60 60 61 60 59 57 56 53 54 55 55 50 41 29 20 12 17 28 39 49 54 54 52 53 55 56 58 58 57 56 56 61 57 57 63 71 66 48 32 17 12 23 56 99 137 161 174 173 179 166 138 105 76 76 99 124 139 147 142 140 145 146 142 141 142 142 143 143 143 143 142 140 140 141 142 144 145 146 146 146 146 146 146 146 146 146 146 144 144 144 144 144 144 144 144 144 144 144 144 144 144 144 145 147 147 147 146 146 145 145 145 145 149 149 145 139 128 110 94 101 109 120 131 141 145 143 138 138 139 141 143 144 144 144 143 147 148 148 150 151 152 153 153 151 151 151 151 151 151 151 151 151 151 151 151 151 151 151 151 151 151 151 150 150 149 149 149 148 148 148 148 148 148 148 148 150 141 123 100 79 74 91 112 138 152 152 143 142 140 139 147 146 147 148 150 152 154 155 157 156 157 157 156 156 155 155 155 155 155 155 155 155 155 155 155 0 0 0 0 0 0 0 0
0 0 0 0 0 0 0 0 132 132 133 134 134 135 136 136 137 136 135 135 136 138 139 140 138 138 138 138 138 138 138 138 136 136 136 135 135 135 134 132 133 134 133 119 89 55 31 21 37 47 54 54 51 51 52 50 49 49 49 48 48 48 47 47 49 49 49 49 49 50 50 50 50 50 50 51 51 51 52 52 49 49 49 49 49 49 49 49 50 50 50 50 50 50 50 50 50 50 50 51 50 51 51 51 51 51 51 52 54 55 57 58 53 49 42 31 20 12 8 8 30 35 41 44 45 47 49 51 50 52 53 51 49 48 51 53 53 53 54 55 56 58 59 59 58 58 58 58 58 58 58 58 57 57 57 57 57 57 57 57 59 59 59 59 59 59 59 59 59 59 59 59 59 59 59 59 60 60 60 60 60 60 60 60 61 61 61 60 60 59 59 59 59 59 59 59 59 59 59 59 57 57 58 59 59 60 61 61 61 61 61 61 61 61 61 61 61 62 63 64 63 62 61 60 59 62 62 61 62 64 61 59 48 36 29 106 198 180 168 144 138 155 152 146 163 173 149 120 92 54 25 15 16 33 54 63 70 80 106 115 111 139 178 188 196 115 50 16 40 108 160 193 116 63 43 40 41 133 215 163 110 43 17 20 19 24 108 147 192 138 41 47 87 162 203 178 147 108 104 114 103 119 160 179 179 123 59 27 36 117 150 166 96 36 15 34 119 146 156 83 21 90 142 177 133 55 43 35 65 75 41 47 39 31 20 32 41 57 67 64 60 63 60 52 57 57 58 59 60 60 60 60 59 59 60 61 60 59 57 56 52 53 54 54 50 41 30 22 14 15 21 32 44 52 54 53 54 54 55 56 56 56 56 56 60 58 57 63 68 64 51 38 18 13 20 46 86 124 154 173 171 180 170 144 112 81 77 95 117 135 146 142 138 142 145 143 142 142 142 143 143 143 143 143 142 142 143 144 145 146 147 147 147 147 147 147 147 147 147 147 145 145 145 145 145 145 145 145 145 145 145 145 145 145 145 146 146 147 147 146 146 146 145 145 145 148 149 146 141 131 114 99 106 110 119 129 139 144 143 139 139 140 141 143 144 143 143 142 146 147 148 149 150 151 152 153 155 155 155 155 155 155 155 155 154 154 154 154 154 154 154 154 151 151 151 150 150 149 149 149 148 148 148 148 148 148 148 148 151 144 129 106 82 74 90 111 143 157 156 147 145 141 139 146 147 147 149 150 152 153 155 156 156 157 157 156 156 155 155 155 155 155 155 155 155 155 155 155 0 0 0 0 0 0 0 0
0 0 0 0 0 0 0 0 133 133 134 135 134 135 136 136 136 136 135 135 136 137 138 139 136 136 136 136 136 136 136 136 134 134 134 133 133 133 132 131 132 133 132 119 88 53 30 21 36 47 54 54 51 50 50 50 49 49 48 48 48 48 47 47 49 49 49 49 49 50 50 50 50 50 50 50 51 51 51 52 49 49 49 49 49 49 49 49 49 49 49 49 49 50 50 50 50 50 50 50 50 50 50 50 51 51 51 52 53 54 56 57 55 52 46 35 23 13 7 5 24 30 38 44 47 49 50 51 50 51 52 51 49 49 51 53 52 53 54 55 56 57 58 59 58 58 58 58 58 59 59 59 57 57 57 57 57 57 57 57 59 59 59 59 59 59 59 59 59 59 59 59 59 59 59 59 60 60 60 60 60 60 60 60 61 61 61 60 60 59 59 59 59 59 59 59 59 59 59 59 57 57 58 59 59 60 61 61 61 61 61 61 61 61 61 61 61 63 62 62 62 61 61 60 60 62 62 60 62 64 62 59 52 36 28 103 194 168 142 105 97 105 97 93 105 106 81 60 48 32 23 22 26 47 75 88 117 133 166 171 149 156 186 196 192 108 41 12 45 119 173 205 119 62 49 49 37 129 213 151 103 40 24 36 27 17 99 148 191 133 34 41 85 163 207 185 166 150 157 175 168 157 157 158 171 124 65 30 36 119 154 169 103 39 19 42 126 145 152 82 27 96 150 177 118 35 41 58 80 90 44 31 27 17 17 41 51 67 78 77 69 61 52 41 56 56 57 59 60 61 61 61 59 59 59 59 59 58 57 56 54 55 56 56 54 46 36 29 17 13 12 21 37 49 54 54 54 53 52 52 52 54 55 57 58 57 59 61 64 60 53 47 29 20 18 33 62 101 140 167 171 183 177 153 121 88 78 90 110 129 143 142 136 139 142 144 142 142 142 143 143 143 144 143 144 144 145 146 147 148 149 150 149 149 149 149 149 149 149 149 147 147 147 147 147 147 147 147 147 147 147 147 147 147 147 147 146 147 147 147 146 146 146 145 145 148 149 146 143 136 121 107 106 107 113 124 134 140 139 138 140 141 142 142 143 142 142 141 145 146 147 148 149 150 151 152 156 156 156 156 156 156 156 156 155 155 155 155 155 155 155 155 151 151 151 150 150 149 149 149 148 148 148 148 148 148 148 148 152 148 137 114 87 75 87 107 139 154 155 148 146 142 140 146 147 148 149 150 152 153 154 156 156 157 156 156 156 156 155 155 155 155 155 155 155 155 155 155 0 0 0 0 0 0 0 0
0 0 0 0 0 0 0 0 133 133 134 135 135 136 137 136 137 137 137 137 137 138 138 139 135 135 135 135 135 135 135 135 136 136 136 135 135 135 134 134 131 132 131 118 88 53 29 19 36 46 55 54 51 50 50 50 49 49 48 48 48 48 47 47 49 49 49 49 49 49 50 49 49 49 50 50 50 51 51 51 50 50 50 50 50 50 50 50 50 50 50 50 50 50 50 50 50 51 51 51 51 51 51 51 52 51 51 51 52 53 54 55 56 54 49 40 27 15 7 3 19 25 35 44 50 52 53 53 51 51 50 50 49 49 50 51 52 53 53 55 56 57 58 58 58 58 58 59 59 59 59 60 58 58 58 58 58 58 58 58 59 59 59 59 59 59 59 59 59 59 59 59 59 59 59 59 59 59 59 59 59 59 59 59 61 61 61 60 60 59 59 59 59 59 59 59 59 59 59 59 57 57 58 59 59 60 61 61 62 62 62 62 62 62 62 62 62 63 62 62 61 61 61 61 60 62 63 61 62 64 61 59 46 36 35 117 204 160 109 55 42 48 43 41 50 47 33 27 43 32 28 31 44 85 131 152 153 147 148 130 98 110 156 183 180 95 29 9 49 127 174 200 105 48 43 46 29 127 214 145 92 33 26 44 31 13 97 156 181 124 31 49 96 165 192 158 128 121 126 144 145 129 116 114 124 96 57 33 42 122 150 160 102 37 19 46 128 142 146 75 22 93 152 185 124 37 44 68 89 96 46 28 35 19 9 21 50 62 75 83 79 70 55 44 56 56 57 59 59 60 60 60 59 59 58 58 58 58 58 57 58 59 60 61 59 53 45 39 23 14 7 13 30 46 54 55 55 53 51 50 50 52 55 57 55 56 58 59 58 56 54 54 45 32 19 19 38 76 123 161 175 188 183 159 128 94 78 84 105 126 142 142 135 134 138 142 140 141 142 143 142 143 144 144 143 144 145 146 147 148 149 150 149 149 149 149 149 149 149 149 149 149 149 149 149 149 149 149 149 149 149 149 149 149 149 149 148 148 147 147 147 146 146 146 145 148 148 147 145 141 129 117 99 98 103 116 128 134 135 135 141 142 142 142 141 141 141 141 144 145 145 147 147 150 149 151 153 154 153 154 153 154 153 154 151 152 151 152 151 152 151 152 150 151 150 150 149 149 148 148 148 148 147 148 147 148 147 148 150 151 142 121 91 76 82 100 124 142 146 143 144 142 139 147 147 148 148 150 151 153 153 154 155 156 156 156 156 156 156 156 156 156 156 156 156 156 156 156 0 0 0 0 0 0 0 0
0 0 0 0 0 0 0 0 133 133 134 135 135 136 136 136 139 139 139 139 139 139 139 139 137 137 137 137 137 137 137 137 139 139 138 138 137 137 137 136 130 132 131 117 87 52 29 19 37 46 54 53 50 50 51 49 49 49 48 48 48 48 47 47 49 49 49 49 49 49 50 49 49 49 49 50 50 50 51 51 50 50 50 50 50 50 50 50 50 50 49 50 50 50 50 50 50 50 50 50 50 51 50 51 52 52 51 51 51 52 52 53 55 54 51 42 30 17 8 4 16 22 33 44 52 56 56 55 52 51 50 50 50 51 51 51 53 53 54 55 56 58 58 59 59 59 59 60 60 61 61 61 59 59 59 59 59 59 59 59 60 60 60 60 60 60 60 60 60 60 60 60 60 60 60 60 60 60 60 60 60 60 60 60 61 61 61 60 60 59 59 59 59 59 59 59 59 59 59 59 57 57 58 59 59 60 61 61 62 62 62 62 62 62 62 62 62 62 61 61 60 60 60 61 60 63 63 61 63 65 62 60 40 36 45 131 215 159 95 31 20 34 35 33 35 36 36 46 57 46 38 44 68 118 160 173 148 118 98 78 55 80 138 172 171 85 22 6 49 123 162 180 90 33 31 35 23 126 216 146 83 26 24 45 31 14 104 169 180 121 30 53 101 160 172 129 101 84 75 83 88 88 92 100 80 61 38 28 41 117 142 151 91 30 15 43 128 147 151 79 22 88 148 192 141 50 40 45 60 63 31 34 67 60 48 37 38 38 41 49 56 60 62 64 58 58 58 59 59 58 57 57 59 59 58 58 58 58 58 59 60 60 61 62 60 56 50 45 31 19 8 11 26 43 53 56 55 53 51 49 49 52 55 58 52 54 56 55 52 52 54 58 57 40 19 8 20 57 111 155 177 191 186 162 132 99 79 79 103 122 140 144 137 133 135 139 140 141 141 143 143 144 144 144 142 143 144 145 146 147 148 149 147 147 147 147 147 147 147 147 150 150 150 150 150 150 150 150 150 150 150 150 150 150 150 150 148 148 148 147 147 147 146 146 145 148 148 146 146 145 135 125 96 91 94 110 124 132 133 136 141 141 140 141 139 140 139 141 143 144 144 146 146 149 148 150 150 151 150 151 150 151 150 151 148 149 148 149 148 149 148 149 149 150 149 149 148 148 147 147 147 147 147 147 147 147 147 147 148 149 145 127 98 78 79 91 113 133 140 140 142 141 138 145 146 148 147 149 150 152 151 153 155 155 155 155 155 155 155 155 155 155 155 155 155 155 155 155 0 0 0 0 0 0 0 0
0 0 0 0 0 0 0 0 134 134 135 135 135 136 137 137 140 140 141 142 141 140 140 139 138 138 138 138 138 138 138 138 138 138 137 137 136 136 136 135 131 132 131 117 88 52 29 19 36 46 54 53 50 50 50 49 49 49 48 48 48 47 47 47 49 49 49 49 49 49 50 49 48 49 49 49 50 50 50 50 51 51 51 51 51 51 51 50 50 50 50 50 50 50 50 51 51 51 51 51 51 51 51 51 52 52 51 50 50 50 51 51 53 53 50 42 31 19 11 7 14 19 29 41 51 57 57 56 52 50 49 49 50 51 51 50 52 53 54 55 56 57 58 59 59 59 60 60 61 62 62 61 60 60 60 60 60 60 60 60 60 60 60 60 60 60 60 60 60 60 60 60 60 60 60 60 59 59 59 59 59 59 59 59 60 61 61 60 60 59 59 59 59 59 59 59 59 59 59 59 57 57 58 59 59 60 61 61 63 63 63 63 63 63 63 63 63 62 61 60 60 60 60 62 61 63 64 61 63 65 62 59 40 40 51 136 217 159 98 37 34 56 64 57 57 59 66 81 72 60 53 60 90 136 159 152 87 43 16 8 8 48 113 148 172 90 30 8 42 109 147 165 96 43 29 28 24 129 214 147 83 26 23 43 32 20 113 177 191 127 29 46 88 146 163 127 65 32 11 8 9 29 58 75 74 49 24 20 34 110 139 157 86 30 11 33 121 150 159 86 24 83 134 185 153 72 43 25 11 14 18 51 107 114 108 75 24 16 10 13 20 32 54 74 59 58 58 58 58 57 56 55 59 59 57 57 57 58 59 60 60 59 59 59 58 54 50 46 35 23 11 10 22 38 49 54 56 54 52 50 51 53 56 58 51 53 54 53 50 50 54 59 60 42 21 6 13 47 100 144 173 189 185 163 138 105 81 77 99 116 135 143 138 133 133 136 139 139 141 142 143 144 145 145 142 143 144 145 146 147 148 148 147 147 147 147 147 147 147 147 150 150 150 150 150 150 150 150 150 150 150 150 150 150 150 151 149 148 148 148 147 147 147 147 146 148 147 146 147 147 140 131 100 90 90 104 120 128 134 140 140 139 139 138 139 139 140 142 143 144 145 146 147 148 149 150 151 151 151 151 151 151 151 151 149 149 149 149 149 149 149 149 149 149 149 148 148 147 147 147 147 147 147 147 147 147 147 147 146 148 146 132 106 84 79 86 110 130 140 140 144 142 138 144 147 147 148 149 149 150 151 152 153 154 155 155 155 155 156 156 156 156 156 156 156 156 156 156 0 0 0 0 0 0 0 0
0 0 0 0 0 0 0 0 133 133 134 135 135 136 137 136 139 140 140 141 140 140 138 138 138 138 138 138 138 138 138 138 138 137 137 137 136 136 136 136 133 133 131 118 88 53 29 20 37 45 54 52 50 50 50 49 49 49 48 48 48 47 47 47 49 49 49 49 49 49 50 49 48 47 48 48 48 49 49 49 50 50 50 50 50 50 50 50 50 50 50 50 50 50 50 50 50 51 51 51 51 51 51 51 52 52 51 50 49 49 49 50 51 50 48 41 31 21 14 10 11 15 24 36 48 54 55 54 53 50 48 48 50 52 51 49 52 52 53 55 56 57 58 58 59 59 60 60 61 62 63 62 60 60 60 60 60 60 60 60 60 60 60 60 60 60 60 60 60 60 60 60 60 60 60 60 59 59 59 59 59 59 59 59 60 61 61 60 60 59 59 59 59 59 59 59 59 59 59 59 57 57 58 59 59 60 61 61 63 63 63 63 63 63 63 63 63 62 61 60 59 60 61 62 61 63 64 62 63 65 62 59 42 43 55 134 210 153 97 43 34 64 75 67 65 70 73 83 79 63 51 58 93 143 163 146 100 51 28 34 48 92 152 184 184 109 48 14 32 91 136 165 126 74 44 30 32 132 209 146 84 28 21 37 29 22 115 173 195 129 25 31 65 128 163 144 109 65 44 38 28 60 107 122 95 57 23 20 35 111 147 176 112 54 25 30 110 146 158 82 15 64 107 167 163 105 76 44 33 38 70 108 143 130 113 51 16 18 26 30 21 16 32 55 57 57 57 58 58 58 57 57 59 59 57 56 57 58 60 61 61 59 58 58 57 54 49 46 37 27 15 12 19 32 43 50 56 55 53 52 52 54 56 58 53 54 54 52 51 51 55 58 61 45 25 11 13 40 84 122 161 182 183 166 144 113 85 75 92 108 128 140 140 135 134 137 139 140 141 143 143 144 145 145 145 145 146 147 148 149 150 151 149 149 149 149 149 149 149 149 150 150 150 150 150 150 150 150 150 150 150 150 150 150 150 150 149 149 148 148 148 147 147 147 147 148 147 145 147 148 143 135 110 93 85 95 111 122 133 144 139 138 138 137 138 140 141 143 144 146 147 148 149 150 151 152 152 152 152 152 152 152 152 152 151 151 151 151 151 151 151 151 150 150 150 149 149 148 148 148 147 146 146 146 146 146 146 146 144 146 145 135 113 91 81 82 104 125 137 140 146 144 141 146 147 147 148 149 149 150 151 152 152 154 154 155 155 156 156 156 156 156 156 156 156 156 156 156 0 0 0 0 0 0 0 0
0 0 0 0 0 0 0 0 134 134 134 135 135 136 137 136 138 139 139 141 141 139 138 136 138 137 137 137 137 137 137 137 139 139 139 138 138 138 137 137 133 134 131 119 88 54 29 20 37 45 53 52 48 49 50 48 49 49 48 48 48 47 47 47 49 49 49 49 49 50 49 49 48 47 47 48 48 49 49 49 50 50 50 50 50 50 50 50 50 50 50 50 50 50 50 50 50 50 51 51 51 51 51 51 52 52 51 49 49 49 49 49 49 49 46 40 31 22 15 13 9 12 20 33 45 52 54 52 53 50 47 48 51 52 51 49 52 52 53 54 56 57 58 58 59 59 59 60 61 61 62 63 60 60 60 60 60 60 60 60 60 60 60 60 60 60 60 60 60 60 60 60 60 60 60 60 59 59 59 59 59 59 59 59 60 61 60 60 59 59 58 59 58 59 58 59 58 59 58 58 57 57 58 59 59 60 61 61 63 63 63 63 63 63 63 63 64 63 61 60 59 60 61 63 61 63 64 62 64 65 62 59 41 45 57 134 203 143 89 37 40 72 85 77 77 82 83 84 76 55 35 38 79 141 173 162 114 72 59 78 93 127 171 191 196 125 64 20 22 76 131 172 154 102 59 35 40 134 203 143 83 28 20 33 26 22 110 163 190 126 21 22 50 114 163 157 150 101 87 82 66 101 154 163 113 66 28 26 43 116 156 191 149 89 47 35 107 144 157 76 0 44 84 150 167 135 116 82 72 81 132 168 176 137 105 23 13 35 66 76 51 17 12 25 56 55 57 57 58 59 59 59 59 58 57 56 57 58 60 61 63 62 60 59 58 55 51 48 36 28 17 12 17 27 39 46 56 55 54 53 54 55 57 58 55 55 54 52 52 53 56 58 64 50 31 17 14 33 69 101 151 175 181 168 148 119 88 75 87 101 121 137 141 137 135 137 139 140 141 143 143 145 145 145 146 146 147 148 150 151 152 152 150 150 150 150 150 150 150 150 150 150 149 150 149 150 149 150 149 150 149 150 149 150 149 150 149 149 149 148 148 147 147 147 147 148 146 144 146 148 144 137 118 96 80 88 102 116 130 145 138 138 137 138 138 141 142 144 146 147 147 149 150 151 152 152 150 150 150 150 150 150 150 150 150 150 150 150 150 150 150 150 150 150 150 149 149 148 148 148 147 147 146 147 146 147 146 147 145 147 146 139 119 97 83 81 94 118 131 138 145 146 144 150 146 148 147 149 148 150 149 151 152 154 153 155 155 156 156 156 156 156 156 156 156 156 156 156 0 0 0 0 0 0 0 0
0 0 0 0 0 0 0 0 134 134 134 134 136 136 137 138 138 138 138 139 139 140 141 141 140 140 140 140 140 140 140 140 141 141 140 139 139 138 137 136 134 135 133 121 90 54 28 19 35 44 52 52 49 49 50 48 48 48 48 47 47 47 48 47 50 50 50 50 50 50 50 50 49 48 48 48 48 49 50 51 51 51 51 51 51 51 51 51 50 50 50 50 50 51 50 51 51 51 51 51 51 51 51 51 51 52 51 50 49 49 48 47 51 49 46 42 38 32 24 19 12 11 17 30 41 47 52 57 52 49 47 48 51 53 52 50 51 51 52 53 55 56 57 57 58 58 57 58 58 59 59 59 59 59 59 59 59 59 59 59 59 59 59 59 59 59 59 59 59 59 59 59 59 59 59 59 59 59 59 59 59 59 59 59 59 59 59 59 59 59 59 59 58 58 58 58 58 58 58 58 58 59 58 60 60 61 61 61 61 61 61 61 61 61 61 61 61 61 61 61 61 61 61 62 62 61 61 63 64 63 58 57 46 40 47 115 157 118 67 34 42 66 83 77 68 69 75 78 79 59 38 36 61 105 146 171 146 122 134 143 119 136 170 166 168 111 46 15 21 58 121 174 172 138 71 50 53 113 176 121 73 21 13 27 10 21 82 129 164 105 22 8 15 75 113 148 141 145 138 127 133 151 152 137 94 56 19 14 39 85 140 183 150 114 55 56 104 142 131 79 8 17 53 107 144 148 141 140 131 140 157 162 136 86 41 20 23 78 125 143 96 35 27 30 55 55 58 60 61 59 58 57 58 58 57 58 58 59 58 59 60 60 60 59 58 55 52 51 40 32 23 18 16 19 31 44 49 53 56 56 54 53 55 57 57 57 58 56 56 56 59 62 58 52 35 22 16 17 41 80 132 168 174 173 155 121 97 78 84 96 112 127 135 139 137 134 139 140 142 143 144 145 146 146 146 145 146 147 149 150 151 152 151 151 151 151 151 151 151 151 151 151 149 149 148 150 149 151 150 151 149 150 149 150 148 149 147 147 147 147 147 147 147 147 148 147 147 148 150 150 148 146 124 100 78 77 93 115 134 145 141 136 133 136 142 144 144 143 146 146 147 148 149 149 150 150 151 151 150 149 148 148 148 148 148 148 148 149 149 150 150 150 150 150 150 149 149 148 148 148 147 148 148 149 148 147 145 144 144 143 144 142 132 111 89 75 86 101 129 143 140 144 151 149 149 149 149 150 150 151 151 152 153 153 154 154 154 155 155 155 154 154 155 155 155 156 156 156 0 0 0 0 0 0 0 0
0 0 0 0 0 0 0 0 134 133 133 134 134 136 137 138 138 138 138 139 140 141 141 141 140 140 140 140 140 140 140 140 141 141 140 139 139 138 137 136 134 135 133 121 90 54 28 18 35 43 52 51 49 49 50 48 48 48 48 48 47 47 48 48 50 50 50 50 50 50 50 50 49 48 48 48 48 49 50 51 51 51 51 51 51 51 51 51 51 51 51 51 51 51 51 51 51 51 51 51 51 51 51 51 51 52 51 51 50 49 48 48 51 49 47 44 41 35 28 23 11 10 15 26 37 43 49 54 51 49 47 48 50 52 52 50 51 51 52 53 55 56 57 57 57 57 57 58 58 59 59 59 59 59 59 59 59 59 59 59 59 59 59 59 59 59 59 59 59 59 59 59 59 59 59 59 59 59 59 59 59 59 59 59 59 59 59 59 59 59 59 59 58 58 58 58 58 58 58 58 58 59 59 60 60 61 61 61 61 61 61 61 61 61 61 61 60 60 61 61 61 61 61 62 62 61 60 63 64 63 59 58 44 36 37 95 131 96 54 29 42 64 80 76 68 70 75 77 75 63 45 36 45 76 113 140 155 145 158 158 128 121 132 127 127 83 35 12 16 46 102 151 165 134 73 48 42 92 150 100 59 13 10 24 8 15 66 107 129 86 23 11 8 49 74 101 132 144 150 147 149 151 134 109 65 40 17 15 32 64 109 145 143 121 75 69 98 122 116 73 16 14 34 73 106 121 134 147 155 151 145 129 96 54 18 0 27 81 128 148 107 48 39 40 56 55 58 60 61 59 58 57 58 58 57 58 58 59 58 58 60 60 60 59 58 55 53 52 44 36 27 20 15 16 26 37 47 51 56 56 54 53 54 56 57 58 57 56 56 58 59 62 60 55 39 24 16 13 31 66 121 161 170 174 162 128 104 82 80 92 109 123 133 139 137 136 139 141 142 144 144 145 147 146 145 145 146 147 148 150 151 151 151 151 151 151 151 151 151 151 150 149 149 148 148 148 149 149 150 150 149 149 149 148 148 149 147 147 147 147 147 147 147 147 148 147 147 148 150 150 148 146 127 103 80 75 89 110 131 145 141 138 135 138 142 144 144 143 146 146 147 147 148 149 150 150 151 150 149 148 148 148 148 148 148 148 148 149 149 150 150 150 150 150 150 149 149 149 148 148 147 148 148 149 148 147 146 145 145 145 147 146 137 117 93 78 84 97 125 142 140 144 151 148 149 149 149 150 150 150 151 151 153 153 153 153 154 154 155 155 154 154 154 155 155 155 156 156 0 0 0 0 0 0 0 0
0 0 0 0 0 0 0 0 133 133 133 133 134 135 137 137 138 138 138 139 140 141 141 141 140 140 140 140 140 140 140 140 141 141 140 139 139 138 137 136 134 135 133 121 90 54 28 18 35 43 52 51 49 49 50 48 48 48 48 48 47 47 48 48 50 50 50 50 50 50 50 50 49 48 48 48 48 49 50 51 51 51 51 51 51 51 51 51 51 51 51 51 51 51 51 51 51 51 51 51 51 51 51 51 51 52 51 51 50 49 49 49 50 48 47 46 44 39 33 29 12 9 11 21 31 38 45 51 51 49 47 48 50 51 51 50 51 51 52 53 55 56 57 57 57 57 57 58 58 59 59 59 59 59 59 59 59 59 59 59 59 59 59 59 59 59 59 59 59 59 59 59 59 59 59 59 59 59 59 59 59 59 59 59 59 59 59 59 59 59 59 59 58 58 58 58 58 58 58 58 58 59 59 60 60 61 61 61 61 61 61 61 61 61 61 61 60 60 61 61 61 61 61 62 62 61 61 63 64 62 59 60 44 35 26 68 96 67 41 27 44 63 78 75 69 70 74 74 76 73 63 46 34 44 70 95 103 107 114 107 81 60 53 54 67 43 18 6 5 20 59 97 120 103 61 41 30 63 107 65 38 4 8 25 11 12 48 79 90 70 36 26 14 27 35 48 64 81 95 100 102 95 70 43 41 34 28 28 29 40 67 93 95 92 62 52 61 73 76 49 12 3 4 22 41 58 84 107 101 92 74 50 32 22 11 2 15 53 82 96 67 28 33 39 57 56 58 60 60 59 58 58 58 58 57 57 58 58 57 57 61 61 60 59 58 56 54 53 49 41 32 23 14 11 18 28 43 48 54 56 54 53 54 55 56 57 56 56 57 58 59 61 62 60 45 29 19 10 19 47 106 148 164 177 172 140 113 88 77 86 101 117 130 137 137 137 139 141 142 144 144 145 147 146 145 146 147 148 149 150 151 151 151 151 151 151 151 151 151 151 150 149 149 148 148 149 150 150 151 151 150 150 149 149 149 148 147 147 147 147 147 147 147 147 148 147 147 148 149 149 147 145 132 108 83 74 83 102 126 143 142 141 140 140 142 144 143 142 145 145 146 147 148 148 149 149 150 149 148 148 147 147 148 148 148 148 148 149 149 150 150 150 150 150 150 150 149 149 149 148 147 148 148 148 148 147 146 146 146 148 150 151 144 126 100 81 80 91 118 138 140 144 150 146 148 148 149 149 149 150 150 150 152 152 152 153 153 153 154 154 153 153 154 154 154 155 155 155 0 0 0 0 0 0 0 0
0 0 0 0 0 0 0 0 133 133 133 133 134 135 136 137 138 138 138 139 140 141 141 141 141 141 141 141 141 141 141 141 141 141 140 139 139 138 137 136 134 135 133 121 90 54 28 18 35 43 52 51 49 49 50 48 48 48 48 48 47 47 48 48 50 50 50 50 50 50 50 50 49 48 48 48 48 49 50 51 51 51 51 51 51 51 51 51 51 51 51 51 51 51 51 51 51 51 51 51 51 51 51 51 51 52 52 51 51 50 50 49 49 48 48 48 47 44 39 36 16 11 10 17 25 33 41 49 49 49 48 48 49 50 51 51 51 51 52 53 55 56 57 57 57 57 57 58 58 59 59 59 59 59 59 59 59 59 59 59 59 59 59 59 59 59 59 59 59 59 59 59 59 59 59 59 59 59 59 59 59 59 59 59 59 59 59 59 59 59 59 59 58 58 58 58 58 58 58 58 58 59 59 60 60 61 61 61 60 60 60 60 60 60 60 60 60 60 61 61 61 61 61 61 61 61 62 62 62 62 60 62 53 43 25 50 69 48 37 34 51 64 75 74 70 69 70 69 70 78 77 61 38 28 37 51 64 74 69 60 56 39 31 44 44 38 35 30 21 17 34 56 52 52 39 30 18 36 62 29 20 2 12 30 23 20 41 61 67 62 52 47 37 34 27 27 36 46 56 62 68 68 56 40 42 47 53 50 36 28 38 55 57 68 53 44 45 52 66 53 37 29 25 27 27 30 46 66 67 59 41 22 19 30 36 34 28 41 40 43 31 20 43 55 58 57 58 60 59 59 58 58 58 57 57 57 57 57 56 57 61 60 60 59 57 56 55 54 51 45 37 27 15 8 13 21 37 43 51 55 54 53 53 54 56 56 55 55 58 59 59 59 62 63 52 37 25 12 12 31 88 133 156 178 182 154 123 94 76 80 92 111 127 135 137 139 139 141 142 144 144 145 147 147 145 145 146 147 148 149 149 150 150 150 150 150 150 150 150 150 148 148 148 147 148 148 149 150 151 151 150 150 149 148 148 148 147 147 147 147 147 147 147 147 148 147 147 147 149 149 147 144 137 116 91 77 78 93 118 138 141 144 145 143 143 144 143 141 144 145 145 146 147 148 148 148 149 148 147 147 147 147 147 148 148 148 148 149 149 150 150 150 151 151 150 150 150 149 149 149 148 148 148 148 148 148 147 147 146 149 152 154 151 135 108 84 77 84 110 134 140 145 149 145 148 148 148 148 148 149 149 149 151 151 151 151 152 152 153 153 152 153 153 153 154 154 154 154 0 0 0 0 0 0 0 0
0 0 0 0 0 0 0 0 133 132 132 133 133 135 136 137 138 138 138 139 140 141 141 141 141 141 141 141 141 141 141 141 141 141 140 139 139 138 137 136 134 135 133 121 90 54 28 18 35 43 52 51 49 49 50 48 48 48 48 48 47 47 48 48 50 50 50 50 50 50 50 50 49 48 48 48 48 49 50 51 51 51 51 51 51 51 51 51 51 51 51 51 51 51 51 51 51 51 51 51 51 51 51 51 51 52 52 51 51 51 51 50 50 49 50 51 51 49 45 42 23 16 11 14 20 28 38 47 48 48 48 48 48 49 50 51 51 51 52 53 55 56 57 57 57 57 57 58 58 59 59 59 59 59 59 59 59 59 59 59 59 59 59 59 59 59 59 59 59 59 59 59 59 59 59 59 59 59 59 59 59 59 59 59 59 59 59 59 59 59 59 59 58 58 58 58 58 58 58 58 58 59 59 60 60 61 61 61 60 60 60 60 60 60 60 60 61 61 61 61 61 61 61 61 61 62 62 62 61 62 61 63 65 58 35 48 60 45 45 48 59 67 72 72 69 67 66 66 57 69 79 73 54 37 30 32 27 36 23 18 32 25 17 33 43 49 57 58 45 29 29 37 19 24 25 20 6 13 27 8 10 6 19 38 40 37 46 57 53 54 58 59 62 55 48 39 22 21 22 25 32 39 41 40 54 64 72 66 47 33 34 43 49 63 52 46 44 51 69 63 64 62 61 57 45 35 41 53 50 49 42 36 45 64 73 72 47 45 29 31 31 33 55 60 60 58 59 59 59 59 59 58 57 57 57 57 57 57 57 56 60 59 58 57 56 55 54 54 51 47 41 31 18 8 10 18 31 39 49 55 55 53 52 52 55 54 53 55 58 61 59 57 59 65 59 45 33 17 12 24 70 116 146 177 190 165 133 99 77 76 85 106 125 134 136 140 139 141 141 144 144 145 147 147 145 145 146 146 147 148 148 148 148 148 148 148 148 148 148 148 147 147 146 147 147 148 149 150 151 151 150 149 148 147 147 147 147 147 147 147 147 147 147 147 148 147 146 147 148 148 146 143 141 124 101 83 76 85 108 129 138 146 149 145 142 143 143 140 144 144 144 145 146 147 147 148 147 147 146 146 146 146 147 148 148 148 148 149 149 150 150 150 151 151 151 150 150 150 149 149 148 148 148 148 148 148 149 149 145 149 152 155 155 143 114 88 77 79 102 129 139 145 149 145 148 148 148 148 148 147 147 147 149 149 150 150 151 151 151 151 151 151 152 152 153 153 153 154 0 0 0 0 0 0 0 0
0 0 0 0 0 0 0 0 132 132 132 132 133 134 136 136 138 138 138 139 140 141 141 141 142 142 142 142 142 142 142 142 141 141 140 139 139 138 137 136 134 135 133 121 90 54 28 18 35 43 52 51 49 49 50 48 48 48 48 48 47 47 48 48 50 50 50 50 50 50 50 50 49 48 48 48 48 49 50 51 51 51 51 51 51 51 51 51 51 51 51 51 51 51 51 51 51 51 51 51 51 51 51 51 51 52 52 52 52 51 51 51 51 51 52 54 55 53 50 47 31 20 12 11 16 23 34 44 47 48 49 48 47 47 49 51 51 51 52 53 55 56 57 57 57 57 57 58 58 59 59 59 59 59 59 59 59 59 59 59 59 59 59 59 59 59 59 59 59 59 59 59 59 59 59 59 59 59 59 59 59 59 59 59 59 59 59 59 59 59 59 59 58 58 58 58 58 58 58 58 58 59 59 60 60 61 61 61 59 59 59 59 59 59 59 59 61 61 61 61 61 61 61 61 61 62 63 62 61 60 61 65 74 71 48 55 64 53 57 62 67 68 69 69 68 68 66 65 50 65 79 83 74 61 51 48 53 57 46 45 60 54 43 53 56 63 73 77 68 53 48 49 37 34 29 15 0 1 10 5 8 16 29 47 57 57 57 63 45 47 58 58 73 70 72 62 54 48 44 45 49 52 56 61 64 70 74 69 58 49 48 52 59 69 56 49 47 50 65 59 68 72 77 74 61 50 53 62 43 46 49 53 62 72 75 74 53 55 45 54 57 52 57 48 60 58 58 58 59 59 59 59 57 57 57 57 56 56 56 56 58 58 56 55 54 54 54 54 51 48 45 36 21 9 9 17 25 34 46 54 55 53 51 51 54 53 52 54 59 62 59 56 55 66 64 52 42 25 15 22 51 99 132 172 194 174 143 108 82 76 81 103 123 133 135 140 139 141 141 144 144 145 147 147 145 145 145 146 146 147 147 147 147 147 147 147 147 147 147 147 146 146 145 146 146 148 149 149 151 151 150 149 148 147 146 147 147 147 147 147 147 147 147 147 149 147 146 147 148 147 145 143 143 131 113 93 78 79 97 118 134 146 152 146 141 143 143 140 143 143 144 144 145 146 147 147 146 145 145 145 145 146 147 147 148 148 148 149 149 150 150 150 152 151 151 151 150 150 150 150 149 148 148 148 148 149 150 150 146 149 152 154 158 150 121 91 79 76 95 124 138 145 149 145 148 148 147 147 147 146 146 146 148 148 149 149 149 150 150 150 150 150 151 152 152 152 153 153 0 0 0 0 0 0 0 0
0 0 0 0 0 0 0 0 132 132 132 132 133 134 135 136 138 138 138 139 140 141 141 141 142 142 142 142 142 142 142 142 141 141 140 139 139 138 137 136 134 135 133 121 90 54 28 18 35 43 52 51 49 49 50 48 48 48 48 48 47 47 48 48 50 50 50 50 50 50 50 50 49 48 48 48 48 49 50 51 51 51 51 51 51 51 51 51 51 51 51 51 51 51 51 51 51 51 51 51 51 51 51 51 51 52 52 52 52 52 52 52 53 52 54 56 57 56 53 50 36 24 12 8 11 18 30 40 46 48 49 48 46 46 49 52 51 51 52 53 55 56 57 57 57 57 57 58 58 59 59 59 59 59 59 59 59 59 59 59 59 59 59 59 59 59 59 59 59 59 59 59 59 59 59 59 59 59 59 59 59 59 59 59 59 59 59 59 59 59 59 59 58 58 58 58 58 58 58 58 58 59 59 60 60 61 61 61 59 59 59 59 59 59 59 59 61 61 61 61 61 61 61 61 61 62 64 62 60 60 62 65 74 75 55 61 70 60 64 67 69 65 62 64 66 67 67 68 55 65 77 81 77 71 68 69 72 72 66 68 74 68 61 65 79 79 81 85 84 79 77 77 60 49 39 19 4 3 3 9 10 23 36 51 66 68 65 68 51 52 64 53 68 66 77 71 69 61 57 60 61 58 60 66 67 66 64 62 62 64 64 64 74 83 70 65 61 60 71 63 64 75 87 89 81 71 72 79 73 73 75 76 70 61 54 54 63 73 69 77 78 69 71 58 62 59 59 58 58 59 59 59 57 57 57 56 56 55 55 55 57 56 54 53 52 52 53 53 52 51 49 40 23 9 8 14 20 31 45 54 55 53 50 49 53 52 51 54 60 62 59 55 53 66 67 57 48 30 16 20 34 83 118 165 196 182 154 119 88 78 80 102 123 132 135 140 139 140 141 144 143 145 147 147 144 145 145 145 145 146 146 146 146 146 146 146 146 146 146 146 146 146 146 146 147 148 149 150 152 152 151 150 148 147 146 146 147 147 147 147 147 147 147 147 149 147 146 147 147 147 144 142 144 137 124 104 82 75 88 107 130 145 153 146 140 142 143 140 142 142 143 144 145 145 146 146 145 145 144 144 145 146 147 147 148 148 148 149 149 150 150 150 152 152 151 151 151 150 150 150 149 148 148 147 148 149 150 151 148 151 152 155 160 155 127 96 83 74 90 121 137 145 149 146 147 147 147 146 146 146 145 145 146 146 147 147 148 148 148 148 149 149 150 150 150 151 151 151 0 0 0 0 0 0 0 0
0 0 0 0 0 0 0 0 132 132 131 132 133 134 135 136 138 138 138 139 140 141 141 141 142 142 142 142 142 142 142 142 141 141 140 139 139 138 137 136 134 135 133 121 90 54 28 18 35 43 52 51 49 49 50 48 48 48 48 48 47 47 48 48 50 50 50 50 50 50 50 50 49 48 48 48 48 49 50 51 51 51 51 51 51 51 51 51 51 51 51 51 51 51 51 51 51 51 51 51 51 51 51 51 51 52 52 52 52 52 52 52 54 54 55 57 58 57 54 51 38 25 11 6 8 15 26 37 46 48 49 48 46 46 49 52 51 51 52 53 55 56 57 57 57 57 57 58 58 59 59 59 59 59 59 59 59 59 59 59 59 59 59 59 59 59 59 59 59 59 59 59 59 59 59 59 59 59 59 59 59 59 59 59 59 59 59 59 59 59 59 59 58 58 58 58 58 58 58 58 58 59 59 60 60 61 61 61 59 59 59 59 59 59 59 59 61 61 61 61 61 61 61 61 59 62 64 63 60 60 62 66 71 75 58 64 73 64 67 67 68 62 58 60 65 68 69 70 57 64 70 70 65 64 68 74 71 69 67 69 68 65 66 72 71 64 59 60 65 69 72 75 65 52 43 25 12 9 1 9 11 28 39 51 68 73 68 70 65 65 74 54 63 57 74 71 70 61 58 63 63 60 63 71 70 64 57 57 64 72 72 68 67 77 67 65 61 59 69 61 48 62 80 88 81 71 67 70 62 61 68 77 72 61 58 65 58 70 65 69 64 59 71 68 62 60 59 58 58 58 59 59 57 57 57 56 56 55 55 55 56 55 53 52 51 51 52 53 54 54 52 43 24 9 7 13 18 29 44 53 55 53 50 49 53 51 50 54 60 63 59 55 52 66 67 59 50 32 16 17 24 72 109 159 195 187 159 126 92 80 79 102 123 132 134 139 139 140 141 144 143 145 147 147 144 144 145 145 145 145 145 146 146 146 146 146 146 146 146 146 145 145 145 146 147 148 149 150 152 152 151 150 148 147 146 145 147 147 147 147 147 147 147 147 149 147 146 146 147 146 144 142 144 140 130 110 85 73 83 100 127 144 153 146 140 142 143 140 142 142 143 143 144 145 146 146 144 144 144 144 144 145 146 147 148 148 148 149 149 150 150 150 152 152 152 151 151 150 150 150 149 148 148 147 148 149 151 152 150 153 153 155 162 159 131 99 85 74 88 119 136 145 149 146 147 147 147 146 146 145 145 144 146 146 146 147 147 147 148 148 148 149 149 150 150 150 151 151 0 0 0 0 0 0 0 0
0 0 0 0 0 0 0 0 126 130 133 133 131 131 134 138 138 136 133 135 141 144 142 141 141 141 141 141 141 141 141 141 140 140 140 139 139 138 138 137 138 137 133 121 91 56 29 18 33 42 51 51 49 48 48 47 48 48 48 49 48 49 50 50 51 51 51 51 51 51 51 51 51 51 51 51 51 51 51 51 51 51 51 51 51 51 51 51 51 51 51 51 51 51 51 51 51 51 51 51 51 51 51 51 50 51 51 52 52 52 53 53 54 54 55 55 55 55 55 55 40 31 21 12 7 9 21 34 37 47 53 51 47 47 48 47 53 53 53 54 54 55 55 55 56 57 57 58 58 59 59 60 59 59 59 59 59 59 59 59 59 59 59 59 59 59 59 59 59 59 59 59 59 59 59 59 58 58 58 58 58 58 58 58 58 58 58 58 58 58 58 58 58 58 58 58 58 58 58 58 58 59 59 59 59 59 59 59 59 59 59 59 59 59 59 59 60 60 60 61 61 62 62 62 61 61 61 61 61 62 62 63 66 67 67 67 67 67 67 67 66 65 63 62 63 66 70 72 66 63 60 58 57 60 63 65 67 67 67 68 68 68 68 68 64 60 54 51 53 60 70 75 61 53 44 31 16 5 6 12 23 32 42 51 61 71 72 68 75 72 65 60 57 57 57 58 60 61 61 62 62 63 63 63 65 61 58 59 64 68 70 70 67 67 65 66 67 68 68 67 56 63 72 77 74 71 66 64 59 62 65 68 68 67 65 63 66 64 62 60 60 64 68 70 61 60 60 60 59 59 59 59 57 57 57 57 57 57 57 57 57 57 56 55 53 52 51 51 51 52 51 44 32 20 11 7 11 21 35 48 54 54 51 49 49 50 51 54 58 60 58 56 60 65 69 66 59 48 30 16 19 48 101 150 181 192 172 134 106 75 80 94 126 131 145 137 140 140 139 140 143 146 148 149 147 146 145 144 144 144 144 145 145 145 145 145 145 145 145 145 145 145 146 147 147 148 149 149 151 151 151 150 150 149 149 149 147 147 147 147 147 147 147 147 148 148 148 147 147 146 146 146 145 145 139 120 92 74 78 91 118 139 153 149 144 145 144 139 142 142 143 143 143 143 144 144 144 144 144 145 145 146 146 146 146 147 148 149 149 149 149 148 150 150 150 150 150 150 150 150 149 149 149 150 150 151 151 151 147 150 154 156 158 152 134 117 92 80 79 102 132 148 145 137 143 144 147 149 151 149 145 141 143 145 148 148 147 147 148 149 148 148 149 149 149 149 149 149 0 0 0 0 0 0 0 0
0 0 0 0 0 0 0 0 127 130 133 133 131 131 133 136 137 134 132 134 140 144 142 141 141 141 141 141 141 141 141 141 140 140 140 139 139 138 138 137 138 137 133 121 91 56 29 18 33 42 51 51 49 48 48 47 48 48 48 49 48 49 50 50 51 51 51 51 51 51 51 51 51 51 51 51 51 51 51 51 51 51 51 51 51 51 51 51 51 51 51 51 51 51 51 51 51 51 51 51 51 51 51 51 50 52 52 52 53 53 53 54 54 54 55 55 55 55 55 55 49 39 27 16 7 5 13 24 37 47 54 52 49 49 50 49 53 53 53 54 54 54 55 55 56 56 57 57 58 59 59 60 59 59 59 59 59 59 59 59 59 59 59 59 59 59 59 59 59 59 59 59 59 59 59 59 58 58 58 58 58 58 58 58 58 58 58 58 58 58 58 58 58 58 58 58 58 58 58 58 58 59 59 59 59 59 59 59 59 59 59 59 59 59 59 59 60 60 60 61 61 61 62 62 61 61 61 61 61 61 61 62 65 66 66 66 66 66 66 66 65 64 63 63 63 65 67 69 65 63 61 59 59 60 62 63 65 65 65 66 66 66 66 66 63 61 57 55 56 59 63 67 62 55 45 32 17 6 7 13 32 41 50 55 60 65 65 63 70 67 62 59 57 58 59 60 60 61 61 61 62 62 63 63 63 61 60 62 65 67 66 66 68 66 65 64 66 68 70 71 62 67 72 74 71 68 67 66 59 61 64 67 67 66 64 62 65 64 62 61 61 63 66 67 60 60 59 59 59 59 59 59 58 58 58 58 58 58 58 58 57 57 56 55 53 52 51 51 50 51 51 46 36 25 16 11 8 17 31 44 51 53 51 50 50 51 52 54 58 60 58 56 57 64 69 67 62 53 37 23 12 32 71 115 152 178 176 151 118 83 80 88 121 131 147 140 142 141 139 140 142 145 148 149 147 146 145 144 144 144 144 145 145 145 145 145 145 145 145 145 145 145 146 147 147 148 149 149 151 151 151 150 150 149 149 149 147 147 147 147 147 147 147 147 148 148 148 147 147 146 146 146 138 143 146 134 107 82 75 79 110 133 150 149 144 144 144 141 142 142 143 143 143 144 144 144 144 144 144 145 145 146 146 146 146 147 148 149 149 149 149 148 150 150 150 150 150 150 150 150 149 149 149 150 150 151 151 151 148 149 150 150 153 151 139 126 109 88 74 87 115 136 143 142 140 140 143 147 151 150 145 141 143 145 148 148 148 147 148 150 149 149 149 150 150 150 150 150 0 0 0 0 0 0 0 0
0 0 0 0 0 0 0 0 127 130 134 134 131 130 132 135 135 133 130 133 139 143 142 141 141 141 141 141 141 141 141 141 140 140 139 139 139 139 138 137 138 137 134 122 92 56 29 17 33 42 51 51 49 48 48 47 48 48 48 49 48 49 50 50 51 51 51 51 51 51 51 51 51 51 51 51 51 51 51 51 51 51 51 51 51 51 51 51 51 51 51 51 51 51 51 51 51 51 51 51 51 51 51 51 51 53 53 53 54 54 54 55 54 54 55 55 55 55 55 55 55 45 32 20 8 3 8 17 36 47 55 54 50 51 52 52 53 53 53 53 54 54 54 55 55 56 56 57 58 59 60 60 59 59 59 59 59 59 59 59 59 59 59 59 59 59 59 59 59 59 59 59 59 59 59 59 58 58 58 58 58 58 58 58 58 58 58 58 58 58 58 58 58 58 58 58 58 58 58 58 58 59 59 59 59 59 59 59 59 59 59 59 59 59 59 59 60 60 60 60 61 61 61 62 61 61 61 61 61 61 61 62 64 65 65 65 65 65 65 65 64 64 64 64 64 64 64 64 63 62 61 60 61 61 61 62 62 63 63 63 63 63 63 64 62 61 60 60 59 59 59 59 63 56 46 33 18 7 8 16 37 49 59 60 59 60 61 61 63 62 59 57 57 59 61 63 62 62 62 62 63 63 63 63 64 64 64 65 65 63 58 54 54 53 50 50 51 55 59 62 62 64 65 65 64 64 65 66 59 61 62 65 65 65 62 61 64 63 61 61 61 62 63 62 60 59 59 59 59 59 59 59 59 59 59 59 59 59 59 59 57 57 56 55 53 52 51 51 48 50 52 49 42 32 21 14 5 13 26 39 48 52 52 51 50 51 52 55 58 60 59 57 56 62 68 68 66 58 44 33 12 21 48 87 129 169 182 169 135 93 79 80 112 128 150 144 143 142 140 140 140 144 148 150 148 147 146 145 145 145 145 146 146 146 146 146 146 146 146 146 145 145 146 147 147 148 149 149 151 151 151 150 150 149 149 149 147 147 147 147 147 147 147 147 148 148 147 147 147 147 146 146 137 144 151 144 119 90 75 73 101 125 147 150 144 143 144 143 142 142 143 143 144 144 144 145 144 144 144 145 145 146 146 146 146 147 148 149 149 149 149 148 150 150 150 150 150 150 150 150 149 149 149 149 150 150 150 150 149 148 145 144 147 150 145 136 121 94 71 76 99 123 137 142 138 137 140 146 152 152 146 140 142 145 147 148 147 147 148 149 149 150 150 150 150 150 150 150 0 0 0 0 0 0 0 0
0 0 0 0 0 0 0 0 126 130 134 134 131 130 131 134 134 132 129 132 139 143 142 140 140 140 140 140 140 140 140 140 139 139 139 139 139 139 139 138 138 138 134 123 93 57 29 17 33 42 51 51 49 48 48 47 48 48 48 49 48 49 50 50 51 51 51 51 51 51 51 51 51 51 51 51 51 51 51 51 51 51 51 51 51 51 51 51 51 51 51 51 51 51 51 51 51 51 51 51 51 51 51 51 52 53 54 54 54 55 55 55 53 53 54 54 54 54 54 54 54 45 35 24 12 6 9 17 33 44 53 53 50 51 52 52 52 52 53 53 53 54 54 54 54 55 56 57 58 59 60 60 59 59 59 59 59 59 59 59 59 59 59 59 59 59 59 59 59 59 59 59 59 59 59 59 58 58 58 58 58 58 58 58 58 58 58 58 58 58 58 58 58 58 58 58 58 58 58 58 58 59 59 59 59 59 59 59 59 59 59 59 59 59 59 59 59 59 60 60 60 61 61 61 60 60 60 60 60 60 60 61 63 64 63 64 63 64 63 64 63 65 64 66 64 64 61 60 62 63 63 63 62 62 61 61 61 61 61 61 61 61 62 62 60 62 61 61 59 59 57 56 62 57 47 34 17 6 7 16 34 49 60 61 57 59 63 64 62 60 59 57 57 59 61 62 62 62 62 62 62 62 62 62 67 67 66 64 58 49 40 34 33 32 31 29 30 35 40 45 48 49 51 53 56 59 63 65 59 61 62 63 64 63 62 61 64 64 63 63 62 62 60 58 59 59 59 59 59 59 59 59 60 60 60 60 60 60 60 60 57 57 56 55 53 52 51 51 49 49 52 51 47 36 23 14 4 10 21 34 45 52 54 54 50 51 52 55 59 61 59 57 56 62 67 67 66 61 49 39 13 18 40 77 119 161 180 174 147 102 81 74 103 123 148 145 144 144 142 141 140 143 148 151 148 147 146 145 145 145 145 146 146 146 146 146 146 146 146 146 145 145 146 147 147 148 149 149 151 151 151 150 150 149 149 149 147 147 147 147 147 147 147 147 147 147 147 147 147 147 147 147 144 147 149 142 120 95 79 76 95 120 145 152 147 143 143 144 142 142 143 143 144 145 145 146 144 144 144 145 145 146 146 146 146 147 148 149 149 149 149 148 150 150 150 150 150 150 150 150 149 149 149 149 149 149 149 150 150 148 144 141 144 148 146 140 119 95 74 76 95 116 130 138 141 139 140 146 152 152 145 138 143 145 147 148 147 147 148 149 150 150 151 151 151 151 151 151 0 0 0 0 0 0 0 0
0 0 0 0 0 0 0 0 125 129 133 134 132 130 131 133 135 132 130 132 139 142 141 140 140 140 140 140 140 140 140 140 139 139 139 139 139 139 139 138 137 138 135 124 94 58 29 17 33 42 51 51 49 48 48 47 48 48 48 49 48 49 50 50 51 51 51 51 51 51 51 51 51 51 51 51 51 51 51 51 51 51 51 51 51 51 51 51 51 51 51 51 51 51 51 51 51 51 51 51 51 51 51 51 52 53 54 54 54 55 55 55 53 53 54 54 54 54 54 54 53 46 38 28 16 8 9 16 27 39 49 50 49 50 51 51 52 52 52 53 53 53 54 54 53 54 55 56 57 59 60 60 59 59 59 59 59 59 59 59 59 59 59 59 59 59 59 59 59 59 59 59 59 59 59 59 58 58 58 58 58 58 58 58 58 58 58 58 58 58 58 58 58 58 58 58 58 58 58 58 58 59 59 59 59 59 59 59 59 59 59 59 59 59 59 59 59 59 59 60 60 60 61 61 60 60 60 60 60 60 60 61 62 63 63 63 63 63 63 63 63 64 65 65 65 63 61 59 61 62 62 64 63 62 61 60 60 60 60 61 61 61 61 61 60 60 58 59 58 59 60 60 60 55 46 34 15 4 5 15 31 47 59 60 56 58 62 65 61 61 59 58 58 58 58 60 62 62 62 62 62 62 62 62 71 69 65 57 45 32 22 16 16 17 17 16 16 19 25 30 28 30 35 41 49 57 62 65 59 60 61 62 62 62 61 61 62 62 63 63 61 59 58 57 59 59 59 59 59 59 59 59 60 60 60 60 60 60 60 60 57 57 56 55 53 52 51 51 51 50 51 52 50 40 24 12 6 10 18 30 43 52 55 56 51 52 53 55 59 61 59 58 56 62 67 66 65 61 50 41 13 12 29 62 101 145 172 173 153 110 88 71 94 113 141 141 144 145 144 142 140 141 146 149 148 147 146 145 145 145 145 146 146 146 146 146 146 146 146 146 145 145 146 147 147 148 149 149 151 151 151 150 150 149 149 149 147 147 147 147 147 147 147 147 147 147 147 147 147 147 147 147 145 146 147 142 125 101 83 77 93 117 143 153 149 144 143 144 142 142 143 144 145 146 146 147 144 144 144 145 145 146 146 146 146 147 148 149 149 149 149 148 150 150 150 150 150 150 150 150 149 149 149 149 149 149 149 148 149 149 146 142 143 147 144 139 118 98 78 76 89 108 127 140 147 145 144 147 151 150 144 138 143 145 148 148 148 147 148 150 150 150 151 151 151 151 151 151 0 0 0 0 0 0 0 0
0 0 0 0 0 0 0 0 122 127 132 134 132 131 132 134 137 134 131 133 139 142 141 139 139 139 139 139 139 139 139 139 138 138 139 139 139 139 140 139 137 138 136 125 95 58 29 17 33 42 51 51 49 48 48 47 48 48 48 49 48 49 50 50 51 51 51 51 51 51 51 51 51 51 51 51 51 51 51 51 51 51 51 51 51 51 51 51 51 51 51 51 51 51 51 51 51 51 51 51 51 51 51 51 51 53 53 53 54 54 54 55 52 52 53 53 53 53 53 53 56 50 42 33 20 8 7 11 22 34 46 48 48 49 51 50 51 52 52 52 53 53 53 53 52 53 54 56 57 59 60 60 59 59 59 59 59 59 59 59 59 59 59 59 59 59 59 59 59 59 59 59 59 59 59 59 58 58 58 58 58 58 58 58 58 58 58 58 58 58 58 58 58 58 58 58 58 58 58 58 58 59 59 59 59 59 59 59 59 59 59 59 59 59 59 59 58 59 59 59 60 60 60 60 59 59 59 59 59 59 59 59 61 62 62 62 62 62 62 62 63 64 64 65 64 63 61 60 60 62 62 62 62 61 60 60 60 60 60 60 60 61 61 61 60 59 58 57 58 59 62 63 58 54 46 32 13 1 4 15 33 49 60 60 56 56 59 62 62 61 59 58 58 58 58 58 61 62 62 62 61 61 61 61 69 66 57 44 30 18 10 7 9 12 15 14 11 11 14 18 17 18 23 31 43 54 62 66 60 60 61 61 61 61 60 60 61 62 62 62 60 59 58 58 59 59 59 59 59 59 59 59 60 60 60 60 60 60 60 60 57 57 56 55 53 52 51 51 54 51 50 52 52 44 28 14 9 10 16 26 39 49 54 54 51 52 53 56 60 61 60 58 55 60 66 65 64 61 52 44 21 13 20 43 78 126 167 182 159 122 99 73 83 98 131 136 143 146 147 145 141 140 144 148 148 147 146 145 145 145 145 146 146 146 146 146 146 146 146 146 145 145 146 147 147 148 149 149 151 151 151 150 150 149 149 149 147 147 147 147 147 147 147 147 146 146 147 147 147 147 148 148 140 142 148 149 136 111 87 76 92 112 137 151 151 147 144 144 142 142 143 144 145 146 147 147 144 144 144 145 145 146 146 146 146 147 148 149 149 149 149 148 150 150 150 150 150 150 150 150 149 149 149 149 148 148 148 148 147 149 147 144 144 145 142 137 123 105 84 73 77 96 123 145 151 150 148 148 147 145 142 139 144 146 148 149 148 148 149 150 150 150 151 151 151 151 151 151 0 0 0 0 0 0 0 0
0 0 0 0 0 0 0 0 120 125 131 134 133 131 133 134 139 136 133 135 140 142 140 138 139 139 139 139 139 139 139 139 138 138 138 139 139 140 140 139 137 138 136 125 95 59 30 17 33 42 51 51 49 48 48 47 48 48 48 49 48 49 50 50 51 51 51 51 51 51 51 51 51 51 51 51 51 51 51 51 51 51 51 51 51 51 51 51 51 51 51 51 51 51 51 51 51 51 51 51 51 51 51 51 50 52 52 52 53 53 53 54 52 52 53 53 53 53 53 53 57 51 45 36 22 10 6 9 19 32 44 47 47 49 51 51 51 51 52 52 52 53 53 53 52 52 54 55 57 59 60 60 59 59 59 59 59 59 59 59 59 59 59 59 59 59 59 59 59 59 59 59 59 59 59 59 58 58 58 58 58 58 58 58 58 58 58 58 58 58 58 58 58 58 58 58 58 58 58 58 58 59 59 59 59 59 59 59 59 59 59 59 59 59 59 59 58 58 59 59 59 60 60 60 59 59 59 59 58 58 58 59 60 61 61 61 61 61 61 61 62 62 63 63 63 62 61 62 61 60 60 59 59 60 60 60 60 60 60 60 60 61 61 61 59 59 59 59 60 60 60 60 58 55 47 33 13 0 4 16 36 49 59 60 57 58 60 61 59 59 59 59 58 58 58 59 61 61 60 60 59 59 59 58 62 56 45 31 17 9 7 8 16 20 25 26 22 18 18 19 15 12 13 21 34 48 58 64 61 61 61 61 60 61 61 60 61 61 59 60 60 60 60 60 59 58 59 59 59 59 59 59 59 59 59 59 59 59 59 59 57 57 56 55 53 52 51 51 55 51 49 53 56 49 34 20 11 10 13 22 35 46 50 51 51 52 53 56 60 62 60 58 55 60 65 65 65 64 55 48 29 16 14 30 58 107 159 185 169 137 113 75 72 81 120 133 141 146 149 148 143 140 143 146 149 148 147 146 146 146 146 147 147 147 147 147 147 147 147 146 145 145 146 147 147 148 149 149 151 151 151 150 150 149 149 149 147 147 147 147 147 147 147 147 146 146 146 147 147 148 148 148 140 141 147 151 142 119 94 80 89 105 129 146 152 149 146 145 142 142 143 144 146 147 148 148 144 144 144 145 145 146 146 146 146 147 148 149 149 149 149 148 150 150 150 150 150 150 150 150 149 149 149 148 148 147 147 147 146 148 147 143 143 145 143 139 127 113 93 76 70 82 112 139 150 151 150 146 142 140 140 142 144 145 147 148 147 147 148 149 149 149 149 149 149 149 149 149 0 0 0 0 0 0 0 0
0 0 0 0 0 0 0 0 118 124 131 134 133 132 132 135 141 137 134 136 139 141 140 138 138 139 138 139 139 139 139 140 138 139 138 140 139 141 140 139 137 137 137 126 96 59 30 18 33 43 51 52 49 48 49 48 49 49 48 49 49 50 50 51 52 51 51 51 51 51 50 50 51 51 51 51 51 51 51 51 51 51 51 51 51 51 51 51 50 51 50 51 50 51 50 51 50 51 50 51 50 51 50 51 50 51 51 52 52 52 53 53 52 52 53 53 53 53 53 53 54 50 44 37 24 12 8 11 18 31 44 48 48 50 52 51 51 51 51 52 52 53 53 53 51 52 53 55 57 59 60 61 59 59 59 59 59 59 59 59 59 59 59 59 59 59 59 59 59 59 59 59 59 59 59 59 58 58 58 58 58 58 58 58 58 58 58 58 58 58 58 58 58 58 58 58 58 58 58 58 59 59 59 59 59 59 59 59 59 59 59 59 59 59 59 59 58 58 58 59 59 60 60 60 59 59 59 59 59 59 59 59 60 60 60 60 60 60 60 60 61 61 61 61 61 61 61 62 60 60 58 58 57 58 58 60 59 60 59 60 59 60 60 61 58 60 61 61 61 59 57 55 57 55 48 33 14 1 5 16 34 47 57 59 58 61 62 62 57 57 57 58 58 59 59 60 59 60 60 59 59 58 58 57 56 50 37 23 11 7 10 13 30 36 43 44 38 33 30 31 15 11 7 12 24 40 52 58 61 61 60 60 60 60 60 61 61 60 59 59 59 60 60 61 59 59 59 59 59 59 59 59 59 59 59 59 59 59 59 59 57 57 56 55 53 52 51 51 56 50 49 53 58 54 39 26 12 10 11 19 32 43 47 48 51 52 54 56 60 62 60 57 55 60 63 65 65 65 59 51 29 14 11 22 44 92 146 174 178 148 121 77 66 71 114 131 140 146 150 148 144 140 141 145 148 147 146 146 145 146 145 147 146 147 146 147 146 147 146 146 145 145 146 147 147 148 149 149 151 151 151 150 150 149 149 149 147 147 147 147 147 147 147 147 146 146 146 147 147 148 148 148 145 143 145 148 142 122 101 89 86 100 122 142 152 151 148 146 142 142 143 144 146 147 148 149 144 144 144 145 145 146 146 146 146 148 148 150 149 149 149 148 150 150 150 150 150 150 150 150 149 149 149 148 148 147 147 147 145 147 145 141 141 145 145 142 126 117 101 83 69 75 100 127 147 149 149 144 137 135 139 143 143 145 148 148 147 147 148 149 149 149 149 149 149 149 149 149 0 0 0 0 0 0 0 0
0 0 0 0 0 0 0 0 105 127 132 123 131 134 126 140 136 146 138 134 137 137 140 134 130 148 142 135 140 144 140 134 148 143 143 141 143 141 117 150 138 132 144 120 97 63 23 32 21 47 58 45 47 54 47 51 55 49 43 55 46 43 60 48 56 63 54 51 56 50 36 56 50 50 50 50 50 50 50 50 50 50 50 50 50 50 50 50 49 50 49 50 49 50 49 50 49 50 49 50 49 50 49 50 50 51 51 50 50 50 49 49 51 51 51 51 51 51 51 52 54 52 48 38 26 16 11 10 18 26 38 47 50 50 50 50 51 51 51 52 52 53 52 52 56 54 54 56 58 60 59 58 59 59 59 59 59 59 59 59 60 60 60 60 60 60 60 60 59 59 59 59 59 59 60 60 58 58 58 58 58 58 58 58 58 58 58 58 58 58 58 58 58 58 58 58 58 58 58 58 58 58 58 58 58 58 58 58 58 58 58 58 58 58 58 58 60 60 60 60 60 60 60 60 61 61 61 61 61 61 61 61 60 60 60 60 60 60 60 60 60 60 60 60 60 60 60 60 60 60 60 59 59 58 58 58 57 58 57 59 58 60 59 60 61 62 61 61 61 60 60 60 56 51 42 30 13 1 4 13 33 45 55 56 55 56 57 57 61 60 59 59 59 60 60 61 64 63 60 56 56 57 51 43 42 35 26 15 6 4 16 29 44 55 61 59 52 48 43 40 20 9 0 5 18 34 49 60 58 57 58 58 58 58 59 60 60 61 61 61 61 61 61 60 59 59 59 59 59 59 59 59 59 59 59 59 59 59 59 59 56 56 55 54 53 52 52 51 55 56 56 56 57 55 45 33 17 8 5 14 29 39 45 49 52 52 52 55 59 62 60 58 56 58 61 63 64 63 61 60 37 25 17 7 33 79 120 168 171 163 116 84 69 66 97 124 136 146 152 147 140 140 142 143 146 145 144 143 142 144 145 147 145 146 145 146 145 145 144 144 145 144 145 146 146 147 148 148 149 149 148 148 148 147 147 147 147 147 147 147 147 147 147 147 145 146 146 147 147 148 148 149 140 145 149 150 146 134 112 92 88 96 114 136 148 148 145 144 143 143 144 145 145 146 147 147 145 145 145 145 145 145 145 145 148 148 148 149 149 149 150 150 149 149 149 149 149 149 149 149 148 148 148 147 147 146 146 146 145 144 142 141 141 142 144 145 128 123 109 87 67 67 93 121 144 149 148 142 136 137 139 140 146 146 147 148 148 148 147 147 148 148 148 149 149 150 150 150 0 0 0 0 0 0 0 0
0 0 0 0 0 0 0 0 96 101 109 141 204 217 163 133 127 138 127 131 144 131 128 153 147 137 126 145 149 137 177 235 232 231 219 185 208 209 158 128 136 146 140 124 101 60 22 5 40 39 40 65 62 49 60 54 36 63 61 46 58 59 44 57 45 53 53 46 57 61 43 48 50 51 50 51 50 51 50 51 50 51 50 51 50 51 50 50 50 50 49 50 49 50 49 50 49 50 49 50 49 50 49 50 51 52 51 51 51 50 50 51 51 51 51 51 51 51 52 52 51 51 49 41 30 20 13 10 16 25 37 47 51 51 51 51 51 51 51 52 52 53 52 52 54 53 53 55 58 60 59 58 58 58 58 58 58 58 58 58 59 59 59 59 59 59 59 59 59 58 58 58 58 58 59 59 58 58 58 58 58 58 58 58 58 58 58 58 58 58 58 58 58 58 58 58 58 58 58 58 58 58 58 58 58 58 58 58 58 58 58 58 58 58 58 59 59 60 59 60 59 60 59 60 60 61 60 61 60 61 60 61 60 61 60 61 60 61 60 61 60 61 60 61 60 61 60 60 60 60 60 59 59 58 58 58 57 57 57 58 58 59 59 60 60 61 61 60 60 59 59 60 58 53 44 30 13 1 4 14 32 44 53 55 53 56 58 59 61 59 59 59 59 59 60 62 63 63 60 56 56 55 47 38 32 24 16 11 10 16 30 44 55 63 69 68 63 59 52 46 25 11 0 2 14 29 45 56 57 57 58 58 59 60 60 60 61 61 61 61 62 62 62 62 60 59 59 59 59 59 59 59 58 58 58 58 58 58 58 58 57 56 56 55 54 53 53 52 55 56 57 56 58 56 47 36 24 13 6 13 24 35 42 48 53 53 52 56 60 63 60 58 58 59 61 62 64 63 63 63 48 33 19 2 20 63 105 158 167 166 127 95 74 64 89 112 130 142 151 146 138 138 141 144 148 145 145 143 142 144 145 145 145 145 145 145 144 144 144 144 144 144 145 146 146 147 148 148 149 149 149 149 148 148 148 148 147 147 147 147 147 147 147 147 146 146 147 147 147 147 148 148 143 146 148 150 149 139 117 96 88 91 105 126 142 148 147 147 144 144 144 145 145 146 146 146 146 146 146 146 146 146 146 146 148 149 149 149 150 150 150 150 149 149 149 149 149 149 149 149 148 148 148 147 147 146 146 146 146 144 142 141 141 142 144 146 133 128 114 93 70 68 90 116 135 142 145 140 135 136 139 142 145 146 147 148 148 148 147 147 148 148 148 149 149 150 150 150 0 0 0 0 0 0 0 0
0 0 0 0 0 0 0 0 82 115 135 123 131 131 122 156 145 148 137 139 156 140 119 135 121 143 141 146 138 133 180 226 173 215 230 152 147 129 133 141 132 149 133 123 96 61 42 32 19 59 59 61 54 49 65 42 63 51 55 58 62 60 48 54 52 63 70 44 54 68 51 47 51 52 51 52 51 52 51 52 51 52 51 52 51 52 51 51 50 51 50 51 50 51 50 51 50 51 50 51 50 51 50 51 52 53 52 52 52 51 51 51 51 52 52 52 52 52 52 52 49 52 52 48 38 26 16 11 14 23 36 47 52 54 53 52 52 52 52 53 52 53 53 53 53 52 53 55 59 61 61 60 59 59 59 59 59 59 59 59 58 58 58 58 58 58 58 58 57 57 57 57 57 57 57 57 59 59 59 59 59 59 59 59 59 59 59 59 59 59 59 59 59 59 59 59 59 59 59 59 59 59 59 59 59 59 59 59 59 59 59 59 59 59 59 59 60 61 60 61 60 61 60 61 61 62 61 62 61 62 61 62 61 62 61 62 61 62 61 62 61 62 61 62 61 62 61 61 60 61 61 60 60 59 59 59 58 58 58 59 59 60 60 61 61 62 62 61 61 60 60 61 62 56 46 31 13 2 5 14 32 44 53 54 53 56 60 61 61 60 60 60 60 60 61 63 62 63 61 57 55 52 42 32 23 14 7 10 19 31 47 58 61 66 69 69 68 66 58 49 29 13 0 0 11 27 44 56 58 58 59 61 62 62 61 61 62 62 62 62 62 63 63 62 60 60 60 60 60 60 60 60 59 59 59 59 59 59 59 59 58 58 58 57 56 55 55 55 54 57 58 57 58 59 52 43 32 19 7 10 17 30 39 47 52 53 53 57 60 62 61 60 59 60 60 62 63 64 65 67 58 44 29 6 12 45 83 138 159 169 141 111 85 65 82 99 122 138 150 147 137 135 140 145 149 149 147 145 145 145 146 147 147 147 146 146 146 145 145 144 144 145 146 147 147 148 149 149 151 151 151 150 150 149 149 149 147 149 149 149 149 149 149 149 150 150 149 149 149 149 148 148 149 148 148 151 154 148 127 106 93 90 96 115 136 147 149 147 144 144 145 145 145 145 146 146 146 146 146 146 146 146 146 146 149 150 150 151 151 152 152 152 151 151 151 151 150 150 150 150 149 149 149 148 148 147 147 147 148 146 143 140 140 143 146 147 141 136 122 101 78 71 86 106 124 136 144 141 135 135 140 143 145 146 147 148 149 149 148 148 149 149 149 150 150 151 151 151 0 0 0 0 0 0 0 0
0 0 0 0 0 0 0 0 93 99 109 127 197 229 199 215 209 236 242 199 199 250 226 146 199 236 232 231 221 208 235 245 235 225 215 168 230 209 217 222 229 224 208 164 91 49 28 71 214 211 217 143 52 109 218 237 240 104 109 209 185 196 237 162 218 208 180 80 43 51 53 56 53 53 52 53 52 53 52 53 52 53 52 53 52 53 52 52 52 52 52 52 52 52 52 52 52 52 52 52 52 52 52 52 52 52 52 52 51 51 51 50 51 52 52 52 52 52 52 52 51 55 56 54 44 31 17 9 12 21 33 46 52 55 53 53 52 53 52 54 53 54 53 54 53 53 53 56 60 62 63 62 60 61 60 61 60 61 60 61 59 60 59 60 59 60 59 59 59 59 59 59 59 59 59 59 59 59 59 60 60 60 60 60 59 59 59 59 59 59 59 59 59 59 59 59 59 59 59 59 59 60 59 60 59 60 59 60 59 60 59 60 59 60 59 60 60 61 60 61 60 61 60 61 61 62 61 62 61 62 61 62 62 63 62 63 62 63 62 63 62 63 62 63 62 63 62 63 61 62 61 61 60 60 59 60 58 59 58 60 59 61 60 61 62 62 62 62 62 61 61 61 63 56 45 30 12 1 4 14 34 44 53 53 52 54 58 59 62 61 60 60 60 61 62 63 61 63 61 57 54 49 38 26 18 8 3 12 27 42 54 62 62 63 62 61 64 66 60 51 32 16 0 0 11 27 45 57 58 59 60 63 62 63 62 62 62 63 62 63 63 64 63 63 61 61 60 61 60 61 60 61 60 61 60 61 60 61 60 61 58 59 58 58 57 57 56 57 55 59 58 57 58 60 55 49 37 23 8 7 13 24 37 48 51 53 54 58 59 62 61 61 61 61 60 61 62 64 67 69 65 55 43 18 14 33 64 118 151 173 155 129 97 71 81 94 117 137 152 149 138 134 139 145 151 149 147 146 145 146 147 147 147 147 147 147 146 146 145 146 145 146 146 148 147 149 149 150 151 152 151 152 150 151 149 150 149 149 149 149 149 149 149 149 151 150 150 149 149 148 148 147 153 149 147 150 157 154 135 115 98 88 88 106 130 144 146 144 146 146 145 146 145 146 145 146 147 148 147 148 147 148 147 148 150 150 151 151 152 152 152 152 150 150 150 150 149 149 149 149 149 150 149 149 148 148 147 148 150 148 143 141 140 144 147 151 146 141 130 109 86 73 81 95 115 132 143 142 136 135 139 144 145 145 147 148 148 149 148 148 149 149 149 150 150 151 151 151 0 0 0 0 0 0 0 0
0 0 0 0 0 0 0 0 76 96 123 140 206 229 189 218 241 157 202 248 210 209 218 193 225 197 165 213 220 169 192 231 182 206 227 188 237 182 211 247 191 181 226 189 100 75 56 179 213 86 169 205 156 211 182 63 175 204 144 208 211 116 177 237 134 167 206 116 69 62 52 45 54 55 54 55 54 55 54 55 54 55 54 55 54 55 54 54 54 53 53 53 53 53 53 53 53 53 53 53 53 53 53 53 51 52 52 51 51 51 50 50 52 52 52 53 53 53 53 54 55 58 59 58 48 35 18 9 12 19 30 42 50 55 54 54 53 54 53 55 54 55 55 55 55 55 55 59 62 65 65 65 62 63 62 63 62 63 62 63 60 61 60 61 60 61 60 60 60 60 60 60 60 60 60 60 60 60 60 60 60 61 61 61 60 60 60 60 60 60 60 60 60 60 60 60 60 60 60 60 60 61 60 61 60 61 60 61 60 61 60 61 60 61 60 62 61 62 61 62 61 62 61 62 62 63 62 63 62 63 62 63 63 64 63 64 63 64 63 64 63 64 63 64 63 64 63 64 63 63 63 62 62 61 61 61 60 60 60 61 61 62 62 62 63 63 63 63 63 62 62 62 63 57 46 31 13 1 4 14 34 46 54 54 53 55 58 57 63 62 61 61 61 62 63 64 61 63 62 58 55 49 37 25 14 6 4 17 36 50 58 62 62 60 55 53 58 64 62 55 39 22 6 4 14 29 45 56 57 59 60 63 63 64 63 63 63 64 64 64 64 65 64 64 62 62 61 62 61 62 61 62 62 63 62 63 62 63 62 63 59 60 59 59 58 59 58 58 56 59 59 57 57 61 58 54 41 27 10 7 10 22 37 49 50 53 55 58 59 62 62 63 62 62 61 60 61 65 68 71 72 61 49 22 11 21 48 104 148 178 168 144 108 76 81 86 115 136 152 150 140 135 139 144 152 151 149 147 147 147 148 148 148 148 148 148 148 147 147 146 147 147 147 149 148 150 150 151 152 153 152 152 151 151 150 151 149 150 150 150 150 150 150 150 152 151 151 150 150 149 149 148 156 151 147 150 158 158 143 125 101 87 83 100 127 144 147 144 149 148 147 147 146 146 145 145 148 149 148 149 148 149 148 149 150 151 151 152 152 153 153 153 151 151 151 151 150 150 150 150 150 151 150 150 149 149 148 149 151 149 144 142 141 145 148 151 148 144 136 118 95 78 77 85 108 127 143 145 139 138 141 143 144 145 147 148 149 149 149 149 150 150 150 151 151 152 152 152 0 0 0 0 0 0 0 0
0 0 0 0 0 0 0 0 77 87 107 120 200 235 196 238 212 130 206 234 159 193 241 203 247 183 132 207 229 165 191 239 178 218 227 184 240 194 214 228 140 135 225 201 99 69 37 199 184 38 65 73 112 214 146 60 161 229 155 211 190 73 158 198 114 153 215 114 57 54 62 63 56 56 56 56 56 56 56 56 56 56 56 56 56 56 56 56 55 55 55 55 55 55 55 55 55 55 55 55 55 55 55 55 54 54 54 54 53 53 52 52 53 53 53 54 53 54 53 53 58 60 60 59 51 38 22 13 13 19 26 38 47 54 54 54 54 55 54 56 55 56 56 56 56 57 56 59 62 65 64 65 63 63 63 63 63 63 63 63 63 63 63 63 63 63 63 63 63 63 62 63 63 63 63 63 62 62 62 62 62 63 62 62 62 62 62 62 62 62 62 62 62 62 62 62 62 62 62 62 62 63 62 63 62 63 62 63 62 63 62 63 62 63 62 63 63 64 64 64 64 64 64 64 65 65 65 65 65 65 65 65 65 65 65 65 65 65 65 65 65 65 65 65 65 65 65 65 64 65 65 64 64 63 63 63 62 62 62 63 63 64 64 64 64 65 64 64 63 63 62 63 62 58 48 36 17 6 6 15 33 45 55 56 54 56 57 57 64 63 62 63 62 64 64 65 62 64 62 59 56 52 39 28 13 6 4 20 38 54 60 64 60 56 49 47 50 57 56 52 44 29 13 12 18 31 43 52 56 58 60 63 64 64 63 63 64 65 65 66 65 66 65 65 63 63 62 63 62 63 62 63 62 63 62 63 62 63 62 63 59 60 59 60 58 59 58 59 57 61 60 57 55 60 59 58 46 31 15 9 12 20 35 47 50 53 57 59 60 61 63 65 62 61 61 61 62 64 67 69 77 63 50 22 7 14 38 93 142 179 177 156 120 85 81 81 112 132 149 151 143 140 142 144 150 149 148 146 147 148 149 150 149 149 149 148 148 148 148 148 147 147 148 149 149 150 151 151 152 152 151 151 151 150 150 151 150 151 150 151 150 151 150 151 151 152 150 151 150 151 149 150 156 153 147 149 155 159 147 134 102 87 79 95 120 141 147 147 151 150 149 149 146 146 145 145 148 149 148 149 148 149 148 149 150 151 150 151 151 151 152 152 150 150 150 150 150 150 149 150 151 151 151 150 150 149 149 149 152 149 146 144 144 146 149 152 149 146 139 126 104 84 77 80 102 120 138 145 144 143 143 144 144 146 146 149 149 150 150 150 150 151 150 152 151 153 152 153 0 0 0 0 0 0 0 0
0 0 0 0 0 0 0 0 68 86 117 129 203 229 178 227 223 129 208 241 165 191 239 220 234 194 143 206 227 172 198 225 180 227 216 171 227 196 215 225 145 149 232 216 110 76 43 195 181 66 62 56 126 232 154 70 144 221 159 214 187 72 166 226 101 141 224 125 71 61 61 54 58 58 58 58 58 58 58 58 58 58 58 58 58 58 58 58 57 57 57 57 57 57 57 57 57 57 57 57 57 57 57 57 57 57 57 56 56 56 55 55 54 54 54 55 54 55 54 54 58 59 57 57 51 42 28 19 15 18 23 34 44 52 53 54 55 56 55 57 56 57 57 57 57 57 55 58 60 63 62 62 62 62 62 62 62 62 62 62 62 62 62 62 62 62 62 62 62 62 61 62 62 62 62 62 63 63 63 63 63 64 63 63 63 63 63 63 63 63 63 63 63 63 63 63 63 63 63 63 63 64 63 64 63 64 63 64 63 64 63 64 63 64 63 64 65 65 65 65 65 65 65 65 66 66 66 66 66 66 66 66 66 66 66 66 66 66 66 66 66 66 66 66 66 66 66 67 66 66 66 65 65 64 64 64 63 63 63 64 64 65 65 66 65 66 66 65 65 64 64 65 63 60 52 41 22 11 11 18 28 42 54 58 57 59 59 59 65 65 64 64 63 65 65 66 63 64 63 60 58 55 44 33 20 11 8 19 37 51 60 66 59 58 52 49 48 52 49 45 39 26 14 16 24 36 46 54 55 58 60 64 64 65 62 62 66 66 66 67 66 67 66 66 64 64 63 64 63 64 63 64 61 62 61 62 61 62 61 62 58 59 58 59 59 60 59 60 59 62 60 56 54 58 60 60 50 36 21 14 13 19 31 43 49 54 58 60 60 61 64 66 63 63 62 63 63 64 65 67 75 64 56 33 17 15 29 79 125 170 177 163 131 94 85 78 106 126 143 149 145 144 144 144 148 149 148 147 147 148 150 151 150 150 150 150 149 149 149 149 148 148 149 150 150 151 152 152 152 152 151 151 150 150 150 150 151 152 151 152 151 152 151 152 150 151 151 152 151 152 152 153 156 154 149 149 153 157 149 140 113 94 79 89 111 132 142 145 152 152 150 150 147 147 145 146 149 150 149 150 149 150 149 150 150 151 150 150 151 151 152 152 151 151 151 151 151 151 150 151 152 152 152 151 151 150 150 150 151 150 148 146 146 148 150 150 149 147 144 135 115 92 80 79 93 110 131 143 147 148 146 145 144 147 147 150 150 152 151 153 151 153 151 154 152 155 153 155 0 0 0 0 0 0 0 0
0 0 0 0 0 0 0 0 68 74 93 105 192 229 177 227 206 130 198 220 166 207 231 197 236 204 154 216 228 169 201 233 178 231 218 187 234 196 213 237 174 180 229 211 104 70 46 178 212 86 173 224 171 210 183 68 202 200 141 215 182 77 162 204 120 146 221 117 67 64 69 64 60 60 60 60 60 60 60 60 60 60 60 60 60 60 60 60 59 59 59 59 59 59 59 59 59 59 59 59 59 59 59 59 61 61 61 60 60 60 59 59 56 56 56 56 56 56 56 56 58 57 56 56 52 45 33 25 17 19 22 32 42 51 53 54 56 57 56 58 57 59 58 59 57 56 56 57 59 62 60 60 62 62 62 62 62 62 62 62 63 63 63 63 63 63 63 63 62 62 62 62 63 63 63 63 65 65 65 65 65 65 65 65 65 65 65 65 65 65 65 65 65 65 65 65 65 65 65 65 65 65 65 65 65 65 65 65 65 65 65 65 65 65 65 66 68 68 68 68 68 68 68 68 69 69 69 69 69 69 69 69 68 68 68 68 68 68 68 68 68 68 68 68 68 68 68 68 67 68 68 67 67 66 66 66 65 65 65 66 66 67 67 67 67 67 67 66 66 65 65 65 64 61 56 45 28 15 15 22 24 40 53 60 60 62 63 62 66 66 65 66 65 66 67 68 65 65 64 61 60 57 48 38 29 18 12 19 33 47 57 65 66 68 66 61 59 58 53 47 32 21 14 18 30 42 54 62 56 57 61 65 67 66 64 63 68 68 68 68 69 69 69 67 65 65 64 65 64 65 64 65 60 61 60 61 60 61 60 61 58 60 59 60 59 60 60 60 62 63 61 56 53 58 60 61 54 42 27 19 16 20 30 40 51 55 60 62 62 63 66 69 63 63 63 63 64 65 64 65 69 64 65 50 35 23 24 64 109 159 174 167 140 104 93 83 101 120 140 148 148 147 147 146 148 148 147 147 148 149 151 151 150 150 150 150 150 150 150 150 149 149 150 151 151 152 153 153 152 152 151 151 151 150 150 150 152 153 153 153 153 153 153 153 151 152 152 153 153 154 154 155 157 155 151 149 152 156 151 143 126 103 83 85 104 123 135 141 154 153 151 151 148 148 146 146 149 150 149 150 149 150 149 150 150 150 150 151 151 151 151 151 151 151 151 151 151 151 151 151 152 152 152 151 151 150 150 150 151 150 148 147 147 148 150 151 149 149 147 140 121 98 84 80 86 105 127 142 149 153 151 147 146 148 148 151 151 153 153 154 153 154 153 155 154 156 155 156 0 0 0 0 0 0 0 0
0 0 0 0 0 0 0 0 41 72 59 74 183 214 171 218 198 93 172 239 146 175 248 173 184 250 234 232 213 158 185 240 171 205 219 183 237 187 215 235 237 234 211 154 168 204 118 11 206 230 234 157 81 130 220 238 230 119 109 210 183 98 142 216 110 169 191 136 74 59 65 66 62 62 62 62 62 62 62 62 62 62 62 62 62 62 62 62 61 61 61 61 61 61 61 61 61 61 61 61 61 61 61 61 62 63 63 64 64 63 63 62 62 62 62 61 61 60 60 60 57 57 57 56 53 45 36 29 20 20 22 28 37 47 54 58 58 58 58 59 59 60 59 60 58 59 58 60 59 61 60 60 60 61 62 63 63 63 63 62 64 64 64 64 64 64 64 64 63 63 63 63 63 63 64 64 67 67 67 67 68 68 68 68 69 69 68 68 68 68 68 68 67 67 67 67 67 67 67 68 68 68 68 68 68 68 68 68 68 68 68 68 68 68 68 68 70 70 70 70 70 70 70 70 70 70 70 70 70 70 70 71 72 72 72 72 72 72 72 72 71 71 71 71 71 71 71 72 70 70 70 69 69 68 68 68 67 67 67 67 67 67 67 67 68 68 68 67 67 66 66 66 66 63 58 51 41 32 24 20 30 39 50 63 68 68 64 61 66 66 65 66 65 66 65 65 66 64 63 64 65 59 49 40 29 22 17 21 30 39 51 62 68 70 69 62 56 52 45 38 21 16 13 17 28 43 54 60 56 58 61 64 66 67 66 66 67 67 68 69 69 70 70 69 66 65 65 64 64 63 63 63 63 62 61 60 60 60 60 61 60 61 60 61 61 61 61 61 61 61 59 60 59 60 60 62 57 46 33 23 16 15 23 33 44 52 61 66 66 64 64 64 63 63 65 66 66 67 67 68 67 72 72 59 34 18 23 38 86 138 164 176 153 134 93 82 99 112 130 145 152 152 148 145 144 147 150 151 151 151 153 153 152 152 152 152 152 152 152 152 151 151 152 152 152 153 153 153 153 153 152 151 151 152 153 154 155 156 156 156 156 156 156 156 157 157 157 158 159 160 162 162 165 159 153 152 155 155 152 149 128 110 91 86 95 111 130 143 153 154 152 151 149 150 151 154 152 152 151 151 150 150 149 150 151 151 151 151 151 151 150 150 151 151 151 151 151 151 151 151 151 151 151 151 151 151 151 151 154 154 154 153 153 153 152 153 151 150 150 145 134 114 93 79 80 95 118 140 151 153 146 141 147 150 152 156 156 158 156 156 156 157 157 158 157 159 158 159 0 0 0 0 0 0 0 0
0 0 0 0 0 0 0 0 15 28 25 16 48 52 23 50 43 38 46 69 82 92 115 145 141 111 124 230 230 114 82 97 98 97 107 86 128 133 213 237 176 149 145 128 105 74 30 24 28 34 66 80 63 65 73 59 69 67 65 70 52 55 82 60 53 69 74 66 66 74 72 60 64 64 64 64 64 64 64 64 64 64 64 64 64 64 64 64 63 63 63 63 63 63 63 63 63 63 63 63 63 63 63 63 64 65 65 66 66 65 65 64 64 64 64 63 63 62 62 61 59 59 59 59 56 49 40 34 25 24 26 31 40 50 56 60 60 60 60 61 61 62 62 62 61 61 60 61 61 62 62 62 62 63 64 65 65 65 65 64 66 66 66 66 66 66 66 66 66 66 66 66 66 66 66 66 68 68 68 68 69 69 69 69 70 69 69 69 69 69 69 69 69 69 69 69 69 69 69 70 70 70 70 70 70 70 70 70 70 70 70 70 70 70 70 70 71 71 71 71 71 71 71 71 71 71 71 71 71 71 71 71 73 73 73 73 73 73 73 73 72 72 72 72 72 72 72 72 71 72 72 71 71 70 70 70 69 69 69 69 69 69 69 69 69 69 69 68 68 68 67 68 67 66 60 55 46 37 30 25 33 40 51 61 67 68 65 63 67 67 67 67 67 67 67 67 68 66 64 66 66 62 52 45 33 26 20 24 30 40 49 60 62 65 63 57 49 46 37 31 19 16 13 20 31 47 56 61 58 60 62 66 68 69 68 67 69 69 69 71 70 72 71 71 67 67 67 66 66 65 65 65 65 64 63 62 62 62 62 63 63 63 63 63 63 63 63 63 62 62 63 63 63 64 65 66 62 51 38 27 19 16 23 32 46 53 62 66 66 65 64 65 64 66 66 67 68 68 68 68 75 78 77 64 39 17 15 24 65 119 153 179 164 147 101 86 94 106 123 137 143 144 142 140 144 146 149 148 148 147 148 150 148 148 148 148 148 148 148 148 148 149 149 150 150 151 150 151 150 151 149 149 148 150 150 151 154 155 154 155 154 155 154 155 154 155 154 155 155 158 158 160 160 155 149 149 150 152 148 146 130 114 94 88 91 105 122 137 150 151 149 148 145 146 148 151 147 148 148 150 149 150 149 149 148 148 148 148 148 148 148 148 149 148 148 148 148 148 148 148 149 149 149 149 149 149 149 149 150 150 150 149 149 149 148 148 147 147 146 143 134 117 98 83 78 89 106 123 137 143 142 141 144 146 148 151 152 153 152 152 153 154 154 155 154 156 155 156 0 0 0 0 0 0 0 0
0 0 0 0 0 0 0 0 21 20 36 33 21 25 23 29 19 35 32 39 61 73 96 142 230 243 252 234 131 61 77 59 75 54 69 76 87 121 208 214 150 128 124 112 88 56 29 36 28 28 49 78 83 71 67 70 66 62 59 76 72 55 63 66 73 66 61 66 70 67 63 61 66 66 65 66 65 66 65 66 65 66 65 66 65 66 65 66 65 65 65 65 65 65 65 65 65 65 65 65 65 65 65 66 66 68 67 68 68 67 67 66 66 66 66 65 65 64 64 63 61 60 61 62 60 54 45 39 30 29 30 34 43 51 57 60 62 62 62 63 63 64 63 63 62 62 62 63 63 64 64 64 64 65 66 67 67 67 67 66 68 68 68 68 68 68 68 68 68 68 68 68 68 68 68 68 69 69 70 70 70 70 70 70 71 71 71 71 71 71 71 71 72 72 72 72 72 72 72 72 72 72 72 72 72 72 72 72 72 72 72 72 72 72 72 72 72 72 72 72 72 72 72 72 72 72 72 72 72 72 72 72 73 73 73 73 73 73 73 73 72 72 72 72 72 72 72 73 73 73 73 72 72 71 71 71 70 70 70 70 70 70 70 70 71 71 70 70 69 69 68 69 69 69 66 60 53 46 38 35 37 44 51 60 66 67 66 65 68 68 68 68 68 68 68 67 67 66 66 67 68 64 57 51 41 33 27 28 33 39 48 56 58 62 59 53 46 43 35 28 20 19 19 27 39 53 61 65 62 64 65 68 69 70 69 69 70 71 70 72 71 73 72 72 69 68 68 67 67 66 66 66 66 65 64 63 63 63 63 64 64 64 64 64 64 64 65 65 64 64 64 65 66 68 69 71 69 57 44 32 23 19 24 32 47 54 62 66 66 64 65 66 66 67 67 68 69 69 69 70 76 78 78 70 49 25 15 15 48 99 134 169 165 154 109 93 102 112 126 138 144 146 145 146 155 157 159 159 156 155 155 155 156 156 156 156 156 156 156 156 156 157 156 157 157 158 157 159 157 158 156 157 156 157 157 158 164 164 164 164 164 164 164 164 164 163 163 163 164 165 167 167 167 162 158 157 158 159 157 155 139 124 107 96 94 103 121 137 151 151 150 149 146 147 148 151 150 153 154 157 158 159 158 157 156 156 156 156 156 156 156 156 157 156 156 156 156 156 156 156 157 157 157 157 157 157 157 157 156 156 156 156 155 155 154 154 154 154 154 153 148 134 117 103 91 96 106 119 134 145 151 153 152 154 155 157 157 159 157 158 160 161 161 162 161 163 162 163 0 0 0 0 0 0 0 0
0 0 0 0 0 0 0 0 25 18 26 30 25 30 30 23 28 19 39 50 33 52 86 87 87 70 58 59 39 49 75 38 39 28 39 58 49 69 116 106 104 100 93 77 69 62 36 10 25 55 68 66 66 61 59 69 59 69 60 58 67 61 57 66 71 72 76 77 68 60 65 76 68 68 67 68 67 68 67 68 67 68 67 68 67 68 67 67 67 67 66 67 66 67 66 67 66 67 66 67 66 67 66 67 68 70 69 71 70 70 69 69 68 68 67 67 66 66 65 65 62 63 64 66 64 59 51 45 35 34 35 39 46 54 60 62 63 63 63 64 64 65 65 65 64 64 63 64 64 65 65 66 65 67 67 69 68 69 68 68 69 70 69 70 69 70 69 70 69 70 69 70 69 70 70 71 69 70 69 70 69 70 69 70 70 71 71 72 71 72 72 73 73 74 73 74 73 74 73 74 74 75 74 75 74 75 74 75 74 75 74 75 74 75 74 74 73 73 72 73 72 73 72 73 71 72 71 72 71 72 71 72 72 73 72 73 72 73 72 73 72 73 72 73 72 73 72 73 74 75 75 74 74 73 73 73 72 72 72 72 72 72 72 71 72 71 71 70 70 69 69 70 72 72 70 66 60 53 46 43 41 46 52 60 64 68 67 68 69 70 69 70 69 70 69 69 68 67 67 68 69 67 62 57 50 41 34 34 37 41 48 56 58 63 61 56 51 48 41 35 28 28 28 37 48 60 66 68 65 66 67 69 69 71 70 70 71 72 71 73 72 74 73 73 71 70 70 69 69 68 68 68 68 67 66 65 65 65 65 66 66 66 66 66 66 66 66 66 65 65 66 67 70 72 74 75 73 63 49 39 29 26 30 39 50 57 64 69 67 67 66 68 67 68 68 70 69 70 70 71 66 70 74 75 63 43 27 21 45 85 111 146 150 148 109 97 101 109 121 131 137 140 141 143 154 155 156 154 151 148 148 148 148 148 148 148 148 148 148 149 149 149 150 150 151 151 151 151 151 151 150 149 149 150 151 152 158 158 158 158 158 158 158 158 158 158 158 158 158 159 160 161 161 157 154 153 154 155 154 152 136 124 109 97 91 96 114 132 145 145 143 142 139 140 140 144 144 146 148 151 151 151 149 148 150 150 150 150 150 150 150 150 150 150 149 149 149 149 149 149 150 150 150 150 150 150 150 150 150 150 149 149 148 148 148 148 149 148 149 151 149 140 124 112 97 98 102 113 127 142 149 154 150 150 150 150 150 151 151 152 153 154 154 154 155 155 155 156 0 0 0 0 0 0 0 0
0 0 0 0 0 0 0 0 49 57 47 49 59 54 44 46 41 55 55 57 65 70 71 82 81 73 65 75 66 46 47 47 50 57 45 56 55 62 80 84 93 87 86 94 81 54 44 46 38 70 69 58 72 77 65 64 59 80 71 51 64 75 64 67 60 65 65 64 67 72 72 67 69 69 69 69 69 69 69 69 69 69 69 69 69 69 69 69 69 69 68 69 68 69 68 69 68 69 68 69 68 69 68 69 70 72 71 73 72 71 70 70 69 70 69 69 68 67 67 67 65 65 66 68 67 62 55 49 39 37 37 41 48 55 61 63 64 65 65 66 66 67 66 66 65 65 65 66 66 67 67 67 67 69 69 71 70 71 70 70 71 72 71 72 71 72 71 71 71 72 71 72 71 72 71 72 69 70 70 70 70 70 70 71 71 72 72 72 73 73 74 74 75 75 75 75 75 75 75 76 75 76 76 76 76 76 76 76 76 76 76 76 76 76 76 76 74 74 74 74 74 74 74 74 72 72 72 72 72 72 72 72 73 73 73 73 73 73 73 73 74 74 74 74 74 74 74 75 76 76 76 75 75 74 74 74 73 73 73 73 73 73 73 73 73 73 72 72 72 71 71 71 73 73 73 70 65 59 51 47 45 49 53 60 64 68 68 69 70 71 70 71 70 71 70 70 69 69 69 70 71 69 67 64 58 49 42 41 42 45 50 56 59 64 64 61 58 57 52 47 39 39 40 48 58 68 72 73 69 70 70 71 71 72 71 71 73 73 73 74 74 75 75 74 71 71 71 70 70 69 69 69 69 68 67 66 66 66 66 67 67 67 67 67 67 67 67 67 67 68 68 70 72 74 76 77 76 67 54 46 37 34 39 48 55 62 68 71 70 69 70 71 69 70 70 71 71 71 70 71 56 61 70 80 77 62 43 34 48 79 97 129 135 133 96 85 78 86 95 104 109 113 116 118 125 128 128 125 122 118 117 118 118 118 118 118 118 118 119 119 119 119 119 120 120 121 121 121 121 120 120 119 119 120 120 121 126 127 127 127 127 127 127 127 128 128 127 127 127 128 129 130 131 129 127 126 126 127 127 127 118 108 95 83 76 81 99 117 127 128 126 124 121 121 122 125 120 121 121 123 121 121 118 117 121 121 121 120 120 120 120 120 119 119 118 118 118 118 118 118 119 120 119 120 119 120 119 120 121 122 120 121 120 120 119 120 120 119 120 124 126 120 106 95 82 81 82 93 106 119 125 129 123 123 122 121 120 121 122 122 123 123 123 124 124 124 125 125 0 0 0 0 0 0 0 0
0 0 0 0 0 0 0 0 44 72 59 59 76 63 60 75 61 71 61 59 75 73 65 79 53 70 54 40 57 65 56 57 52 70 50 52 65 64 71 86 81 79 71 80 68 45 49 53 60 73 65 61 71 71 66 78 67 55 55 62 74 60 43 72 70 80 79 68 67 73 70 58 69 70 70 70 70 70 70 70 70 70 70 70 70 70 70 70 69 69 69 69 69 69 69 69 69 69 69 69 69 69 69 70 70 72 72 73 73 72 71 70 70 70 70 69 69 68 68 67 65 65 67 69 68 63 56 50 39 38 38 42 48 56 61 65 65 65 65 66 66 67 67 67 65 65 65 66 66 67 67 68 67 69 70 71 71 71 71 70 72 72 72 72 72 72 72 72 72 72 72 72 72 72 72 72 70 70 71 71 71 71 71 71 72 72 73 74 74 75 76 76 76 76 76 76 76 76 76 76 76 77 77 77 77 77 77 77 77 77 77 77 77 77 77 77 75 75 75 75 75 75 75 75 73 73 73 73 73 73 73 73 74 74 74 74 74 74 74 74 75 75 75 75 75 75 75 75 77 77 77 76 76 75 75 75 74 74 74 74 74 74 74 74 73 73 73 72 72 71 71 71 72 73 74 72 67 61 54 50 46 50 55 60 65 67 68 68 71 71 71 71 71 71 71 71 70 70 71 71 70 70 69 68 61 52 44 43 44 46 51 57 59 63 65 63 61 61 58 52 48 46 48 54 64 72 76 77 71 71 71 71 72 72 72 72 74 74 74 75 75 76 76 75 72 71 71 70 70 69 69 69 69 68 67 66 66 66 66 67 67 67 67 67 68 68 68 68 68 68 69 70 72 74 76 78 76 67 57 49 42 39 44 53 58 63 70 72 72 70 72 73 70 71 71 71 71 70 70 70 52 58 71 84 85 71 51 41 46 75 93 127 130 123 82 68 63 70 78 86 92 96 99 102 107 108 109 106 102 98 97 97 98 98 98 98 98 98 99 99 99 99 99 100 100 100 101 101 101 100 99 99 99 99 100 102 105 105 105 105 105 105 105 105 107 107 106 106 106 106 107 108 111 110 109 108 108 108 110 111 105 95 83 73 68 73 90 107 116 116 115 112 109 109 110 112 109 108 107 105 103 102 101 100 101 101 101 101 100 100 100 100 98 98 97 97 97 97 97 98 98 99 99 99 99 99 99 99 102 102 102 101 101 100 100 100 102 100 99 104 109 106 93 82 71 70 71 81 95 106 111 111 108 106 103 100 99 100 102 103 102 102 103 103 103 104 104 104 0 0 0 0 0 0 0 0
